create table "Countries"(
	"Id"			bigint not null primary key,
	"Name"		character varying(128) not null,
	"CreationDate"	TIMESTAMP with time zone NOT NULL DEFAULT NOW());
	
create table "Regions"(
	"Id"			bigint not null primary key,
	"CountryId"	bigint not null REFERENCES "Countries" ("Id"),
	"Name"		character varying(128) not null,
	"CreationDate"	TIMESTAMP with time zone NOT NULL DEFAULT NOW());
	
create table "Cities"(
	"Id"			bigserial not null primary key,
	"RegionId"	bigint not null REFERENCES "Regions" ("Id"),
	"Name"		character varying(128) not null,
	"CreationDate"	TIMESTAMP with time zone NOT NULL DEFAULT NOW());

insert into "Countries"("Id", "Name") values (0, 'Россия');
insert into "Countries"("Id", "Name") values (1, 'Украина');
insert into "Countries"("Id", "Name") values (2, 'Абхазия');
insert into "Countries"("Id", "Name") values (3, 'Австралия');
insert into "Countries"("Id", "Name") values (4, 'Австрия');
insert into "Countries"("Id", "Name") values (5, 'Азербайджан');
insert into "Countries"("Id", "Name") values (6, 'Албания');
insert into "Countries"("Id", "Name") values (7, 'Алжир');
insert into "Countries"("Id", "Name") values (8, 'Ангола');
insert into "Countries"("Id", "Name") values (9, 'Ангуилья');
insert into "Countries"("Id", "Name") values (10, 'Андорра');
insert into "Countries"("Id", "Name") values (11, 'Антигуа и Барбуда');
insert into "Countries"("Id", "Name") values (12, 'Антильские о-ва');
insert into "Countries"("Id", "Name") values (13, 'Аргентина');
insert into "Countries"("Id", "Name") values (14, 'Армения');
insert into "Countries"("Id", "Name") values (15, 'Арулько');
insert into "Countries"("Id", "Name") values (16, 'Афганистан');
insert into "Countries"("Id", "Name") values (17, 'Багамские о-ва');
insert into "Countries"("Id", "Name") values (18, 'Бангладеш');
insert into "Countries"("Id", "Name") values (19, 'Барбадос');
insert into "Countries"("Id", "Name") values (20, 'Бахрейн');
insert into "Countries"("Id", "Name") values (21, 'Беларусь');
insert into "Countries"("Id", "Name") values (22, 'Белиз');
insert into "Countries"("Id", "Name") values (23, 'Бельгия');
insert into "Countries"("Id", "Name") values (24, 'Бенин');
insert into "Countries"("Id", "Name") values (25, 'Бермуды');
insert into "Countries"("Id", "Name") values (26, 'Болгария');
insert into "Countries"("Id", "Name") values (27, 'Боливия');
insert into "Countries"("Id", "Name") values (28, 'Босния/Герцеговина');
insert into "Countries"("Id", "Name") values (29, 'Ботсвана');
insert into "Countries"("Id", "Name") values (30, 'Бразилия');
insert into "Countries"("Id", "Name") values (31, 'Британские Виргинские о-ва');
insert into "Countries"("Id", "Name") values (32, 'Бруней');
insert into "Countries"("Id", "Name") values (33, 'Буркина Фасо');
insert into "Countries"("Id", "Name") values (34, 'Бурунди');
insert into "Countries"("Id", "Name") values (35, 'Бутан');
insert into "Countries"("Id", "Name") values (36, 'Валлис и Футуна о-ва');
insert into "Countries"("Id", "Name") values (37, 'Вануату');
insert into "Countries"("Id", "Name") values (38, 'Великобритания');
insert into "Countries"("Id", "Name") values (39, 'Венгрия');
insert into "Countries"("Id", "Name") values (40, 'Венесуэла');
insert into "Countries"("Id", "Name") values (41, 'Восточный Тимор');
insert into "Countries"("Id", "Name") values (42, 'Вьетнам');
insert into "Countries"("Id", "Name") values (43, 'Габон');
insert into "Countries"("Id", "Name") values (44, 'Гаити');
insert into "Countries"("Id", "Name") values (45, 'Гайана');
insert into "Countries"("Id", "Name") values (46, 'Гамбия');
insert into "Countries"("Id", "Name") values (47, 'Гана');
insert into "Countries"("Id", "Name") values (48, 'Гваделупа');
insert into "Countries"("Id", "Name") values (49, 'Гватемала');
insert into "Countries"("Id", "Name") values (50, 'Гвинея');
insert into "Countries"("Id", "Name") values (51, 'Гвинея-Бисау');
insert into "Countries"("Id", "Name") values (52, 'Германия');
insert into "Countries"("Id", "Name") values (53, 'Гернси о-в');
insert into "Countries"("Id", "Name") values (54, 'Гибралтар');
insert into "Countries"("Id", "Name") values (55, 'Гондурас');
insert into "Countries"("Id", "Name") values (56, 'Гонконг');
insert into "Countries"("Id", "Name") values (57, 'Гренада');
insert into "Countries"("Id", "Name") values (58, 'Гренландия');
insert into "Countries"("Id", "Name") values (59, 'Греция');
insert into "Countries"("Id", "Name") values (60, 'Грузия');
insert into "Countries"("Id", "Name") values (61, 'Дания');
insert into "Countries"("Id", "Name") values (62, 'Джерси о-в');
insert into "Countries"("Id", "Name") values (63, 'Джибути');
insert into "Countries"("Id", "Name") values (64, 'Доминиканская республика');
insert into "Countries"("Id", "Name") values (65, 'Египет');
insert into "Countries"("Id", "Name") values (66, 'Замбия');
insert into "Countries"("Id", "Name") values (67, 'Западная Сахара');
insert into "Countries"("Id", "Name") values (68, 'Зимбабве');
insert into "Countries"("Id", "Name") values (69, 'Израиль');
insert into "Countries"("Id", "Name") values (70, 'Индия');
insert into "Countries"("Id", "Name") values (71, 'Индонезия');
insert into "Countries"("Id", "Name") values (72, 'Иордания');
insert into "Countries"("Id", "Name") values (73, 'Ирак');
insert into "Countries"("Id", "Name") values (74, 'Иран');
insert into "Countries"("Id", "Name") values (75, 'Ирландия');
insert into "Countries"("Id", "Name") values (76, 'Исландия');
insert into "Countries"("Id", "Name") values (77, 'Испания');
insert into "Countries"("Id", "Name") values (78, 'Италия');
insert into "Countries"("Id", "Name") values (79, 'Йемен');
insert into "Countries"("Id", "Name") values (80, 'Кабо-Верде');
insert into "Countries"("Id", "Name") values (81, 'Казахстан');
insert into "Countries"("Id", "Name") values (82, 'Камбоджа');
insert into "Countries"("Id", "Name") values (83, 'Камерун');
insert into "Countries"("Id", "Name") values (84, 'Канада');
insert into "Countries"("Id", "Name") values (85, 'Катар');
insert into "Countries"("Id", "Name") values (86, 'Кения');
insert into "Countries"("Id", "Name") values (87, 'Кипр');
insert into "Countries"("Id", "Name") values (88, 'Кирибати');
insert into "Countries"("Id", "Name") values (89, 'Китай');
insert into "Countries"("Id", "Name") values (90, 'Колумбия');
insert into "Countries"("Id", "Name") values (91, 'Коморские о-ва');
insert into "Countries"("Id", "Name") values (92, 'Конго (Brazzaville)');
insert into "Countries"("Id", "Name") values (93, 'Конго (Kinshasa)');
insert into "Countries"("Id", "Name") values (94, 'Коста-Рика');
insert into "Countries"("Id", "Name") values (95, 'Кот-д''''Ивуар');
insert into "Countries"("Id", "Name") values (96, 'Куба');
insert into "Countries"("Id", "Name") values (97, 'Кувейт');
insert into "Countries"("Id", "Name") values (98, 'Кука о-ва');
insert into "Countries"("Id", "Name") values (99, 'Кыргызстан');
insert into "Countries"("Id", "Name") values (100, 'Лаос');
insert into "Countries"("Id", "Name") values (101, 'Латвия');
insert into "Countries"("Id", "Name") values (102, 'Лесото');
insert into "Countries"("Id", "Name") values (103, 'Либерия');
insert into "Countries"("Id", "Name") values (104, 'Ливан');
insert into "Countries"("Id", "Name") values (105, 'Ливия');
insert into "Countries"("Id", "Name") values (106, 'Литва');
insert into "Countries"("Id", "Name") values (107, 'Лихтенштейн');
insert into "Countries"("Id", "Name") values (108, 'Люксембург');
insert into "Countries"("Id", "Name") values (109, 'Маврикий');
insert into "Countries"("Id", "Name") values (110, 'Мавритания');
insert into "Countries"("Id", "Name") values (111, 'Мадагаскар');
insert into "Countries"("Id", "Name") values (112, 'Македония');
insert into "Countries"("Id", "Name") values (113, 'Малави');
insert into "Countries"("Id", "Name") values (114, 'Малайзия');
insert into "Countries"("Id", "Name") values (115, 'Мали');
insert into "Countries"("Id", "Name") values (116, 'Мальдивские о-ва');
insert into "Countries"("Id", "Name") values (117, 'Мальта');
insert into "Countries"("Id", "Name") values (118, 'Мартиника о-в');
insert into "Countries"("Id", "Name") values (119, 'Мексика');
insert into "Countries"("Id", "Name") values (120, 'Мозамбик');
insert into "Countries"("Id", "Name") values (121, 'Молдова');
insert into "Countries"("Id", "Name") values (122, 'Монако');
insert into "Countries"("Id", "Name") values (123, 'Монголия');
insert into "Countries"("Id", "Name") values (124, 'Марокко');
insert into "Countries"("Id", "Name") values (125, 'Мьянма (Бирма)');
insert into "Countries"("Id", "Name") values (126, 'Мэн о-в');
insert into "Countries"("Id", "Name") values (127, 'Намибия');
insert into "Countries"("Id", "Name") values (128, 'Науру');
insert into "Countries"("Id", "Name") values (129, 'Непал');
insert into "Countries"("Id", "Name") values (130, 'Нигер');
insert into "Countries"("Id", "Name") values (131, 'Нигерия');
insert into "Countries"("Id", "Name") values (132, 'Нидерланды (Голландия)');
insert into "Countries"("Id", "Name") values (133, 'Никарагуа');
insert into "Countries"("Id", "Name") values (134, 'Новая Зеландия');
insert into "Countries"("Id", "Name") values (135, 'Новая Каледония о-в');
insert into "Countries"("Id", "Name") values (136, 'Норвегия');
insert into "Countries"("Id", "Name") values (137, 'Норфолк о-в');
insert into "Countries"("Id", "Name") values (138, 'О.А.Э.');
insert into "Countries"("Id", "Name") values (139, 'Оман');
insert into "Countries"("Id", "Name") values (140, 'Пакистан');
insert into "Countries"("Id", "Name") values (141, 'Панама');
insert into "Countries"("Id", "Name") values (142, 'Папуа Новая Гвинея');
insert into "Countries"("Id", "Name") values (143, 'Парагвай');
insert into "Countries"("Id", "Name") values (144, 'Перу');
insert into "Countries"("Id", "Name") values (145, 'Питкэрн о-в');
insert into "Countries"("Id", "Name") values (146, 'Польша');
insert into "Countries"("Id", "Name") values (147, 'Португалия');
insert into "Countries"("Id", "Name") values (148, 'Пуэрто Рико');
insert into "Countries"("Id", "Name") values (149, 'Реюньон');
insert into "Countries"("Id", "Name") values (150, 'Руанда');
insert into "Countries"("Id", "Name") values (151, 'Румыния');
insert into "Countries"("Id", "Name") values (152, 'США');
insert into "Countries"("Id", "Name") values (153, 'Сальвадор');
insert into "Countries"("Id", "Name") values (154, 'Самоа');
insert into "Countries"("Id", "Name") values (155, 'Сан-Марино');
insert into "Countries"("Id", "Name") values (156, 'Сан-Томе и Принсипи');
insert into "Countries"("Id", "Name") values (157, 'Саудовская Аравия');
insert into "Countries"("Id", "Name") values (158, 'Свазиленд');
insert into "Countries"("Id", "Name") values (159, 'Святая Люсия');
insert into "Countries"("Id", "Name") values (160, 'Святой Елены о-в');
insert into "Countries"("Id", "Name") values (161, 'Северная Корея');
insert into "Countries"("Id", "Name") values (162, 'Сейшеллы');
insert into "Countries"("Id", "Name") values (163, 'Сен-Пьер и Микелон');
insert into "Countries"("Id", "Name") values (164, 'Сенегал');
insert into "Countries"("Id", "Name") values (165, 'Сент Китс и Невис');
insert into "Countries"("Id", "Name") values (166, 'Сент-Винсент и Гренадины');
insert into "Countries"("Id", "Name") values (167, 'Сербия');
insert into "Countries"("Id", "Name") values (168, 'Сингапур');
insert into "Countries"("Id", "Name") values (169, 'Сирия');
insert into "Countries"("Id", "Name") values (170, 'Словакия');
insert into "Countries"("Id", "Name") values (171, 'Словения');
insert into "Countries"("Id", "Name") values (172, 'Соломоновы о-ва');
insert into "Countries"("Id", "Name") values (173, 'Сомали');
insert into "Countries"("Id", "Name") values (174, 'Судан');
insert into "Countries"("Id", "Name") values (175, 'Суринам');
insert into "Countries"("Id", "Name") values (176, 'Сьерра-Леоне');
insert into "Countries"("Id", "Name") values (177, 'Таджикистан');
insert into "Countries"("Id", "Name") values (178, 'Тайвань');
insert into "Countries"("Id", "Name") values (179, 'Таиланд');
insert into "Countries"("Id", "Name") values (180, 'Танзания');
insert into "Countries"("Id", "Name") values (181, 'Того');
insert into "Countries"("Id", "Name") values (182, 'Токелау о-ва');
insert into "Countries"("Id", "Name") values (183, 'Тонга');
insert into "Countries"("Id", "Name") values (184, 'Тринидад и Тобаго');
insert into "Countries"("Id", "Name") values (185, 'Тувалу');
insert into "Countries"("Id", "Name") values (186, 'Тунис');
insert into "Countries"("Id", "Name") values (187, 'Туркменистан');
insert into "Countries"("Id", "Name") values (188, 'Туркс и Кейкос');
insert into "Countries"("Id", "Name") values (189, 'Турция');
insert into "Countries"("Id", "Name") values (190, 'Уганда');
insert into "Countries"("Id", "Name") values (191, 'Узбекистан');
insert into "Countries"("Id", "Name") values (192, 'Уругвай');
insert into "Countries"("Id", "Name") values (193, 'Фарерские о-ва');
insert into "Countries"("Id", "Name") values (194, 'Фиджи');
insert into "Countries"("Id", "Name") values (195, 'Филиппины');
insert into "Countries"("Id", "Name") values (196, 'Финляндия');
insert into "Countries"("Id", "Name") values (197, 'Франция');
insert into "Countries"("Id", "Name") values (198, 'Французская Гвинея');
insert into "Countries"("Id", "Name") values (199, 'Французская Полинезия');
insert into "Countries"("Id", "Name") values (200, 'Хорватия');
insert into "Countries"("Id", "Name") values (201, 'Чад');
insert into "Countries"("Id", "Name") values (202, 'Черногория');
insert into "Countries"("Id", "Name") values (203, 'Чехия');
insert into "Countries"("Id", "Name") values (204, 'Чили');
insert into "Countries"("Id", "Name") values (205, 'Швейцария');
insert into "Countries"("Id", "Name") values (206, 'Швеция');
insert into "Countries"("Id", "Name") values (207, 'Шри-Ланка');
insert into "Countries"("Id", "Name") values (208, 'Эквадор');
insert into "Countries"("Id", "Name") values (209, 'Экваториальная Гвинея');
insert into "Countries"("Id", "Name") values (210, 'Эритрея');
insert into "Countries"("Id", "Name") values (211, 'Эстония');
insert into "Countries"("Id", "Name") values (212, 'Эфиопия');
insert into "Countries"("Id", "Name") values (213, 'ЮАР');
insert into "Countries"("Id", "Name") values (214, 'Южная Корея');
insert into "Countries"("Id", "Name") values (215, 'Южная Осетия');
insert into "Countries"("Id", "Name") values (216, 'Ямайка');
insert into "Countries"("Id", "Name") values (217, 'Япония');
insert into "Regions"("Id", "CountryId", "Name") values (0, 0, 'Москва и Московская обл.');
insert into "Regions"("Id", "CountryId", "Name") values (1, 0, 'Санкт-Петербург и область');
insert into "Regions"("Id", "CountryId", "Name") values (2, 0, 'Адыгея');
insert into "Regions"("Id", "CountryId", "Name") values (3, 0, 'Алтайский край');
insert into "Regions"("Id", "CountryId", "Name") values (4, 0, 'Амурская обл.');
insert into "Regions"("Id", "CountryId", "Name") values (5, 0, 'Архангельская обл.');
insert into "Regions"("Id", "CountryId", "Name") values (6, 0, 'Астраханская обл.');
insert into "Regions"("Id", "CountryId", "Name") values (7, 0, 'Башкортостан(Башкирия)');
insert into "Regions"("Id", "CountryId", "Name") values (8, 0, 'Белгородская обл.');
insert into "Regions"("Id", "CountryId", "Name") values (9, 0, 'Брянская обл.');
insert into "Regions"("Id", "CountryId", "Name") values (10, 0, 'Бурятия');
insert into "Regions"("Id", "CountryId", "Name") values (11, 0, 'Владимирская обл.');
insert into "Regions"("Id", "CountryId", "Name") values (12, 0, 'Волгоградская обл.');
insert into "Regions"("Id", "CountryId", "Name") values (13, 0, 'Вологодская обл.');
insert into "Regions"("Id", "CountryId", "Name") values (14, 0, 'Воронежская обл.');
insert into "Regions"("Id", "CountryId", "Name") values (15, 0, 'Дагестан');
insert into "Regions"("Id", "CountryId", "Name") values (16, 0, 'Еврейская обл.');
insert into "Regions"("Id", "CountryId", "Name") values (17, 0, 'Ивановская обл.');
insert into "Regions"("Id", "CountryId", "Name") values (18, 0, 'Иркутская обл.');
insert into "Regions"("Id", "CountryId", "Name") values (19, 0, 'Кабардино-Балкария');
insert into "Regions"("Id", "CountryId", "Name") values (20, 0, 'Калининградская обл.');
insert into "Regions"("Id", "CountryId", "Name") values (21, 0, 'Калмыкия');
insert into "Regions"("Id", "CountryId", "Name") values (22, 0, 'Калужская обл.');
insert into "Regions"("Id", "CountryId", "Name") values (23, 0, 'Камчатская обл.');
insert into "Regions"("Id", "CountryId", "Name") values (24, 0, 'Карелия');
insert into "Regions"("Id", "CountryId", "Name") values (25, 0, 'Кемеровская обл.');
insert into "Regions"("Id", "CountryId", "Name") values (26, 0, 'Кировская обл.');
insert into "Regions"("Id", "CountryId", "Name") values (27, 0, 'Коми');
insert into "Regions"("Id", "CountryId", "Name") values (28, 0, 'Костромская обл.');
insert into "Regions"("Id", "CountryId", "Name") values (29, 0, 'Краснодарский край');
insert into "Regions"("Id", "CountryId", "Name") values (30, 0, 'Красноярский край');
insert into "Regions"("Id", "CountryId", "Name") values (31, 0, 'Курганская обл.');
insert into "Regions"("Id", "CountryId", "Name") values (32, 0, 'Курская обл.');
insert into "Regions"("Id", "CountryId", "Name") values (33, 0, 'Липецкая обл.');
insert into "Regions"("Id", "CountryId", "Name") values (34, 0, 'Магаданская обл.');
insert into "Regions"("Id", "CountryId", "Name") values (35, 0, 'Марий Эл');
insert into "Regions"("Id", "CountryId", "Name") values (36, 0, 'Мордовия');
insert into "Regions"("Id", "CountryId", "Name") values (37, 0, 'Мурманская обл.');
insert into "Regions"("Id", "CountryId", "Name") values (38, 0, 'Нижегородская (Горьковская)');
insert into "Regions"("Id", "CountryId", "Name") values (39, 0, 'Новгородская обл.');
insert into "Regions"("Id", "CountryId", "Name") values (40, 0, 'Новосибирская обл.');
insert into "Regions"("Id", "CountryId", "Name") values (41, 0, 'Омская обл.');
insert into "Regions"("Id", "CountryId", "Name") values (42, 0, 'Оренбургская обл.');
insert into "Regions"("Id", "CountryId", "Name") values (43, 0, 'Орловская обл.');
insert into "Regions"("Id", "CountryId", "Name") values (44, 0, 'Пензенская обл.');
insert into "Regions"("Id", "CountryId", "Name") values (45, 0, 'Пермский край');
insert into "Regions"("Id", "CountryId", "Name") values (46, 0, 'Приморский край');
insert into "Regions"("Id", "CountryId", "Name") values (47, 0, 'Псковская обл.');
insert into "Regions"("Id", "CountryId", "Name") values (48, 0, 'Ростовская обл.');
insert into "Regions"("Id", "CountryId", "Name") values (49, 0, 'Рязанская обл.');
insert into "Regions"("Id", "CountryId", "Name") values (50, 0, 'Самарская обл.');
insert into "Regions"("Id", "CountryId", "Name") values (51, 0, 'Саратовская обл.');
insert into "Regions"("Id", "CountryId", "Name") values (52, 0, 'Саха (Якутия)');
insert into "Regions"("Id", "CountryId", "Name") values (53, 0, 'Сахалин');
insert into "Regions"("Id", "CountryId", "Name") values (54, 0, 'Свердловская обл.');
insert into "Regions"("Id", "CountryId", "Name") values (55, 0, 'Северная Осетия');
insert into "Regions"("Id", "CountryId", "Name") values (56, 0, 'Смоленская обл.');
insert into "Regions"("Id", "CountryId", "Name") values (57, 0, 'Ставропольский край');
insert into "Regions"("Id", "CountryId", "Name") values (58, 0, 'Тамбовская обл.');
insert into "Regions"("Id", "CountryId", "Name") values (59, 0, 'Татарстан');
insert into "Regions"("Id", "CountryId", "Name") values (60, 0, 'Тверская обл.');
insert into "Regions"("Id", "CountryId", "Name") values (61, 0, 'Томская обл.');
insert into "Regions"("Id", "CountryId", "Name") values (62, 0, 'Тува (Тувинская Респ.)');
insert into "Regions"("Id", "CountryId", "Name") values (63, 0, 'Тульская обл.');
insert into "Regions"("Id", "CountryId", "Name") values (64, 0, 'Тюменская обл. и Ханты-Мансийский АО');
insert into "Regions"("Id", "CountryId", "Name") values (65, 0, 'Удмуртия');
insert into "Regions"("Id", "CountryId", "Name") values (66, 0, 'Ульяновская обл.');
insert into "Regions"("Id", "CountryId", "Name") values (67, 0, 'Уральская обл.');
insert into "Regions"("Id", "CountryId", "Name") values (68, 0, 'Хабаровский край');
insert into "Regions"("Id", "CountryId", "Name") values (69, 0, 'Хакасия');
insert into "Regions"("Id", "CountryId", "Name") values (70, 0, 'Челябинская обл.');
insert into "Regions"("Id", "CountryId", "Name") values (71, 0, 'Чечено-Ингушетия');
insert into "Regions"("Id", "CountryId", "Name") values (72, 0, 'Читинская обл.');
insert into "Regions"("Id", "CountryId", "Name") values (73, 0, 'Чувашия');
insert into "Regions"("Id", "CountryId", "Name") values (74, 0, 'Чукотский АО');
insert into "Regions"("Id", "CountryId", "Name") values (75, 0, 'Ямало-Ненецкий АО');
insert into "Regions"("Id", "CountryId", "Name") values (76, 0, 'Ярославская обл.');
insert into "Regions"("Id", "CountryId", "Name") values (77, 0, 'Карачаево-Черкесская Республика');
insert into "Cities"("Id", "RegionId", "Name") values (0, 0, 'Москва');
insert into "Cities"("Id", "RegionId", "Name") values (1, 0, 'Абрамцево');
insert into "Cities"("Id", "RegionId", "Name") values (2, 0, 'Алабино');
insert into "Cities"("Id", "RegionId", "Name") values (3, 0, 'Апрелевка');
insert into "Cities"("Id", "RegionId", "Name") values (4, 0, 'Архангельское');
insert into "Cities"("Id", "RegionId", "Name") values (5, 0, 'Ашитково');
insert into "Cities"("Id", "RegionId", "Name") values (6, 0, 'Байконур');
insert into "Cities"("Id", "RegionId", "Name") values (7, 0, 'Бакшеево');
insert into "Cities"("Id", "RegionId", "Name") values (8, 0, 'Балашиха');
insert into "Cities"("Id", "RegionId", "Name") values (9, 0, 'Барыбино');
insert into "Cities"("Id", "RegionId", "Name") values (10, 0, 'Белозёрский');
insert into "Cities"("Id", "RegionId", "Name") values (11, 0, 'Белоомут');
insert into "Cities"("Id", "RegionId", "Name") values (12, 0, 'Белые Столбы');
insert into "Cities"("Id", "RegionId", "Name") values (13, 0, 'Бородино (Московская обл.)');
insert into "Cities"("Id", "RegionId", "Name") values (14, 0, 'Бронницы');
insert into "Cities"("Id", "RegionId", "Name") values (15, 0, 'Быково (Московская обл.)');
insert into "Cities"("Id", "RegionId", "Name") values (16, 0, 'Валуево');
insert into "Cities"("Id", "RegionId", "Name") values (17, 0, 'Вербилки');
insert into "Cities"("Id", "RegionId", "Name") values (18, 0, 'Верея');
insert into "Cities"("Id", "RegionId", "Name") values (19, 0, 'Видное');
insert into "Cities"("Id", "RegionId", "Name") values (20, 0, 'Внуково');
insert into "Cities"("Id", "RegionId", "Name") values (21, 0, 'Вождь Пролетариата');
insert into "Cities"("Id", "RegionId", "Name") values (22, 0, 'Волоколамск');
insert into "Cities"("Id", "RegionId", "Name") values (23, 0, 'Вороново');
insert into "Cities"("Id", "RegionId", "Name") values (24, 0, 'Воскресенск');
insert into "Cities"("Id", "RegionId", "Name") values (25, 0, 'Восточный');
insert into "Cities"("Id", "RegionId", "Name") values (26, 0, 'Востряково');
insert into "Cities"("Id", "RegionId", "Name") values (27, 0, 'Высоковск');
insert into "Cities"("Id", "RegionId", "Name") values (28, 0, 'Голицыно (Московская обл.)');
insert into "Cities"("Id", "RegionId", "Name") values (29, 0, 'Деденево');
insert into "Cities"("Id", "RegionId", "Name") values (30, 0, 'Дедовск');
insert into "Cities"("Id", "RegionId", "Name") values (31, 0, 'Дзержинский');
insert into "Cities"("Id", "RegionId", "Name") values (32, 0, 'Дмитров');
insert into "Cities"("Id", "RegionId", "Name") values (33, 0, 'Долгопрудный');
insert into "Cities"("Id", "RegionId", "Name") values (34, 0, 'Домодедово');
insert into "Cities"("Id", "RegionId", "Name") values (35, 0, 'Дорохово');
insert into "Cities"("Id", "RegionId", "Name") values (36, 0, 'Дрезна');
insert into "Cities"("Id", "RegionId", "Name") values (37, 0, 'Дубки');
insert into "Cities"("Id", "RegionId", "Name") values (38, 0, 'Дубна');
insert into "Cities"("Id", "RegionId", "Name") values (39, 0, 'Егорьевск');
insert into "Cities"("Id", "RegionId", "Name") values (40, 0, 'Железнодорожный (Московск.)');
insert into "Cities"("Id", "RegionId", "Name") values (41, 0, 'Жилево');
insert into "Cities"("Id", "RegionId", "Name") values (42, 0, 'Жуковка');
insert into "Cities"("Id", "RegionId", "Name") values (43, 0, 'Жуковский');
insert into "Cities"("Id", "RegionId", "Name") values (44, 0, 'Загорск');
insert into "Cities"("Id", "RegionId", "Name") values (45, 0, 'Загорянский');
insert into "Cities"("Id", "RegionId", "Name") values (46, 0, 'Запрудная');
insert into "Cities"("Id", "RegionId", "Name") values (47, 0, 'Зарайск');
insert into "Cities"("Id", "RegionId", "Name") values (48, 0, 'Звенигород');
insert into "Cities"("Id", "RegionId", "Name") values (49, 0, 'Зеленоград');
insert into "Cities"("Id", "RegionId", "Name") values (50, 0, 'Ивантеевка (Московская обл.)');
insert into "Cities"("Id", "RegionId", "Name") values (51, 0, 'Икша');
insert into "Cities"("Id", "RegionId", "Name") values (52, 0, 'Ильинский (Московская обл.)');
insert into "Cities"("Id", "RegionId", "Name") values (53, 0, 'Истра');
insert into "Cities"("Id", "RegionId", "Name") values (54, 0, 'Калининец');
insert into "Cities"("Id", "RegionId", "Name") values (55, 0, 'Кашира');
insert into "Cities"("Id", "RegionId", "Name") values (56, 0, 'Керва');
insert into "Cities"("Id", "RegionId", "Name") values (57, 0, 'Климовск');
insert into "Cities"("Id", "RegionId", "Name") values (58, 0, 'Клин');
insert into "Cities"("Id", "RegionId", "Name") values (59, 0, 'Клязьма');
insert into "Cities"("Id", "RegionId", "Name") values (60, 0, 'Кожино');
insert into "Cities"("Id", "RegionId", "Name") values (61, 0, 'Кокошкино');
insert into "Cities"("Id", "RegionId", "Name") values (62, 0, 'Коломна');
insert into "Cities"("Id", "RegionId", "Name") values (63, 0, 'Колюбакино');
insert into "Cities"("Id", "RegionId", "Name") values (64, 0, 'Королев');
insert into "Cities"("Id", "RegionId", "Name") values (65, 0, 'Косино');
insert into "Cities"("Id", "RegionId", "Name") values (66, 0, 'Котельники');
insert into "Cities"("Id", "RegionId", "Name") values (67, 0, 'Красково');
insert into "Cities"("Id", "RegionId", "Name") values (68, 0, 'Красноармейск (Московская обл.)');
insert into "Cities"("Id", "RegionId", "Name") values (69, 0, 'Красногорск');
insert into "Cities"("Id", "RegionId", "Name") values (70, 0, 'Краснозаводск');
insert into "Cities"("Id", "RegionId", "Name") values (71, 0, 'Краснознаменск (Московская обл.)');
insert into "Cities"("Id", "RegionId", "Name") values (72, 0, 'Красный Ткач');
insert into "Cities"("Id", "RegionId", "Name") values (73, 0, 'Крюково');
insert into "Cities"("Id", "RegionId", "Name") values (74, 0, 'Кубинка');
insert into "Cities"("Id", "RegionId", "Name") values (75, 0, 'Купавна');
insert into "Cities"("Id", "RegionId", "Name") values (76, 0, 'Куровское');
insert into "Cities"("Id", "RegionId", "Name") values (77, 0, 'Лесной Городок');
insert into "Cities"("Id", "RegionId", "Name") values (78, 0, 'Ликино-Дулево');
insert into "Cities"("Id", "RegionId", "Name") values (79, 0, 'Лобня');
insert into "Cities"("Id", "RegionId", "Name") values (80, 0, 'Лопатинский');
insert into "Cities"("Id", "RegionId", "Name") values (81, 0, 'Лосино-Петровский');
insert into "Cities"("Id", "RegionId", "Name") values (82, 0, 'Лотошино');
insert into "Cities"("Id", "RegionId", "Name") values (83, 0, 'Лукино');
insert into "Cities"("Id", "RegionId", "Name") values (84, 0, 'Луховицы');
insert into "Cities"("Id", "RegionId", "Name") values (85, 0, 'Лыткарино');
insert into "Cities"("Id", "RegionId", "Name") values (86, 0, 'Львовский');
insert into "Cities"("Id", "RegionId", "Name") values (87, 0, 'Люберцы');
insert into "Cities"("Id", "RegionId", "Name") values (88, 0, 'Малаховка');
insert into "Cities"("Id", "RegionId", "Name") values (89, 0, 'Михайловское');
insert into "Cities"("Id", "RegionId", "Name") values (90, 0, 'Михнево');
insert into "Cities"("Id", "RegionId", "Name") values (91, 0, 'Можайск');
insert into "Cities"("Id", "RegionId", "Name") values (92, 0, 'Монино');
insert into "Cities"("Id", "RegionId", "Name") values (93, 0, 'Московский');
insert into "Cities"("Id", "RegionId", "Name") values (94, 0, 'Муханово');
insert into "Cities"("Id", "RegionId", "Name") values (95, 0, 'Мытищи');
insert into "Cities"("Id", "RegionId", "Name") values (96, 0, 'Нарофоминск');
insert into "Cities"("Id", "RegionId", "Name") values (97, 0, 'Нахабино');
insert into "Cities"("Id", "RegionId", "Name") values (98, 0, 'Некрасовка');
insert into "Cities"("Id", "RegionId", "Name") values (99, 0, 'Немчиновка');
insert into "Cities"("Id", "RegionId", "Name") values (100, 0, 'Новобратцевский');
insert into "Cities"("Id", "RegionId", "Name") values (101, 0, 'Новоподрезково');
insert into "Cities"("Id", "RegionId", "Name") values (102, 0, 'Ногинск');
insert into "Cities"("Id", "RegionId", "Name") values (103, 0, 'Обухово');
insert into "Cities"("Id", "RegionId", "Name") values (104, 0, 'Одинцово');
insert into "Cities"("Id", "RegionId", "Name") values (105, 0, 'Ожерелье');
insert into "Cities"("Id", "RegionId", "Name") values (106, 0, 'Озеры');
insert into "Cities"("Id", "RegionId", "Name") values (107, 0, 'Октябрьский (Московская обл.)');
insert into "Cities"("Id", "RegionId", "Name") values (108, 0, 'Опалиха');
insert into "Cities"("Id", "RegionId", "Name") values (109, 0, 'Орехово-Зуево');
insert into "Cities"("Id", "RegionId", "Name") values (110, 0, 'Павловский Посад');
insert into "Cities"("Id", "RegionId", "Name") values (111, 0, 'Первомайский (Московская обл.)');
insert into "Cities"("Id", "RegionId", "Name") values (112, 0, 'Пески (Московская обл.)');
insert into "Cities"("Id", "RegionId", "Name") values (113, 0, 'Пироговский');
insert into "Cities"("Id", "RegionId", "Name") values (114, 0, 'Подольск');
insert into "Cities"("Id", "RegionId", "Name") values (115, 0, 'Полушкино');
insert into "Cities"("Id", "RegionId", "Name") values (116, 0, 'Правдинский');
insert into "Cities"("Id", "RegionId", "Name") values (117, 0, 'Привокзальный');
insert into "Cities"("Id", "RegionId", "Name") values (118, 0, 'Пролетарский');
insert into "Cities"("Id", "RegionId", "Name") values (119, 0, 'Протвино (Московская обл.)');
insert into "Cities"("Id", "RegionId", "Name") values (120, 0, 'Пушкино');
insert into "Cities"("Id", "RegionId", "Name") values (121, 0, 'Пущино');
insert into "Cities"("Id", "RegionId", "Name") values (122, 0, 'Раменское');
insert into "Cities"("Id", "RegionId", "Name") values (123, 0, 'Реутов');
insert into "Cities"("Id", "RegionId", "Name") values (124, 0, 'Решетниково');
insert into "Cities"("Id", "RegionId", "Name") values (125, 0, 'Родники (Московская обл.)');
insert into "Cities"("Id", "RegionId", "Name") values (126, 0, 'Рошаль');
insert into "Cities"("Id", "RegionId", "Name") values (127, 0, 'Рублево');
insert into "Cities"("Id", "RegionId", "Name") values (128, 0, 'Руза');
insert into "Cities"("Id", "RegionId", "Name") values (129, 0, 'Салтыковка');
insert into "Cities"("Id", "RegionId", "Name") values (130, 0, 'Северный');
insert into "Cities"("Id", "RegionId", "Name") values (131, 0, 'Сергиев Посад');
insert into "Cities"("Id", "RegionId", "Name") values (132, 0, 'Серебряные Пруды');
insert into "Cities"("Id", "RegionId", "Name") values (133, 0, 'Серпухов');
insert into "Cities"("Id", "RegionId", "Name") values (134, 0, 'Солнечногорск');
insert into "Cities"("Id", "RegionId", "Name") values (135, 0, 'Солнцево');
insert into "Cities"("Id", "RegionId", "Name") values (136, 0, 'Софрино');
insert into "Cities"("Id", "RegionId", "Name") values (137, 0, 'Старая Купавна');
insert into "Cities"("Id", "RegionId", "Name") values (138, 0, 'Старбеево');
insert into "Cities"("Id", "RegionId", "Name") values (139, 0, 'Ступино');
insert into "Cities"("Id", "RegionId", "Name") values (140, 0, 'Сходня');
insert into "Cities"("Id", "RegionId", "Name") values (141, 0, 'Талдом');
insert into "Cities"("Id", "RegionId", "Name") values (142, 0, 'Текстильщик');
insert into "Cities"("Id", "RegionId", "Name") values (143, 0, 'Темпы');
insert into "Cities"("Id", "RegionId", "Name") values (144, 0, 'Томилино');
insert into "Cities"("Id", "RegionId", "Name") values (145, 0, 'Троицк');
insert into "Cities"("Id", "RegionId", "Name") values (146, 0, 'Туголесский Бор');
insert into "Cities"("Id", "RegionId", "Name") values (147, 0, 'Тучково');
insert into "Cities"("Id", "RegionId", "Name") values (148, 0, 'Уваровка');
insert into "Cities"("Id", "RegionId", "Name") values (149, 0, 'Удельная');
insert into "Cities"("Id", "RegionId", "Name") values (150, 0, 'Успенское');
insert into "Cities"("Id", "RegionId", "Name") values (151, 0, 'Фирсановка');
insert into "Cities"("Id", "RegionId", "Name") values (152, 0, 'Фрязино');
insert into "Cities"("Id", "RegionId", "Name") values (153, 0, 'Фряново');
insert into "Cities"("Id", "RegionId", "Name") values (154, 0, 'Химки');
insert into "Cities"("Id", "RegionId", "Name") values (155, 0, 'Хотьково');
insert into "Cities"("Id", "RegionId", "Name") values (156, 0, 'Черкизово');
insert into "Cities"("Id", "RegionId", "Name") values (157, 0, 'Черноголовка');
insert into "Cities"("Id", "RegionId", "Name") values (158, 0, 'Черусти');
insert into "Cities"("Id", "RegionId", "Name") values (159, 0, 'Чехов');
insert into "Cities"("Id", "RegionId", "Name") values (160, 0, 'Шарапово');
insert into "Cities"("Id", "RegionId", "Name") values (161, 0, 'Шатура');
insert into "Cities"("Id", "RegionId", "Name") values (162, 0, 'Шатурторф');
insert into "Cities"("Id", "RegionId", "Name") values (163, 0, 'Шаховская');
insert into "Cities"("Id", "RegionId", "Name") values (164, 0, 'Шереметьевский');
insert into "Cities"("Id", "RegionId", "Name") values (165, 0, 'Щелково');
insert into "Cities"("Id", "RegionId", "Name") values (166, 0, 'Щербинка');
insert into "Cities"("Id", "RegionId", "Name") values (167, 0, 'Электрогорск');
insert into "Cities"("Id", "RegionId", "Name") values (168, 0, 'Электросталь');
insert into "Cities"("Id", "RegionId", "Name") values (169, 0, 'Электроугли');
insert into "Cities"("Id", "RegionId", "Name") values (170, 0, 'Юбилейный (Московская обл.)');
insert into "Cities"("Id", "RegionId", "Name") values (171, 0, 'Яхрома');
insert into "Regions"("Id", "CountryId", "Name") values (78, 1, 'Винницкая обл.');
insert into "Regions"("Id", "CountryId", "Name") values (79, 1, 'Волынская обл.');
insert into "Regions"("Id", "CountryId", "Name") values (80, 1, 'Днепропетровская обл.');
insert into "Regions"("Id", "CountryId", "Name") values (81, 1, 'Донецкая обл.');
insert into "Regions"("Id", "CountryId", "Name") values (82, 1, 'Житомирская обл.');
insert into "Regions"("Id", "CountryId", "Name") values (83, 1, 'Закарпатская обл.');
insert into "Regions"("Id", "CountryId", "Name") values (84, 1, 'Запорожская обл.');
insert into "Regions"("Id", "CountryId", "Name") values (85, 1, 'Ивано-Франковская обл.');
insert into "Regions"("Id", "CountryId", "Name") values (86, 1, 'Киевская обл.');
insert into "Regions"("Id", "CountryId", "Name") values (87, 1, 'Кировоградская обл.');
insert into "Regions"("Id", "CountryId", "Name") values (88, 0, 'Крым АР.');
insert into "Regions"("Id", "CountryId", "Name") values (89, 1, 'Луганская обл.');
insert into "Regions"("Id", "CountryId", "Name") values (90, 1, 'Львовская обл.');
insert into "Regions"("Id", "CountryId", "Name") values (91, 1, 'Николаевская обл.');
insert into "Regions"("Id", "CountryId", "Name") values (92, 1, 'Одесская обл.');
insert into "Regions"("Id", "CountryId", "Name") values (93, 1, 'Полтавская обл.');
insert into "Regions"("Id", "CountryId", "Name") values (94, 1, 'Ровенская обл.');
insert into "Regions"("Id", "CountryId", "Name") values (95, 1, 'Сумская обл.');
insert into "Regions"("Id", "CountryId", "Name") values (96, 1, 'Тернопольская обл.');
insert into "Regions"("Id", "CountryId", "Name") values (97, 1, 'Украина');
insert into "Regions"("Id", "CountryId", "Name") values (98, 1, 'Харьковская обл.');
insert into "Regions"("Id", "CountryId", "Name") values (99, 1, 'Херсонская обл.');
insert into "Regions"("Id", "CountryId", "Name") values (100, 1, 'Хмельницкая обл.');
insert into "Regions"("Id", "CountryId", "Name") values (101, 1, 'Черкасская обл.');
insert into "Regions"("Id", "CountryId", "Name") values (102, 1, 'Черниговская обл.');
insert into "Regions"("Id", "CountryId", "Name") values (103, 1, 'Черновицкая обл.');
insert into "Cities"("Id", "RegionId", "Name") values (172, 1, 'Санкт-Петербург');
insert into "Cities"("Id", "RegionId", "Name") values (173, 1, 'Александровская');
insert into "Cities"("Id", "RegionId", "Name") values (174, 1, 'Бокситогорск');
insert into "Cities"("Id", "RegionId", "Name") values (175, 1, 'Большая Ижора');
insert into "Cities"("Id", "RegionId", "Name") values (176, 1, 'Будогощь');
insert into "Cities"("Id", "RegionId", "Name") values (177, 1, 'Вознесенье');
insert into "Cities"("Id", "RegionId", "Name") values (178, 1, 'Волосово');
insert into "Cities"("Id", "RegionId", "Name") values (179, 1, 'Волхов');
insert into "Cities"("Id", "RegionId", "Name") values (180, 1, 'Всеволожск');
insert into "Cities"("Id", "RegionId", "Name") values (181, 1, 'Выборг');
insert into "Cities"("Id", "RegionId", "Name") values (182, 1, 'Вырица');
insert into "Cities"("Id", "RegionId", "Name") values (183, 1, 'Высоцк');
insert into "Cities"("Id", "RegionId", "Name") values (184, 1, 'Гатчина');
insert into "Cities"("Id", "RegionId", "Name") values (185, 1, 'Дружная Горка');
insert into "Cities"("Id", "RegionId", "Name") values (186, 1, 'Дубровка');
insert into "Cities"("Id", "RegionId", "Name") values (187, 1, 'Ефимовский');
insert into "Cities"("Id", "RegionId", "Name") values (188, 1, 'Зеленогорск (Ленинградская обл.)');
insert into "Cities"("Id", "RegionId", "Name") values (189, 1, 'Ивангород');
insert into "Cities"("Id", "RegionId", "Name") values (190, 1, 'Каменногорск');
insert into "Cities"("Id", "RegionId", "Name") values (191, 1, 'Кикерино');
insert into "Cities"("Id", "RegionId", "Name") values (192, 1, 'Кингисепп');
insert into "Cities"("Id", "RegionId", "Name") values (193, 1, 'Кириши');
insert into "Cities"("Id", "RegionId", "Name") values (194, 1, 'Кировск');
insert into "Cities"("Id", "RegionId", "Name") values (195, 1, 'Кобринское');
insert into "Cities"("Id", "RegionId", "Name") values (196, 1, 'Колпино');
insert into "Cities"("Id", "RegionId", "Name") values (197, 1, 'Коммунар');
insert into "Cities"("Id", "RegionId", "Name") values (198, 1, 'Коммунар');
insert into "Cities"("Id", "RegionId", "Name") values (199, 1, 'Кронштадт');
insert into "Cities"("Id", "RegionId", "Name") values (200, 1, 'Лисий Нос');
insert into "Cities"("Id", "RegionId", "Name") values (201, 1, 'Лодейное Поле');
insert into "Cities"("Id", "RegionId", "Name") values (202, 1, 'Ломоносов');
insert into "Cities"("Id", "RegionId", "Name") values (203, 1, 'Луга');
insert into "Cities"("Id", "RegionId", "Name") values (204, 1, 'Павловск (Ленинградская обл.)');
insert into "Cities"("Id", "RegionId", "Name") values (205, 1, 'Парголово');
insert into "Cities"("Id", "RegionId", "Name") values (206, 1, 'Петродворец');
insert into "Cities"("Id", "RegionId", "Name") values (207, 1, 'Пикалёво');
insert into "Cities"("Id", "RegionId", "Name") values (208, 1, 'Подпорожье');
insert into "Cities"("Id", "RegionId", "Name") values (209, 1, 'Приозерск');
insert into "Cities"("Id", "RegionId", "Name") values (210, 1, 'Пушкин');
insert into "Cities"("Id", "RegionId", "Name") values (211, 1, 'Светогорск');
insert into "Cities"("Id", "RegionId", "Name") values (212, 1, 'Сертолово');
insert into "Cities"("Id", "RegionId", "Name") values (213, 1, 'Сестрорецк');
insert into "Cities"("Id", "RegionId", "Name") values (214, 1, 'Сланцы');
insert into "Cities"("Id", "RegionId", "Name") values (215, 1, 'Сосновый Бор');
insert into "Cities"("Id", "RegionId", "Name") values (216, 1, 'Тихвин');
insert into "Cities"("Id", "RegionId", "Name") values (217, 1, 'Тосно');
insert into "Cities"("Id", "RegionId", "Name") values (218, 1, 'Шлиссельбург');
insert into "Cities"("Id", "RegionId", "Name") values (219, 78, 'Бар');
insert into "Cities"("Id", "RegionId", "Name") values (220, 78, 'Бершадь');
insert into "Cities"("Id", "RegionId", "Name") values (221, 78, 'Браилов');
insert into "Cities"("Id", "RegionId", "Name") values (222, 78, 'Брацлав');
insert into "Cities"("Id", "RegionId", "Name") values (223, 78, 'Вапнярка');
insert into "Cities"("Id", "RegionId", "Name") values (224, 78, 'Вендичаны');
insert into "Cities"("Id", "RegionId", "Name") values (225, 78, 'Винница');
insert into "Cities"("Id", "RegionId", "Name") values (226, 78, 'Вороновица');
insert into "Cities"("Id", "RegionId", "Name") values (227, 78, 'Гайсин');
insert into "Cities"("Id", "RegionId", "Name") values (228, 78, 'Гнивань');
insert into "Cities"("Id", "RegionId", "Name") values (229, 78, 'Дашев');
insert into "Cities"("Id", "RegionId", "Name") values (230, 78, 'Жмеринка');
insert into "Cities"("Id", "RegionId", "Name") values (231, 78, 'Ильинцы');
insert into "Cities"("Id", "RegionId", "Name") values (232, 78, 'Казатин');
insert into "Cities"("Id", "RegionId", "Name") values (233, 78, 'Калиновка');
insert into "Cities"("Id", "RegionId", "Name") values (234, 78, 'Крыжополь');
insert into "Cities"("Id", "RegionId", "Name") values (235, 78, 'Ладыжин');
insert into "Cities"("Id", "RegionId", "Name") values (236, 78, 'Липовец');
insert into "Cities"("Id", "RegionId", "Name") values (237, 78, 'Литин');
insert into "Cities"("Id", "RegionId", "Name") values (238, 78, 'Могилев-Подольский');
insert into "Cities"("Id", "RegionId", "Name") values (239, 78, 'Мурованные Куриловцы');
insert into "Cities"("Id", "RegionId", "Name") values (240, 78, 'Немиров');
insert into "Cities"("Id", "RegionId", "Name") values (241, 78, 'Оратов');
insert into "Cities"("Id", "RegionId", "Name") values (242, 78, 'Песчанка');
insert into "Cities"("Id", "RegionId", "Name") values (243, 78, 'Погребище');
insert into "Cities"("Id", "RegionId", "Name") values (244, 78, 'Теплик');
insert into "Cities"("Id", "RegionId", "Name") values (245, 78, 'Томашполь');
insert into "Cities"("Id", "RegionId", "Name") values (246, 78, 'Тростянец');
insert into "Cities"("Id", "RegionId", "Name") values (247, 78, 'Тульчин');
insert into "Cities"("Id", "RegionId", "Name") values (248, 78, 'Тывров');
insert into "Cities"("Id", "RegionId", "Name") values (249, 78, 'Хмельник');
insert into "Cities"("Id", "RegionId", "Name") values (250, 78, 'Чечельник');
insert into "Cities"("Id", "RegionId", "Name") values (251, 78, 'Шаргород');
insert into "Cities"("Id", "RegionId", "Name") values (252, 78, 'Ямполь');
insert into "Regions"("Id", "CountryId", "Name") values (104, 2, 'Абхазия');
insert into "Cities"("Id", "RegionId", "Name") values (253, 2, 'Адыгейск');
insert into "Cities"("Id", "RegionId", "Name") values (254, 2, 'Майкоп (Адыгея)');
insert into "Cities"("Id", "RegionId", "Name") values (255, 79, 'Берестечко');
insert into "Cities"("Id", "RegionId", "Name") values (256, 79, 'Владимир-Волынский');
insert into "Cities"("Id", "RegionId", "Name") values (257, 79, 'Голобы');
insert into "Cities"("Id", "RegionId", "Name") values (258, 79, 'Головно');
insert into "Cities"("Id", "RegionId", "Name") values (259, 79, 'Горохов');
insert into "Cities"("Id", "RegionId", "Name") values (260, 79, 'Заболотье');
insert into "Cities"("Id", "RegionId", "Name") values (261, 79, 'Иваничи');
insert into "Cities"("Id", "RegionId", "Name") values (262, 79, 'Камень-Каширский');
insert into "Cities"("Id", "RegionId", "Name") values (263, 79, 'Киверцы');
insert into "Cities"("Id", "RegionId", "Name") values (264, 79, 'Ковель');
insert into "Cities"("Id", "RegionId", "Name") values (265, 79, 'Локачи');
insert into "Cities"("Id", "RegionId", "Name") values (266, 79, 'Луцк');
insert into "Cities"("Id", "RegionId", "Name") values (267, 79, 'Любешов');
insert into "Cities"("Id", "RegionId", "Name") values (268, 79, 'Любомль');
insert into "Cities"("Id", "RegionId", "Name") values (269, 79, 'Маневичи');
insert into "Cities"("Id", "RegionId", "Name") values (270, 79, 'Нововолынск');
insert into "Cities"("Id", "RegionId", "Name") values (271, 79, 'Ратно');
insert into "Cities"("Id", "RegionId", "Name") values (272, 79, 'Рожище');
insert into "Cities"("Id", "RegionId", "Name") values (273, 79, 'Старая Выжевка');
insert into "Cities"("Id", "RegionId", "Name") values (274, 79, 'Турийск');
insert into "Cities"("Id", "RegionId", "Name") values (275, 104, 'Авадхара');
insert into "Cities"("Id", "RegionId", "Name") values (276, 104, 'Гагра');
insert into "Cities"("Id", "RegionId", "Name") values (277, 104, 'Гали');
insert into "Cities"("Id", "RegionId", "Name") values (278, 104, 'Гудаута');
insert into "Cities"("Id", "RegionId", "Name") values (279, 104, 'Гульрипш');
insert into "Cities"("Id", "RegionId", "Name") values (280, 104, 'Новый Афон');
insert into "Cities"("Id", "RegionId", "Name") values (281, 104, 'Очамчир');
insert into "Cities"("Id", "RegionId", "Name") values (282, 104, 'Пицунда');
insert into "Cities"("Id", "RegionId", "Name") values (283, 104, 'Сухуми');
insert into "Cities"("Id", "RegionId", "Name") values (284, 104, 'Ткварчели');
insert into "Regions"("Id", "CountryId", "Name") values (105, 3, 'Australian Capital Territory');
insert into "Regions"("Id", "CountryId", "Name") values (106, 3, 'New South Wales');
insert into "Regions"("Id", "CountryId", "Name") values (107, 3, 'None');
insert into "Regions"("Id", "CountryId", "Name") values (108, 3, 'Northern Territory');
insert into "Regions"("Id", "CountryId", "Name") values (109, 3, 'Queensland');
insert into "Regions"("Id", "CountryId", "Name") values (110, 3, 'South Australia');
insert into "Regions"("Id", "CountryId", "Name") values (111, 3, 'Tasmania');
insert into "Regions"("Id", "CountryId", "Name") values (112, 3, 'Victoria');
insert into "Regions"("Id", "CountryId", "Name") values (113, 3, 'Western Australia');
insert into "Cities"("Id", "RegionId", "Name") values (285, 3, 'Акташ');
insert into "Cities"("Id", "RegionId", "Name") values (286, 3, 'Акутиха');
insert into "Cities"("Id", "RegionId", "Name") values (287, 3, 'Алейск');
insert into "Cities"("Id", "RegionId", "Name") values (288, 3, 'Алтайский');
insert into "Cities"("Id", "RegionId", "Name") values (289, 3, 'Баево');
insert into "Cities"("Id", "RegionId", "Name") values (290, 3, 'Барнаул');
insert into "Cities"("Id", "RegionId", "Name") values (291, 3, 'Белово (Алтайский край)');
insert into "Cities"("Id", "RegionId", "Name") values (292, 3, 'Белокуриха');
insert into "Cities"("Id", "RegionId", "Name") values (293, 3, 'Белоярск');
insert into "Cities"("Id", "RegionId", "Name") values (294, 3, 'Бийск');
insert into "Cities"("Id", "RegionId", "Name") values (295, 3, 'Благовещенск');
insert into "Cities"("Id", "RegionId", "Name") values (296, 3, 'Боровлянка');
insert into "Cities"("Id", "RegionId", "Name") values (297, 3, 'Бурла');
insert into "Cities"("Id", "RegionId", "Name") values (298, 3, 'Бурсоль');
insert into "Cities"("Id", "RegionId", "Name") values (299, 3, 'Быстрый Исток');
insert into "Cities"("Id", "RegionId", "Name") values (300, 3, 'Волчиха');
insert into "Cities"("Id", "RegionId", "Name") values (301, 3, 'Горно-Алтайск');
insert into "Cities"("Id", "RegionId", "Name") values (302, 3, 'Горняк');
insert into "Cities"("Id", "RegionId", "Name") values (303, 3, 'Ельцовка');
insert into "Cities"("Id", "RegionId", "Name") values (304, 3, 'Залесово');
insert into "Cities"("Id", "RegionId", "Name") values (305, 3, 'Заринск');
insert into "Cities"("Id", "RegionId", "Name") values (306, 3, 'Заток');
insert into "Cities"("Id", "RegionId", "Name") values (307, 3, 'Змеиногорск');
insert into "Cities"("Id", "RegionId", "Name") values (308, 3, 'Камень-на-Оби');
insert into "Cities"("Id", "RegionId", "Name") values (309, 3, 'Ключи (Алтайский край)');
insert into "Cities"("Id", "RegionId", "Name") values (310, 3, 'Кош-Агач');
insert into "Cities"("Id", "RegionId", "Name") values (311, 3, 'Красногорское (Алтайский край)');
insert into "Cities"("Id", "RegionId", "Name") values (312, 3, 'Краснощеково');
insert into "Cities"("Id", "RegionId", "Name") values (313, 3, 'Кулунда');
insert into "Cities"("Id", "RegionId", "Name") values (314, 3, 'Кытманово');
insert into "Cities"("Id", "RegionId", "Name") values (315, 3, 'Мамонтово');
insert into "Cities"("Id", "RegionId", "Name") values (316, 3, 'Новичиха');
insert into "Cities"("Id", "RegionId", "Name") values (317, 3, 'Новоалтайск');
insert into "Cities"("Id", "RegionId", "Name") values (318, 3, 'Онгудай');
insert into "Cities"("Id", "RegionId", "Name") values (319, 3, 'Павловск (Алтайский край)');
insert into "Cities"("Id", "RegionId", "Name") values (320, 3, 'Петропавловское');
insert into "Cities"("Id", "RegionId", "Name") values (321, 3, 'Поспелиха');
insert into "Cities"("Id", "RegionId", "Name") values (322, 3, 'Ребриха');
insert into "Cities"("Id", "RegionId", "Name") values (323, 3, 'Родино');
insert into "Cities"("Id", "RegionId", "Name") values (324, 3, 'Рубцовск');
insert into "Cities"("Id", "RegionId", "Name") values (325, 3, 'Славгород');
insert into "Cities"("Id", "RegionId", "Name") values (326, 3, 'Смоленское');
insert into "Cities"("Id", "RegionId", "Name") values (327, 3, 'Солонешное');
insert into "Cities"("Id", "RegionId", "Name") values (328, 3, 'Солтон');
insert into "Cities"("Id", "RegionId", "Name") values (329, 3, 'Староаллейское');
insert into "Cities"("Id", "RegionId", "Name") values (330, 3, 'Табуны');
insert into "Cities"("Id", "RegionId", "Name") values (331, 3, 'Тальменка');
insert into "Cities"("Id", "RegionId", "Name") values (332, 3, 'Тогул');
insert into "Cities"("Id", "RegionId", "Name") values (333, 3, 'Топчиха');
insert into "Cities"("Id", "RegionId", "Name") values (334, 3, 'Троицкое (Алтайский край)');
insert into "Cities"("Id", "RegionId", "Name") values (335, 3, 'Турочак');
insert into "Cities"("Id", "RegionId", "Name") values (336, 3, 'Тюменцево');
insert into "Cities"("Id", "RegionId", "Name") values (337, 3, 'Угловское');
insert into "Cities"("Id", "RegionId", "Name") values (338, 3, 'Усть-Калманка');
insert into "Cities"("Id", "RegionId", "Name") values (339, 3, 'Усть-Кан');
insert into "Cities"("Id", "RegionId", "Name") values (340, 3, 'Усть-Кокса');
insert into "Cities"("Id", "RegionId", "Name") values (341, 3, 'Усть-Улаган');
insert into "Cities"("Id", "RegionId", "Name") values (342, 3, 'Усть-Чарышская Пристань');
insert into "Cities"("Id", "RegionId", "Name") values (343, 3, 'Хабары');
insert into "Cities"("Id", "RegionId", "Name") values (344, 3, 'Целинное');
insert into "Cities"("Id", "RegionId", "Name") values (345, 3, 'Чарышское');
insert into "Cities"("Id", "RegionId", "Name") values (346, 3, 'Шебалино');
insert into "Cities"("Id", "RegionId", "Name") values (347, 3, 'Шелаболиха');
insert into "Cities"("Id", "RegionId", "Name") values (348, 3, 'Шипуново');
insert into "Cities"("Id", "RegionId", "Name") values (349, 80, 'Апостолово');
insert into "Cities"("Id", "RegionId", "Name") values (350, 80, 'Аулы');
insert into "Cities"("Id", "RegionId", "Name") values (351, 80, 'Брагиновка');
insert into "Cities"("Id", "RegionId", "Name") values (352, 80, 'Васильковка');
insert into "Cities"("Id", "RegionId", "Name") values (353, 80, 'Верхнеднепровск');
insert into "Cities"("Id", "RegionId", "Name") values (354, 80, 'Верховцево');
insert into "Cities"("Id", "RegionId", "Name") values (355, 80, 'Вольногорск');
insert into "Cities"("Id", "RegionId", "Name") values (356, 80, 'Гвардейское');
insert into "Cities"("Id", "RegionId", "Name") values (357, 80, 'Горняцкое');
insert into "Cities"("Id", "RegionId", "Name") values (358, 80, 'Губиниха');
insert into "Cities"("Id", "RegionId", "Name") values (359, 80, 'Демурино');
insert into "Cities"("Id", "RegionId", "Name") values (360, 80, 'Днепродзержинск');
insert into "Cities"("Id", "RegionId", "Name") values (361, 80, 'Днепропетровск');
insert into "Cities"("Id", "RegionId", "Name") values (362, 80, 'Желтые Воды');
insert into "Cities"("Id", "RegionId", "Name") values (363, 80, 'Зализничное');
insert into "Cities"("Id", "RegionId", "Name") values (364, 80, 'Зеленодольск');
insert into "Cities"("Id", "RegionId", "Name") values (365, 80, 'Зеленое');
insert into "Cities"("Id", "RegionId", "Name") values (366, 80, 'Илларионово');
insert into "Cities"("Id", "RegionId", "Name") values (367, 80, 'Ингулец');
insert into "Cities"("Id", "RegionId", "Name") values (368, 80, 'Калинино');
insert into "Cities"("Id", "RegionId", "Name") values (369, 80, 'Карнауховка');
insert into "Cities"("Id", "RegionId", "Name") values (370, 80, 'Кривой Рог');
insert into "Cities"("Id", "RegionId", "Name") values (371, 80, 'Кринички');
insert into "Cities"("Id", "RegionId", "Name") values (372, 80, 'Магдалиновка');
insert into "Cities"("Id", "RegionId", "Name") values (373, 80, 'Марганец');
insert into "Cities"("Id", "RegionId", "Name") values (374, 80, 'Межевая');
insert into "Cities"("Id", "RegionId", "Name") values (375, 80, 'Никополь');
insert into "Cities"("Id", "RegionId", "Name") values (376, 80, 'Новомосковск');
insert into "Cities"("Id", "RegionId", "Name") values (377, 80, 'Орджоникидзе');
insert into "Cities"("Id", "RegionId", "Name") values (378, 80, 'Павлоград');
insert into "Cities"("Id", "RegionId", "Name") values (379, 80, 'Першотравенск');
insert into "Cities"("Id", "RegionId", "Name") values (380, 80, 'Петропавловка');
insert into "Cities"("Id", "RegionId", "Name") values (381, 80, 'Покровское');
insert into "Cities"("Id", "RegionId", "Name") values (382, 80, 'Пятихатки');
insert into "Cities"("Id", "RegionId", "Name") values (383, 80, 'Синельниково');
insert into "Cities"("Id", "RegionId", "Name") values (384, 80, 'Софиевка');
insert into "Cities"("Id", "RegionId", "Name") values (385, 80, 'Томаковка');
insert into "Cities"("Id", "RegionId", "Name") values (386, 80, 'Царичанка');
insert into "Cities"("Id", "RegionId", "Name") values (387, 80, 'Широкое');
insert into "Cities"("Id", "RegionId", "Name") values (388, 105, 'Belconnen');
insert into "Cities"("Id", "RegionId", "Name") values (389, 105, 'Canberra');
insert into "Cities"("Id", "RegionId", "Name") values (390, 105, 'Duntroon');
insert into "Cities"("Id", "RegionId", "Name") values (391, 105, 'Fyshwick');
insert into "Cities"("Id", "RegionId", "Name") values (392, 105, 'Gibraltar');
insert into "Cities"("Id", "RegionId", "Name") values (393, 105, 'Gudgenby');
insert into "Cities"("Id", "RegionId", "Name") values (394, 105, 'Hall');
insert into "Cities"("Id", "RegionId", "Name") values (395, 105, 'Harman');
insert into "Cities"("Id", "RegionId", "Name") values (396, 105, 'Jervis Bay');
insert into "Cities"("Id", "RegionId", "Name") values (397, 105, 'Majura');
insert into "Cities"("Id", "RegionId", "Name") values (398, 105, 'Molonglo');
insert into "Cities"("Id", "RegionId", "Name") values (399, 105, 'Weston Creek');
insert into "Regions"("Id", "CountryId", "Name") values (114, 4, 'Burgenland');
insert into "Regions"("Id", "CountryId", "Name") values (115, 4, 'Krnten');
insert into "Regions"("Id", "CountryId", "Name") values (116, 4, 'Niedersterreich');
insert into "Regions"("Id", "CountryId", "Name") values (117, 4, 'Obersterreich');
insert into "Regions"("Id", "CountryId", "Name") values (118, 4, 'Salzburg');
insert into "Regions"("Id", "CountryId", "Name") values (119, 4, 'Steiermark');
insert into "Regions"("Id", "CountryId", "Name") values (120, 4, 'Tirol');
insert into "Regions"("Id", "CountryId", "Name") values (121, 4, 'Vorarlberg');
insert into "Regions"("Id", "CountryId", "Name") values (122, 4, 'Wien');
insert into "Cities"("Id", "RegionId", "Name") values (400, 4, 'Айгунь');
insert into "Cities"("Id", "RegionId", "Name") values (401, 4, 'Архара');
insert into "Cities"("Id", "RegionId", "Name") values (402, 4, 'Белогорск');
insert into "Cities"("Id", "RegionId", "Name") values (403, 4, 'Благовещенск (Амурская обл.)');
insert into "Cities"("Id", "RegionId", "Name") values (404, 4, 'Бурея');
insert into "Cities"("Id", "RegionId", "Name") values (405, 4, 'Возжаевка');
insert into "Cities"("Id", "RegionId", "Name") values (406, 4, 'Екатеринославка');
insert into "Cities"("Id", "RegionId", "Name") values (407, 4, 'Ерофей Павлович');
insert into "Cities"("Id", "RegionId", "Name") values (408, 4, 'Завитинск');
insert into "Cities"("Id", "RegionId", "Name") values (409, 4, 'Зея');
insert into "Cities"("Id", "RegionId", "Name") values (410, 4, 'Златоустовск');
insert into "Cities"("Id", "RegionId", "Name") values (411, 4, 'Ивановка');
insert into "Cities"("Id", "RegionId", "Name") values (412, 4, 'Коболдо');
insert into "Cities"("Id", "RegionId", "Name") values (413, 4, 'Магдагачи');
insert into "Cities"("Id", "RegionId", "Name") values (414, 4, 'Новобурейский');
insert into "Cities"("Id", "RegionId", "Name") values (415, 4, 'Поярково');
insert into "Cities"("Id", "RegionId", "Name") values (416, 4, 'Райчихинск');
insert into "Cities"("Id", "RegionId", "Name") values (417, 4, 'Ромны');
insert into "Cities"("Id", "RegionId", "Name") values (418, 4, 'Свободный');
insert into "Cities"("Id", "RegionId", "Name") values (419, 4, 'Серышево');
insert into "Cities"("Id", "RegionId", "Name") values (420, 4, 'Сковородино');
insert into "Cities"("Id", "RegionId", "Name") values (421, 4, 'Стойба');
insert into "Cities"("Id", "RegionId", "Name") values (422, 4, 'Тамбовка');
insert into "Cities"("Id", "RegionId", "Name") values (423, 4, 'Тында');
insert into "Cities"("Id", "RegionId", "Name") values (424, 4, 'Февральск');
insert into "Cities"("Id", "RegionId", "Name") values (425, 4, 'Шимановск');
insert into "Cities"("Id", "RegionId", "Name") values (426, 4, 'Экимчан');
insert into "Cities"("Id", "RegionId", "Name") values (427, 4, 'Ядрино');
insert into "Cities"("Id", "RegionId", "Name") values (428, 81, 'Авдеевка');
insert into "Cities"("Id", "RegionId", "Name") values (429, 81, 'Александровка');
insert into "Cities"("Id", "RegionId", "Name") values (430, 81, 'Алексеево-Дружковка');
insert into "Cities"("Id", "RegionId", "Name") values (431, 81, 'Амвросиевка');
insert into "Cities"("Id", "RegionId", "Name") values (432, 81, 'Андреевка');
insert into "Cities"("Id", "RegionId", "Name") values (433, 81, 'Артемово');
insert into "Cities"("Id", "RegionId", "Name") values (434, 81, 'Артемовск');
insert into "Cities"("Id", "RegionId", "Name") values (435, 81, 'Безыменное');
insert into "Cities"("Id", "RegionId", "Name") values (436, 81, 'Беленькое');
insert into "Cities"("Id", "RegionId", "Name") values (437, 81, 'Белицкое');
insert into "Cities"("Id", "RegionId", "Name") values (438, 81, 'Благодатное');
insert into "Cities"("Id", "RegionId", "Name") values (439, 81, 'Былбасовка');
insert into "Cities"("Id", "RegionId", "Name") values (440, 81, 'Великая Новоселка');
insert into "Cities"("Id", "RegionId", "Name") values (441, 81, 'Войковский');
insert into "Cities"("Id", "RegionId", "Name") values (442, 81, 'Волноваха');
insert into "Cities"("Id", "RegionId", "Name") values (443, 81, 'Володарское');
insert into "Cities"("Id", "RegionId", "Name") values (444, 81, 'Гольмовский');
insert into "Cities"("Id", "RegionId", "Name") values (445, 81, 'Горбачево-Михайловка');
insert into "Cities"("Id", "RegionId", "Name") values (446, 81, 'Горловка');
insert into "Cities"("Id", "RegionId", "Name") values (447, 81, 'Гродовка');
insert into "Cities"("Id", "RegionId", "Name") values (448, 81, 'Грузско-Зорянское');
insert into "Cities"("Id", "RegionId", "Name") values (449, 81, 'Дебальцево');
insert into "Cities"("Id", "RegionId", "Name") values (450, 81, 'Дзержинск');
insert into "Cities"("Id", "RegionId", "Name") values (451, 81, 'Димитров');
insert into "Cities"("Id", "RegionId", "Name") values (452, 81, 'Доброполье');
insert into "Cities"("Id", "RegionId", "Name") values (453, 81, 'Докучаевск');
insert into "Cities"("Id", "RegionId", "Name") values (454, 81, 'Донецк');
insert into "Cities"("Id", "RegionId", "Name") values (455, 81, 'Донецкая');
insert into "Cities"("Id", "RegionId", "Name") values (456, 81, 'Донское');
insert into "Cities"("Id", "RegionId", "Name") values (457, 81, 'Дробышево');
insert into "Cities"("Id", "RegionId", "Name") values (458, 81, 'Дружковка');
insert into "Cities"("Id", "RegionId", "Name") values (459, 81, 'Енакиево');
insert into "Cities"("Id", "RegionId", "Name") values (460, 81, 'Жданов');
insert into "Cities"("Id", "RegionId", "Name") values (461, 81, 'Ждановка');
insert into "Cities"("Id", "RegionId", "Name") values (462, 81, 'Желанное');
insert into "Cities"("Id", "RegionId", "Name") values (463, 81, 'Зугрэс');
insert into "Cities"("Id", "RegionId", "Name") values (464, 81, 'Зуевка');
insert into "Cities"("Id", "RegionId", "Name") values (465, 81, 'Иловайск');
insert into "Cities"("Id", "RegionId", "Name") values (466, 81, 'Карло-Либкнехтовск');
insert into "Cities"("Id", "RegionId", "Name") values (467, 81, 'Карло-Марксово');
insert into "Cities"("Id", "RegionId", "Name") values (468, 81, 'Кировск');
insert into "Cities"("Id", "RegionId", "Name") values (469, 81, 'Константиновка');
insert into "Cities"("Id", "RegionId", "Name") values (470, 81, 'Краматорск');
insert into "Cities"("Id", "RegionId", "Name") values (471, 81, 'Красноармейск');
insert into "Cities"("Id", "RegionId", "Name") values (472, 81, 'Красный Лиман');
insert into "Cities"("Id", "RegionId", "Name") values (473, 81, 'Макеевка');
insert into "Cities"("Id", "RegionId", "Name") values (474, 81, 'Мариуполь');
insert into "Cities"("Id", "RegionId", "Name") values (475, 81, 'Марьинка');
insert into "Cities"("Id", "RegionId", "Name") values (476, 81, 'Николаевка');
insert into "Cities"("Id", "RegionId", "Name") values (477, 81, 'Новоазовск');
insert into "Cities"("Id", "RegionId", "Name") values (478, 81, 'Новоэкономическое');
insert into "Cities"("Id", "RegionId", "Name") values (479, 81, 'Першотравневое');
insert into "Cities"("Id", "RegionId", "Name") values (480, 81, 'Селидово');
insert into "Cities"("Id", "RegionId", "Name") values (481, 81, 'Славянск');
insert into "Cities"("Id", "RegionId", "Name") values (482, 81, 'Снежное');
insert into "Cities"("Id", "RegionId", "Name") values (483, 81, 'Старобешево');
insert into "Cities"("Id", "RegionId", "Name") values (484, 81, 'Тельманово');
insert into "Cities"("Id", "RegionId", "Name") values (485, 81, 'Торез');
insert into "Cities"("Id", "RegionId", "Name") values (486, 81, 'Угледар');
insert into "Cities"("Id", "RegionId", "Name") values (487, 81, 'Харцызск');
insert into "Cities"("Id", "RegionId", "Name") values (488, 81, 'Шахтерск');
insert into "Cities"("Id", "RegionId", "Name") values (489, 81, 'Ясиноватая');
insert into "Cities"("Id", "RegionId", "Name") values (490, 106, 'Idney');
insert into "Cities"("Id", "RegionId", "Name") values (491, 106, 'Abbotsford');
insert into "Cities"("Id", "RegionId", "Name") values (492, 106, 'Abercrombie');
insert into "Cities"("Id", "RegionId", "Name") values (493, 106, 'Aberdeen');
insert into "Cities"("Id", "RegionId", "Name") values (494, 106, 'Aberfoyle');
insert into "Cities"("Id", "RegionId", "Name") values (495, 106, 'Aberglasslyn');
insert into "Cities"("Id", "RegionId", "Name") values (496, 106, 'Acacia Creek');
insert into "Cities"("Id", "RegionId", "Name") values (497, 106, 'Adaminaby');
insert into "Cities"("Id", "RegionId", "Name") values (498, 106, 'Alagala');
insert into "Cities"("Id", "RegionId", "Name") values (499, 106, 'Albion Park');
insert into "Cities"("Id", "RegionId", "Name") values (500, 106, 'Alice');
insert into "Cities"("Id", "RegionId", "Name") values (501, 106, 'Alpine');
insert into "Cities"("Id", "RegionId", "Name") values (502, 106, 'Alstonville');
insert into "Cities"("Id", "RegionId", "Name") values (503, 106, 'Artarman');
insert into "Cities"("Id", "RegionId", "Name") values (504, 106, 'Auburn');
insert into "Cities"("Id", "RegionId", "Name") values (505, 106, 'Bear Hill');
insert into "Cities"("Id", "RegionId", "Name") values (506, 106, 'Campbelltown');
insert into "Cities"("Id", "RegionId", "Name") values (507, 106, 'Casino');
insert into "Cities"("Id", "RegionId", "Name") values (508, 106, 'Coffs Harbour');
insert into "Cities"("Id", "RegionId", "Name") values (509, 106, 'Cowra');
insert into "Cities"("Id", "RegionId", "Name") values (510, 106, 'Ladysmith');
insert into "Cities"("Id", "RegionId", "Name") values (511, 106, 'Liverpool');
insert into "Cities"("Id", "RegionId", "Name") values (512, 106, 'Macksville');
insert into "Cities"("Id", "RegionId", "Name") values (513, 106, 'Meldrum');
insert into "Cities"("Id", "RegionId", "Name") values (514, 106, 'Moonee Beach');
insert into "Cities"("Id", "RegionId", "Name") values (515, 106, 'Moss Vale');
insert into "Cities"("Id", "RegionId", "Name") values (516, 106, 'Muswellbrook');
insert into "Cities"("Id", "RegionId", "Name") values (517, 106, 'Newcastle');
insert into "Cities"("Id", "RegionId", "Name") values (518, 106, 'Peelwood');
insert into "Cities"("Id", "RegionId", "Name") values (519, 106, 'Scone');
insert into "Cities"("Id", "RegionId", "Name") values (520, 106, 'South Sydney Municipality');
insert into "Cities"("Id", "RegionId", "Name") values (521, 106, 'Sydney');
insert into "Cities"("Id", "RegionId", "Name") values (522, 106, 'Tamworth');
insert into "Cities"("Id", "RegionId", "Name") values (523, 106, 'Wollongong');
insert into "Cities"("Id", "RegionId", "Name") values (524, 114, 'Andau');
insert into "Cities"("Id", "RegionId", "Name") values (525, 114, 'Deutsch Kaltenbrunn');
insert into "Cities"("Id", "RegionId", "Name") values (526, 114, 'Eberau');
insert into "Cities"("Id", "RegionId", "Name") values (527, 114, 'Eisenstadt');
insert into "Cities"("Id", "RegionId", "Name") values (528, 114, 'Forchtenstein');
insert into "Cities"("Id", "RegionId", "Name") values (529, 114, 'Gssing');
insert into "Cities"("Id", "RegionId", "Name") values (530, 114, 'Horitschon');
insert into "Cities"("Id", "RegionId", "Name") values (531, 114, 'Jois');
insert into "Cities"("Id", "RegionId", "Name") values (532, 114, 'Lackenbach');
insert into "Cities"("Id", "RegionId", "Name") values (533, 114, 'Marz');
insert into "Cities"("Id", "RegionId", "Name") values (534, 114, 'Neufeld an der Leitha');
insert into "Cities"("Id", "RegionId", "Name") values (535, 114, 'Neusiedl am See');
insert into "Cities"("Id", "RegionId", "Name") values (536, 114, 'Oberpullendorf');
insert into "Cities"("Id", "RegionId", "Name") values (537, 114, 'Oberwart');
insert into "Cities"("Id", "RegionId", "Name") values (538, 114, 'Oslip');
insert into "Cities"("Id", "RegionId", "Name") values (539, 114, 'Zurndorf');
insert into "Regions"("Id", "CountryId", "Name") values (123, 5, 'Азербайджан');
insert into "Regions"("Id", "CountryId", "Name") values (124, 5, 'Нагорный Карабах');
insert into "Regions"("Id", "CountryId", "Name") values (125, 5, 'Нахичеванская обл.');
insert into "Cities"("Id", "RegionId", "Name") values (540, 5, 'Амдерма');
insert into "Cities"("Id", "RegionId", "Name") values (541, 5, 'Архангельск');
insert into "Cities"("Id", "RegionId", "Name") values (542, 5, 'Березник');
insert into "Cities"("Id", "RegionId", "Name") values (543, 5, 'Вельск');
insert into "Cities"("Id", "RegionId", "Name") values (544, 5, 'Верхняя Тойма');
insert into "Cities"("Id", "RegionId", "Name") values (545, 5, 'Волошка');
insert into "Cities"("Id", "RegionId", "Name") values (546, 5, 'Вычегодский');
insert into "Cities"("Id", "RegionId", "Name") values (547, 5, 'Емца');
insert into "Cities"("Id", "RegionId", "Name") values (548, 5, 'Илеза');
insert into "Cities"("Id", "RegionId", "Name") values (549, 5, 'Ильинско-Подомское');
insert into "Cities"("Id", "RegionId", "Name") values (550, 5, 'Каргополь (Архангельская обл.)');
insert into "Cities"("Id", "RegionId", "Name") values (551, 5, 'Карпогоры');
insert into "Cities"("Id", "RegionId", "Name") values (552, 5, 'Кодино');
insert into "Cities"("Id", "RegionId", "Name") values (553, 5, 'Коноша');
insert into "Cities"("Id", "RegionId", "Name") values (554, 5, 'Коряжма');
insert into "Cities"("Id", "RegionId", "Name") values (555, 5, 'Котлас');
insert into "Cities"("Id", "RegionId", "Name") values (556, 5, 'Красноборск');
insert into "Cities"("Id", "RegionId", "Name") values (557, 5, 'Лешуконское');
insert into "Cities"("Id", "RegionId", "Name") values (558, 5, 'Мезень');
insert into "Cities"("Id", "RegionId", "Name") values (559, 5, 'Мирный (Архангельская обл.)');
insert into "Cities"("Id", "RegionId", "Name") values (560, 5, 'Нарьян-Мар');
insert into "Cities"("Id", "RegionId", "Name") values (561, 5, 'Новодвинск');
insert into "Cities"("Id", "RegionId", "Name") values (562, 5, 'Няндома');
insert into "Cities"("Id", "RegionId", "Name") values (563, 5, 'Онега');
insert into "Cities"("Id", "RegionId", "Name") values (564, 5, 'Пинега');
insert into "Cities"("Id", "RegionId", "Name") values (565, 5, 'Плесецк');
insert into "Cities"("Id", "RegionId", "Name") values (566, 5, 'Савинск');
insert into "Cities"("Id", "RegionId", "Name") values (567, 5, 'Северодвинск');
insert into "Cities"("Id", "RegionId", "Name") values (568, 5, 'Сольвычегодск');
insert into "Cities"("Id", "RegionId", "Name") values (569, 5, 'Холмогоры');
insert into "Cities"("Id", "RegionId", "Name") values (570, 5, 'Шенкурск');
insert into "Cities"("Id", "RegionId", "Name") values (571, 5, 'Яренск');
insert into "Cities"("Id", "RegionId", "Name") values (572, 82, 'Андрушевка');
insert into "Cities"("Id", "RegionId", "Name") values (573, 82, 'Барановка');
insert into "Cities"("Id", "RegionId", "Name") values (574, 82, 'Белая Криница');
insert into "Cities"("Id", "RegionId", "Name") values (575, 82, 'Бердичев');
insert into "Cities"("Id", "RegionId", "Name") values (576, 82, 'Броницкая Гута');
insert into "Cities"("Id", "RegionId", "Name") values (577, 82, 'Брусилов');
insert into "Cities"("Id", "RegionId", "Name") values (578, 82, 'Быковка');
insert into "Cities"("Id", "RegionId", "Name") values (579, 82, 'Великие Коровинцы');
insert into "Cities"("Id", "RegionId", "Name") values (580, 82, 'Володарск-Волынский');
insert into "Cities"("Id", "RegionId", "Name") values (581, 82, 'Городница');
insert into "Cities"("Id", "RegionId", "Name") values (582, 82, 'Гришковцы');
insert into "Cities"("Id", "RegionId", "Name") values (583, 82, 'Дзержинск');
insert into "Cities"("Id", "RegionId", "Name") values (584, 82, 'Довбыш');
insert into "Cities"("Id", "RegionId", "Name") values (585, 82, 'Емильчино');
insert into "Cities"("Id", "RegionId", "Name") values (586, 82, 'Житомир');
insert into "Cities"("Id", "RegionId", "Name") values (587, 82, 'Иванополь');
insert into "Cities"("Id", "RegionId", "Name") values (588, 82, 'Каменный Брод');
insert into "Cities"("Id", "RegionId", "Name") values (589, 82, 'Коростень');
insert into "Cities"("Id", "RegionId", "Name") values (590, 82, 'Коростышев');
insert into "Cities"("Id", "RegionId", "Name") values (591, 82, 'Лугины');
insert into "Cities"("Id", "RegionId", "Name") values (592, 82, 'Любар');
insert into "Cities"("Id", "RegionId", "Name") values (593, 82, 'Малин');
insert into "Cities"("Id", "RegionId", "Name") values (594, 82, 'Народичи');
insert into "Cities"("Id", "RegionId", "Name") values (595, 82, 'Новоград-Волынский');
insert into "Cities"("Id", "RegionId", "Name") values (596, 82, 'Овруч');
insert into "Cities"("Id", "RegionId", "Name") values (597, 82, 'Олевск');
insert into "Cities"("Id", "RegionId", "Name") values (598, 82, 'Попельня');
insert into "Cities"("Id", "RegionId", "Name") values (599, 82, 'Радомышль');
insert into "Cities"("Id", "RegionId", "Name") values (600, 82, 'Ружин');
insert into "Cities"("Id", "RegionId", "Name") values (601, 82, 'Червоноармейск');
insert into "Cities"("Id", "RegionId", "Name") values (602, 82, 'Черняхов');
insert into "Cities"("Id", "RegionId", "Name") values (603, 82, 'Чуднов');
insert into "Cities"("Id", "RegionId", "Name") values (604, 107, 'Cascade Station');
insert into "Cities"("Id", "RegionId", "Name") values (605, 107, 'LongIdge');
insert into "Cities"("Id", "RegionId", "Name") values (606, 107, 'LongIdge Station');
insert into "Cities"("Id", "RegionId", "Name") values (607, 115, 'Afritz');
insert into "Cities"("Id", "RegionId", "Name") values (608, 115, 'Arnoldstein');
insert into "Cities"("Id", "RegionId", "Name") values (609, 115, 'Arriach');
insert into "Cities"("Id", "RegionId", "Name") values (610, 115, 'Bad Kleinkirchheim');
insert into "Cities"("Id", "RegionId", "Name") values (611, 115, 'Birnbaum');
insert into "Cities"("Id", "RegionId", "Name") values (612, 115, 'Diex');
insert into "Cities"("Id", "RegionId", "Name") values (613, 115, 'Eberstein');
insert into "Cities"("Id", "RegionId", "Name") values (614, 115, 'Faak am See');
insert into "Cities"("Id", "RegionId", "Name") values (615, 115, 'Feistritz im Rosental');
insert into "Cities"("Id", "RegionId", "Name") values (616, 115, 'Ferlach');
insert into "Cities"("Id", "RegionId", "Name") values (617, 115, 'Klagenfurt');
insert into "Cities"("Id", "RegionId", "Name") values (618, 115, 'Spittal an der Drau');
insert into "Cities"("Id", "RegionId", "Name") values (619, 115, 'Strau');
insert into "Cities"("Id", "RegionId", "Name") values (620, 115, 'Villach');
insert into "Cities"("Id", "RegionId", "Name") values (621, 115, 'Vlkermarkt');
insert into "Cities"("Id", "RegionId", "Name") values (622, 123, 'Агдам');
insert into "Cities"("Id", "RegionId", "Name") values (623, 123, 'Агдаш');
insert into "Cities"("Id", "RegionId", "Name") values (624, 123, 'Агджабеди');
insert into "Cities"("Id", "RegionId", "Name") values (625, 123, 'Аджикенд');
insert into "Cities"("Id", "RegionId", "Name") values (626, 123, 'Акстафа');
insert into "Cities"("Id", "RegionId", "Name") values (627, 123, 'Али-Байрамлы');
insert into "Cities"("Id", "RegionId", "Name") values (628, 123, 'Алунитаг');
insert into "Cities"("Id", "RegionId", "Name") values (629, 123, 'Артем-Остров');
insert into "Cities"("Id", "RegionId", "Name") values (630, 123, 'Астара');
insert into "Cities"("Id", "RegionId", "Name") values (631, 123, 'Ахсу');
insert into "Cities"("Id", "RegionId", "Name") values (632, 123, 'Баку');
insert into "Cities"("Id", "RegionId", "Name") values (633, 123, 'Балаханы');
insert into "Cities"("Id", "RegionId", "Name") values (634, 123, 'Банк');
insert into "Cities"("Id", "RegionId", "Name") values (635, 123, 'Барда');
insert into "Cities"("Id", "RegionId", "Name") values (636, 123, 'Белоканы');
insert into "Cities"("Id", "RegionId", "Name") values (637, 123, 'Биласувар');
insert into "Cities"("Id", "RegionId", "Name") values (638, 123, 'Бинагади');
insert into "Cities"("Id", "RegionId", "Name") values (639, 123, 'Бузовна');
insert into "Cities"("Id", "RegionId", "Name") values (640, 123, 'Варташен');
insert into "Cities"("Id", "RegionId", "Name") values (641, 123, 'Гадрут');
insert into "Cities"("Id", "RegionId", "Name") values (642, 123, 'Геокчай');
insert into "Cities"("Id", "RegionId", "Name") values (643, 123, 'Гобустан');
insert into "Cities"("Id", "RegionId", "Name") values (644, 123, 'Горадиз');
insert into "Cities"("Id", "RegionId", "Name") values (645, 123, 'Гянджа (Кировобад)');
insert into "Cities"("Id", "RegionId", "Name") values (646, 123, 'Дальмамедли');
insert into "Cities"("Id", "RegionId", "Name") values (647, 123, 'Дашкесан');
insert into "Cities"("Id", "RegionId", "Name") values (648, 123, 'Джалилабад');
insert into "Cities"("Id", "RegionId", "Name") values (649, 123, 'Джебраил');
insert into "Cities"("Id", "RegionId", "Name") values (650, 123, 'Дивичи');
insert into "Cities"("Id", "RegionId", "Name") values (651, 123, 'Евлах');
insert into "Cities"("Id", "RegionId", "Name") values (652, 123, 'Ждановск');
insert into "Cities"("Id", "RegionId", "Name") values (653, 123, 'Закаталы');
insert into "Cities"("Id", "RegionId", "Name") values (654, 123, 'Зардоб');
insert into "Cities"("Id", "RegionId", "Name") values (655, 123, 'Имишли');
insert into "Cities"("Id", "RegionId", "Name") values (656, 123, 'Исмаиллы');
insert into "Cities"("Id", "RegionId", "Name") values (657, 123, 'Истису');
insert into "Cities"("Id", "RegionId", "Name") values (658, 123, 'Казах');
insert into "Cities"("Id", "RegionId", "Name") values (659, 123, 'Кази-Магомед');
insert into "Cities"("Id", "RegionId", "Name") values (660, 123, 'Касум-Исмаилов');
insert into "Cities"("Id", "RegionId", "Name") values (661, 123, 'Кахи');
insert into "Cities"("Id", "RegionId", "Name") values (662, 123, 'Кедабек');
insert into "Cities"("Id", "RegionId", "Name") values (663, 123, 'Кельбаджар');
insert into "Cities"("Id", "RegionId", "Name") values (664, 123, 'Куба');
insert into "Cities"("Id", "RegionId", "Name") values (665, 123, 'Кубатлы');
insert into "Cities"("Id", "RegionId", "Name") values (666, 123, 'Кусары');
insert into "Cities"("Id", "RegionId", "Name") values (667, 123, 'Куткашен');
insert into "Cities"("Id", "RegionId", "Name") values (668, 123, 'Кюрдамир');
insert into "Cities"("Id", "RegionId", "Name") values (669, 123, 'Ленкорань');
insert into "Cities"("Id", "RegionId", "Name") values (670, 123, 'Лерик');
insert into "Cities"("Id", "RegionId", "Name") values (671, 123, 'Масаллы');
insert into "Cities"("Id", "RegionId", "Name") values (672, 123, 'Мингечаур');
insert into "Cities"("Id", "RegionId", "Name") values (673, 123, 'Мир-Башир');
insert into "Cities"("Id", "RegionId", "Name") values (674, 123, 'Нафталан');
insert into "Cities"("Id", "RegionId", "Name") values (675, 123, 'Нефтечала');
insert into "Cities"("Id", "RegionId", "Name") values (676, 123, 'Саатлы');
insert into "Cities"("Id", "RegionId", "Name") values (677, 123, 'Сабирабад');
insert into "Cities"("Id", "RegionId", "Name") values (678, 123, 'Сабуичи');
insert into "Cities"("Id", "RegionId", "Name") values (679, 123, 'Сальяны');
insert into "Cities"("Id", "RegionId", "Name") values (680, 123, 'Сиазань');
insert into "Cities"("Id", "RegionId", "Name") values (681, 123, 'Сумгаит');
insert into "Cities"("Id", "RegionId", "Name") values (682, 123, 'Тауз');
insert into "Cities"("Id", "RegionId", "Name") values (683, 123, 'Уджары');
insert into "Cities"("Id", "RegionId", "Name") values (684, 123, 'Физули');
insert into "Cities"("Id", "RegionId", "Name") values (685, 123, 'Ханлар');
insert into "Cities"("Id", "RegionId", "Name") values (686, 123, 'Хачмас');
insert into "Cities"("Id", "RegionId", "Name") values (687, 123, 'Худат');
insert into "Cities"("Id", "RegionId", "Name") values (688, 123, 'Шамхор');
insert into "Cities"("Id", "RegionId", "Name") values (689, 123, 'Шеки');
insert into "Cities"("Id", "RegionId", "Name") values (690, 123, 'Шемаха');
insert into "Regions"("Id", "CountryId", "Name") values (126, 6, 'Berat');
insert into "Regions"("Id", "CountryId", "Name") values (127, 6, 'Diber');
insert into "Regions"("Id", "CountryId", "Name") values (128, 6, 'Durres');
insert into "Regions"("Id", "CountryId", "Name") values (129, 6, 'Elbasan');
insert into "Regions"("Id", "CountryId", "Name") values (130, 6, 'Fier');
insert into "Regions"("Id", "CountryId", "Name") values (131, 6, 'Gjirokaster');
insert into "Regions"("Id", "CountryId", "Name") values (132, 6, 'Korce');
insert into "Regions"("Id", "CountryId", "Name") values (133, 6, 'Kukes');
insert into "Regions"("Id", "CountryId", "Name") values (134, 6, 'None');
insert into "Regions"("Id", "CountryId", "Name") values (135, 6, 'Shkoder');
insert into "Regions"("Id", "CountryId", "Name") values (136, 6, 'Tirane');
insert into "Regions"("Id", "CountryId", "Name") values (137, 6, 'Vlore');
insert into "Cities"("Id", "RegionId", "Name") values (691, 6, 'Астрахань');
insert into "Cities"("Id", "RegionId", "Name") values (692, 6, 'Ахтубинск');
insert into "Cities"("Id", "RegionId", "Name") values (693, 6, 'Верхний Баскунчак');
insert into "Cities"("Id", "RegionId", "Name") values (694, 6, 'Володарский');
insert into "Cities"("Id", "RegionId", "Name") values (695, 6, 'Енотаевка');
insert into "Cities"("Id", "RegionId", "Name") values (696, 6, 'Икряное');
insert into "Cities"("Id", "RegionId", "Name") values (697, 6, 'Камызяк');
insert into "Cities"("Id", "RegionId", "Name") values (698, 6, 'Капустин Яр');
insert into "Cities"("Id", "RegionId", "Name") values (699, 6, 'Красный Яр (Астраханская обл.)');
insert into "Cities"("Id", "RegionId", "Name") values (700, 6, 'Лиман');
insert into "Cities"("Id", "RegionId", "Name") values (701, 6, 'Началово');
insert into "Cities"("Id", "RegionId", "Name") values (702, 6, 'Харабали');
insert into "Cities"("Id", "RegionId", "Name") values (703, 6, 'Черный Яр');
insert into "Cities"("Id", "RegionId", "Name") values (704, 83, 'Берегово');
insert into "Cities"("Id", "RegionId", "Name") values (705, 83, 'Буштына');
insert into "Cities"("Id", "RegionId", "Name") values (706, 83, 'Великий Березный');
insert into "Cities"("Id", "RegionId", "Name") values (707, 83, 'Великий Бычков');
insert into "Cities"("Id", "RegionId", "Name") values (708, 83, 'Виноградов');
insert into "Cities"("Id", "RegionId", "Name") values (709, 83, 'Воловец');
insert into "Cities"("Id", "RegionId", "Name") values (710, 83, 'Иршава');
insert into "Cities"("Id", "RegionId", "Name") values (711, 83, 'Межгорье');
insert into "Cities"("Id", "RegionId", "Name") values (712, 83, 'Мукачево');
insert into "Cities"("Id", "RegionId", "Name") values (713, 83, 'Перечин');
insert into "Cities"("Id", "RegionId", "Name") values (714, 83, 'Рахов');
insert into "Cities"("Id", "RegionId", "Name") values (715, 83, 'Свалява');
insert into "Cities"("Id", "RegionId", "Name") values (716, 83, 'Тячев');
insert into "Cities"("Id", "RegionId", "Name") values (717, 83, 'Ужгород');
insert into "Cities"("Id", "RegionId", "Name") values (718, 83, 'Хуст');
insert into "Cities"("Id", "RegionId", "Name") values (719, 83, 'Чоп');
insert into "Cities"("Id", "RegionId", "Name") values (720, 108, 'AdelIde River');
insert into "Cities"("Id", "RegionId", "Name") values (721, 108, 'Alice Springs');
insert into "Cities"("Id", "RegionId", "Name") values (722, 108, 'Arltunga');
insert into "Cities"("Id", "RegionId", "Name") values (723, 108, 'Arltunga Mission');
insert into "Cities"("Id", "RegionId", "Name") values (724, 108, 'Bagot');
insert into "Cities"("Id", "RegionId", "Name") values (725, 108, 'Barrow Creek');
insert into "Cities"("Id", "RegionId", "Name") values (726, 108, 'Borroloola');
insert into "Cities"("Id", "RegionId", "Name") values (727, 108, 'Daly Waters');
insert into "Cities"("Id", "RegionId", "Name") values (728, 108, 'Darwin');
insert into "Cities"("Id", "RegionId", "Name") values (729, 108, 'Finke Iding');
insert into "Cities"("Id", "RegionId", "Name") values (730, 108, 'Glen Helen');
insert into "Cities"("Id", "RegionId", "Name") values (731, 108, 'Gove');
insert into "Cities"("Id", "RegionId", "Name") values (732, 108, 'Nullumbuy');
insert into "Cities"("Id", "RegionId", "Name") values (733, 108, 'Stuart');
insert into "Cities"("Id", "RegionId", "Name") values (734, 116, 'Aggsbach Dorf');
insert into "Cities"("Id", "RegionId", "Name") values (735, 116, 'Amstetten');
insert into "Cities"("Id", "RegionId", "Name") values (736, 116, 'Aschbach Markt');
insert into "Cities"("Id", "RegionId", "Name") values (737, 116, 'Bad Schnau');
insert into "Cities"("Id", "RegionId", "Name") values (738, 116, 'Bad Vslau');
insert into "Cities"("Id", "RegionId", "Name") values (739, 116, 'Bisamberg');
insert into "Cities"("Id", "RegionId", "Name") values (740, 116, 'Bheimkirchen');
insert into "Cities"("Id", "RegionId", "Name") values (741, 116, 'Ebenfurth');
insert into "Cities"("Id", "RegionId", "Name") values (742, 116, 'Eckartsau');
insert into "Cities"("Id", "RegionId", "Name") values (743, 116, 'Ernstbrunn');
insert into "Cities"("Id", "RegionId", "Name") values (744, 116, 'Frankenfels');
insert into "Cities"("Id", "RegionId", "Name") values (745, 116, 'Friedersbach');
insert into "Cities"("Id", "RegionId", "Name") values (746, 116, 'Gablitz');
insert into "Cities"("Id", "RegionId", "Name") values (747, 116, 'Gnserndorf');
insert into "Cities"("Id", "RegionId", "Name") values (748, 116, 'Gerasdorf bei Wien');
insert into "Cities"("Id", "RegionId", "Name") values (749, 116, 'Gloggnitz');
insert into "Cities"("Id", "RegionId", "Name") values (750, 116, 'Herzogenburg');
insert into "Cities"("Id", "RegionId", "Name") values (751, 116, 'Hollabrunn');
insert into "Cities"("Id", "RegionId", "Name") values (752, 116, 'Korneuburg');
insert into "Cities"("Id", "RegionId", "Name") values (753, 116, 'Kottingbrunn');
insert into "Cities"("Id", "RegionId", "Name") values (754, 116, 'Krems an der Donau');
insert into "Cities"("Id", "RegionId", "Name") values (755, 116, 'Langenzersdorf');
insert into "Cities"("Id", "RegionId", "Name") values (756, 116, 'Leobersdorf');
insert into "Cities"("Id", "RegionId", "Name") values (757, 116, 'Lilienfeld');
insert into "Cities"("Id", "RegionId", "Name") values (758, 116, 'Lunz am See');
insert into "Cities"("Id", "RegionId", "Name") values (759, 116, 'Melk');
insert into "Cities"("Id", "RegionId", "Name") values (760, 116, 'Mistelbach an der Zaya');
insert into "Cities"("Id", "RegionId", "Name") values (761, 116, 'Mdling');
insert into "Cities"("Id", "RegionId", "Name") values (762, 116, 'Oberwaltersdorf');
insert into "Cities"("Id", "RegionId", "Name") values (763, 116, 'Prinzersdorf');
insert into "Cities"("Id", "RegionId", "Name") values (764, 116, 'Stetteldorf am Wagram');
insert into "Cities"("Id", "RegionId", "Name") values (765, 116, 'Stssing');
insert into "Cities"("Id", "RegionId", "Name") values (766, 116, 'Ternitz');
insert into "Cities"("Id", "RegionId", "Name") values (767, 116, 'Traisen');
insert into "Cities"("Id", "RegionId", "Name") values (768, 116, 'Traismauer');
insert into "Cities"("Id", "RegionId", "Name") values (769, 116, 'WIdhofen an der Ybbs');
insert into "Cities"("Id", "RegionId", "Name") values (770, 116, 'Wiener Neudorf');
insert into "Cities"("Id", "RegionId", "Name") values (771, 116, 'Wiener Neustadt');
insert into "Cities"("Id", "RegionId", "Name") values (772, 124, 'Степанокерт');
insert into "Cities"("Id", "RegionId", "Name") values (773, 124, 'Шуша');
insert into "Cities"("Id", "RegionId", "Name") values (774, 126, 'Agalli');
insert into "Cities"("Id", "RegionId", "Name") values (775, 126, 'Agim');
insert into "Cities"("Id", "RegionId", "Name") values (776, 126, 'Baka');
insert into "Cities"("Id", "RegionId", "Name") values (777, 126, 'Kakos');
insert into "Regions"("Id", "CountryId", "Name") values (138, 7, 'Алжир');
insert into "Cities"("Id", "RegionId", "Name") values (778, 7, 'Агидель');
insert into "Cities"("Id", "RegionId", "Name") values (779, 7, 'Аксаково');
insert into "Cities"("Id", "RegionId", "Name") values (780, 7, 'Амзя');
insert into "Cities"("Id", "RegionId", "Name") values (781, 7, 'Архангелькое');
insert into "Cities"("Id", "RegionId", "Name") values (782, 7, 'Аскарово');
insert into "Cities"("Id", "RegionId", "Name") values (783, 7, 'Аскино');
insert into "Cities"("Id", "RegionId", "Name") values (784, 7, 'Баймак');
insert into "Cities"("Id", "RegionId", "Name") values (785, 7, 'Бакалы');
insert into "Cities"("Id", "RegionId", "Name") values (786, 7, 'Белебей');
insert into "Cities"("Id", "RegionId", "Name") values (787, 7, 'Белорецк');
insert into "Cities"("Id", "RegionId", "Name") values (788, 7, 'Бижбуляк');
insert into "Cities"("Id", "RegionId", "Name") values (789, 7, 'Бирск');
insert into "Cities"("Id", "RegionId", "Name") values (790, 7, 'Благовещенск (Башкирия)');
insert into "Cities"("Id", "RegionId", "Name") values (791, 7, 'Большеустьикинское');
insert into "Cities"("Id", "RegionId", "Name") values (792, 7, 'Бураево');
insert into "Cities"("Id", "RegionId", "Name") values (793, 7, 'Верхнеяркеево');
insert into "Cities"("Id", "RegionId", "Name") values (794, 7, 'Верхние Киги');
insert into "Cities"("Id", "RegionId", "Name") values (795, 7, 'Верхние Татышлы');
insert into "Cities"("Id", "RegionId", "Name") values (796, 7, 'Верхний Авзян');
insert into "Cities"("Id", "RegionId", "Name") values (797, 7, 'Давлеканово');
insert into "Cities"("Id", "RegionId", "Name") values (798, 7, 'Дуван');
insert into "Cities"("Id", "RegionId", "Name") values (799, 7, 'Дюртюли');
insert into "Cities"("Id", "RegionId", "Name") values (800, 7, 'Ермекеево');
insert into "Cities"("Id", "RegionId", "Name") values (801, 7, 'Ермолаево');
insert into "Cities"("Id", "RegionId", "Name") values (802, 7, 'Зилаир');
insert into "Cities"("Id", "RegionId", "Name") values (803, 7, 'Зирган');
insert into "Cities"("Id", "RegionId", "Name") values (804, 7, 'Иглино');
insert into "Cities"("Id", "RegionId", "Name") values (805, 7, 'Инзер');
insert into "Cities"("Id", "RegionId", "Name") values (806, 7, 'Исянгулово');
insert into "Cities"("Id", "RegionId", "Name") values (807, 7, 'Ишимбай');
insert into "Cities"("Id", "RegionId", "Name") values (808, 7, 'Калтасы');
insert into "Cities"("Id", "RegionId", "Name") values (809, 7, 'Кананикольское');
insert into "Cities"("Id", "RegionId", "Name") values (810, 7, 'Кандры');
insert into "Cities"("Id", "RegionId", "Name") values (811, 7, 'Караидель');
insert into "Cities"("Id", "RegionId", "Name") values (812, 7, 'Караидельский');
insert into "Cities"("Id", "RegionId", "Name") values (813, 7, 'Киргиз-Мияки');
insert into "Cities"("Id", "RegionId", "Name") values (814, 7, 'Красноусольский');
insert into "Cities"("Id", "RegionId", "Name") values (815, 7, 'Кумертау');
insert into "Cities"("Id", "RegionId", "Name") values (816, 7, 'Кушнаренково');
insert into "Cities"("Id", "RegionId", "Name") values (817, 7, 'Малояз');
insert into "Cities"("Id", "RegionId", "Name") values (818, 7, 'Межгорье');
insert into "Cities"("Id", "RegionId", "Name") values (819, 7, 'Мелеуз');
insert into "Cities"("Id", "RegionId", "Name") values (820, 7, 'Месягутово');
insert into "Cities"("Id", "RegionId", "Name") values (821, 7, 'Мраково');
insert into "Cities"("Id", "RegionId", "Name") values (822, 7, 'Нефтекамск');
insert into "Cities"("Id", "RegionId", "Name") values (823, 7, 'Октябрьский (Башкирия)');
insert into "Cities"("Id", "RegionId", "Name") values (824, 7, 'Приютово');
insert into "Cities"("Id", "RegionId", "Name") values (825, 7, 'Раевский');
insert into "Cities"("Id", "RegionId", "Name") values (826, 7, 'Салават');
insert into "Cities"("Id", "RegionId", "Name") values (827, 7, 'Сибай');
insert into "Cities"("Id", "RegionId", "Name") values (828, 7, 'Старобалтачево');
insert into "Cities"("Id", "RegionId", "Name") values (829, 7, 'Старосубхангулово');
insert into "Cities"("Id", "RegionId", "Name") values (830, 7, 'Стерлибашево');
insert into "Cities"("Id", "RegionId", "Name") values (831, 7, 'Стерлитамак');
insert into "Cities"("Id", "RegionId", "Name") values (832, 7, 'Туймазы');
insert into "Cities"("Id", "RegionId", "Name") values (833, 7, 'Уфа');
insert into "Cities"("Id", "RegionId", "Name") values (834, 7, 'Учалы');
insert into "Cities"("Id", "RegionId", "Name") values (835, 7, 'Федоровка (Башкирия)');
insert into "Cities"("Id", "RegionId", "Name") values (836, 7, 'Чекмагуш');
insert into "Cities"("Id", "RegionId", "Name") values (837, 7, 'Чишмы');
insert into "Cities"("Id", "RegionId", "Name") values (838, 7, 'Шаран');
insert into "Cities"("Id", "RegionId", "Name") values (839, 7, 'Янаул');
insert into "Cities"("Id", "RegionId", "Name") values (840, 84, 'Акимовка');
insert into "Cities"("Id", "RegionId", "Name") values (841, 84, 'Андреевка');
insert into "Cities"("Id", "RegionId", "Name") values (842, 84, 'Балабино');
insert into "Cities"("Id", "RegionId", "Name") values (843, 84, 'Бердянск');
insert into "Cities"("Id", "RegionId", "Name") values (844, 84, 'Васильевка');
insert into "Cities"("Id", "RegionId", "Name") values (845, 84, 'Веселое');
insert into "Cities"("Id", "RegionId", "Name") values (846, 84, 'Вольнянск');
insert into "Cities"("Id", "RegionId", "Name") values (847, 84, 'Гуляйполе');
insert into "Cities"("Id", "RegionId", "Name") values (848, 84, 'Днепрорудный');
insert into "Cities"("Id", "RegionId", "Name") values (849, 84, 'Запорожье');
insert into "Cities"("Id", "RegionId", "Name") values (850, 84, 'Каменка-Днепровская');
insert into "Cities"("Id", "RegionId", "Name") values (851, 84, 'Каменное');
insert into "Cities"("Id", "RegionId", "Name") values (852, 84, 'Камыш-Заря');
insert into "Cities"("Id", "RegionId", "Name") values (853, 84, 'Куйбышево');
insert into "Cities"("Id", "RegionId", "Name") values (854, 84, 'Мелитополь');
insert into "Cities"("Id", "RegionId", "Name") values (855, 84, 'Михайловка');
insert into "Cities"("Id", "RegionId", "Name") values (856, 84, 'Новониколаевка');
insert into "Cities"("Id", "RegionId", "Name") values (857, 84, 'Орехов');
insert into "Cities"("Id", "RegionId", "Name") values (858, 84, 'Пологи');
insert into "Cities"("Id", "RegionId", "Name") values (859, 84, 'Приазовское');
insert into "Cities"("Id", "RegionId", "Name") values (860, 84, 'Приморск');
insert into "Cities"("Id", "RegionId", "Name") values (861, 84, 'Токмак');
insert into "Cities"("Id", "RegionId", "Name") values (862, 84, 'Черниговка');
insert into "Cities"("Id", "RegionId", "Name") values (863, 84, 'Энергодар');
insert into "Cities"("Id", "RegionId", "Name") values (864, 109, 'Abercorn');
insert into "Cities"("Id", "RegionId", "Name") values (865, 109, 'Abermain');
insert into "Cities"("Id", "RegionId", "Name") values (866, 109, 'Ackland');
insert into "Cities"("Id", "RegionId", "Name") values (867, 109, 'Advancetown');
insert into "Cities"("Id", "RegionId", "Name") values (868, 109, 'Albany Creek');
insert into "Cities"("Id", "RegionId", "Name") values (869, 109, 'Alberton');
insert into "Cities"("Id", "RegionId", "Name") values (870, 109, 'Alexandra');
insert into "Cities"("Id", "RegionId", "Name") values (871, 109, 'Alexandra-Mooloolaba');
insert into "Cities"("Id", "RegionId", "Name") values (872, 109, 'Allan');
insert into "Cities"("Id", "RegionId", "Name") values (873, 109, 'Allingham');
insert into "Cities"("Id", "RegionId", "Name") values (874, 109, 'Alma Creek');
insert into "Cities"("Id", "RegionId", "Name") values (875, 109, 'Alpha');
insert into "Cities"("Id", "RegionId", "Name") values (876, 109, 'Aramara');
insert into "Cities"("Id", "RegionId", "Name") values (877, 109, 'Belgian Gardens');
insert into "Cities"("Id", "RegionId", "Name") values (878, 109, 'Brisbane');
insert into "Cities"("Id", "RegionId", "Name") values (879, 109, 'Bucasia');
insert into "Cities"("Id", "RegionId", "Name") values (880, 109, 'Bundaberg');
insert into "Cities"("Id", "RegionId", "Name") values (881, 109, 'Cairns');
insert into "Cities"("Id", "RegionId", "Name") values (882, 109, 'Caloundra');
insert into "Cities"("Id", "RegionId", "Name") values (883, 109, 'Coorparoo');
insert into "Cities"("Id", "RegionId", "Name") values (884, 109, 'Cynthia');
insert into "Cities"("Id", "RegionId", "Name") values (885, 109, 'Emerald');
insert into "Cities"("Id", "RegionId", "Name") values (886, 109, 'Gladstone');
insert into "Cities"("Id", "RegionId", "Name") values (887, 109, 'Gold Coast');
insert into "Cities"("Id", "RegionId", "Name") values (888, 109, 'Gympie');
insert into "Cities"("Id", "RegionId", "Name") values (889, 109, 'Howard');
insert into "Cities"("Id", "RegionId", "Name") values (890, 109, 'Ipswich');
insert into "Cities"("Id", "RegionId", "Name") values (891, 109, 'Nindigully');
insert into "Cities"("Id", "RegionId", "Name") values (892, 109, 'Oakenden');
insert into "Cities"("Id", "RegionId", "Name") values (893, 109, 'Quamby');
insert into "Cities"("Id", "RegionId", "Name") values (894, 109, 'Redcliffe');
insert into "Cities"("Id", "RegionId", "Name") values (895, 109, 'Rockhampton');
insert into "Cities"("Id", "RegionId", "Name") values (896, 109, 'Surfers Paradise');
insert into "Cities"("Id", "RegionId", "Name") values (897, 109, 'Townsville');
insert into "Cities"("Id", "RegionId", "Name") values (898, 117, 'Ach');
insert into "Cities"("Id", "RegionId", "Name") values (899, 117, 'Aistersheim');
insert into "Cities"("Id", "RegionId", "Name") values (900, 117, 'Alberndorf in der Riedmark');
insert into "Cities"("Id", "RegionId", "Name") values (901, 117, 'Alkoven');
insert into "Cities"("Id", "RegionId", "Name") values (902, 117, 'Altenberg bei Linz');
insert into "Cities"("Id", "RegionId", "Name") values (903, 117, 'Altmnster');
insert into "Cities"("Id", "RegionId", "Name") values (904, 117, 'Ansfelden');
insert into "Cities"("Id", "RegionId", "Name") values (905, 117, 'Aschach an der Steyr');
insert into "Cities"("Id", "RegionId", "Name") values (906, 117, 'Attersee');
insert into "Cities"("Id", "RegionId", "Name") values (907, 117, 'Attnang-Puchheim');
insert into "Cities"("Id", "RegionId", "Name") values (908, 117, 'Braunau am Inn');
insert into "Cities"("Id", "RegionId", "Name") values (909, 117, 'Ebensee');
insert into "Cities"("Id", "RegionId", "Name") values (910, 117, 'Enns');
insert into "Cities"("Id", "RegionId", "Name") values (911, 117, 'Gallneukirchen');
insert into "Cities"("Id", "RegionId", "Name") values (912, 117, 'Gmunden');
insert into "Cities"("Id", "RegionId", "Name") values (913, 117, 'Gramastetten');
insert into "Cities"("Id", "RegionId", "Name") values (914, 117, 'Hallstatt');
insert into "Cities"("Id", "RegionId", "Name") values (915, 117, 'Hrsching');
insert into "Cities"("Id", "RegionId", "Name") values (916, 117, 'Laakirchen');
insert into "Cities"("Id", "RegionId", "Name") values (917, 117, 'Leopoldschlag');
insert into "Cities"("Id", "RegionId", "Name") values (918, 117, 'Linz');
insert into "Cities"("Id", "RegionId", "Name") values (919, 117, 'Marchtrenk');
insert into "Cities"("Id", "RegionId", "Name") values (920, 117, 'Mondsee');
insert into "Cities"("Id", "RegionId", "Name") values (921, 117, 'Ottensheim');
insert into "Cities"("Id", "RegionId", "Name") values (922, 117, 'Pregarten');
insert into "Cities"("Id", "RegionId", "Name") values (923, 117, 'Ried im Innkreis');
insert into "Cities"("Id", "RegionId", "Name") values (924, 117, 'Rohrbach in Obersterreich');
insert into "Cities"("Id", "RegionId", "Name") values (925, 117, 'Scharnstein');
insert into "Cities"("Id", "RegionId", "Name") values (926, 117, 'Scharten');
insert into "Cities"("Id", "RegionId", "Name") values (927, 117, 'Steyr');
insert into "Cities"("Id", "RegionId", "Name") values (928, 117, 'Thalheim bei Wels');
insert into "Cities"("Id", "RegionId", "Name") values (929, 117, 'Traun');
insert into "Cities"("Id", "RegionId", "Name") values (930, 117, 'Vcklabruck');
insert into "Cities"("Id", "RegionId", "Name") values (931, 117, 'Wels');
insert into "Cities"("Id", "RegionId", "Name") values (932, 125, 'Джульфа');
insert into "Cities"("Id", "RegionId", "Name") values (933, 125, 'Ильичевск');
insert into "Cities"("Id", "RegionId", "Name") values (934, 125, 'Нахичевань');
insert into "Cities"("Id", "RegionId", "Name") values (935, 125, 'Ордубад');
insert into "Cities"("Id", "RegionId", "Name") values (936, 125, 'Шахбуз');
insert into "Cities"("Id", "RegionId", "Name") values (937, 127, 'Ali Hanit');
insert into "Cities"("Id", "RegionId", "Name") values (938, 127, 'Arapaj e Eperme');
insert into "Cities"("Id", "RegionId", "Name") values (939, 127, 'Arn i Eprm');
insert into "Cities"("Id", "RegionId", "Name") values (940, 127, 'Arras');
insert into "Cities"("Id", "RegionId", "Name") values (941, 127, 'Doma');
insert into "Cities"("Id", "RegionId", "Name") values (942, 138, 'Адрар');
insert into "Cities"("Id", "RegionId", "Name") values (943, 138, 'Алжир');
insert into "Cities"("Id", "RegionId", "Name") values (944, 138, 'Аннаба');
insert into "Cities"("Id", "RegionId", "Name") values (945, 138, 'Бешвар');
insert into "Cities"("Id", "RegionId", "Name") values (946, 138, 'Джельфа');
insert into "Cities"("Id", "RegionId", "Name") values (947, 138, 'Ин-Салах');
insert into "Cities"("Id", "RegionId", "Name") values (948, 138, 'Оран');
insert into "Cities"("Id", "RegionId", "Name") values (949, 138, 'Таманрассет');
insert into "Cities"("Id", "RegionId", "Name") values (950, 138, 'Туггурт');
insert into "Cities"("Id", "RegionId", "Name") values (951, 138, 'Эль-Голеа');
insert into "Regions"("Id", "CountryId", "Name") values (139, 8, 'Ангола');
insert into "Cities"("Id", "RegionId", "Name") values (952, 8, 'Алексеевка (Белгородская обл.)');
insert into "Cities"("Id", "RegionId", "Name") values (953, 8, 'Белгород');
insert into "Cities"("Id", "RegionId", "Name") values (954, 8, 'Борисовка');
insert into "Cities"("Id", "RegionId", "Name") values (955, 8, 'Валуйки');
insert into "Cities"("Id", "RegionId", "Name") values (956, 8, 'Вейделевка');
insert into "Cities"("Id", "RegionId", "Name") values (957, 8, 'Волоконовка');
insert into "Cities"("Id", "RegionId", "Name") values (958, 8, 'Грайворон');
insert into "Cities"("Id", "RegionId", "Name") values (959, 8, 'Губкин');
insert into "Cities"("Id", "RegionId", "Name") values (960, 8, 'Ивня');
insert into "Cities"("Id", "RegionId", "Name") values (961, 8, 'Короча');
insert into "Cities"("Id", "RegionId", "Name") values (962, 8, 'Красногвардейское (Белгород.)');
insert into "Cities"("Id", "RegionId", "Name") values (963, 8, 'Новый Оскол');
insert into "Cities"("Id", "RegionId", "Name") values (964, 8, 'Ракитное');
insert into "Cities"("Id", "RegionId", "Name") values (965, 8, 'Ровеньки');
insert into "Cities"("Id", "RegionId", "Name") values (966, 8, 'Старый Оскол');
insert into "Cities"("Id", "RegionId", "Name") values (967, 8, 'Строитель');
insert into "Cities"("Id", "RegionId", "Name") values (968, 8, 'Чернянка');
insert into "Cities"("Id", "RegionId", "Name") values (969, 8, 'Шебекино');
insert into "Cities"("Id", "RegionId", "Name") values (970, 85, 'Богородчаны');
insert into "Cities"("Id", "RegionId", "Name") values (971, 85, 'Болехов');
insert into "Cities"("Id", "RegionId", "Name") values (972, 85, 'Болшовцы');
insert into "Cities"("Id", "RegionId", "Name") values (973, 85, 'Брошнев-Осада');
insert into "Cities"("Id", "RegionId", "Name") values (974, 85, 'Букачевцы');
insert into "Cities"("Id", "RegionId", "Name") values (975, 85, 'Бурштын');
insert into "Cities"("Id", "RegionId", "Name") values (976, 85, 'Бытков');
insert into "Cities"("Id", "RegionId", "Name") values (977, 85, 'Верховина');
insert into "Cities"("Id", "RegionId", "Name") values (978, 85, 'Войнилов');
insert into "Cities"("Id", "RegionId", "Name") values (979, 85, 'Ворохта');
insert into "Cities"("Id", "RegionId", "Name") values (980, 85, 'Выгода');
insert into "Cities"("Id", "RegionId", "Name") values (981, 85, 'Галич');
insert into "Cities"("Id", "RegionId", "Name") values (982, 85, 'Гвоздец');
insert into "Cities"("Id", "RegionId", "Name") values (983, 85, 'Городенка');
insert into "Cities"("Id", "RegionId", "Name") values (984, 85, 'Делятин');
insert into "Cities"("Id", "RegionId", "Name") values (985, 85, 'Долина');
insert into "Cities"("Id", "RegionId", "Name") values (986, 85, 'Жовтень');
insert into "Cities"("Id", "RegionId", "Name") values (987, 85, 'Заболотов');
insert into "Cities"("Id", "RegionId", "Name") values (988, 85, 'Ивано-Франковск');
insert into "Cities"("Id", "RegionId", "Name") values (989, 85, 'Калуж');
insert into "Cities"("Id", "RegionId", "Name") values (990, 85, 'Калуш');
insert into "Cities"("Id", "RegionId", "Name") values (991, 85, 'Коломыя');
insert into "Cities"("Id", "RegionId", "Name") values (992, 85, 'Косов');
insert into "Cities"("Id", "RegionId", "Name") values (993, 85, 'Надворна');
insert into "Cities"("Id", "RegionId", "Name") values (994, 85, 'Надворная');
insert into "Cities"("Id", "RegionId", "Name") values (995, 85, 'Рогатин');
insert into "Cities"("Id", "RegionId", "Name") values (996, 85, 'Рожнятов');
insert into "Cities"("Id", "RegionId", "Name") values (997, 85, 'Снятын');
insert into "Cities"("Id", "RegionId", "Name") values (998, 85, 'Станиславов');
insert into "Cities"("Id", "RegionId", "Name") values (999, 85, 'Тлумач');
insert into "Cities"("Id", "RegionId", "Name") values (1000, 85, 'Тысменица');
insert into "Cities"("Id", "RegionId", "Name") values (1001, 85, 'Яремча');
insert into "Cities"("Id", "RegionId", "Name") values (1002, 110, 'AdelIde');
insert into "Cities"("Id", "RegionId", "Name") values (1003, 110, 'Altona');
insert into "Cities"("Id", "RegionId", "Name") values (1004, 110, 'Amata');
insert into "Cities"("Id", "RegionId", "Name") values (1005, 110, 'Angas Plains');
insert into "Cities"("Id", "RegionId", "Name") values (1006, 110, 'Angle Vale');
insert into "Cities"("Id", "RegionId", "Name") values (1007, 110, 'Appila');
insert into "Cities"("Id", "RegionId", "Name") values (1008, 110, 'Ardrossan');
insert into "Cities"("Id", "RegionId", "Name") values (1009, 110, 'Arno Bay');
insert into "Cities"("Id", "RegionId", "Name") values (1010, 110, 'Athenna');
insert into "Cities"("Id", "RegionId", "Name") values (1011, 110, 'Australia Plains');
insert into "Cities"("Id", "RegionId", "Name") values (1012, 110, 'Avon');
insert into "Cities"("Id", "RegionId", "Name") values (1013, 110, 'Bakara');
insert into "Cities"("Id", "RegionId", "Name") values (1014, 110, 'Black Rock');
insert into "Cities"("Id", "RegionId", "Name") values (1015, 110, 'Buccleuch');
insert into "Cities"("Id", "RegionId", "Name") values (1016, 110, 'Caroline');
insert into "Cities"("Id", "RegionId", "Name") values (1017, 110, 'Dublin');
insert into "Cities"("Id", "RegionId", "Name") values (1018, 110, 'McLachlan');
insert into "Cities"("Id", "RegionId", "Name") values (1019, 110, 'Meningie');
insert into "Cities"("Id", "RegionId", "Name") values (1020, 110, 'Paratoo');
insert into "Cities"("Id", "RegionId", "Name") values (1021, 110, 'Phillip');
insert into "Cities"("Id", "RegionId", "Name") values (1022, 110, 'Sunny Hill');
insert into "Cities"("Id", "RegionId", "Name") values (1023, 110, 'Whyalla');
insert into "Cities"("Id", "RegionId", "Name") values (1024, 118, 'Adnet');
insert into "Cities"("Id", "RegionId", "Name") values (1025, 118, 'Altenmarkt im Pongau');
insert into "Cities"("Id", "RegionId", "Name") values (1026, 118, 'Anif');
insert into "Cities"("Id", "RegionId", "Name") values (1027, 118, 'Annaberg');
insert into "Cities"("Id", "RegionId", "Name") values (1028, 118, 'Bad Hofgastein');
insert into "Cities"("Id", "RegionId", "Name") values (1029, 118, 'Berndorf bei Salzburg');
insert into "Cities"("Id", "RegionId", "Name") values (1030, 118, 'Bischofshofen');
insert into "Cities"("Id", "RegionId", "Name") values (1031, 118, 'Bramberg am Wildkogel');
insert into "Cities"("Id", "RegionId", "Name") values (1032, 118, 'Bruck an der Groglocknerstrae');
insert into "Cities"("Id", "RegionId", "Name") values (1033, 118, 'Dienten am Hochknig');
insert into "Cities"("Id", "RegionId", "Name") values (1034, 118, 'Ebenau');
insert into "Cities"("Id", "RegionId", "Name") values (1035, 118, 'Elixhausen');
insert into "Cities"("Id", "RegionId", "Name") values (1036, 118, 'Fuschl am See');
insert into "Cities"("Id", "RegionId", "Name") values (1037, 118, 'Grdig');
insert into "Cities"("Id", "RegionId", "Name") values (1038, 118, 'Hallein');
insert into "Cities"("Id", "RegionId", "Name") values (1039, 118, 'Henndorf am Wallersee');
insert into "Cities"("Id", "RegionId", "Name") values (1040, 118, 'Hinterglemm');
insert into "Cities"("Id", "RegionId", "Name") values (1041, 118, 'Hof bei Salzburg');
insert into "Cities"("Id", "RegionId", "Name") values (1042, 118, 'Lofer');
insert into "Cities"("Id", "RegionId", "Name") values (1043, 118, 'Oberalm');
insert into "Cities"("Id", "RegionId", "Name") values (1044, 118, 'Saalbach');
insert into "Cities"("Id", "RegionId", "Name") values (1045, 118, 'Saalfelden am Steinernen Meer');
insert into "Cities"("Id", "RegionId", "Name") values (1046, 118, 'Salzburg');
insert into "Cities"("Id", "RegionId", "Name") values (1047, 118, 'Tamsweg');
insert into "Cities"("Id", "RegionId", "Name") values (1048, 118, 'Zell am See');
insert into "Cities"("Id", "RegionId", "Name") values (1049, 128, 'Dures');
insert into "Cities"("Id", "RegionId", "Name") values (1050, 128, 'Durrs');
insert into "Cities"("Id", "RegionId", "Name") values (1051, 139, 'Бенгела');
insert into "Cities"("Id", "RegionId", "Name") values (1052, 139, 'Лобиту');
insert into "Cities"("Id", "RegionId", "Name") values (1053, 139, 'Луанда');
insert into "Cities"("Id", "RegionId", "Name") values (1054, 139, 'Лубанго');
insert into "Cities"("Id", "RegionId", "Name") values (1055, 139, 'Маланже');
insert into "Cities"("Id", "RegionId", "Name") values (1056, 139, 'Менноге');
insert into "Cities"("Id", "RegionId", "Name") values (1057, 139, 'Намибе');
insert into "Regions"("Id", "CountryId", "Name") values (140, 9, 'Anguilla');
insert into "Cities"("Id", "RegionId", "Name") values (1058, 9, 'Алтухово');
insert into "Cities"("Id", "RegionId", "Name") values (1059, 9, 'Белая Березка');
insert into "Cities"("Id", "RegionId", "Name") values (1060, 9, 'Белые Берега');
insert into "Cities"("Id", "RegionId", "Name") values (1061, 9, 'Большое Полпино');
insert into "Cities"("Id", "RegionId", "Name") values (1062, 9, 'Брянск');
insert into "Cities"("Id", "RegionId", "Name") values (1063, 9, 'Бытошь');
insert into "Cities"("Id", "RegionId", "Name") values (1064, 9, 'Выгоничи');
insert into "Cities"("Id", "RegionId", "Name") values (1065, 9, 'Вышков');
insert into "Cities"("Id", "RegionId", "Name") values (1066, 9, 'Гордеевка');
insert into "Cities"("Id", "RegionId", "Name") values (1067, 9, 'Дубровка (Брянская обл.)');
insert into "Cities"("Id", "RegionId", "Name") values (1068, 9, 'Дятьково');
insert into "Cities"("Id", "RegionId", "Name") values (1069, 9, 'Дятьково');
insert into "Cities"("Id", "RegionId", "Name") values (1070, 9, 'Жирятино');
insert into "Cities"("Id", "RegionId", "Name") values (1071, 9, 'Жуковка');
insert into "Cities"("Id", "RegionId", "Name") values (1072, 9, 'Злынка');
insert into "Cities"("Id", "RegionId", "Name") values (1073, 9, 'Ивот');
insert into "Cities"("Id", "RegionId", "Name") values (1074, 9, 'Карачев');
insert into "Cities"("Id", "RegionId", "Name") values (1075, 9, 'Клетня');
insert into "Cities"("Id", "RegionId", "Name") values (1076, 9, 'Климово');
insert into "Cities"("Id", "RegionId", "Name") values (1077, 9, 'Клинцы');
insert into "Cities"("Id", "RegionId", "Name") values (1078, 9, 'Кокаревка');
insert into "Cities"("Id", "RegionId", "Name") values (1079, 9, 'Комаричи');
insert into "Cities"("Id", "RegionId", "Name") values (1080, 9, 'Красная Гора');
insert into "Cities"("Id", "RegionId", "Name") values (1081, 9, 'Локоть (Брянская обл.)');
insert into "Cities"("Id", "RegionId", "Name") values (1082, 9, 'Мглин');
insert into "Cities"("Id", "RegionId", "Name") values (1083, 9, 'Навля');
insert into "Cities"("Id", "RegionId", "Name") values (1084, 9, 'Новозыбков');
insert into "Cities"("Id", "RegionId", "Name") values (1085, 9, 'Погар');
insert into "Cities"("Id", "RegionId", "Name") values (1086, 9, 'Почеп');
insert into "Cities"("Id", "RegionId", "Name") values (1087, 9, 'Ржаница');
insert into "Cities"("Id", "RegionId", "Name") values (1088, 9, 'Рогнедино');
insert into "Cities"("Id", "RegionId", "Name") values (1089, 9, 'Севск');
insert into "Cities"("Id", "RegionId", "Name") values (1090, 9, 'Стародуб');
insert into "Cities"("Id", "RegionId", "Name") values (1091, 9, 'Суземка');
insert into "Cities"("Id", "RegionId", "Name") values (1092, 9, 'Сураж');
insert into "Cities"("Id", "RegionId", "Name") values (1093, 9, 'Трубчевск');
insert into "Cities"("Id", "RegionId", "Name") values (1094, 9, 'Унеча');
insert into "Cities"("Id", "RegionId", "Name") values (1095, 86, 'Иванков');
insert into "Cities"("Id", "RegionId", "Name") values (1096, 86, 'Ирпень');
insert into "Cities"("Id", "RegionId", "Name") values (1097, 86, 'Барышевка');
insert into "Cities"("Id", "RegionId", "Name") values (1098, 86, 'Белая Церковь');
insert into "Cities"("Id", "RegionId", "Name") values (1099, 86, 'Березань');
insert into "Cities"("Id", "RegionId", "Name") values (1100, 86, 'Богуслав');
insert into "Cities"("Id", "RegionId", "Name") values (1101, 86, 'Борисполь');
insert into "Cities"("Id", "RegionId", "Name") values (1102, 86, 'Боровая');
insert into "Cities"("Id", "RegionId", "Name") values (1103, 86, 'Бородянка');
insert into "Cities"("Id", "RegionId", "Name") values (1104, 86, 'Боярка');
insert into "Cities"("Id", "RegionId", "Name") values (1105, 86, 'Бровары');
insert into "Cities"("Id", "RegionId", "Name") values (1106, 86, 'Васильков');
insert into "Cities"("Id", "RegionId", "Name") values (1107, 86, 'Володарка');
insert into "Cities"("Id", "RegionId", "Name") values (1108, 86, 'Ворзель');
insert into "Cities"("Id", "RegionId", "Name") values (1109, 86, 'Вышгород');
insert into "Cities"("Id", "RegionId", "Name") values (1110, 86, 'Гребенки');
insert into "Cities"("Id", "RegionId", "Name") values (1111, 86, 'Дымер');
insert into "Cities"("Id", "RegionId", "Name") values (1112, 86, 'Згуровка');
insert into "Cities"("Id", "RegionId", "Name") values (1113, 86, 'Кагарлык');
insert into "Cities"("Id", "RegionId", "Name") values (1114, 86, 'Калиновка');
insert into "Cities"("Id", "RegionId", "Name") values (1115, 86, 'Киев');
insert into "Cities"("Id", "RegionId", "Name") values (1116, 86, 'Киевская');
insert into "Cities"("Id", "RegionId", "Name") values (1117, 86, 'Кодра');
insert into "Cities"("Id", "RegionId", "Name") values (1118, 86, 'Кожанка');
insert into "Cities"("Id", "RegionId", "Name") values (1119, 86, 'Козин');
insert into "Cities"("Id", "RegionId", "Name") values (1120, 86, 'Макаров');
insert into "Cities"("Id", "RegionId", "Name") values (1121, 86, 'Мироновка');
insert into "Cities"("Id", "RegionId", "Name") values (1122, 86, 'Обухов');
insert into "Cities"("Id", "RegionId", "Name") values (1123, 86, 'Переяслав-Хмельницкий');
insert into "Cities"("Id", "RegionId", "Name") values (1124, 86, 'Полесское');
insert into "Cities"("Id", "RegionId", "Name") values (1125, 86, 'Ракитное');
insert into "Cities"("Id", "RegionId", "Name") values (1126, 86, 'Ржищев');
insert into "Cities"("Id", "RegionId", "Name") values (1127, 86, 'Сквира');
insert into "Cities"("Id", "RegionId", "Name") values (1128, 86, 'Славутич');
insert into "Cities"("Id", "RegionId", "Name") values (1129, 86, 'Ставище');
insert into "Cities"("Id", "RegionId", "Name") values (1130, 86, 'Тараща');
insert into "Cities"("Id", "RegionId", "Name") values (1131, 86, 'Тетиев');
insert into "Cities"("Id", "RegionId", "Name") values (1132, 86, 'Фастов');
insert into "Cities"("Id", "RegionId", "Name") values (1133, 86, 'Чернобыль');
insert into "Cities"("Id", "RegionId", "Name") values (1134, 86, 'Яготин');
insert into "Cities"("Id", "RegionId", "Name") values (1135, 111, 'Abbotsham');
insert into "Cities"("Id", "RegionId", "Name") values (1136, 111, 'Alanvale');
insert into "Cities"("Id", "RegionId", "Name") values (1137, 111, 'Alcomie');
insert into "Cities"("Id", "RegionId", "Name") values (1138, 111, 'Allen Iding');
insert into "Cities"("Id", "RegionId", "Name") values (1139, 111, 'Alonnah');
insert into "Cities"("Id", "RegionId", "Name") values (1140, 111, 'Andover');
insert into "Cities"("Id", "RegionId", "Name") values (1141, 111, 'Austins Ferry');
insert into "Cities"("Id", "RegionId", "Name") values (1142, 111, 'Back Creek');
insert into "Cities"("Id", "RegionId", "Name") values (1143, 111, 'Baden');
insert into "Cities"("Id", "RegionId", "Name") values (1144, 111, 'Bagdad');
insert into "Cities"("Id", "RegionId", "Name") values (1145, 111, 'Bangor');
insert into "Cities"("Id", "RegionId", "Name") values (1146, 111, 'Beauty Point');
insert into "Cities"("Id", "RegionId", "Name") values (1147, 111, 'Bell Bay');
insert into "Cities"("Id", "RegionId", "Name") values (1148, 111, 'Bellerive');
insert into "Cities"("Id", "RegionId", "Name") values (1149, 111, 'Birralee');
insert into "Cities"("Id", "RegionId", "Name") values (1150, 111, 'Cygnet');
insert into "Cities"("Id", "RegionId", "Name") values (1151, 111, 'Fingal');
insert into "Cities"("Id", "RegionId", "Name") values (1152, 111, 'Forest');
insert into "Cities"("Id", "RegionId", "Name") values (1153, 111, 'Hobart');
insert into "Cities"("Id", "RegionId", "Name") values (1154, 111, 'Kingston');
insert into "Cities"("Id", "RegionId", "Name") values (1155, 111, 'Launceston');
insert into "Cities"("Id", "RegionId", "Name") values (1156, 111, 'Myalla');
insert into "Cities"("Id", "RegionId", "Name") values (1157, 111, 'Paradise');
insert into "Cities"("Id", "RegionId", "Name") values (1158, 111, 'Saltwater River');
insert into "Cities"("Id", "RegionId", "Name") values (1159, 119, 'Admont');
insert into "Cities"("Id", "RegionId", "Name") values (1160, 119, 'Bad Gams');
insert into "Cities"("Id", "RegionId", "Name") values (1161, 119, 'Bruck an der Mur');
insert into "Cities"("Id", "RegionId", "Name") values (1162, 119, 'Burgau');
insert into "Cities"("Id", "RegionId", "Name") values (1163, 119, 'Deutschlandsberg');
insert into "Cities"("Id", "RegionId", "Name") values (1164, 119, 'Eggersdorf bei Graz');
insert into "Cities"("Id", "RegionId", "Name") values (1165, 119, 'Gleisdorf');
insert into "Cities"("Id", "RegionId", "Name") values (1166, 119, 'Graz');
insert into "Cities"("Id", "RegionId", "Name") values (1167, 119, 'Hartberg');
insert into "Cities"("Id", "RegionId", "Name") values (1168, 119, 'Judenburg');
insert into "Cities"("Id", "RegionId", "Name") values (1169, 119, 'Kapfenberg');
insert into "Cities"("Id", "RegionId", "Name") values (1170, 119, 'Knittelfeld');
insert into "Cities"("Id", "RegionId", "Name") values (1171, 119, 'Leoben');
insert into "Cities"("Id", "RegionId", "Name") values (1172, 119, 'Liezen');
insert into "Cities"("Id", "RegionId", "Name") values (1173, 119, 'Murau');
insert into "Cities"("Id", "RegionId", "Name") values (1174, 119, 'Mrzzuschlag');
insert into "Cities"("Id", "RegionId", "Name") values (1175, 119, 'Schffern');
insert into "Cities"("Id", "RegionId", "Name") values (1176, 119, 'Trofaiach');
insert into "Cities"("Id", "RegionId", "Name") values (1177, 119, 'Voitsberg');
insert into "Cities"("Id", "RegionId", "Name") values (1178, 119, 'Waldstein');
insert into "Cities"("Id", "RegionId", "Name") values (1179, 129, 'Abazaj');
insert into "Cities"("Id", "RegionId", "Name") values (1180, 129, 'Algjin');
insert into "Cities"("Id", "RegionId", "Name") values (1181, 129, 'Algjinaj');
insert into "Cities"("Id", "RegionId", "Name") values (1182, 129, 'Allaj');
insert into "Cities"("Id", "RegionId", "Name") values (1183, 129, 'Arov');
insert into "Cities"("Id", "RegionId", "Name") values (1184, 129, 'Ars');
insert into "Cities"("Id", "RegionId", "Name") values (1185, 129, 'Zibraca');
insert into "Cities"("Id", "RegionId", "Name") values (1186, 140, 'Ангилья');
insert into "Cities"("Id", "RegionId", "Name") values (1187, 140, 'Сомбреро');
insert into "Regions"("Id", "CountryId", "Name") values (141, 10, 'Andorra la Vella');
insert into "Regions"("Id", "CountryId", "Name") values (142, 10, 'Canillo');
insert into "Regions"("Id", "CountryId", "Name") values (143, 10, 'Encamp');
insert into "Regions"("Id", "CountryId", "Name") values (144, 10, 'Escaldes-Engordany');
insert into "Regions"("Id", "CountryId", "Name") values (145, 10, 'La Massana');
insert into "Regions"("Id", "CountryId", "Name") values (146, 10, 'None');
insert into "Regions"("Id", "CountryId", "Name") values (147, 10, 'Ordino');
insert into "Regions"("Id", "CountryId", "Name") values (148, 10, 'Sant Julia de Loria');
insert into "Cities"("Id", "RegionId", "Name") values (1188, 10, 'Бабушкин');
insert into "Cities"("Id", "RegionId", "Name") values (1189, 10, 'Багдарин');
insert into "Cities"("Id", "RegionId", "Name") values (1190, 10, 'Баргузин');
insert into "Cities"("Id", "RegionId", "Name") values (1191, 10, 'Баянгол');
insert into "Cities"("Id", "RegionId", "Name") values (1192, 10, 'Бичура');
insert into "Cities"("Id", "RegionId", "Name") values (1193, 10, 'Выдрино');
insert into "Cities"("Id", "RegionId", "Name") values (1194, 10, 'Гусиное Озеро');
insert into "Cities"("Id", "RegionId", "Name") values (1195, 10, 'Гусиноозерск');
insert into "Cities"("Id", "RegionId", "Name") values (1196, 10, 'Заиграево');
insert into "Cities"("Id", "RegionId", "Name") values (1197, 10, 'Закаменск');
insert into "Cities"("Id", "RegionId", "Name") values (1198, 10, 'Иволгинск');
insert into "Cities"("Id", "RegionId", "Name") values (1199, 10, 'Илька');
insert into "Cities"("Id", "RegionId", "Name") values (1200, 10, 'Кабанск');
insert into "Cities"("Id", "RegionId", "Name") values (1201, 10, 'Каменск');
insert into "Cities"("Id", "RegionId", "Name") values (1202, 10, 'Кижинга');
insert into "Cities"("Id", "RegionId", "Name") values (1203, 10, 'Курумкан');
insert into "Cities"("Id", "RegionId", "Name") values (1204, 10, 'Кырен');
insert into "Cities"("Id", "RegionId", "Name") values (1205, 10, 'Кяхта');
insert into "Cities"("Id", "RegionId", "Name") values (1206, 10, 'Монды');
insert into "Cities"("Id", "RegionId", "Name") values (1207, 10, 'Мухоршибирь');
insert into "Cities"("Id", "RegionId", "Name") values (1208, 10, 'Нижнеангарск');
insert into "Cities"("Id", "RegionId", "Name") values (1209, 10, 'Орлик');
insert into "Cities"("Id", "RegionId", "Name") values (1210, 10, 'Петропавловка (Бурятия)');
insert into "Cities"("Id", "RegionId", "Name") values (1211, 10, 'Романовка (Бурятия)');
insert into "Cities"("Id", "RegionId", "Name") values (1212, 10, 'Северобайкальск (Бурятия)');
insert into "Cities"("Id", "RegionId", "Name") values (1213, 10, 'Селенгинск');
insert into "Cities"("Id", "RegionId", "Name") values (1214, 10, 'Сосново-Озерское');
insert into "Cities"("Id", "RegionId", "Name") values (1215, 10, 'Таксимо (Бурятия)');
insert into "Cities"("Id", "RegionId", "Name") values (1216, 10, 'Турунтаево');
insert into "Cities"("Id", "RegionId", "Name") values (1217, 10, 'Улан-Удэ');
insert into "Cities"("Id", "RegionId", "Name") values (1218, 10, 'Хоринск');
insert into "Cities"("Id", "RegionId", "Name") values (1219, 87, 'Александрия');
insert into "Cities"("Id", "RegionId", "Name") values (1220, 87, 'Александровка');
insert into "Cities"("Id", "RegionId", "Name") values (1221, 87, 'Бобринец');
insert into "Cities"("Id", "RegionId", "Name") values (1222, 87, 'Гайворон');
insert into "Cities"("Id", "RegionId", "Name") values (1223, 87, 'Голованевск');
insert into "Cities"("Id", "RegionId", "Name") values (1224, 87, 'Добровеличковка');
insert into "Cities"("Id", "RegionId", "Name") values (1225, 87, 'Долинская');
insert into "Cities"("Id", "RegionId", "Name") values (1226, 87, 'Елизаветградка');
insert into "Cities"("Id", "RegionId", "Name") values (1227, 87, 'Завалье');
insert into "Cities"("Id", "RegionId", "Name") values (1228, 87, 'Знаменка');
insert into "Cities"("Id", "RegionId", "Name") values (1229, 87, 'Знаменка-Вторая');
insert into "Cities"("Id", "RegionId", "Name") values (1230, 87, 'Капитановка');
insert into "Cities"("Id", "RegionId", "Name") values (1231, 87, 'Кировоград');
insert into "Cities"("Id", "RegionId", "Name") values (1232, 87, 'Компанеевка');
insert into "Cities"("Id", "RegionId", "Name") values (1233, 87, 'Малая Виска');
insert into "Cities"("Id", "RegionId", "Name") values (1234, 87, 'Новгородка');
insert into "Cities"("Id", "RegionId", "Name") values (1235, 87, 'Новоархангельск');
insert into "Cities"("Id", "RegionId", "Name") values (1236, 87, 'Новомиргород');
insert into "Cities"("Id", "RegionId", "Name") values (1237, 87, 'Новоукраинка');
insert into "Cities"("Id", "RegionId", "Name") values (1238, 87, 'Ольшанка');
insert into "Cities"("Id", "RegionId", "Name") values (1239, 87, 'Онуфриевка');
insert into "Cities"("Id", "RegionId", "Name") values (1240, 87, 'Петрово');
insert into "Cities"("Id", "RegionId", "Name") values (1241, 87, 'Светловодск');
insert into "Cities"("Id", "RegionId", "Name") values (1242, 87, 'Ульяновка');
insert into "Cities"("Id", "RegionId", "Name") values (1243, 87, 'Устиновка');
insert into "Cities"("Id", "RegionId", "Name") values (1244, 112, 'Aberfeldy');
insert into "Cities"("Id", "RegionId", "Name") values (1245, 112, 'Acheron');
insert into "Cities"("Id", "RegionId", "Name") values (1246, 112, 'AdelIde Lead');
insert into "Cities"("Id", "RegionId", "Name") values (1247, 112, 'Ailsa');
insert into "Cities"("Id", "RegionId", "Name") values (1248, 112, 'Aireys Inlet');
insert into "Cities"("Id", "RegionId", "Name") values (1249, 112, 'Airly');
insert into "Cities"("Id", "RegionId", "Name") values (1250, 112, 'Alambee');
insert into "Cities"("Id", "RegionId", "Name") values (1251, 112, 'Alberton West');
insert into "Cities"("Id", "RegionId", "Name") values (1252, 112, 'Albion');
insert into "Cities"("Id", "RegionId", "Name") values (1253, 112, 'Alexandra');
insert into "Cities"("Id", "RegionId", "Name") values (1254, 112, 'Alfredton');
insert into "Cities"("Id", "RegionId", "Name") values (1255, 112, 'Alma');
insert into "Cities"("Id", "RegionId", "Name") values (1256, 112, 'Alvie');
insert into "Cities"("Id", "RegionId", "Name") values (1257, 112, 'Ancona');
insert into "Cities"("Id", "RegionId", "Name") values (1258, 112, 'Anderson');
insert into "Cities"("Id", "RegionId", "Name") values (1259, 112, 'Antwerp');
insert into "Cities"("Id", "RegionId", "Name") values (1260, 112, 'Armadale');
insert into "Cities"("Id", "RegionId", "Name") values (1261, 112, 'Arnold');
insert into "Cities"("Id", "RegionId", "Name") values (1262, 112, 'Ballam Park');
insert into "Cities"("Id", "RegionId", "Name") values (1263, 112, 'Balook');
insert into "Cities"("Id", "RegionId", "Name") values (1264, 112, 'Barmah');
insert into "Cities"("Id", "RegionId", "Name") values (1265, 112, 'Bass');
insert into "Cities"("Id", "RegionId", "Name") values (1266, 112, 'Bayswater');
insert into "Cities"("Id", "RegionId", "Name") values (1267, 112, 'Bolton');
insert into "Cities"("Id", "RegionId", "Name") values (1268, 112, 'Boolite');
insert into "Cities"("Id", "RegionId", "Name") values (1269, 112, 'Brighton');
insert into "Cities"("Id", "RegionId", "Name") values (1270, 112, 'Colac');
insert into "Cities"("Id", "RegionId", "Name") values (1271, 112, 'Geelong');
insert into "Cities"("Id", "RegionId", "Name") values (1272, 112, 'Horsham');
insert into "Cities"("Id", "RegionId", "Name") values (1273, 112, 'Lubeck');
insert into "Cities"("Id", "RegionId", "Name") values (1274, 112, 'Melbourne');
insert into "Cities"("Id", "RegionId", "Name") values (1275, 112, 'Moorabbin');
insert into "Cities"("Id", "RegionId", "Name") values (1276, 112, 'San Remo');
insert into "Cities"("Id", "RegionId", "Name") values (1277, 112, 'Silver Creek');
insert into "Cities"("Id", "RegionId", "Name") values (1278, 112, 'Snake Valley');
insert into "Cities"("Id", "RegionId", "Name") values (1279, 112, 'South Yarra');
insert into "Cities"("Id", "RegionId", "Name") values (1280, 112, 'Stalker');
insert into "Cities"("Id", "RegionId", "Name") values (1281, 112, 'Syndal');
insert into "Cities"("Id", "RegionId", "Name") values (1282, 112, 'Victoria Valley');
insert into "Cities"("Id", "RegionId", "Name") values (1283, 112, 'Warragul');
insert into "Cities"("Id", "RegionId", "Name") values (1284, 112, 'Wheelers Hill');
insert into "Cities"("Id", "RegionId", "Name") values (1285, 112, 'Yarrawonga');
insert into "Cities"("Id", "RegionId", "Name") values (1286, 120, 'Absam');
insert into "Cities"("Id", "RegionId", "Name") values (1287, 120, 'Achenkirch');
insert into "Cities"("Id", "RegionId", "Name") values (1288, 120, 'Ainet');
insert into "Cities"("Id", "RegionId", "Name") values (1289, 120, 'Aldrans');
insert into "Cities"("Id", "RegionId", "Name") values (1290, 120, 'Axams');
insert into "Cities"("Id", "RegionId", "Name") values (1291, 120, 'Biberwier');
insert into "Cities"("Id", "RegionId", "Name") values (1292, 120, 'Bichlbach');
insert into "Cities"("Id", "RegionId", "Name") values (1293, 120, 'Brandenberg');
insert into "Cities"("Id", "RegionId", "Name") values (1294, 120, 'Brixlegg');
insert into "Cities"("Id", "RegionId", "Name") values (1295, 120, 'Dlsach');
insert into "Cities"("Id", "RegionId", "Name") values (1296, 120, 'Elmen');
insert into "Cities"("Id", "RegionId", "Name") values (1297, 120, 'Erl');
insert into "Cities"("Id", "RegionId", "Name") values (1298, 120, 'Finkenberg');
insert into "Cities"("Id", "RegionId", "Name") values (1299, 120, 'Flirsch');
insert into "Cities"("Id", "RegionId", "Name") values (1300, 120, 'Hall in Tirol');
insert into "Cities"("Id", "RegionId", "Name") values (1301, 120, 'Hopfgarten im Brixental');
insert into "Cities"("Id", "RegionId", "Name") values (1302, 120, 'Innsbruck');
insert into "Cities"("Id", "RegionId", "Name") values (1303, 120, 'Jenbach');
insert into "Cities"("Id", "RegionId", "Name") values (1304, 120, 'Kirchdorf in Tirol');
insert into "Cities"("Id", "RegionId", "Name") values (1305, 120, 'Kitzbhel');
insert into "Cities"("Id", "RegionId", "Name") values (1306, 120, 'Kssen');
insert into "Cities"("Id", "RegionId", "Name") values (1307, 120, 'Kufstein');
insert into "Cities"("Id", "RegionId", "Name") values (1308, 120, 'Mayrhofen');
insert into "Cities"("Id", "RegionId", "Name") values (1309, 120, 'Nauders');
insert into "Cities"("Id", "RegionId", "Name") values (1310, 120, 'Seefeld in Tirol');
insert into "Cities"("Id", "RegionId", "Name") values (1311, 120, 'Slden');
insert into "Cities"("Id", "RegionId", "Name") values (1312, 120, 'Vls');
insert into "Cities"("Id", "RegionId", "Name") values (1313, 120, 'Wenns');
insert into "Cities"("Id", "RegionId", "Name") values (1314, 120, 'Zirl');
insert into "Cities"("Id", "RegionId", "Name") values (1315, 130, 'Ada');
insert into "Cities"("Id", "RegionId", "Name") values (1316, 130, 'Ad Bunac');
insert into "Cities"("Id", "RegionId", "Name") values (1317, 141, 'Andorra');
insert into "Cities"("Id", "RegionId", "Name") values (1318, 141, 'Andorra la Vella');
insert into "Cities"("Id", "RegionId", "Name") values (1319, 141, 'Andorra-Vieille');
insert into "Regions"("Id", "CountryId", "Name") values (149, 11, 'Антигуа и Барбуда');
insert into "Cities"("Id", "RegionId", "Name") values (1320, 11, 'Александров');
insert into "Cities"("Id", "RegionId", "Name") values (1321, 11, 'Андреево');
insert into "Cities"("Id", "RegionId", "Name") values (1322, 11, 'Анопино');
insert into "Cities"("Id", "RegionId", "Name") values (1323, 11, 'Бавлены');
insert into "Cities"("Id", "RegionId", "Name") values (1324, 11, 'Балакирево');
insert into "Cities"("Id", "RegionId", "Name") values (1325, 11, 'Боголюбово');
insert into "Cities"("Id", "RegionId", "Name") values (1326, 11, 'Великодворский');
insert into "Cities"("Id", "RegionId", "Name") values (1327, 11, 'Вербовский');
insert into "Cities"("Id", "RegionId", "Name") values (1328, 11, 'Владимир');
insert into "Cities"("Id", "RegionId", "Name") values (1329, 11, 'Вязники');
insert into "Cities"("Id", "RegionId", "Name") values (1330, 11, 'Городищи (Владимирская обл.)');
insert into "Cities"("Id", "RegionId", "Name") values (1331, 11, 'Гороховец');
insert into "Cities"("Id", "RegionId", "Name") values (1332, 11, 'Гусевский');
insert into "Cities"("Id", "RegionId", "Name") values (1333, 11, 'Гусь Хрустальный');
insert into "Cities"("Id", "RegionId", "Name") values (1334, 11, 'Гусь-Хрустальный');
insert into "Cities"("Id", "RegionId", "Name") values (1335, 11, 'Золотково');
insert into "Cities"("Id", "RegionId", "Name") values (1336, 11, 'Иванищи');
insert into "Cities"("Id", "RegionId", "Name") values (1337, 11, 'Камешково');
insert into "Cities"("Id", "RegionId", "Name") values (1338, 11, 'Карабаново');
insert into "Cities"("Id", "RegionId", "Name") values (1339, 11, 'Киржач');
insert into "Cities"("Id", "RegionId", "Name") values (1340, 11, 'Ковров');
insert into "Cities"("Id", "RegionId", "Name") values (1341, 11, 'Кольчугино');
insert into "Cities"("Id", "RegionId", "Name") values (1342, 11, 'Красная Горбатка');
insert into "Cities"("Id", "RegionId", "Name") values (1343, 11, 'Лакинск');
insert into "Cities"("Id", "RegionId", "Name") values (1344, 11, 'Меленки');
insert into "Cities"("Id", "RegionId", "Name") values (1345, 11, 'Муром');
insert into "Cities"("Id", "RegionId", "Name") values (1346, 11, 'Петушки');
insert into "Cities"("Id", "RegionId", "Name") values (1347, 11, 'Покров');
insert into "Cities"("Id", "RegionId", "Name") values (1348, 11, 'Радужный (Владимирская обл.)');
insert into "Cities"("Id", "RegionId", "Name") values (1349, 11, 'Собинка');
insert into "Cities"("Id", "RegionId", "Name") values (1350, 11, 'Судогда');
insert into "Cities"("Id", "RegionId", "Name") values (1351, 11, 'Суздаль');
insert into "Cities"("Id", "RegionId", "Name") values (1352, 11, 'Юрьев-Польский');
insert into "Cities"("Id", "RegionId", "Name") values (1353, 88, 'Азовское');
insert into "Cities"("Id", "RegionId", "Name") values (1354, 88, 'Алупка');
insert into "Cities"("Id", "RegionId", "Name") values (1355, 88, 'Алушта');
insert into "Cities"("Id", "RegionId", "Name") values (1356, 88, 'Армянск');
insert into "Cities"("Id", "RegionId", "Name") values (1357, 88, 'Багерово');
insert into "Cities"("Id", "RegionId", "Name") values (1358, 88, 'Балаклава');
insert into "Cities"("Id", "RegionId", "Name") values (1359, 88, 'Бахчисарай');
insert into "Cities"("Id", "RegionId", "Name") values (1360, 88, 'Белогорск');
insert into "Cities"("Id", "RegionId", "Name") values (1361, 88, 'Гаспра');
insert into "Cities"("Id", "RegionId", "Name") values (1362, 88, 'Гвардейское');
insert into "Cities"("Id", "RegionId", "Name") values (1363, 88, 'Гурзуф');
insert into "Cities"("Id", "RegionId", "Name") values (1364, 88, 'Джанкой');
insert into "Cities"("Id", "RegionId", "Name") values (1365, 88, 'Евпатория');
insert into "Cities"("Id", "RegionId", "Name") values (1366, 88, 'Зуя');
insert into "Cities"("Id", "RegionId", "Name") values (1367, 88, 'Керчь');
insert into "Cities"("Id", "RegionId", "Name") values (1368, 88, 'Кировское');
insert into "Cities"("Id", "RegionId", "Name") values (1369, 88, 'Коктебель');
insert into "Cities"("Id", "RegionId", "Name") values (1370, 88, 'Красногвардейское');
insert into "Cities"("Id", "RegionId", "Name") values (1371, 88, 'Красноперекопск');
insert into "Cities"("Id", "RegionId", "Name") values (1372, 88, 'Ленино');
insert into "Cities"("Id", "RegionId", "Name") values (1373, 88, 'Массандра');
insert into "Cities"("Id", "RegionId", "Name") values (1374, 88, 'Нижнегорский');
insert into "Cities"("Id", "RegionId", "Name") values (1375, 88, 'Первомайское');
insert into "Cities"("Id", "RegionId", "Name") values (1376, 88, 'Раздольное');
insert into "Cities"("Id", "RegionId", "Name") values (1377, 88, 'Саки');
insert into "Cities"("Id", "RegionId", "Name") values (1378, 88, 'Севастополь');
insert into "Cities"("Id", "RegionId", "Name") values (1379, 88, 'Симеиз');
insert into "Cities"("Id", "RegionId", "Name") values (1380, 88, 'Симферополь');
insert into "Cities"("Id", "RegionId", "Name") values (1381, 88, 'Советский');
insert into "Cities"("Id", "RegionId", "Name") values (1382, 88, 'Судак');
insert into "Cities"("Id", "RegionId", "Name") values (1383, 88, 'Феодосия');
insert into "Cities"("Id", "RegionId", "Name") values (1384, 88, 'Форос');
insert into "Cities"("Id", "RegionId", "Name") values (1385, 88, 'Черноморское');
insert into "Cities"("Id", "RegionId", "Name") values (1386, 88, 'Щёлкино');
insert into "Cities"("Id", "RegionId", "Name") values (1387, 88, 'Ялта');
insert into "Cities"("Id", "RegionId", "Name") values (1388, 113, 'Abbotts');
insert into "Cities"("Id", "RegionId", "Name") values (1389, 113, 'Agnew');
insert into "Cities"("Id", "RegionId", "Name") values (1390, 113, 'Australind');
insert into "Cities"("Id", "RegionId", "Name") values (1391, 113, 'Babakin');
insert into "Cities"("Id", "RegionId", "Name") values (1392, 113, 'Baddera');
insert into "Cities"("Id", "RegionId", "Name") values (1393, 113, 'Balgarri');
insert into "Cities"("Id", "RegionId", "Name") values (1394, 113, 'Balgo');
insert into "Cities"("Id", "RegionId", "Name") values (1395, 113, 'Belka');
insert into "Cities"("Id", "RegionId", "Name") values (1396, 113, 'Big Bell');
insert into "Cities"("Id", "RegionId", "Name") values (1397, 113, 'Canna');
insert into "Cities"("Id", "RegionId", "Name") values (1398, 113, 'Denmark');
insert into "Cities"("Id", "RegionId", "Name") values (1399, 113, 'Devans Find Mining Centre');
insert into "Cities"("Id", "RegionId", "Name") values (1400, 113, 'East Fremantle');
insert into "Cities"("Id", "RegionId", "Name") values (1401, 113, 'Kalbarri');
insert into "Cities"("Id", "RegionId", "Name") values (1402, 113, 'Koojan');
insert into "Cities"("Id", "RegionId", "Name") values (1403, 113, 'Lancelin');
insert into "Cities"("Id", "RegionId", "Name") values (1404, 113, 'Narra Tarra');
insert into "Cities"("Id", "RegionId", "Name") values (1405, 113, 'Perth');
insert into "Cities"("Id", "RegionId", "Name") values (1406, 113, 'Perth City');
insert into "Cities"("Id", "RegionId", "Name") values (1407, 113, 'Sawyers Valley');
insert into "Cities"("Id", "RegionId", "Name") values (1408, 113, 'Seabird');
insert into "Cities"("Id", "RegionId", "Name") values (1409, 113, 'Station Peak Mining Centre');
insert into "Cities"("Id", "RegionId", "Name") values (1410, 113, 'York');
insert into "Cities"("Id", "RegionId", "Name") values (1411, 121, 'Alberschwende');
insert into "Cities"("Id", "RegionId", "Name") values (1412, 121, 'Bludenz');
insert into "Cities"("Id", "RegionId", "Name") values (1413, 121, 'Bregenz');
insert into "Cities"("Id", "RegionId", "Name") values (1414, 121, 'Dalaas');
insert into "Cities"("Id", "RegionId", "Name") values (1415, 121, 'Dornbirn');
insert into "Cities"("Id", "RegionId", "Name") values (1416, 121, 'Feldkirch');
insert into "Cities"("Id", "RegionId", "Name") values (1417, 121, 'Lech');
insert into "Cities"("Id", "RegionId", "Name") values (1418, 121, 'Mellau');
insert into "Cities"("Id", "RegionId", "Name") values (1419, 131, 'Ajios Nikolaos');
insert into "Cities"("Id", "RegionId", "Name") values (1420, 131, 'Beishti');
insert into "Cities"("Id", "RegionId", "Name") values (1421, 131, 'Suka');
insert into "Cities"("Id", "RegionId", "Name") values (1422, 142, 'Canillo');
insert into "Cities"("Id", "RegionId", "Name") values (1423, 149, 'Бастер');
insert into "Cities"("Id", "RegionId", "Name") values (1424, 149, 'Бриджтаун');
insert into "Cities"("Id", "RegionId", "Name") values (1425, 149, 'Кастри');
insert into "Cities"("Id", "RegionId", "Name") values (1426, 149, 'Кингстаун');
insert into "Cities"("Id", "RegionId", "Name") values (1427, 149, 'Розо');
insert into "Cities"("Id", "RegionId", "Name") values (1428, 149, 'Сан-Хуан');
insert into "Cities"("Id", "RegionId", "Name") values (1429, 149, 'Сент-Джонс');
insert into "Cities"("Id", "RegionId", "Name") values (1430, 149, 'Сент-Джорджес');
insert into "Regions"("Id", "CountryId", "Name") values (150, 12, 'Виллемстад');
insert into "Cities"("Id", "RegionId", "Name") values (1431, 12, 'Алексеевская');
insert into "Cities"("Id", "RegionId", "Name") values (1432, 12, 'Алущевск');
insert into "Cities"("Id", "RegionId", "Name") values (1433, 12, 'Быково (Волгоградская обл.)');
insert into "Cities"("Id", "RegionId", "Name") values (1434, 12, 'Волгоград');
insert into "Cities"("Id", "RegionId", "Name") values (1435, 12, 'Волжский (Волгоградская обл.)');
insert into "Cities"("Id", "RegionId", "Name") values (1436, 12, 'Городище (Волгоградская обл.)');
insert into "Cities"("Id", "RegionId", "Name") values (1437, 12, 'Дубовка (Волгоградская обл.)');
insert into "Cities"("Id", "RegionId", "Name") values (1438, 12, 'Елань');
insert into "Cities"("Id", "RegionId", "Name") values (1439, 12, 'Жирновск');
insert into "Cities"("Id", "RegionId", "Name") values (1440, 12, 'Иловля');
insert into "Cities"("Id", "RegionId", "Name") values (1441, 12, 'Калач-на-Дону');
insert into "Cities"("Id", "RegionId", "Name") values (1442, 12, 'Камышин');
insert into "Cities"("Id", "RegionId", "Name") values (1443, 12, 'Кириллов');
insert into "Cities"("Id", "RegionId", "Name") values (1444, 12, 'Клетский');
insert into "Cities"("Id", "RegionId", "Name") values (1445, 12, 'Котельниково');
insert into "Cities"("Id", "RegionId", "Name") values (1446, 12, 'Котово');
insert into "Cities"("Id", "RegionId", "Name") values (1447, 12, 'Кумылженская');
insert into "Cities"("Id", "RegionId", "Name") values (1448, 12, 'Ленинск');
insert into "Cities"("Id", "RegionId", "Name") values (1449, 12, 'Михайловка');
insert into "Cities"("Id", "RegionId", "Name") values (1450, 12, 'Нехаевский');
insert into "Cities"("Id", "RegionId", "Name") values (1451, 12, 'Николаевск');
insert into "Cities"("Id", "RegionId", "Name") values (1452, 12, 'Новоаннинский');
insert into "Cities"("Id", "RegionId", "Name") values (1453, 12, 'Новониколаевский');
insert into "Cities"("Id", "RegionId", "Name") values (1454, 12, 'Ольховка');
insert into "Cities"("Id", "RegionId", "Name") values (1455, 12, 'Палласовка (Волгоградская обл.)');
insert into "Cities"("Id", "RegionId", "Name") values (1456, 12, 'Рудня (Волгоградская обл.)');
insert into "Cities"("Id", "RegionId", "Name") values (1457, 12, 'Светлый Яр');
insert into "Cities"("Id", "RegionId", "Name") values (1458, 12, 'Серафимович');
insert into "Cities"("Id", "RegionId", "Name") values (1459, 12, 'Средняя Ахтуба');
insert into "Cities"("Id", "RegionId", "Name") values (1460, 12, 'Сталинград');
insert into "Cities"("Id", "RegionId", "Name") values (1461, 12, 'Старая Полтавка');
insert into "Cities"("Id", "RegionId", "Name") values (1462, 12, 'Суровикино');
insert into "Cities"("Id", "RegionId", "Name") values (1463, 12, 'Урюпинск');
insert into "Cities"("Id", "RegionId", "Name") values (1464, 12, 'Фролово');
insert into "Cities"("Id", "RegionId", "Name") values (1465, 12, 'Чернышковский');
insert into "Cities"("Id", "RegionId", "Name") values (1466, 89, 'Алексадровск');
insert into "Cities"("Id", "RegionId", "Name") values (1467, 89, 'Алчевск');
insert into "Cities"("Id", "RegionId", "Name") values (1468, 89, 'Антрацит');
insert into "Cities"("Id", "RegionId", "Name") values (1469, 89, 'Артемовск');
insert into "Cities"("Id", "RegionId", "Name") values (1470, 89, 'Байрачки');
insert into "Cities"("Id", "RegionId", "Name") values (1471, 89, 'Беловодск');
insert into "Cities"("Id", "RegionId", "Name") values (1472, 89, 'Белое');
insert into "Cities"("Id", "RegionId", "Name") values (1473, 89, 'Белокуракино');
insert into "Cities"("Id", "RegionId", "Name") values (1474, 89, 'Белолуцк');
insert into "Cities"("Id", "RegionId", "Name") values (1475, 89, 'Бирюково');
insert into "Cities"("Id", "RegionId", "Name") values (1476, 89, 'Боково-Платово');
insert into "Cities"("Id", "RegionId", "Name") values (1477, 89, 'Боровское');
insert into "Cities"("Id", "RegionId", "Name") values (1478, 89, 'Брянка');
insert into "Cities"("Id", "RegionId", "Name") values (1479, 89, 'Бугаевка');
insert into "Cities"("Id", "RegionId", "Name") values (1480, 89, 'Вахрушево');
insert into "Cities"("Id", "RegionId", "Name") values (1481, 89, 'Великий Лог');
insert into "Cities"("Id", "RegionId", "Name") values (1482, 89, 'Вергулевка');
insert into "Cities"("Id", "RegionId", "Name") values (1483, 89, 'Володарск');
insert into "Cities"("Id", "RegionId", "Name") values (1484, 89, 'Волчеяровка');
insert into "Cities"("Id", "RegionId", "Name") values (1485, 89, 'Ворошиловград');
insert into "Cities"("Id", "RegionId", "Name") values (1486, 89, 'Врубовка');
insert into "Cities"("Id", "RegionId", "Name") values (1487, 89, 'Врубовский');
insert into "Cities"("Id", "RegionId", "Name") values (1488, 89, 'Георгиевка');
insert into "Cities"("Id", "RegionId", "Name") values (1489, 89, 'Горское');
insert into "Cities"("Id", "RegionId", "Name") values (1490, 89, 'Есауловка');
insert into "Cities"("Id", "RegionId", "Name") values (1491, 89, 'Зимогорье');
insert into "Cities"("Id", "RegionId", "Name") values (1492, 89, 'Золотое');
insert into "Cities"("Id", "RegionId", "Name") values (1493, 89, 'Зоринск');
insert into "Cities"("Id", "RegionId", "Name") values (1494, 89, 'Изварино');
insert into "Cities"("Id", "RegionId", "Name") values (1495, 89, 'Калиново');
insert into "Cities"("Id", "RegionId", "Name") values (1496, 89, 'Кировск');
insert into "Cities"("Id", "RegionId", "Name") values (1497, 89, 'Коммунарск');
insert into "Cities"("Id", "RegionId", "Name") values (1498, 89, 'Краснодон');
insert into "Cities"("Id", "RegionId", "Name") values (1499, 89, 'Красный Луч');
insert into "Cities"("Id", "RegionId", "Name") values (1500, 89, 'Кременная');
insert into "Cities"("Id", "RegionId", "Name") values (1501, 89, 'Лисичанск');
insert into "Cities"("Id", "RegionId", "Name") values (1502, 89, 'Луганск');
insert into "Cities"("Id", "RegionId", "Name") values (1503, 89, 'Лутугино');
insert into "Cities"("Id", "RegionId", "Name") values (1504, 89, 'Марковка');
insert into "Cities"("Id", "RegionId", "Name") values (1505, 89, 'Меловое');
insert into "Cities"("Id", "RegionId", "Name") values (1506, 89, 'Молодогвардейск');
insert into "Cities"("Id", "RegionId", "Name") values (1507, 89, 'Новоайдар');
insert into "Cities"("Id", "RegionId", "Name") values (1508, 89, 'Новопсков');
insert into "Cities"("Id", "RegionId", "Name") values (1509, 89, 'Первомайск');
insert into "Cities"("Id", "RegionId", "Name") values (1510, 89, 'Перевальск');
insert into "Cities"("Id", "RegionId", "Name") values (1511, 89, 'Попасная');
insert into "Cities"("Id", "RegionId", "Name") values (1512, 89, 'Ровеньки');
insert into "Cities"("Id", "RegionId", "Name") values (1513, 89, 'Рубежное');
insert into "Cities"("Id", "RegionId", "Name") values (1514, 89, 'Сватово');
insert into "Cities"("Id", "RegionId", "Name") values (1515, 89, 'Свердловск');
insert into "Cities"("Id", "RegionId", "Name") values (1516, 89, 'Северодонецк');
insert into "Cities"("Id", "RegionId", "Name") values (1517, 89, 'Славяносербск');
insert into "Cities"("Id", "RegionId", "Name") values (1518, 89, 'Станично-Луганское');
insert into "Cities"("Id", "RegionId", "Name") values (1519, 89, 'Старобельск');
insert into "Cities"("Id", "RegionId", "Name") values (1520, 89, 'Стаханов');
insert into "Cities"("Id", "RegionId", "Name") values (1521, 89, 'Счастье');
insert into "Cities"("Id", "RegionId", "Name") values (1522, 89, 'Троицкое');
insert into "Cities"("Id", "RegionId", "Name") values (1523, 122, 'Wien');
insert into "Cities"("Id", "RegionId", "Name") values (1524, 132, 'Alemas');
insert into "Cities"("Id", "RegionId", "Name") values (1525, 132, 'Ano Selce');
insert into "Cities"("Id", "RegionId", "Name") values (1526, 132, 'Bar');
insert into "Cities"("Id", "RegionId", "Name") values (1527, 143, 'Encamp');
insert into "Cities"("Id", "RegionId", "Name") values (1528, 150, 'Виллемстад');
insert into "Regions"("Id", "CountryId", "Name") values (151, 13, 'Buenos Aires');
insert into "Regions"("Id", "CountryId", "Name") values (152, 13, 'Catamarca');
insert into "Regions"("Id", "CountryId", "Name") values (153, 13, 'Chaco');
insert into "Regions"("Id", "CountryId", "Name") values (154, 13, 'Chubut');
insert into "Regions"("Id", "CountryId", "Name") values (155, 13, 'Crdoba');
insert into "Regions"("Id", "CountryId", "Name") values (156, 13, 'Corrientes');
insert into "Regions"("Id", "CountryId", "Name") values (157, 13, 'Distrito Federal');
insert into "Regions"("Id", "CountryId", "Name") values (158, 13, 'Entre Ros');
insert into "Regions"("Id", "CountryId", "Name") values (159, 13, 'Formosa');
insert into "Regions"("Id", "CountryId", "Name") values (160, 13, 'Jujuy');
insert into "Regions"("Id", "CountryId", "Name") values (161, 13, 'La Pampa');
insert into "Regions"("Id", "CountryId", "Name") values (162, 13, 'La Rioja');
insert into "Regions"("Id", "CountryId", "Name") values (163, 13, 'Mendoza');
insert into "Regions"("Id", "CountryId", "Name") values (164, 13, 'Misiones');
insert into "Regions"("Id", "CountryId", "Name") values (165, 13, 'Neuqun');
insert into "Regions"("Id", "CountryId", "Name") values (166, 13, 'Ro Negro');
insert into "Regions"("Id", "CountryId", "Name") values (167, 13, 'Salta');
insert into "Regions"("Id", "CountryId", "Name") values (168, 13, 'San Juan');
insert into "Regions"("Id", "CountryId", "Name") values (169, 13, 'San Luis');
insert into "Regions"("Id", "CountryId", "Name") values (170, 13, 'Santa Cruz');
insert into "Regions"("Id", "CountryId", "Name") values (171, 13, 'Santa Fe');
insert into "Regions"("Id", "CountryId", "Name") values (172, 13, 'Santiago del Estero');
insert into "Regions"("Id", "CountryId", "Name") values (173, 13, 'Tierra del Fuego');
insert into "Regions"("Id", "CountryId", "Name") values (174, 13, 'Tucumn');
insert into "Cities"("Id", "RegionId", "Name") values (1529, 13, 'Бабаево');
insert into "Cities"("Id", "RegionId", "Name") values (1530, 13, 'Белозерск');
insert into "Cities"("Id", "RegionId", "Name") values (1531, 13, 'Великий Устюг');
insert into "Cities"("Id", "RegionId", "Name") values (1532, 13, 'Верховажье');
insert into "Cities"("Id", "RegionId", "Name") values (1533, 13, 'Вожега');
insert into "Cities"("Id", "RegionId", "Name") values (1534, 13, 'Вологда');
insert into "Cities"("Id", "RegionId", "Name") values (1535, 13, 'Вохтога');
insert into "Cities"("Id", "RegionId", "Name") values (1536, 13, 'Вытегра');
insert into "Cities"("Id", "RegionId", "Name") values (1537, 13, 'Грязовец');
insert into "Cities"("Id", "RegionId", "Name") values (1538, 13, 'Кадников');
insert into "Cities"("Id", "RegionId", "Name") values (1539, 13, 'Кадуй');
insert into "Cities"("Id", "RegionId", "Name") values (1540, 13, 'Кириллов');
insert into "Cities"("Id", "RegionId", "Name") values (1541, 13, 'Кичменгский Городок');
insert into "Cities"("Id", "RegionId", "Name") values (1542, 13, 'Липин Бор');
insert into "Cities"("Id", "RegionId", "Name") values (1543, 13, 'Никольск');
insert into "Cities"("Id", "RegionId", "Name") values (1544, 13, 'Нюксеница');
insert into "Cities"("Id", "RegionId", "Name") values (1545, 13, 'Сокол');
insert into "Cities"("Id", "RegionId", "Name") values (1546, 13, 'Сямжа');
insert into "Cities"("Id", "RegionId", "Name") values (1547, 13, 'Тарногский Городок');
insert into "Cities"("Id", "RegionId", "Name") values (1548, 13, 'Тотьма');
insert into "Cities"("Id", "RegionId", "Name") values (1549, 13, 'Устюжна');
insert into "Cities"("Id", "RegionId", "Name") values (1550, 13, 'Харовск');
insert into "Cities"("Id", "RegionId", "Name") values (1551, 13, 'Чагода');
insert into "Cities"("Id", "RegionId", "Name") values (1552, 13, 'Череповец');
insert into "Cities"("Id", "RegionId", "Name") values (1553, 13, 'Шексна');
insert into "Cities"("Id", "RegionId", "Name") values (1554, 13, 'Шуйское');
insert into "Cities"("Id", "RegionId", "Name") values (1555, 90, 'Белз');
insert into "Cities"("Id", "RegionId", "Name") values (1556, 90, 'Бобрка');
insert into "Cities"("Id", "RegionId", "Name") values (1557, 90, 'Борислав');
insert into "Cities"("Id", "RegionId", "Name") values (1558, 90, 'Броды');
insert into "Cities"("Id", "RegionId", "Name") values (1559, 90, 'Буск');
insert into "Cities"("Id", "RegionId", "Name") values (1560, 90, 'Великие Мосты');
insert into "Cities"("Id", "RegionId", "Name") values (1561, 90, 'Верхнее Синевидное');
insert into "Cities"("Id", "RegionId", "Name") values (1562, 90, 'Винники');
insert into "Cities"("Id", "RegionId", "Name") values (1563, 90, 'Глиняны');
insert into "Cities"("Id", "RegionId", "Name") values (1564, 90, 'Горняк');
insert into "Cities"("Id", "RegionId", "Name") values (1565, 90, 'Дашава');
insert into "Cities"("Id", "RegionId", "Name") values (1566, 90, 'Добротвор');
insert into "Cities"("Id", "RegionId", "Name") values (1567, 90, 'Дрогобыч');
insert into "Cities"("Id", "RegionId", "Name") values (1568, 90, 'Жидачов');
insert into "Cities"("Id", "RegionId", "Name") values (1569, 90, 'Жовква');
insert into "Cities"("Id", "RegionId", "Name") values (1570, 90, 'Золочев');
insert into "Cities"("Id", "RegionId", "Name") values (1571, 90, 'Ивано-Франково');
insert into "Cities"("Id", "RegionId", "Name") values (1572, 90, 'Каменка-Бугская');
insert into "Cities"("Id", "RegionId", "Name") values (1573, 90, 'Красне');
insert into "Cities"("Id", "RegionId", "Name") values (1574, 90, 'Львов');
insert into "Cities"("Id", "RegionId", "Name") values (1575, 90, 'Моршин');
insert into "Cities"("Id", "RegionId", "Name") values (1576, 90, 'Мостиска');
insert into "Cities"("Id", "RegionId", "Name") values (1577, 90, 'Нестеров');
insert into "Cities"("Id", "RegionId", "Name") values (1578, 90, 'Николаев');
insert into "Cities"("Id", "RegionId", "Name") values (1579, 90, 'Новый Роздил');
insert into "Cities"("Id", "RegionId", "Name") values (1580, 90, 'Перемышляны');
insert into "Cities"("Id", "RegionId", "Name") values (1581, 90, 'Пустомыты');
insert into "Cities"("Id", "RegionId", "Name") values (1582, 90, 'Рава Русская');
insert into "Cities"("Id", "RegionId", "Name") values (1583, 90, 'Радехов');
insert into "Cities"("Id", "RegionId", "Name") values (1584, 90, 'Самбор');
insert into "Cities"("Id", "RegionId", "Name") values (1585, 90, 'Сколе');
insert into "Cities"("Id", "RegionId", "Name") values (1586, 90, 'Сокаль');
insert into "Cities"("Id", "RegionId", "Name") values (1587, 90, 'Старый Самбор');
insert into "Cities"("Id", "RegionId", "Name") values (1588, 90, 'Стрый');
insert into "Cities"("Id", "RegionId", "Name") values (1589, 90, 'Трускавец');
insert into "Cities"("Id", "RegionId", "Name") values (1590, 90, 'Турка');
insert into "Cities"("Id", "RegionId", "Name") values (1591, 90, 'Червоноград');
insert into "Cities"("Id", "RegionId", "Name") values (1592, 90, 'Яворов');
insert into "Cities"("Id", "RegionId", "Name") values (1593, 133, 'Arn');
insert into "Cities"("Id", "RegionId", "Name") values (1594, 133, 'Arrza');
insert into "Cities"("Id", "RegionId", "Name") values (1595, 133, 'Bajani');
insert into "Cities"("Id", "RegionId", "Name") values (1596, 144, 'Escaldes');
insert into "Cities"("Id", "RegionId", "Name") values (1597, 144, 'Las Escadas');
insert into "Cities"("Id", "RegionId", "Name") values (1598, 144, 'Les Escaldes');
insert into "Cities"("Id", "RegionId", "Name") values (1599, 151, '12 de Agosto');
insert into "Cities"("Id", "RegionId", "Name") values (1600, 151, '16 de Julio');
insert into "Cities"("Id", "RegionId", "Name") values (1601, 151, '17 de Agosto');
insert into "Cities"("Id", "RegionId", "Name") values (1602, 151, '24 de Febrero');
insert into "Cities"("Id", "RegionId", "Name") values (1603, 151, '25 de Mayo');
insert into "Cities"("Id", "RegionId", "Name") values (1604, 151, '30 de Agosto');
insert into "Cities"("Id", "RegionId", "Name") values (1605, 151, '9 de Julio');
insert into "Cities"("Id", "RegionId", "Name") values (1606, 151, 'A. Brown');
insert into "Cities"("Id", "RegionId", "Name") values (1607, 151, 'A. Carboni');
insert into "Cities"("Id", "RegionId", "Name") values (1608, 151, 'A. Corti');
insert into "Cities"("Id", "RegionId", "Name") values (1609, 151, 'A. de la Cruz');
insert into "Cities"("Id", "RegionId", "Name") values (1610, 151, 'A. de Toledo');
insert into "Cities"("Id", "RegionId", "Name") values (1611, 151, 'A. Gascn');
insert into "Cities"("Id", "RegionId", "Name") values (1612, 151, 'A. Roca');
insert into "Cities"("Id", "RegionId", "Name") values (1613, 151, 'Abasto');
insert into "Cities"("Id", "RegionId", "Name") values (1614, 151, 'Abel');
insert into "Cities"("Id", "RegionId", "Name") values (1615, 151, 'Acassuso');
insert into "Cities"("Id", "RegionId", "Name") values (1616, 151, 'Acevedo');
insert into "Cities"("Id", "RegionId", "Name") values (1617, 151, 'Adolfo Alsina');
insert into "Cities"("Id", "RegionId", "Name") values (1618, 151, 'Agote');
insert into "Cities"("Id", "RegionId", "Name") values (1619, 151, 'lamos');
insert into "Cities"("Id", "RegionId", "Name") values (1620, 151, 'Aldea Romana');
insert into "Cities"("Id", "RegionId", "Name") values (1621, 151, 'Alegre');
insert into "Cities"("Id", "RegionId", "Name") values (1622, 151, 'Almirante Brown');
insert into "Cities"("Id", "RegionId", "Name") values (1623, 151, 'Aragn');
insert into "Cities"("Id", "RegionId", "Name") values (1624, 151, 'Arenales');
insert into "Cities"("Id", "RegionId", "Name") values (1625, 151, 'Atalaya');
insert into "Cities"("Id", "RegionId", "Name") values (1626, 151, 'Avellaneda');
insert into "Cities"("Id", "RegionId", "Name") values (1627, 151, 'Baha Blanca');
insert into "Cities"("Id", "RegionId", "Name") values (1628, 151, 'Ballester');
insert into "Cities"("Id", "RegionId", "Name") values (1629, 151, 'Balneario Pinamar');
insert into "Cities"("Id", "RegionId", "Name") values (1630, 151, 'Balneario Santa Teresa');
insert into "Cities"("Id", "RegionId", "Name") values (1631, 151, 'Balneario Sauce Grande');
insert into "Cities"("Id", "RegionId", "Name") values (1632, 151, 'Baradero');
insert into "Cities"("Id", "RegionId", "Name") values (1633, 151, 'Bariloche');
insert into "Cities"("Id", "RegionId", "Name") values (1634, 151, 'Beln de Escobar');
insert into "Cities"("Id", "RegionId", "Name") values (1635, 151, 'Bordenave');
insert into "Cities"("Id", "RegionId", "Name") values (1636, 151, 'Buena Vista');
insert into "Cities"("Id", "RegionId", "Name") values (1637, 151, 'Cabildo');
insert into "Cities"("Id", "RegionId", "Name") values (1638, 151, 'Cangallo');
insert into "Cities"("Id", "RegionId", "Name") values (1639, 151, 'Caseros');
insert into "Cities"("Id", "RegionId", "Name") values (1640, 151, 'Ciudadela');
insert into "Cities"("Id", "RegionId", "Name") values (1641, 151, 'Delgado');
insert into "Cities"("Id", "RegionId", "Name") values (1642, 151, 'Diamante');
insert into "Cities"("Id", "RegionId", "Name") values (1643, 151, 'Ensenada');
insert into "Cities"("Id", "RegionId", "Name") values (1644, 151, 'General Rodrguez');
insert into "Cities"("Id", "RegionId", "Name") values (1645, 151, 'Ingeniero Maschwitz');
insert into "Cities"("Id", "RegionId", "Name") values (1646, 151, 'Jos L. Surez');
insert into "Cities"("Id", "RegionId", "Name") values (1647, 151, 'Juan Jos Paso');
insert into "Cities"("Id", "RegionId", "Name") values (1648, 151, 'Krabb');
insert into "Cities"("Id", "RegionId", "Name") values (1649, 151, 'La Plata');
insert into "Cities"("Id", "RegionId", "Name") values (1650, 151, 'Lans');
insert into "Cities"("Id", "RegionId", "Name") values (1651, 151, 'Lezama');
insert into "Cities"("Id", "RegionId", "Name") values (1652, 151, 'Lincoln');
insert into "Cities"("Id", "RegionId", "Name") values (1653, 151, 'Llavallol');
insert into "Cities"("Id", "RegionId", "Name") values (1654, 151, 'Los Indios');
insert into "Cities"("Id", "RegionId", "Name") values (1655, 151, 'Manzone');
insert into "Cities"("Id", "RegionId", "Name") values (1656, 151, 'Mar Chiquita');
insert into "Cities"("Id", "RegionId", "Name") values (1657, 151, 'Mar de Plata');
insert into "Cities"("Id", "RegionId", "Name") values (1658, 151, 'Mar del Plata');
insert into "Cities"("Id", "RegionId", "Name") values (1659, 151, 'Marcos Paz');
insert into "Cities"("Id", "RegionId", "Name") values (1660, 151, 'Mariano Acosta');
insert into "Cities"("Id", "RegionId", "Name") values (1661, 151, 'Marucha');
insert into "Cities"("Id", "RegionId", "Name") values (1662, 151, 'Mercedes');
insert into "Cities"("Id", "RegionId", "Name") values (1663, 151, 'Monte Grande');
insert into "Cities"("Id", "RegionId", "Name") values (1664, 151, 'Morn');
insert into "Cities"("Id", "RegionId", "Name") values (1665, 151, 'Olivos');
insert into "Cities"("Id", "RegionId", "Name") values (1666, 151, 'Palemn Huergo');
insert into "Cities"("Id", "RegionId", "Name") values (1667, 151, 'Primera Junta');
insert into "Cities"("Id", "RegionId", "Name") values (1668, 151, 'Punta Alta');
insert into "Cities"("Id", "RegionId", "Name") values (1669, 151, 'Ramos Meja');
insert into "Cities"("Id", "RegionId", "Name") values (1670, 151, 'Rivadavia');
insert into "Cities"("Id", "RegionId", "Name") values (1671, 151, 'San Martn');
insert into "Cities"("Id", "RegionId", "Name") values (1672, 151, 'San Miguel');
insert into "Cities"("Id", "RegionId", "Name") values (1673, 151, 'San Vicente');
insert into "Cities"("Id", "RegionId", "Name") values (1674, 151, 'Tandil');
insert into "Cities"("Id", "RegionId", "Name") values (1675, 151, 'Temperley');
insert into "Cities"("Id", "RegionId", "Name") values (1676, 151, 'Tigre');
insert into "Cities"("Id", "RegionId", "Name") values (1677, 151, 'Trenque Lauquen');
insert into "Cities"("Id", "RegionId", "Name") values (1678, 151, 'Tres Arroyos');
insert into "Cities"("Id", "RegionId", "Name") values (1679, 151, 'V. Lpez');
insert into "Cities"("Id", "RegionId", "Name") values (1680, 151, 'Vicente Lpez');
insert into "Cities"("Id", "RegionId", "Name") values (1681, 151, 'Villa Ballester');
insert into "Cities"("Id", "RegionId", "Name") values (1682, 151, 'Villa General Savio');
insert into "Cities"("Id", "RegionId", "Name") values (1683, 151, 'Wilde');
insert into "Regions"("Id", "CountryId", "Name") values (175, 14, 'Aragatsotn');
insert into "Regions"("Id", "CountryId", "Name") values (176, 14, 'Ararat');
insert into "Regions"("Id", "CountryId", "Name") values (177, 14, 'Armavir');
insert into "Regions"("Id", "CountryId", "Name") values (178, 14, 'Geghark''''unik''''');
insert into "Regions"("Id", "CountryId", "Name") values (179, 14, 'Kotayk''''');
insert into "Regions"("Id", "CountryId", "Name") values (180, 14, 'Lorri');
insert into "Regions"("Id", "CountryId", "Name") values (181, 14, 'None');
insert into "Regions"("Id", "CountryId", "Name") values (182, 14, 'Shirak');
insert into "Regions"("Id", "CountryId", "Name") values (183, 14, 'Syunik''''');
insert into "Regions"("Id", "CountryId", "Name") values (184, 14, 'Tavush');
insert into "Regions"("Id", "CountryId", "Name") values (185, 14, 'Vayots'''' Dzor');
insert into "Regions"("Id", "CountryId", "Name") values (186, 14, 'Yerevan');
insert into "Cities"("Id", "RegionId", "Name") values (1684, 14, 'Калач');
insert into "Cities"("Id", "RegionId", "Name") values (1685, 14, 'Анна');
insert into "Cities"("Id", "RegionId", "Name") values (1686, 14, 'Бобров');
insert into "Cities"("Id", "RegionId", "Name") values (1687, 14, 'Богучар');
insert into "Cities"("Id", "RegionId", "Name") values (1688, 14, 'Борисоглебск');
insert into "Cities"("Id", "RegionId", "Name") values (1689, 14, 'Бутурлиновка');
insert into "Cities"("Id", "RegionId", "Name") values (1690, 14, 'Верхний Мамон');
insert into "Cities"("Id", "RegionId", "Name") values (1691, 14, 'Верхняя Хава');
insert into "Cities"("Id", "RegionId", "Name") values (1692, 14, 'Воробьевка');
insert into "Cities"("Id", "RegionId", "Name") values (1693, 14, 'Воронеж');
insert into "Cities"("Id", "RegionId", "Name") values (1694, 14, 'Грибановский');
insert into "Cities"("Id", "RegionId", "Name") values (1695, 14, 'Давыдовка');
insert into "Cities"("Id", "RegionId", "Name") values (1696, 14, 'Елань-Коленовский');
insert into "Cities"("Id", "RegionId", "Name") values (1697, 14, 'Кантемировка');
insert into "Cities"("Id", "RegionId", "Name") values (1698, 14, 'Лиски (Воронежская обл.)');
insert into "Cities"("Id", "RegionId", "Name") values (1699, 14, 'Нижнедевицк');
insert into "Cities"("Id", "RegionId", "Name") values (1700, 14, 'Новая Усмань');
insert into "Cities"("Id", "RegionId", "Name") values (1701, 14, 'Нововоронеж');
insert into "Cities"("Id", "RegionId", "Name") values (1702, 14, 'Новохоперск');
insert into "Cities"("Id", "RegionId", "Name") values (1703, 14, 'Ольховатка');
insert into "Cities"("Id", "RegionId", "Name") values (1704, 14, 'Острогожск');
insert into "Cities"("Id", "RegionId", "Name") values (1705, 14, 'Павловск (Воронежская обл.)');
insert into "Cities"("Id", "RegionId", "Name") values (1706, 14, 'Панино');
insert into "Cities"("Id", "RegionId", "Name") values (1707, 14, 'Петропавловка');
insert into "Cities"("Id", "RegionId", "Name") values (1708, 14, 'Поворино');
insert into "Cities"("Id", "RegionId", "Name") values (1709, 14, 'Подгоренский');
insert into "Cities"("Id", "RegionId", "Name") values (1710, 14, 'Рамонь');
insert into "Cities"("Id", "RegionId", "Name") values (1711, 14, 'Репьевка');
insert into "Cities"("Id", "RegionId", "Name") values (1712, 14, 'Россошь');
insert into "Cities"("Id", "RegionId", "Name") values (1713, 14, 'Семилуки');
insert into "Cities"("Id", "RegionId", "Name") values (1714, 14, 'Таловая');
insert into "Cities"("Id", "RegionId", "Name") values (1715, 14, 'Терновка');
insert into "Cities"("Id", "RegionId", "Name") values (1716, 14, 'Хохольский');
insert into "Cities"("Id", "RegionId", "Name") values (1717, 14, 'Эртиль');
insert into "Cities"("Id", "RegionId", "Name") values (1718, 91, 'Александровка');
insert into "Cities"("Id", "RegionId", "Name") values (1719, 91, 'Арбузинка');
insert into "Cities"("Id", "RegionId", "Name") values (1720, 91, 'Баштанка');
insert into "Cities"("Id", "RegionId", "Name") values (1721, 91, 'Березнеговатое');
insert into "Cities"("Id", "RegionId", "Name") values (1722, 91, 'Братское');
insert into "Cities"("Id", "RegionId", "Name") values (1723, 91, 'Великая Корениха');
insert into "Cities"("Id", "RegionId", "Name") values (1724, 91, 'Веселиново');
insert into "Cities"("Id", "RegionId", "Name") values (1725, 91, 'Вознесенск');
insert into "Cities"("Id", "RegionId", "Name") values (1726, 91, 'Доманевка');
insert into "Cities"("Id", "RegionId", "Name") values (1727, 91, 'Еланец');
insert into "Cities"("Id", "RegionId", "Name") values (1728, 91, 'Казанка');
insert into "Cities"("Id", "RegionId", "Name") values (1729, 91, 'Коблево');
insert into "Cities"("Id", "RegionId", "Name") values (1730, 91, 'Кривое Озеро');
insert into "Cities"("Id", "RegionId", "Name") values (1731, 91, 'Николаев');
insert into "Cities"("Id", "RegionId", "Name") values (1732, 91, 'Новая Одесса');
insert into "Cities"("Id", "RegionId", "Name") values (1733, 91, 'Новый Буг');
insert into "Cities"("Id", "RegionId", "Name") values (1734, 91, 'Очаков');
insert into "Cities"("Id", "RegionId", "Name") values (1735, 91, 'Первомайск');
insert into "Cities"("Id", "RegionId", "Name") values (1736, 91, 'Снигиревка');
insert into "Cities"("Id", "RegionId", "Name") values (1737, 91, 'Южноукраинск');
insert into "Cities"("Id", "RegionId", "Name") values (1738, 134, 'Goxhaj');
insert into "Cities"("Id", "RegionId", "Name") values (1739, 145, 'La Maana');
insert into "Cities"("Id", "RegionId", "Name") values (1740, 145, 'La Massana');
insert into "Cities"("Id", "RegionId", "Name") values (1741, 152, 'Adolfo E. Carranza');
insert into "Cities"("Id", "RegionId", "Name") values (1742, 152, 'Majada');
insert into "Cities"("Id", "RegionId", "Name") values (1743, 152, 'San Fernando del Valle de Catamarca');
insert into "Cities"("Id", "RegionId", "Name") values (1744, 152, 'Tinogasta');
insert into "Cities"("Id", "RegionId", "Name") values (1745, 175, 'Abaran');
insert into "Cities"("Id", "RegionId", "Name") values (1746, 175, 'Achtarak');
insert into "Cities"("Id", "RegionId", "Name") values (1747, 175, 'Agarak');
insert into "Cities"("Id", "RegionId", "Name") values (1748, 175, 'Aghts''''k''''');
insert into "Cities"("Id", "RegionId", "Name") values (1749, 175, 'Alagyaz');
insert into "Cities"("Id", "RegionId", "Name") values (1750, 175, 'Aparan');
insert into "Cities"("Id", "RegionId", "Name") values (1751, 175, 'Aragats');
insert into "Cities"("Id", "RegionId", "Name") values (1752, 175, 'Aragatsotn');
insert into "Cities"("Id", "RegionId", "Name") values (1753, 175, 'Ashtarak');
insert into "Cities"("Id", "RegionId", "Name") values (1754, 175, 'Dzhamushlu');
insert into "Cities"("Id", "RegionId", "Name") values (1755, 175, 'Oganavan');
insert into "Cities"("Id", "RegionId", "Name") values (1756, 175, 'Persi');
insert into "Cities"("Id", "RegionId", "Name") values (1757, 175, 'Talin');
insert into "Cities"("Id", "RegionId", "Name") values (1758, 175, 'Ujan');
insert into "Cities"("Id", "RegionId", "Name") values (1759, 175, 'Yerindzhatap');
insert into "Regions"("Id", "CountryId", "Name") values (187, 15, 'Арулько');
insert into "Cities"("Id", "RegionId", "Name") values (1760, 15, 'Агвали');
insert into "Cities"("Id", "RegionId", "Name") values (1761, 15, 'Акуша');
insert into "Cities"("Id", "RegionId", "Name") values (1762, 15, 'Ахты');
insert into "Cities"("Id", "RegionId", "Name") values (1763, 15, 'Ачису');
insert into "Cities"("Id", "RegionId", "Name") values (1764, 15, 'Бабаюрт');
insert into "Cities"("Id", "RegionId", "Name") values (1765, 15, 'Бежта');
insert into "Cities"("Id", "RegionId", "Name") values (1766, 15, 'Ботлих');
insert into "Cities"("Id", "RegionId", "Name") values (1767, 15, 'Буйнакск');
insert into "Cities"("Id", "RegionId", "Name") values (1768, 15, 'Вачи');
insert into "Cities"("Id", "RegionId", "Name") values (1769, 15, 'Гергебиль');
insert into "Cities"("Id", "RegionId", "Name") values (1770, 15, 'Гуниб');
insert into "Cities"("Id", "RegionId", "Name") values (1771, 15, 'Дагестанские Огни');
insert into "Cities"("Id", "RegionId", "Name") values (1772, 15, 'Дербент');
insert into "Cities"("Id", "RegionId", "Name") values (1773, 15, 'Дылым');
insert into "Cities"("Id", "RegionId", "Name") values (1774, 15, 'Ершовка');
insert into "Cities"("Id", "RegionId", "Name") values (1775, 15, 'Избербаш');
insert into "Cities"("Id", "RegionId", "Name") values (1776, 15, 'Карабудахкент');
insert into "Cities"("Id", "RegionId", "Name") values (1777, 15, 'Карата');
insert into "Cities"("Id", "RegionId", "Name") values (1778, 15, 'Каспийск');
insert into "Cities"("Id", "RegionId", "Name") values (1779, 15, 'Касумкент');
insert into "Cities"("Id", "RegionId", "Name") values (1780, 15, 'Кизилюрт');
insert into "Cities"("Id", "RegionId", "Name") values (1781, 15, 'Кизляр');
insert into "Cities"("Id", "RegionId", "Name") values (1782, 15, 'Кочубей');
insert into "Cities"("Id", "RegionId", "Name") values (1783, 15, 'Кумух');
insert into "Cities"("Id", "RegionId", "Name") values (1784, 15, 'Курах');
insert into "Cities"("Id", "RegionId", "Name") values (1785, 15, 'Магарамкент');
insert into "Cities"("Id", "RegionId", "Name") values (1786, 15, 'Маджалис');
insert into "Cities"("Id", "RegionId", "Name") values (1787, 15, 'Махачкала');
insert into "Cities"("Id", "RegionId", "Name") values (1788, 15, 'Мехельта');
insert into "Cities"("Id", "RegionId", "Name") values (1789, 15, 'Новолакское');
insert into "Cities"("Id", "RegionId", "Name") values (1790, 15, 'Рутул');
insert into "Cities"("Id", "RegionId", "Name") values (1791, 15, 'Советское (Дагестан)');
insert into "Cities"("Id", "RegionId", "Name") values (1792, 15, 'Тарумовка');
insert into "Cities"("Id", "RegionId", "Name") values (1793, 15, 'Терекли-Мектеб');
insert into "Cities"("Id", "RegionId", "Name") values (1794, 15, 'Тлярата');
insert into "Cities"("Id", "RegionId", "Name") values (1795, 15, 'Тпиг');
insert into "Cities"("Id", "RegionId", "Name") values (1796, 15, 'Унцукуль');
insert into "Cities"("Id", "RegionId", "Name") values (1797, 15, 'Уркарах');
insert into "Cities"("Id", "RegionId", "Name") values (1798, 15, 'Хасавюрт');
insert into "Cities"("Id", "RegionId", "Name") values (1799, 15, 'Хив');
insert into "Cities"("Id", "RegionId", "Name") values (1800, 15, 'Хунзах');
insert into "Cities"("Id", "RegionId", "Name") values (1801, 15, 'Цуриб');
insert into "Cities"("Id", "RegionId", "Name") values (1802, 15, 'Южно-Сухокумск');
insert into "Cities"("Id", "RegionId", "Name") values (1803, 92, 'Аккерман');
insert into "Cities"("Id", "RegionId", "Name") values (1804, 92, 'Ананьев');
insert into "Cities"("Id", "RegionId", "Name") values (1805, 92, 'Арциз');
insert into "Cities"("Id", "RegionId", "Name") values (1806, 92, 'Балта');
insert into "Cities"("Id", "RegionId", "Name") values (1807, 92, 'Белгород-Днестровский');
insert into "Cities"("Id", "RegionId", "Name") values (1808, 92, 'Беляевка');
insert into "Cities"("Id", "RegionId", "Name") values (1809, 92, 'Березино');
insert into "Cities"("Id", "RegionId", "Name") values (1810, 92, 'Березовка');
insert into "Cities"("Id", "RegionId", "Name") values (1811, 92, 'Болград');
insert into "Cities"("Id", "RegionId", "Name") values (1812, 92, 'Бородино');
insert into "Cities"("Id", "RegionId", "Name") values (1813, 92, 'Великая Михайловка');
insert into "Cities"("Id", "RegionId", "Name") values (1814, 92, 'Великодолининское');
insert into "Cities"("Id", "RegionId", "Name") values (1815, 92, 'Вилково');
insert into "Cities"("Id", "RegionId", "Name") values (1816, 92, 'Затишье');
insert into "Cities"("Id", "RegionId", "Name") values (1817, 92, 'Измаил');
insert into "Cities"("Id", "RegionId", "Name") values (1818, 92, 'Ильичевск');
insert into "Cities"("Id", "RegionId", "Name") values (1819, 92, 'Килия');
insert into "Cities"("Id", "RegionId", "Name") values (1820, 92, 'Кодыма');
insert into "Cities"("Id", "RegionId", "Name") values (1821, 92, 'Коминтерновское');
insert into "Cities"("Id", "RegionId", "Name") values (1822, 92, 'Котовск');
insert into "Cities"("Id", "RegionId", "Name") values (1823, 92, 'Красные Окны');
insert into "Cities"("Id", "RegionId", "Name") values (1824, 92, 'Любашевка');
insert into "Cities"("Id", "RegionId", "Name") values (1825, 92, 'Николаевка');
insert into "Cities"("Id", "RegionId", "Name") values (1826, 92, 'Овидиополь');
insert into "Cities"("Id", "RegionId", "Name") values (1827, 92, 'Одесса');
insert into "Cities"("Id", "RegionId", "Name") values (1828, 92, 'Раздельная');
insert into "Cities"("Id", "RegionId", "Name") values (1829, 92, 'Рени');
insert into "Cities"("Id", "RegionId", "Name") values (1830, 92, 'Саврань');
insert into "Cities"("Id", "RegionId", "Name") values (1831, 92, 'Сарата');
insert into "Cities"("Id", "RegionId", "Name") values (1832, 92, 'Тарутино');
insert into "Cities"("Id", "RegionId", "Name") values (1833, 92, 'Татарбунары');
insert into "Cities"("Id", "RegionId", "Name") values (1834, 92, 'Теплодар');
insert into "Cities"("Id", "RegionId", "Name") values (1835, 92, 'Фрунзовка');
insert into "Cities"("Id", "RegionId", "Name") values (1836, 92, 'Ширяево');
insert into "Cities"("Id", "RegionId", "Name") values (1837, 92, 'Южный');
insert into "Cities"("Id", "RegionId", "Name") values (1838, 135, 'Apripa e Parava');
insert into "Cities"("Id", "RegionId", "Name") values (1839, 135, 'Boboti');
insert into "Cities"("Id", "RegionId", "Name") values (1840, 135, 'Dobre');
insert into "Cities"("Id", "RegionId", "Name") values (1841, 146, 'Biisarri');
insert into "Cities"("Id", "RegionId", "Name") values (1842, 146, 'El Pui');
insert into "Cities"("Id", "RegionId", "Name") values (1843, 146, 'Erez');
insert into "Cities"("Id", "RegionId", "Name") values (1844, 146, 'Juberri');
insert into "Cities"("Id", "RegionId", "Name") values (1845, 146, 'Pas de la Casa');
insert into "Cities"("Id", "RegionId", "Name") values (1846, 146, 'Vila');
insert into "Cities"("Id", "RegionId", "Name") values (1847, 153, 'Basail');
insert into "Cities"("Id", "RegionId", "Name") values (1848, 153, 'Charatas');
insert into "Cities"("Id", "RegionId", "Name") values (1849, 153, 'Loma FloIda');
insert into "Cities"("Id", "RegionId", "Name") values (1850, 153, 'PreIdente Roque Senz Pea');
insert into "Cities"("Id", "RegionId", "Name") values (1851, 153, 'Resistencia');
insert into "Cities"("Id", "RegionId", "Name") values (1852, 176, 'Ablkend');
insert into "Cities"("Id", "RegionId", "Name") values (1853, 176, 'Abovyan');
insert into "Cities"("Id", "RegionId", "Name") values (1854, 176, 'Agbash');
insert into "Cities"("Id", "RegionId", "Name") values (1855, 176, 'Aralek');
insert into "Cities"("Id", "RegionId", "Name") values (1856, 176, 'Ararat');
insert into "Cities"("Id", "RegionId", "Name") values (1857, 176, 'Arevshat');
insert into "Cities"("Id", "RegionId", "Name") values (1858, 176, 'Artashat');
insert into "Cities"("Id", "RegionId", "Name") values (1859, 176, 'Dimitrov');
insert into "Cities"("Id", "RegionId", "Name") values (1860, 176, 'Dvin Armyanskiy');
insert into "Cities"("Id", "RegionId", "Name") values (1861, 176, 'Kakhtsrashen');
insert into "Cities"("Id", "RegionId", "Name") values (1862, 176, 'Masis');
insert into "Cities"("Id", "RegionId", "Name") values (1863, 176, 'Urts''''adzor');
insert into "Cities"("Id", "RegionId", "Name") values (1864, 176, 'Vedi');
insert into "Cities"("Id", "RegionId", "Name") values (1865, 176, 'Verin Artashat');
insert into "Cities"("Id", "RegionId", "Name") values (1866, 176, 'Vosketap''''');
insert into "Cities"("Id", "RegionId", "Name") values (1867, 176, 'Zorak');
insert into "Cities"("Id", "RegionId", "Name") values (1868, 187, 'Балайм');
insert into "Regions"("Id", "CountryId", "Name") values (188, 16, 'Афганистан');
insert into "Cities"("Id", "RegionId", "Name") values (1869, 16, 'Биробиджан');
insert into "Cities"("Id", "RegionId", "Name") values (1870, 93, 'Белики');
insert into "Cities"("Id", "RegionId", "Name") values (1871, 93, 'Великая Багачка');
insert into "Cities"("Id", "RegionId", "Name") values (1872, 93, 'Гадяч');
insert into "Cities"("Id", "RegionId", "Name") values (1873, 93, 'Глобино');
insert into "Cities"("Id", "RegionId", "Name") values (1874, 93, 'Гоголево');
insert into "Cities"("Id", "RegionId", "Name") values (1875, 93, 'Градижск');
insert into "Cities"("Id", "RegionId", "Name") values (1876, 93, 'Гребенка');
insert into "Cities"("Id", "RegionId", "Name") values (1877, 93, 'Диканька');
insert into "Cities"("Id", "RegionId", "Name") values (1878, 93, 'Зеньков');
insert into "Cities"("Id", "RegionId", "Name") values (1879, 93, 'Карловка');
insert into "Cities"("Id", "RegionId", "Name") values (1880, 93, 'Кобеляки');
insert into "Cities"("Id", "RegionId", "Name") values (1881, 93, 'Козельщина');
insert into "Cities"("Id", "RegionId", "Name") values (1882, 93, 'Комсомольск');
insert into "Cities"("Id", "RegionId", "Name") values (1883, 93, 'Котельва');
insert into "Cities"("Id", "RegionId", "Name") values (1884, 93, 'Кременчуг');
insert into "Cities"("Id", "RegionId", "Name") values (1885, 93, 'Лохвица');
insert into "Cities"("Id", "RegionId", "Name") values (1886, 93, 'Лубны');
insert into "Cities"("Id", "RegionId", "Name") values (1887, 93, 'Машевка');
insert into "Cities"("Id", "RegionId", "Name") values (1888, 93, 'Миргород');
insert into "Cities"("Id", "RegionId", "Name") values (1889, 93, 'Новые Санжары');
insert into "Cities"("Id", "RegionId", "Name") values (1890, 93, 'Оржица');
insert into "Cities"("Id", "RegionId", "Name") values (1891, 93, 'Пирянтин');
insert into "Cities"("Id", "RegionId", "Name") values (1892, 93, 'Пирятин');
insert into "Cities"("Id", "RegionId", "Name") values (1893, 93, 'Полтава');
insert into "Cities"("Id", "RegionId", "Name") values (1894, 93, 'Решетиловка');
insert into "Cities"("Id", "RegionId", "Name") values (1895, 93, 'Семеновка');
insert into "Cities"("Id", "RegionId", "Name") values (1896, 93, 'Хорол');
insert into "Cities"("Id", "RegionId", "Name") values (1897, 93, 'Чернухи');
insert into "Cities"("Id", "RegionId", "Name") values (1898, 93, 'Чутово');
insert into "Cities"("Id", "RegionId", "Name") values (1899, 93, 'Шишаки');
insert into "Cities"("Id", "RegionId", "Name") values (1900, 136, 'Ahmedaj');
insert into "Cities"("Id", "RegionId", "Name") values (1901, 136, 'Arban');
insert into "Cities"("Id", "RegionId", "Name") values (1902, 136, 'Tirana');
insert into "Cities"("Id", "RegionId", "Name") values (1903, 136, 'Tiran');
insert into "Cities"("Id", "RegionId", "Name") values (1904, 136, 'Tyranna');
insert into "Cities"("Id", "RegionId", "Name") values (1905, 136, 'Zalli i Herit');
insert into "Cities"("Id", "RegionId", "Name") values (1906, 147, 'Ordino');
insert into "Cities"("Id", "RegionId", "Name") values (1907, 154, 'Puelo');
insert into "Cities"("Id", "RegionId", "Name") values (1908, 154, 'Rada Tilly');
insert into "Cities"("Id", "RegionId", "Name") values (1909, 154, 'Rawson');
insert into "Cities"("Id", "RegionId", "Name") values (1910, 177, 'Agdzharkh');
insert into "Cities"("Id", "RegionId", "Name") values (1911, 177, 'Aknalich');
insert into "Cities"("Id", "RegionId", "Name") values (1912, 177, 'Amasiya');
insert into "Cities"("Id", "RegionId", "Name") values (1913, 177, 'Apaga');
insert into "Cities"("Id", "RegionId", "Name") values (1914, 177, 'Arevik');
insert into "Cities"("Id", "RegionId", "Name") values (1915, 177, 'Argavand');
insert into "Cities"("Id", "RegionId", "Name") values (1916, 177, 'Armavir');
insert into "Cities"("Id", "RegionId", "Name") values (1917, 177, 'Armutlu');
insert into "Cities"("Id", "RegionId", "Name") values (1918, 177, 'Aygek');
insert into "Cities"("Id", "RegionId", "Name") values (1919, 177, 'Aygeshat');
insert into "Cities"("Id", "RegionId", "Name") values (1920, 177, 'Bambakashat');
insert into "Cities"("Id", "RegionId", "Name") values (1921, 177, 'Echmiadzin');
insert into "Cities"("Id", "RegionId", "Name") values (1922, 177, 'Echmiatsin');
insert into "Cities"("Id", "RegionId", "Name") values (1923, 177, 'Ejmiatsin');
insert into "Cities"("Id", "RegionId", "Name") values (1924, 177, 'Hoktemberyan');
insert into "Cities"("Id", "RegionId", "Name") values (1925, 177, 'Iejmiatsin');
insert into "Cities"("Id", "RegionId", "Name") values (1926, 177, 'JanIda');
insert into "Cities"("Id", "RegionId", "Name") values (1927, 177, 'Metsamor');
insert into "Cities"("Id", "RegionId", "Name") values (1928, 177, 'Mrgashat');
insert into "Cities"("Id", "RegionId", "Name") values (1929, 177, 'Musaler');
insert into "Cities"("Id", "RegionId", "Name") values (1930, 177, 'Oktemberyan');
insert into "Cities"("Id", "RegionId", "Name") values (1931, 177, 'P''''arak''''ar');
insert into "Cities"("Id", "RegionId", "Name") values (1932, 177, 'Vagharshapat');
insert into "Cities"("Id", "RegionId", "Name") values (1933, 177, 'Zeyva');
insert into "Cities"("Id", "RegionId", "Name") values (1934, 188, 'Баглан');
insert into "Cities"("Id", "RegionId", "Name") values (1935, 188, 'Герат');
insert into "Cities"("Id", "RegionId", "Name") values (1936, 188, 'Кабул');
insert into "Cities"("Id", "RegionId", "Name") values (1937, 188, 'Кандагар');
insert into "Cities"("Id", "RegionId", "Name") values (1938, 188, 'Кундуз');
insert into "Cities"("Id", "RegionId", "Name") values (1939, 188, 'Чарикар');
insert into "Regions"("Id", "CountryId", "Name") values (189, 17, 'Багамы');
insert into "Cities"("Id", "RegionId", "Name") values (1940, 17, 'Архиповка');
insert into "Cities"("Id", "RegionId", "Name") values (1941, 17, 'Верхний Ландех');
insert into "Cities"("Id", "RegionId", "Name") values (1942, 17, 'Вичуга');
insert into "Cities"("Id", "RegionId", "Name") values (1943, 17, 'Гаврилов Посад');
insert into "Cities"("Id", "RegionId", "Name") values (1944, 17, 'Долматовский');
insert into "Cities"("Id", "RegionId", "Name") values (1945, 17, 'Дуляпино');
insert into "Cities"("Id", "RegionId", "Name") values (1946, 17, 'Заволжск');
insert into "Cities"("Id", "RegionId", "Name") values (1947, 17, 'Заречный (Ивановская обл.)');
insert into "Cities"("Id", "RegionId", "Name") values (1948, 17, 'Иваново');
insert into "Cities"("Id", "RegionId", "Name") values (1949, 17, 'Иваньковский');
insert into "Cities"("Id", "RegionId", "Name") values (1950, 17, 'Ильинское-Хованское');
insert into "Cities"("Id", "RegionId", "Name") values (1951, 17, 'Каминский');
insert into "Cities"("Id", "RegionId", "Name") values (1952, 17, 'Кинешма');
insert into "Cities"("Id", "RegionId", "Name") values (1953, 17, 'Комсомольск');
insert into "Cities"("Id", "RegionId", "Name") values (1954, 17, 'Кохма');
insert into "Cities"("Id", "RegionId", "Name") values (1955, 17, 'Лух');
insert into "Cities"("Id", "RegionId", "Name") values (1956, 17, 'Палех');
insert into "Cities"("Id", "RegionId", "Name") values (1957, 17, 'Пестяки');
insert into "Cities"("Id", "RegionId", "Name") values (1958, 17, 'Приволжск');
insert into "Cities"("Id", "RegionId", "Name") values (1959, 17, 'Пучеж');
insert into "Cities"("Id", "RegionId", "Name") values (1960, 17, 'Родники (Ивановская обл.)');
insert into "Cities"("Id", "RegionId", "Name") values (1961, 17, 'Савино');
insert into "Cities"("Id", "RegionId", "Name") values (1962, 17, 'Сокольское');
insert into "Cities"("Id", "RegionId", "Name") values (1963, 17, 'Тейково');
insert into "Cities"("Id", "RegionId", "Name") values (1964, 17, 'Фурманов');
insert into "Cities"("Id", "RegionId", "Name") values (1965, 17, 'Шуя');
insert into "Cities"("Id", "RegionId", "Name") values (1966, 17, 'Южа');
insert into "Cities"("Id", "RegionId", "Name") values (1967, 17, 'Юрьевец');
insert into "Cities"("Id", "RegionId", "Name") values (1968, 94, 'Владимирец');
insert into "Cities"("Id", "RegionId", "Name") values (1969, 94, 'Гоща');
insert into "Cities"("Id", "RegionId", "Name") values (1970, 94, 'Демидовка');
insert into "Cities"("Id", "RegionId", "Name") values (1971, 94, 'Дубно');
insert into "Cities"("Id", "RegionId", "Name") values (1972, 94, 'Дубровица');
insert into "Cities"("Id", "RegionId", "Name") values (1973, 94, 'Заречное');
insert into "Cities"("Id", "RegionId", "Name") values (1974, 94, 'Здолбунов');
insert into "Cities"("Id", "RegionId", "Name") values (1975, 94, 'Клевань');
insert into "Cities"("Id", "RegionId", "Name") values (1976, 94, 'Клесов');
insert into "Cities"("Id", "RegionId", "Name") values (1977, 94, 'Корец');
insert into "Cities"("Id", "RegionId", "Name") values (1978, 94, 'Костополь');
insert into "Cities"("Id", "RegionId", "Name") values (1979, 94, 'Кузнецовск');
insert into "Cities"("Id", "RegionId", "Name") values (1980, 94, 'Млинов');
insert into "Cities"("Id", "RegionId", "Name") values (1981, 94, 'Острог');
insert into "Cities"("Id", "RegionId", "Name") values (1982, 94, 'Радивилов');
insert into "Cities"("Id", "RegionId", "Name") values (1983, 94, 'Ровно');
insert into "Cities"("Id", "RegionId", "Name") values (1984, 94, 'Сарны');
insert into "Cities"("Id", "RegionId", "Name") values (1985, 137, 'Aliban');
insert into "Cities"("Id", "RegionId", "Name") values (1986, 137, 'Alicu');
insert into "Cities"("Id", "RegionId", "Name") values (1987, 148, 'San Juli');
insert into "Cities"("Id", "RegionId", "Name") values (1988, 148, 'Santa Juli de Loria');
insert into "Cities"("Id", "RegionId", "Name") values (1989, 155, 'Agua de Ramn');
insert into "Cities"("Id", "RegionId", "Name") values (1990, 155, 'Alto Cordoba');
insert into "Cities"("Id", "RegionId", "Name") values (1991, 155, 'Barrio Monte Grande');
insert into "Cities"("Id", "RegionId", "Name") values (1992, 155, 'Crdoba');
insert into "Cities"("Id", "RegionId", "Name") values (1993, 155, 'Jess Mara');
insert into "Cities"("Id", "RegionId", "Name") values (1994, 155, 'Ro Cuarto');
insert into "Cities"("Id", "RegionId", "Name") values (1995, 155, 'San Francisco');
insert into "Cities"("Id", "RegionId", "Name") values (1996, 155, 'Villa Carlos Paz');
insert into "Cities"("Id", "RegionId", "Name") values (1997, 178, 'Agbulalakh');
insert into "Cities"("Id", "RegionId", "Name") values (1998, 178, 'Agexus');
insert into "Cities"("Id", "RegionId", "Name") values (1999, 178, 'Akunk''''');
insert into "Cities"("Id", "RegionId", "Name") values (2000, 178, 'Amirkher');
insert into "Cities"("Id", "RegionId", "Name") values (2001, 178, 'Areguni');
insert into "Cities"("Id", "RegionId", "Name") values (2002, 178, 'Azat');
insert into "Cities"("Id", "RegionId", "Name") values (2003, 178, 'Chambarak');
insert into "Cities"("Id", "RegionId", "Name") values (2004, 178, 'Gavar');
insert into "Cities"("Id", "RegionId", "Name") values (2005, 178, 'Gavarr');
insert into "Cities"("Id", "RegionId", "Name") values (2006, 178, 'Kamo');
insert into "Cities"("Id", "RegionId", "Name") values (2007, 178, 'Krasnosel''''sk');
insert into "Cities"("Id", "RegionId", "Name") values (2008, 178, 'Kyavar');
insert into "Cities"("Id", "RegionId", "Name") values (2009, 178, 'Martuni');
insert into "Cities"("Id", "RegionId", "Name") values (2010, 178, 'Martuny');
insert into "Cities"("Id", "RegionId", "Name") values (2011, 178, 'Noraduz');
insert into "Cities"("Id", "RegionId", "Name") values (2012, 178, 'Norakert');
insert into "Cities"("Id", "RegionId", "Name") values (2013, 178, 'Noratus');
insert into "Cities"("Id", "RegionId", "Name") values (2014, 178, 'Sevan');
insert into "Cities"("Id", "RegionId", "Name") values (2015, 178, 'T''''azagyugh');
insert into "Cities"("Id", "RegionId", "Name") values (2016, 178, 'Vardenis');
insert into "Cities"("Id", "RegionId", "Name") values (2017, 178, 'Verkhnyaya Gezaldara');
insert into "Cities"("Id", "RegionId", "Name") values (2018, 189, 'Нассау');
insert into "Regions"("Id", "CountryId", "Name") values (190, 18, 'Бангладеш');
insert into "Cities"("Id", "RegionId", "Name") values (2019, 18, 'Алексеевск');
insert into "Cities"("Id", "RegionId", "Name") values (2020, 18, 'Алзамай');
insert into "Cities"("Id", "RegionId", "Name") values (2021, 18, 'Алыгжер');
insert into "Cities"("Id", "RegionId", "Name") values (2022, 18, 'Ангарск');
insert into "Cities"("Id", "RegionId", "Name") values (2023, 18, 'Артемовский (Иркутская обл.)');
insert into "Cities"("Id", "RegionId", "Name") values (2024, 18, 'Байкал');
insert into "Cities"("Id", "RegionId", "Name") values (2025, 18, 'Байкальск');
insert into "Cities"("Id", "RegionId", "Name") values (2026, 18, 'Балаганск');
insert into "Cities"("Id", "RegionId", "Name") values (2027, 18, 'Баяндай');
insert into "Cities"("Id", "RegionId", "Name") values (2028, 18, 'Бирюсинск');
insert into "Cities"("Id", "RegionId", "Name") values (2029, 18, 'Бодайбо');
insert into "Cities"("Id", "RegionId", "Name") values (2030, 18, 'Большая Речка');
insert into "Cities"("Id", "RegionId", "Name") values (2031, 18, 'Большой Луг');
insert into "Cities"("Id", "RegionId", "Name") values (2032, 18, 'Бохан');
insert into "Cities"("Id", "RegionId", "Name") values (2033, 18, 'Братск');
insert into "Cities"("Id", "RegionId", "Name") values (2034, 18, 'Видим');
insert into "Cities"("Id", "RegionId", "Name") values (2035, 18, 'Витимский');
insert into "Cities"("Id", "RegionId", "Name") values (2036, 18, 'Вихоревка');
insert into "Cities"("Id", "RegionId", "Name") values (2037, 18, 'Еланцы');
insert into "Cities"("Id", "RegionId", "Name") values (2038, 18, 'Ербогачен');
insert into "Cities"("Id", "RegionId", "Name") values (2039, 18, 'Железногорск-Илимский');
insert into "Cities"("Id", "RegionId", "Name") values (2040, 18, 'Жигалово');
insert into "Cities"("Id", "RegionId", "Name") values (2041, 18, 'Забитуй');
insert into "Cities"("Id", "RegionId", "Name") values (2042, 18, 'Залари');
insert into "Cities"("Id", "RegionId", "Name") values (2043, 18, 'Звездный');
insert into "Cities"("Id", "RegionId", "Name") values (2044, 18, 'Зима');
insert into "Cities"("Id", "RegionId", "Name") values (2045, 18, 'Иркутск');
insert into "Cities"("Id", "RegionId", "Name") values (2046, 18, 'Казачинское (Иркутская обл.)');
insert into "Cities"("Id", "RegionId", "Name") values (2047, 18, 'Качуг');
insert into "Cities"("Id", "RegionId", "Name") values (2048, 18, 'Квиток');
insert into "Cities"("Id", "RegionId", "Name") values (2049, 18, 'Киренск');
insert into "Cities"("Id", "RegionId", "Name") values (2050, 18, 'Куйтун');
insert into "Cities"("Id", "RegionId", "Name") values (2051, 18, 'Култук');
insert into "Cities"("Id", "RegionId", "Name") values (2052, 18, 'Кутулик');
insert into "Cities"("Id", "RegionId", "Name") values (2053, 18, 'Мама');
insert into "Cities"("Id", "RegionId", "Name") values (2054, 18, 'Нижнеудинск');
insert into "Cities"("Id", "RegionId", "Name") values (2055, 18, 'Оса');
insert into "Cities"("Id", "RegionId", "Name") values (2056, 18, 'Саянск');
insert into "Cities"("Id", "RegionId", "Name") values (2057, 18, 'Слюдянка');
insert into "Cities"("Id", "RegionId", "Name") values (2058, 18, 'Тайшет');
insert into "Cities"("Id", "RegionId", "Name") values (2059, 18, 'Тулун');
insert into "Cities"("Id", "RegionId", "Name") values (2060, 18, 'Усолье-Сибирское (Иркутская обл.)');
insert into "Cities"("Id", "RegionId", "Name") values (2061, 18, 'Усть-Илимск');
insert into "Cities"("Id", "RegionId", "Name") values (2062, 18, 'Усть-Кут');
insert into "Cities"("Id", "RegionId", "Name") values (2063, 18, 'Усть-Ордынский');
insert into "Cities"("Id", "RegionId", "Name") values (2064, 18, 'Усть-Уда');
insert into "Cities"("Id", "RegionId", "Name") values (2065, 18, 'Черемхово');
insert into "Cities"("Id", "RegionId", "Name") values (2066, 18, 'Чунский');
insert into "Cities"("Id", "RegionId", "Name") values (2067, 18, 'Шелехов');
insert into "Cities"("Id", "RegionId", "Name") values (2068, 95, 'Ахтырка');
insert into "Cities"("Id", "RegionId", "Name") values (2069, 95, 'Белополье');
insert into "Cities"("Id", "RegionId", "Name") values (2070, 95, 'Бурынь');
insert into "Cities"("Id", "RegionId", "Name") values (2071, 95, 'Великая Писаревка');
insert into "Cities"("Id", "RegionId", "Name") values (2072, 95, 'Ворожба');
insert into "Cities"("Id", "RegionId", "Name") values (2073, 95, 'Воронеж');
insert into "Cities"("Id", "RegionId", "Name") values (2074, 95, 'Глухов');
insert into "Cities"("Id", "RegionId", "Name") values (2075, 95, 'Дружба');
insert into "Cities"("Id", "RegionId", "Name") values (2076, 95, 'Знобь-Новгородское');
insert into "Cities"("Id", "RegionId", "Name") values (2077, 95, 'Кириковка');
insert into "Cities"("Id", "RegionId", "Name") values (2078, 95, 'Конотоп');
insert into "Cities"("Id", "RegionId", "Name") values (2079, 95, 'Краснополье');
insert into "Cities"("Id", "RegionId", "Name") values (2080, 95, 'Кролевец');
insert into "Cities"("Id", "RegionId", "Name") values (2081, 95, 'Лебедин');
insert into "Cities"("Id", "RegionId", "Name") values (2082, 95, 'Липовая Долина');
insert into "Cities"("Id", "RegionId", "Name") values (2083, 95, 'Недригайлов');
insert into "Cities"("Id", "RegionId", "Name") values (2084, 95, 'Путивль');
insert into "Cities"("Id", "RegionId", "Name") values (2085, 95, 'Ромны');
insert into "Cities"("Id", "RegionId", "Name") values (2086, 95, 'Середина-Буда');
insert into "Cities"("Id", "RegionId", "Name") values (2087, 95, 'Сумы');
insert into "Cities"("Id", "RegionId", "Name") values (2088, 95, 'Тростянец');
insert into "Cities"("Id", "RegionId", "Name") values (2089, 95, 'Шостка');
insert into "Cities"("Id", "RegionId", "Name") values (2090, 95, 'Шурупинское');
insert into "Cities"("Id", "RegionId", "Name") values (2091, 95, 'Ямполь');
insert into "Cities"("Id", "RegionId", "Name") values (2092, 156, 'Corrientes');
insert into "Cities"("Id", "RegionId", "Name") values (2093, 179, 'Abovyan');
insert into "Cities"("Id", "RegionId", "Name") values (2094, 179, 'Akhundov');
insert into "Cities"("Id", "RegionId", "Name") values (2095, 179, 'Alap''''ars');
insert into "Cities"("Id", "RegionId", "Name") values (2096, 179, 'Aragyugh');
insert into "Cities"("Id", "RegionId", "Name") values (2097, 179, 'Arindzh');
insert into "Cities"("Id", "RegionId", "Name") values (2098, 179, 'Arrinj');
insert into "Cities"("Id", "RegionId", "Name") values (2099, 179, 'Arzakan');
insert into "Cities"("Id", "RegionId", "Name") values (2100, 179, 'Arzni');
insert into "Cities"("Id", "RegionId", "Name") values (2101, 179, 'Byuregavan');
insert into "Cities"("Id", "RegionId", "Name") values (2102, 179, 'Ch''''arants''''avan');
insert into "Cities"("Id", "RegionId", "Name") values (2103, 179, 'Ch''''arents''''avan');
insert into "Cities"("Id", "RegionId", "Name") values (2104, 179, 'Choentsavan');
insert into "Cities"("Id", "RegionId", "Name") values (2105, 179, 'Garni');
insert into "Cities"("Id", "RegionId", "Name") values (2106, 179, 'Hrazdan');
insert into "Cities"("Id", "RegionId", "Name") values (2107, 179, 'Jegward');
insert into "Cities"("Id", "RegionId", "Name") values (2108, 179, 'Lernanist');
insert into "Cities"("Id", "RegionId", "Name") values (2109, 179, 'Megradzor');
insert into "Cities"("Id", "RegionId", "Name") values (2110, 179, 'Nor Achin');
insert into "Cities"("Id", "RegionId", "Name") values (2111, 179, 'Nor Geghi');
insert into "Cities"("Id", "RegionId", "Name") values (2112, 179, 'Nor Hachyn');
insert into "Cities"("Id", "RegionId", "Name") values (2113, 179, 'Proshyan');
insert into "Cities"("Id", "RegionId", "Name") values (2114, 179, 'Razdan');
insert into "Cities"("Id", "RegionId", "Name") values (2115, 179, 'Rndamal');
insert into "Cities"("Id", "RegionId", "Name") values (2116, 179, 'Tsaghkadzor');
insert into "Cities"("Id", "RegionId", "Name") values (2117, 179, 'Tsakhkadzor');
insert into "Cities"("Id", "RegionId", "Name") values (2118, 179, 'Yegvard');
insert into "Cities"("Id", "RegionId", "Name") values (2119, 179, 'Yevgard');
insert into "Cities"("Id", "RegionId", "Name") values (2120, 190, 'Дакка');
insert into "Cities"("Id", "RegionId", "Name") values (2121, 190, 'Читтагонг');
insert into "Regions"("Id", "CountryId", "Name") values (191, 19, 'Барбадос');
insert into "Cities"("Id", "RegionId", "Name") values (2122, 19, 'Баксан');
insert into "Cities"("Id", "RegionId", "Name") values (2123, 19, 'Майский');
insert into "Cities"("Id", "RegionId", "Name") values (2124, 19, 'Нальчик');
insert into "Cities"("Id", "RegionId", "Name") values (2125, 19, 'Нарткала');
insert into "Cities"("Id", "RegionId", "Name") values (2126, 19, 'Прохладный');
insert into "Cities"("Id", "RegionId", "Name") values (2127, 19, 'Советское (Кабардино-Балкария)');
insert into "Cities"("Id", "RegionId", "Name") values (2128, 19, 'Терек');
insert into "Cities"("Id", "RegionId", "Name") values (2129, 19, 'Тырныауз');
insert into "Cities"("Id", "RegionId", "Name") values (2130, 19, 'Чегем-Первый');
insert into "Cities"("Id", "RegionId", "Name") values (2131, 96, 'Бережаны');
insert into "Cities"("Id", "RegionId", "Name") values (2132, 96, 'Борщев');
insert into "Cities"("Id", "RegionId", "Name") values (2133, 96, 'Бучач');
insert into "Cities"("Id", "RegionId", "Name") values (2134, 96, 'Великие Борки');
insert into "Cities"("Id", "RegionId", "Name") values (2135, 96, 'Вишневец');
insert into "Cities"("Id", "RegionId", "Name") values (2136, 96, 'Гримайлов');
insert into "Cities"("Id", "RegionId", "Name") values (2137, 96, 'Гусятин');
insert into "Cities"("Id", "RegionId", "Name") values (2138, 96, 'Залещики');
insert into "Cities"("Id", "RegionId", "Name") values (2139, 96, 'Заложцы');
insert into "Cities"("Id", "RegionId", "Name") values (2140, 96, 'Збараж');
insert into "Cities"("Id", "RegionId", "Name") values (2141, 96, 'Зборов');
insert into "Cities"("Id", "RegionId", "Name") values (2142, 96, 'Золотники');
insert into "Cities"("Id", "RegionId", "Name") values (2143, 96, 'Золотойпоток');
insert into "Cities"("Id", "RegionId", "Name") values (2144, 96, 'Козлов');
insert into "Cities"("Id", "RegionId", "Name") values (2145, 96, 'Козова');
insert into "Cities"("Id", "RegionId", "Name") values (2146, 96, 'Кременец');
insert into "Cities"("Id", "RegionId", "Name") values (2147, 96, 'Лановцы');
insert into "Cities"("Id", "RegionId", "Name") values (2148, 96, 'Монастыриска');
insert into "Cities"("Id", "RegionId", "Name") values (2149, 96, 'Подволочиск');
insert into "Cities"("Id", "RegionId", "Name") values (2150, 96, 'Теребовля');
insert into "Cities"("Id", "RegionId", "Name") values (2151, 96, 'Тернополь');
insert into "Cities"("Id", "RegionId", "Name") values (2152, 96, 'Чортков');
insert into "Cities"("Id", "RegionId", "Name") values (2153, 96, 'Шумское');
insert into "Cities"("Id", "RegionId", "Name") values (2154, 157, 'Buenos Aires');
insert into "Cities"("Id", "RegionId", "Name") values (2155, 157, 'Centro');
insert into "Cities"("Id", "RegionId", "Name") values (2156, 157, 'Colegiales');
insert into "Cities"("Id", "RegionId", "Name") values (2157, 157, 'Congreso');
insert into "Cities"("Id", "RegionId", "Name") values (2158, 157, 'Flores');
insert into "Cities"("Id", "RegionId", "Name") values (2159, 157, 'Floresta');
insert into "Cities"("Id", "RegionId", "Name") values (2160, 157, 'Nez');
insert into "Cities"("Id", "RegionId", "Name") values (2161, 157, 'Palermo');
insert into "Cities"("Id", "RegionId", "Name") values (2162, 157, 'Recoleta');
insert into "Cities"("Id", "RegionId", "Name") values (2163, 157, 'San Cristbal');
insert into "Cities"("Id", "RegionId", "Name") values (2164, 157, 'Villa Crespo');
insert into "Cities"("Id", "RegionId", "Name") values (2165, 157, 'Villa Devoto');
insert into "Cities"("Id", "RegionId", "Name") values (2166, 157, 'Villa Urquiza');
insert into "Cities"("Id", "RegionId", "Name") values (2167, 180, 'Agarak');
insert into "Cities"("Id", "RegionId", "Name") values (2168, 180, 'Agvi');
insert into "Cities"("Id", "RegionId", "Name") values (2169, 180, 'Ak''''ori');
insert into "Cities"("Id", "RegionId", "Name") values (2170, 180, 'Akner');
insert into "Cities"("Id", "RegionId", "Name") values (2171, 180, 'Alavar');
insert into "Cities"("Id", "RegionId", "Name") values (2172, 180, 'Alaverdi');
insert into "Cities"("Id", "RegionId", "Name") values (2173, 180, 'Alaverdy');
insert into "Cities"("Id", "RegionId", "Name") values (2174, 180, 'Allaverdy');
insert into "Cities"("Id", "RegionId", "Name") values (2175, 180, 'Archut');
insert into "Cities"("Id", "RegionId", "Name") values (2176, 180, 'Arevashogh');
insert into "Cities"("Id", "RegionId", "Name") values (2177, 180, 'Ayrum');
insert into "Cities"("Id", "RegionId", "Name") values (2178, 180, 'Blagodarnoye');
insert into "Cities"("Id", "RegionId", "Name") values (2179, 180, 'Bzovdal');
insert into "Cities"("Id", "RegionId", "Name") values (2180, 180, 'DzaIdzor');
insert into "Cities"("Id", "RegionId", "Name") values (2181, 180, 'Dzyunashogh');
insert into "Cities"("Id", "RegionId", "Name") values (2182, 180, 'Gogavan');
insert into "Cities"("Id", "RegionId", "Name") values (2183, 180, 'Jiliza');
insert into "Cities"("Id", "RegionId", "Name") values (2184, 180, 'Kalinino');
insert into "Cities"("Id", "RegionId", "Name") values (2185, 180, 'Karakilisa');
insert into "Cities"("Id", "RegionId", "Name") values (2186, 180, 'Karaklis');
insert into "Cities"("Id", "RegionId", "Name") values (2187, 180, 'Kirovakan');
insert into "Cities"("Id", "RegionId", "Name") values (2188, 180, 'Kyzloran');
insert into "Cities"("Id", "RegionId", "Name") values (2189, 180, 'Margahovit');
insert into "Cities"("Id", "RegionId", "Name") values (2190, 180, 'Norashen');
insert into "Cities"("Id", "RegionId", "Name") values (2191, 180, 'Odzun');
insert into "Cities"("Id", "RegionId", "Name") values (2192, 180, 'Step''''anavan');
insert into "Cities"("Id", "RegionId", "Name") values (2193, 180, 'Stepahavan');
insert into "Cities"("Id", "RegionId", "Name") values (2194, 180, 'Stepanawan-Lori');
insert into "Cities"("Id", "RegionId", "Name") values (2195, 180, 'Sverdlov');
insert into "Cities"("Id", "RegionId", "Name") values (2196, 180, 'Tashir');
insert into "Cities"("Id", "RegionId", "Name") values (2197, 180, 'Tekhut');
insert into "Cities"("Id", "RegionId", "Name") values (2198, 180, 'Tumanyan');
insert into "Cities"("Id", "RegionId", "Name") values (2199, 180, 'Tyrchkhan');
insert into "Cities"("Id", "RegionId", "Name") values (2200, 180, 'Vanadzor');
insert into "Cities"("Id", "RegionId", "Name") values (2201, 191, 'Бриджтаун');
insert into "Regions"("Id", "CountryId", "Name") values (192, 20, 'Бахрейн');
insert into "Cities"("Id", "RegionId", "Name") values (2202, 20, 'Багратионовск');
insert into "Cities"("Id", "RegionId", "Name") values (2203, 20, 'Балтийск');
insert into "Cities"("Id", "RegionId", "Name") values (2204, 20, 'Гвардейск');
insert into "Cities"("Id", "RegionId", "Name") values (2205, 20, 'Гурьевск (Калининградская обл.)');
insert into "Cities"("Id", "RegionId", "Name") values (2206, 20, 'Гусев');
insert into "Cities"("Id", "RegionId", "Name") values (2207, 20, 'Железнодорожный (Калининград.)');
insert into "Cities"("Id", "RegionId", "Name") values (2208, 20, 'Зеленоградск');
insert into "Cities"("Id", "RegionId", "Name") values (2209, 20, 'Знаменск');
insert into "Cities"("Id", "RegionId", "Name") values (2210, 20, 'Калининград (Кенигсберг)');
insert into "Cities"("Id", "RegionId", "Name") values (2211, 20, 'Краснознаменск (Калининград.)');
insert into "Cities"("Id", "RegionId", "Name") values (2212, 20, 'Ладушкин');
insert into "Cities"("Id", "RegionId", "Name") values (2213, 20, 'Мамоново');
insert into "Cities"("Id", "RegionId", "Name") values (2214, 20, 'Неман');
insert into "Cities"("Id", "RegionId", "Name") values (2215, 20, 'Нестеров');
insert into "Cities"("Id", "RegionId", "Name") values (2216, 20, 'Озерск(Калининградская обл.)');
insert into "Cities"("Id", "RegionId", "Name") values (2217, 20, 'Пионерск');
insert into "Cities"("Id", "RegionId", "Name") values (2218, 20, 'Полесск');
insert into "Cities"("Id", "RegionId", "Name") values (2219, 20, 'Правдинск');
insert into "Cities"("Id", "RegionId", "Name") values (2220, 20, 'Светлогорск');
insert into "Cities"("Id", "RegionId", "Name") values (2221, 20, 'Светлый (Калининградская обл.)');
insert into "Cities"("Id", "RegionId", "Name") values (2222, 20, 'Славск');
insert into "Cities"("Id", "RegionId", "Name") values (2223, 20, 'Советск (Калининградская обл.)');
insert into "Cities"("Id", "RegionId", "Name") values (2224, 20, 'Черняховск');
insert into "Cities"("Id", "RegionId", "Name") values (2225, 97, 'Армянск');
insert into "Cities"("Id", "RegionId", "Name") values (2226, 97, 'Артек');
insert into "Cities"("Id", "RegionId", "Name") values (2227, 97, 'Береговое');
insert into "Cities"("Id", "RegionId", "Name") values (2228, 97, 'Ботаническое');
insert into "Cities"("Id", "RegionId", "Name") values (2229, 97, 'Кастрополь');
insert into "Cities"("Id", "RegionId", "Name") values (2230, 97, 'Кацивели');
insert into "Cities"("Id", "RegionId", "Name") values (2231, 97, 'Кореиз');
insert into "Cities"("Id", "RegionId", "Name") values (2232, 97, 'Красногвардейск');
insert into "Cities"("Id", "RegionId", "Name") values (2233, 97, 'Краснокаменка');
insert into "Cities"("Id", "RegionId", "Name") values (2234, 97, 'Курпаты');
insert into "Cities"("Id", "RegionId", "Name") values (2235, 97, 'Ливадия');
insert into "Cities"("Id", "RegionId", "Name") values (2236, 97, 'Мисхор');
insert into "Cities"("Id", "RegionId", "Name") values (2237, 97, 'Олива');
insert into "Cities"("Id", "RegionId", "Name") values (2238, 97, 'Оползневое');
insert into "Cities"("Id", "RegionId", "Name") values (2239, 97, 'Парковое');
insert into "Cities"("Id", "RegionId", "Name") values (2240, 97, 'Понизовка');
insert into "Cities"("Id", "RegionId", "Name") values (2241, 97, 'Санаторное');
insert into "Cities"("Id", "RegionId", "Name") values (2242, 97, 'Симеиз');
insert into "Cities"("Id", "RegionId", "Name") values (2243, 158, 'Concepcin del Uruguay');
insert into "Cities"("Id", "RegionId", "Name") values (2244, 158, 'Paran');
insert into "Cities"("Id", "RegionId", "Name") values (2245, 181, 'Adzhilu');
insert into "Cities"("Id", "RegionId", "Name") values (2246, 181, 'Ajlu');
insert into "Cities"("Id", "RegionId", "Name") values (2247, 181, 'Aregnadem');
insert into "Cities"("Id", "RegionId", "Name") values (2248, 181, 'Aygeat');
insert into "Cities"("Id", "RegionId", "Name") values (2249, 181, 'Berd');
insert into "Cities"("Id", "RegionId", "Name") values (2250, 181, 'Chubuliki');
insert into "Cities"("Id", "RegionId", "Name") values (2251, 181, 'Karakilisa');
insert into "Cities"("Id", "RegionId", "Name") values (2252, 181, 'Spitak');
insert into "Cities"("Id", "RegionId", "Name") values (2253, 181, 'Voskehask');
insert into "Cities"("Id", "RegionId", "Name") values (2254, 181, 'Yeniky');
insert into "Cities"("Id", "RegionId", "Name") values (2255, 192, 'Доха');
insert into "Cities"("Id", "RegionId", "Name") values (2256, 192, 'Манама');
insert into "Regions"("Id", "CountryId", "Name") values (193, 21, 'Брестская обл.');
insert into "Regions"("Id", "CountryId", "Name") values (194, 21, 'Витебская обл.');
insert into "Regions"("Id", "CountryId", "Name") values (195, 21, 'Гомельская обл.');
insert into "Regions"("Id", "CountryId", "Name") values (196, 21, 'Гродненская обл.');
insert into "Regions"("Id", "CountryId", "Name") values (197, 21, 'Минская обл.');
insert into "Regions"("Id", "CountryId", "Name") values (198, 21, 'Могилевская обл.');
insert into "Cities"("Id", "RegionId", "Name") values (2257, 21, 'Аршань');
insert into "Cities"("Id", "RegionId", "Name") values (2258, 21, 'Городовиковск');
insert into "Cities"("Id", "RegionId", "Name") values (2259, 21, 'Каспийский');
insert into "Cities"("Id", "RegionId", "Name") values (2260, 21, 'Комсомольский (Калмыкия)');
insert into "Cities"("Id", "RegionId", "Name") values (2261, 21, 'Малые Дербеты');
insert into "Cities"("Id", "RegionId", "Name") values (2262, 21, 'Приютное');
insert into "Cities"("Id", "RegionId", "Name") values (2263, 21, 'Советское (Калмыкия)');
insert into "Cities"("Id", "RegionId", "Name") values (2264, 21, 'Троицкое (Калмыкия)');
insert into "Cities"("Id", "RegionId", "Name") values (2265, 21, 'Утта');
insert into "Cities"("Id", "RegionId", "Name") values (2266, 21, 'Цаган-Аман');
insert into "Cities"("Id", "RegionId", "Name") values (2267, 21, 'Элиста');
insert into "Cities"("Id", "RegionId", "Name") values (2268, 21, 'Юста');
insert into "Cities"("Id", "RegionId", "Name") values (2269, 21, 'Яшалта');
insert into "Cities"("Id", "RegionId", "Name") values (2270, 21, 'Яшкуль');
insert into "Cities"("Id", "RegionId", "Name") values (2271, 98, 'Балаклея');
insert into "Cities"("Id", "RegionId", "Name") values (2272, 98, 'Барвенково');
insert into "Cities"("Id", "RegionId", "Name") values (2273, 98, 'Близнюки');
insert into "Cities"("Id", "RegionId", "Name") values (2274, 98, 'Богодухов');
insert into "Cities"("Id", "RegionId", "Name") values (2275, 98, 'Борки');
insert into "Cities"("Id", "RegionId", "Name") values (2276, 98, 'Боровая');
insert into "Cities"("Id", "RegionId", "Name") values (2277, 98, 'Буды');
insert into "Cities"("Id", "RegionId", "Name") values (2278, 98, 'Валки');
insert into "Cities"("Id", "RegionId", "Name") values (2279, 98, 'Великий Бурлук');
insert into "Cities"("Id", "RegionId", "Name") values (2280, 98, 'Волчанск');
insert into "Cities"("Id", "RegionId", "Name") values (2281, 98, 'Готвальд');
insert into "Cities"("Id", "RegionId", "Name") values (2282, 98, 'Гуты');
insert into "Cities"("Id", "RegionId", "Name") values (2283, 98, 'Дергачи');
insert into "Cities"("Id", "RegionId", "Name") values (2284, 98, 'Зачепиловка');
insert into "Cities"("Id", "RegionId", "Name") values (2285, 98, 'Зидьки');
insert into "Cities"("Id", "RegionId", "Name") values (2286, 98, 'Золочев');
insert into "Cities"("Id", "RegionId", "Name") values (2287, 98, 'Изюм');
insert into "Cities"("Id", "RegionId", "Name") values (2288, 98, 'Казачья Лопань');
insert into "Cities"("Id", "RegionId", "Name") values (2289, 98, 'Кегичевка');
insert into "Cities"("Id", "RegionId", "Name") values (2290, 98, 'Красноград');
insert into "Cities"("Id", "RegionId", "Name") values (2291, 98, 'Краснокутск');
insert into "Cities"("Id", "RegionId", "Name") values (2292, 98, 'Купянск');
insert into "Cities"("Id", "RegionId", "Name") values (2293, 98, 'Лозовая');
insert into "Cities"("Id", "RegionId", "Name") values (2294, 98, 'Люботин');
insert into "Cities"("Id", "RegionId", "Name") values (2295, 98, 'Мерефа');
insert into "Cities"("Id", "RegionId", "Name") values (2296, 98, 'Новая Водолага');
insert into "Cities"("Id", "RegionId", "Name") values (2297, 98, 'Первомайский');
insert into "Cities"("Id", "RegionId", "Name") values (2298, 98, 'Песочин');
insert into "Cities"("Id", "RegionId", "Name") values (2299, 98, 'Сахновщина');
insert into "Cities"("Id", "RegionId", "Name") values (2300, 98, 'Харьков');
insert into "Cities"("Id", "RegionId", "Name") values (2301, 98, 'Чугуев');
insert into "Cities"("Id", "RegionId", "Name") values (2302, 98, 'Шевченково');
insert into "Cities"("Id", "RegionId", "Name") values (2303, 159, 'Formosa');
insert into "Cities"("Id", "RegionId", "Name") values (2304, 159, 'Herradura');
insert into "Cities"("Id", "RegionId", "Name") values (2305, 182, 'Alakilisa');
insert into "Cities"("Id", "RegionId", "Name") values (2306, 182, 'Aleksandropol''''');
insert into "Cities"("Id", "RegionId", "Name") values (2307, 182, 'Alexandropol''''');
insert into "Cities"("Id", "RegionId", "Name") values (2308, 182, 'Amasia');
insert into "Cities"("Id", "RegionId", "Name") values (2309, 182, 'Art''''ik');
insert into "Cities"("Id", "RegionId", "Name") values (2310, 182, 'Ashots''''k''''');
insert into "Cities"("Id", "RegionId", "Name") values (2311, 182, 'Gekhanist');
insert into "Cities"("Id", "RegionId", "Name") values (2312, 182, 'Gyumri');
insert into "Cities"("Id", "RegionId", "Name") values (2313, 182, 'Hayrenyats''''');
insert into "Cities"("Id", "RegionId", "Name") values (2314, 182, 'Leninakan');
insert into "Cities"("Id", "RegionId", "Name") values (2315, 182, 'Maralik');
insert into "Cities"("Id", "RegionId", "Name") values (2316, 182, 'Mets Kyapanak');
insert into "Cities"("Id", "RegionId", "Name") values (2317, 182, 'Salut');
insert into "Cities"("Id", "RegionId", "Name") values (2318, 182, 'Saratak');
insert into "Cities"("Id", "RegionId", "Name") values (2319, 193, 'Антополь');
insert into "Cities"("Id", "RegionId", "Name") values (2320, 193, 'Барановичи');
insert into "Cities"("Id", "RegionId", "Name") values (2321, 193, 'Белоозерск');
insert into "Cities"("Id", "RegionId", "Name") values (2322, 193, 'Береза');
insert into "Cities"("Id", "RegionId", "Name") values (2323, 193, 'Береза Картуска');
insert into "Cities"("Id", "RegionId", "Name") values (2324, 193, 'Брест');
insert into "Cities"("Id", "RegionId", "Name") values (2325, 193, 'Высокое');
insert into "Cities"("Id", "RegionId", "Name") values (2326, 193, 'Ганцевичи');
insert into "Cities"("Id", "RegionId", "Name") values (2327, 193, 'Городище');
insert into "Cities"("Id", "RegionId", "Name") values (2328, 193, 'Давид-Городок');
insert into "Cities"("Id", "RegionId", "Name") values (2329, 193, 'Домачево');
insert into "Cities"("Id", "RegionId", "Name") values (2330, 193, 'Дрогичин');
insert into "Cities"("Id", "RegionId", "Name") values (2331, 193, 'Жабинка');
insert into "Cities"("Id", "RegionId", "Name") values (2332, 193, 'Ивацевичи');
insert into "Cities"("Id", "RegionId", "Name") values (2333, 193, 'Каменец');
insert into "Cities"("Id", "RegionId", "Name") values (2334, 193, 'Кобрин');
insert into "Cities"("Id", "RegionId", "Name") values (2335, 193, 'Лунинец');
insert into "Cities"("Id", "RegionId", "Name") values (2336, 193, 'Ляховичи');
insert into "Cities"("Id", "RegionId", "Name") values (2337, 193, 'Малорита');
insert into "Cities"("Id", "RegionId", "Name") values (2338, 193, 'Новолукомль');
insert into "Cities"("Id", "RegionId", "Name") values (2339, 193, 'Пинск');
insert into "Cities"("Id", "RegionId", "Name") values (2340, 193, 'Пружаны');
insert into "Cities"("Id", "RegionId", "Name") values (2341, 193, 'Столин');
insert into "Regions"("Id", "CountryId", "Name") values (199, 22, 'Belize');
insert into "Cities"("Id", "RegionId", "Name") values (2342, 22, 'Бабынино');
insert into "Cities"("Id", "RegionId", "Name") values (2343, 22, 'Балабаново');
insert into "Cities"("Id", "RegionId", "Name") values (2344, 22, 'Барятино');
insert into "Cities"("Id", "RegionId", "Name") values (2345, 22, 'Белоусово');
insert into "Cities"("Id", "RegionId", "Name") values (2346, 22, 'Бетлица');
insert into "Cities"("Id", "RegionId", "Name") values (2347, 22, 'Боровск');
insert into "Cities"("Id", "RegionId", "Name") values (2348, 22, 'Дудоровский');
insert into "Cities"("Id", "RegionId", "Name") values (2349, 22, 'Думиничи');
insert into "Cities"("Id", "RegionId", "Name") values (2350, 22, 'Еленский');
insert into "Cities"("Id", "RegionId", "Name") values (2351, 22, 'Жиздра');
insert into "Cities"("Id", "RegionId", "Name") values (2352, 22, 'Жуков');
insert into "Cities"("Id", "RegionId", "Name") values (2353, 22, 'Износки');
insert into "Cities"("Id", "RegionId", "Name") values (2354, 22, 'Калуга');
insert into "Cities"("Id", "RegionId", "Name") values (2355, 22, 'Киров (Калужская обл.)');
insert into "Cities"("Id", "RegionId", "Name") values (2356, 22, 'Козельск');
insert into "Cities"("Id", "RegionId", "Name") values (2357, 22, 'Кондрово');
insert into "Cities"("Id", "RegionId", "Name") values (2358, 22, 'Кремёнки');
insert into "Cities"("Id", "RegionId", "Name") values (2359, 22, 'Людиново');
insert into "Cities"("Id", "RegionId", "Name") values (2360, 22, 'Малоярославец');
insert into "Cities"("Id", "RegionId", "Name") values (2361, 22, 'Медынь');
insert into "Cities"("Id", "RegionId", "Name") values (2362, 22, 'Мещовск');
insert into "Cities"("Id", "RegionId", "Name") values (2363, 22, 'Мосальск');
insert into "Cities"("Id", "RegionId", "Name") values (2364, 22, 'Обнинск');
insert into "Cities"("Id", "RegionId", "Name") values (2365, 22, 'Перемышль');
insert into "Cities"("Id", "RegionId", "Name") values (2366, 22, 'Спас-Деменск');
insert into "Cities"("Id", "RegionId", "Name") values (2367, 22, 'Сухиничи');
insert into "Cities"("Id", "RegionId", "Name") values (2368, 22, 'Таруса');
insert into "Cities"("Id", "RegionId", "Name") values (2369, 22, 'Ульяново');
insert into "Cities"("Id", "RegionId", "Name") values (2370, 22, 'Ферзиково');
insert into "Cities"("Id", "RegionId", "Name") values (2371, 22, 'Хвастовичи');
insert into "Cities"("Id", "RegionId", "Name") values (2372, 22, 'Юхнов');
insert into "Cities"("Id", "RegionId", "Name") values (2373, 99, 'Аскания-Нова');
insert into "Cities"("Id", "RegionId", "Name") values (2374, 99, 'Белая Криница');
insert into "Cities"("Id", "RegionId", "Name") values (2375, 99, 'Белозерка');
insert into "Cities"("Id", "RegionId", "Name") values (2376, 99, 'Берислав');
insert into "Cities"("Id", "RegionId", "Name") values (2377, 99, 'Великая Александровка');
insert into "Cities"("Id", "RegionId", "Name") values (2378, 99, 'Великая Лепетиха');
insert into "Cities"("Id", "RegionId", "Name") values (2379, 99, 'Верхний Рогачик');
insert into "Cities"("Id", "RegionId", "Name") values (2380, 99, 'Высокополье');
insert into "Cities"("Id", "RegionId", "Name") values (2381, 99, 'Геническ');
insert into "Cities"("Id", "RegionId", "Name") values (2382, 99, 'Голая Пристань');
insert into "Cities"("Id", "RegionId", "Name") values (2383, 99, 'Горностаевка');
insert into "Cities"("Id", "RegionId", "Name") values (2384, 99, 'Днепряны');
insert into "Cities"("Id", "RegionId", "Name") values (2385, 99, 'Каланчак');
insert into "Cities"("Id", "RegionId", "Name") values (2386, 99, 'Калининское');
insert into "Cities"("Id", "RegionId", "Name") values (2387, 99, 'Каховка');
insert into "Cities"("Id", "RegionId", "Name") values (2388, 99, 'Нижние Серогозы');
insert into "Cities"("Id", "RegionId", "Name") values (2389, 99, 'Новая Каховка');
insert into "Cities"("Id", "RegionId", "Name") values (2390, 99, 'Нововоронцовка');
insert into "Cities"("Id", "RegionId", "Name") values (2391, 99, 'Новотроицкое');
insert into "Cities"("Id", "RegionId", "Name") values (2392, 99, 'Скадовск');
insert into "Cities"("Id", "RegionId", "Name") values (2393, 99, 'Херсон');
insert into "Cities"("Id", "RegionId", "Name") values (2394, 99, 'Цюрупинск');
insert into "Cities"("Id", "RegionId", "Name") values (2395, 99, 'Чаплинка');
insert into "Cities"("Id", "RegionId", "Name") values (2396, 160, 'Cangrejilla');
insert into "Cities"("Id", "RegionId", "Name") values (2397, 160, 'Jujuy');
insert into "Cities"("Id", "RegionId", "Name") values (2398, 160, 'Oratorio');
insert into "Cities"("Id", "RegionId", "Name") values (2399, 183, 'Agarak');
insert into "Cities"("Id", "RegionId", "Name") values (2400, 183, 'Akhlat''''yan');
insert into "Cities"("Id", "RegionId", "Name") values (2401, 183, 'Artsvenik');
insert into "Cities"("Id", "RegionId", "Name") values (2402, 183, 'Goris');
insert into "Cities"("Id", "RegionId", "Name") values (2403, 183, 'K''''ajaran');
insert into "Cities"("Id", "RegionId", "Name") values (2404, 183, 'Kadzharan');
insert into "Cities"("Id", "RegionId", "Name") values (2405, 183, 'Kafan');
insert into "Cities"("Id", "RegionId", "Name") values (2406, 183, 'Kapan');
insert into "Cities"("Id", "RegionId", "Name") values (2407, 183, 'Meghri');
insert into "Cities"("Id", "RegionId", "Name") values (2408, 183, 'Megri');
insert into "Cities"("Id", "RegionId", "Name") values (2409, 183, 'Megry');
insert into "Cities"("Id", "RegionId", "Name") values (2410, 183, 'Sisian');
insert into "Cities"("Id", "RegionId", "Name") values (2411, 183, 'Tegh');
insert into "Cities"("Id", "RegionId", "Name") values (2412, 194, 'Барань');
insert into "Cities"("Id", "RegionId", "Name") values (2413, 194, 'Бегомль');
insert into "Cities"("Id", "RegionId", "Name") values (2414, 194, 'Бешенковичи');
insert into "Cities"("Id", "RegionId", "Name") values (2415, 194, 'Богушевск');
insert into "Cities"("Id", "RegionId", "Name") values (2416, 194, 'Браслав');
insert into "Cities"("Id", "RegionId", "Name") values (2417, 194, 'Верхнедвинск');
insert into "Cities"("Id", "RegionId", "Name") values (2418, 194, 'Ветрино');
insert into "Cities"("Id", "RegionId", "Name") values (2419, 194, 'Видзы');
insert into "Cities"("Id", "RegionId", "Name") values (2420, 194, 'Витебск');
insert into "Cities"("Id", "RegionId", "Name") values (2421, 194, 'Воропаево');
insert into "Cities"("Id", "RegionId", "Name") values (2422, 194, 'Глубокое');
insert into "Cities"("Id", "RegionId", "Name") values (2423, 194, 'Городок');
insert into "Cities"("Id", "RegionId", "Name") values (2424, 194, 'Дисна');
insert into "Cities"("Id", "RegionId", "Name") values (2425, 194, 'Докшицы');
insert into "Cities"("Id", "RegionId", "Name") values (2426, 194, 'Друя');
insert into "Cities"("Id", "RegionId", "Name") values (2427, 194, 'Дубровно');
insert into "Cities"("Id", "RegionId", "Name") values (2428, 194, 'Езерище');
insert into "Cities"("Id", "RegionId", "Name") values (2429, 194, 'Лепель');
insert into "Cities"("Id", "RegionId", "Name") values (2430, 194, 'Лиозно');
insert into "Cities"("Id", "RegionId", "Name") values (2431, 194, 'Миоры');
insert into "Cities"("Id", "RegionId", "Name") values (2432, 194, 'Новополоцк');
insert into "Cities"("Id", "RegionId", "Name") values (2433, 194, 'Орша');
insert into "Cities"("Id", "RegionId", "Name") values (2434, 194, 'Полоцк');
insert into "Cities"("Id", "RegionId", "Name") values (2435, 194, 'Поставы');
insert into "Cities"("Id", "RegionId", "Name") values (2436, 194, 'Россоны');
insert into "Cities"("Id", "RegionId", "Name") values (2437, 194, 'Сенно');
insert into "Cities"("Id", "RegionId", "Name") values (2438, 194, 'Толочин');
insert into "Cities"("Id", "RegionId", "Name") values (2439, 194, 'Ушачи');
insert into "Cities"("Id", "RegionId", "Name") values (2440, 194, 'Чашники');
insert into "Cities"("Id", "RegionId", "Name") values (2441, 194, 'Шарковщина');
insert into "Cities"("Id", "RegionId", "Name") values (2442, 194, 'Шумилино');
insert into "Cities"("Id", "RegionId", "Name") values (2443, 199, 'Белиз-Сити');
insert into "Regions"("Id", "CountryId", "Name") values (200, 23, 'Antwerpen');
insert into "Regions"("Id", "CountryId", "Name") values (201, 23, 'Brabant Wallon');
insert into "Regions"("Id", "CountryId", "Name") values (202, 23, 'Bruxelles');
insert into "Regions"("Id", "CountryId", "Name") values (203, 23, 'Hainaut');
insert into "Regions"("Id", "CountryId", "Name") values (204, 23, 'Lige');
insert into "Regions"("Id", "CountryId", "Name") values (205, 23, 'Limburg');
insert into "Regions"("Id", "CountryId", "Name") values (206, 23, 'Luxembourg');
insert into "Regions"("Id", "CountryId", "Name") values (207, 23, 'Namur');
insert into "Regions"("Id", "CountryId", "Name") values (208, 23, 'Oost-Vlaanderen');
insert into "Regions"("Id", "CountryId", "Name") values (209, 23, 'Vlaams Brabant');
insert into "Regions"("Id", "CountryId", "Name") values (210, 23, 'West-Vlaanderen');
insert into "Cities"("Id", "RegionId", "Name") values (2444, 23, 'Атласово');
insert into "Cities"("Id", "RegionId", "Name") values (2445, 23, 'Аянка');
insert into "Cities"("Id", "RegionId", "Name") values (2446, 23, 'Большерецк');
insert into "Cities"("Id", "RegionId", "Name") values (2447, 23, 'Вилючинск');
insert into "Cities"("Id", "RegionId", "Name") values (2448, 23, 'Елизово (Камчатская обл.)');
insert into "Cities"("Id", "RegionId", "Name") values (2449, 23, 'Ильпырский');
insert into "Cities"("Id", "RegionId", "Name") values (2450, 23, 'Каменское');
insert into "Cities"("Id", "RegionId", "Name") values (2451, 23, 'Кировский');
insert into "Cities"("Id", "RegionId", "Name") values (2452, 23, 'Ключи (Камчатская обл.)');
insert into "Cities"("Id", "RegionId", "Name") values (2453, 23, 'Крапивная');
insert into "Cities"("Id", "RegionId", "Name") values (2454, 23, 'Мильково');
insert into "Cities"("Id", "RegionId", "Name") values (2455, 23, 'Никольское');
insert into "Cities"("Id", "RegionId", "Name") values (2456, 23, 'Озерновский');
insert into "Cities"("Id", "RegionId", "Name") values (2457, 23, 'Оссора');
insert into "Cities"("Id", "RegionId", "Name") values (2458, 23, 'Палана');
insert into "Cities"("Id", "RegionId", "Name") values (2459, 23, 'Парень');
insert into "Cities"("Id", "RegionId", "Name") values (2460, 23, 'Пахачи');
insert into "Cities"("Id", "RegionId", "Name") values (2461, 23, 'Петропавловск-Камчатский');
insert into "Cities"("Id", "RegionId", "Name") values (2462, 23, 'Тигиль');
insert into "Cities"("Id", "RegionId", "Name") values (2463, 23, 'Тиличики');
insert into "Cities"("Id", "RegionId", "Name") values (2464, 23, 'Усть-Большерецк');
insert into "Cities"("Id", "RegionId", "Name") values (2465, 23, 'Усть-Камчатск');
insert into "Cities"("Id", "RegionId", "Name") values (2466, 100, 'Антонины');
insert into "Cities"("Id", "RegionId", "Name") values (2467, 100, 'Базалия');
insert into "Cities"("Id", "RegionId", "Name") values (2468, 100, 'Белогорье');
insert into "Cities"("Id", "RegionId", "Name") values (2469, 100, 'Виньковцы');
insert into "Cities"("Id", "RegionId", "Name") values (2470, 100, 'Волочиск');
insert into "Cities"("Id", "RegionId", "Name") values (2471, 100, 'Городок');
insert into "Cities"("Id", "RegionId", "Name") values (2472, 100, 'Грицев');
insert into "Cities"("Id", "RegionId", "Name") values (2473, 100, 'Деражня');
insert into "Cities"("Id", "RegionId", "Name") values (2474, 100, 'Дунаевцы');
insert into "Cities"("Id", "RegionId", "Name") values (2475, 100, 'Изяслав');
insert into "Cities"("Id", "RegionId", "Name") values (2476, 100, 'Каменец-Подольский');
insert into "Cities"("Id", "RegionId", "Name") values (2477, 100, 'Красилов');
insert into "Cities"("Id", "RegionId", "Name") values (2478, 100, 'Летичев');
insert into "Cities"("Id", "RegionId", "Name") values (2479, 100, 'Нетешин');
insert into "Cities"("Id", "RegionId", "Name") values (2480, 100, 'Новая Ушица');
insert into "Cities"("Id", "RegionId", "Name") values (2481, 100, 'Полонное');
insert into "Cities"("Id", "RegionId", "Name") values (2482, 100, 'Славута');
insert into "Cities"("Id", "RegionId", "Name") values (2483, 100, 'Старая Синява');
insert into "Cities"("Id", "RegionId", "Name") values (2484, 100, 'Староконстантинов');
insert into "Cities"("Id", "RegionId", "Name") values (2485, 100, 'Теофиполь');
insert into "Cities"("Id", "RegionId", "Name") values (2486, 100, 'Хмельницкий');
insert into "Cities"("Id", "RegionId", "Name") values (2487, 100, 'Чемеровцы');
insert into "Cities"("Id", "RegionId", "Name") values (2488, 100, 'Шепетовка');
insert into "Cities"("Id", "RegionId", "Name") values (2489, 100, 'Ярмолинцы');
insert into "Cities"("Id", "RegionId", "Name") values (2490, 161, 'Abramo');
insert into "Cities"("Id", "RegionId", "Name") values (2491, 161, 'Alta Italia');
insert into "Cities"("Id", "RegionId", "Name") values (2492, 161, 'Chical-C');
insert into "Cities"("Id", "RegionId", "Name") values (2493, 161, 'La Maruja');
insert into "Cities"("Id", "RegionId", "Name") values (2494, 161, 'Santa Rosa');
insert into "Cities"("Id", "RegionId", "Name") values (2495, 184, 'Aghavnavank''''');
insert into "Cities"("Id", "RegionId", "Name") values (2496, 184, 'Ayrum');
insert into "Cities"("Id", "RegionId", "Name") values (2497, 184, 'Azatamut');
insert into "Cities"("Id", "RegionId", "Name") values (2498, 184, 'Bagratashen');
insert into "Cities"("Id", "RegionId", "Name") values (2499, 184, 'Berdavan');
insert into "Cities"("Id", "RegionId", "Name") values (2500, 184, 'Ch''''inari');
insert into "Cities"("Id", "RegionId", "Name") values (2501, 184, 'Delijan');
insert into "Cities"("Id", "RegionId", "Name") values (2502, 184, 'Dilijan');
insert into "Cities"("Id", "RegionId", "Name") values (2503, 184, 'Dilizhan');
insert into "Cities"("Id", "RegionId", "Name") values (2504, 184, 'Gandzak''''ar');
insert into "Cities"("Id", "RegionId", "Name") values (2505, 184, '"Id"zhevan');
insert into "Cities"("Id", "RegionId", "Name") values (2506, 184, 'Ijevan');
insert into "Cities"("Id", "RegionId", "Name") values (2507, 184, 'Kozman');
insert into "Cities"("Id", "RegionId", "Name") values (2508, 184, 'Noyemberyan');
insert into "Cities"("Id", "RegionId", "Name") values (2509, 184, 'Pkhtavan');
insert into "Cities"("Id", "RegionId", "Name") values (2510, 184, 'Sevk''''ar');
insert into "Cities"("Id", "RegionId", "Name") values (2511, 195, 'Белицк');
insert into "Cities"("Id", "RegionId", "Name") values (2512, 195, 'Большевик');
insert into "Cities"("Id", "RegionId", "Name") values (2513, 195, 'Брагин');
insert into "Cities"("Id", "RegionId", "Name") values (2514, 195, 'Буда-Кошелево');
insert into "Cities"("Id", "RegionId", "Name") values (2515, 195, 'Василевичи');
insert into "Cities"("Id", "RegionId", "Name") values (2516, 195, 'Васильевка');
insert into "Cities"("Id", "RegionId", "Name") values (2517, 195, 'Ветка');
insert into "Cities"("Id", "RegionId", "Name") values (2518, 195, 'Гомель');
insert into "Cities"("Id", "RegionId", "Name") values (2519, 195, 'Добруш');
insert into "Cities"("Id", "RegionId", "Name") values (2520, 195, 'Ельск');
insert into "Cities"("Id", "RegionId", "Name") values (2521, 195, 'Житковичи');
insert into "Cities"("Id", "RegionId", "Name") values (2522, 195, 'Жлобин');
insert into "Cities"("Id", "RegionId", "Name") values (2523, 195, 'Калинковичи');
insert into "Cities"("Id", "RegionId", "Name") values (2524, 195, 'Корма');
insert into "Cities"("Id", "RegionId", "Name") values (2525, 195, 'Лельчицы');
insert into "Cities"("Id", "RegionId", "Name") values (2526, 195, 'Лоев');
insert into "Cities"("Id", "RegionId", "Name") values (2527, 195, 'Мозырь');
insert into "Cities"("Id", "RegionId", "Name") values (2528, 195, 'Наровля');
insert into "Cities"("Id", "RegionId", "Name") values (2529, 195, 'Октябрьский');
insert into "Cities"("Id", "RegionId", "Name") values (2530, 195, 'Петриков');
insert into "Cities"("Id", "RegionId", "Name") values (2531, 195, 'Речица');
insert into "Cities"("Id", "RegionId", "Name") values (2532, 195, 'Речица');
insert into "Cities"("Id", "RegionId", "Name") values (2533, 195, 'Речица');
insert into "Cities"("Id", "RegionId", "Name") values (2534, 195, 'Рогачев');
insert into "Cities"("Id", "RegionId", "Name") values (2535, 195, 'Светлогорск');
insert into "Cities"("Id", "RegionId", "Name") values (2536, 195, 'Туров');
insert into "Cities"("Id", "RegionId", "Name") values (2537, 195, 'Хойники');
insert into "Cities"("Id", "RegionId", "Name") values (2538, 195, 'Чечерск');
insert into "Cities"("Id", "RegionId", "Name") values (2539, 200, 'Aartselaar');
insert into "Cities"("Id", "RegionId", "Name") values (2540, 200, 'Antwerpen');
insert into "Cities"("Id", "RegionId", "Name") values (2541, 200, 'Balen');
insert into "Cities"("Id", "RegionId", "Name") values (2542, 200, 'Boom');
insert into "Cities"("Id", "RegionId", "Name") values (2543, 200, 'Brasschaat');
insert into "Cities"("Id", "RegionId", "Name") values (2544, 200, 'Duffel');
insert into "Cities"("Id", "RegionId", "Name") values (2545, 200, 'Essen');
insert into "Cities"("Id", "RegionId", "Name") values (2546, 200, 'Geel');
insert into "Cities"("Id", "RegionId", "Name") values (2547, 200, 'Heist-op-den-Berg');
insert into "Cities"("Id", "RegionId", "Name") values (2548, 200, 'Herentals');
insert into "Cities"("Id", "RegionId", "Name") values (2549, 200, 'Herenthout');
insert into "Cities"("Id", "RegionId", "Name") values (2550, 200, 'Herselt');
insert into "Cities"("Id", "RegionId", "Name") values (2551, 200, 'Kapellen');
insert into "Cities"("Id", "RegionId", "Name") values (2552, 200, 'Lier');
insert into "Cities"("Id", "RegionId", "Name") values (2553, 200, 'Lint');
insert into "Cities"("Id", "RegionId", "Name") values (2554, 200, 'Mechelen');
insert into "Cities"("Id", "RegionId", "Name") values (2555, 200, 'Mol');
insert into "Cities"("Id", "RegionId", "Name") values (2556, 200, 'Mortsel');
insert into "Cities"("Id", "RegionId", "Name") values (2557, 200, 'Olen');
insert into "Cities"("Id", "RegionId", "Name") values (2558, 200, 'Putte');
insert into "Cities"("Id", "RegionId", "Name") values (2559, 200, 'Schilde');
insert into "Cities"("Id", "RegionId", "Name") values (2560, 200, 'Schoten');
insert into "Cities"("Id", "RegionId", "Name") values (2561, 200, 'Turnhout');
insert into "Cities"("Id", "RegionId", "Name") values (2562, 200, 'Zwijndrecht');
insert into "Regions"("Id", "CountryId", "Name") values (211, 24, 'Бенин');
insert into "Cities"("Id", "RegionId", "Name") values (2563, 24, 'Амбарный');
insert into "Cities"("Id", "RegionId", "Name") values (2564, 24, 'Беломорск');
insert into "Cities"("Id", "RegionId", "Name") values (2565, 24, 'Валаам');
insert into "Cities"("Id", "RegionId", "Name") values (2566, 24, 'Вирандозеро');
insert into "Cities"("Id", "RegionId", "Name") values (2567, 24, 'Гирвас');
insert into "Cities"("Id", "RegionId", "Name") values (2568, 24, 'Деревянка');
insert into "Cities"("Id", "RegionId", "Name") values (2569, 24, 'Идель');
insert into "Cities"("Id", "RegionId", "Name") values (2570, 24, 'Ильинский (Карелия)');
insert into "Cities"("Id", "RegionId", "Name") values (2571, 24, 'Калевала');
insert into "Cities"("Id", "RegionId", "Name") values (2572, 24, 'Кемь');
insert into "Cities"("Id", "RegionId", "Name") values (2573, 24, 'Кестеньга');
insert into "Cities"("Id", "RegionId", "Name") values (2574, 24, 'Кондопога');
insert into "Cities"("Id", "RegionId", "Name") values (2575, 24, 'Костомукша');
insert into "Cities"("Id", "RegionId", "Name") values (2576, 24, 'Лахденпохья');
insert into "Cities"("Id", "RegionId", "Name") values (2577, 24, 'Лоухи');
insert into "Cities"("Id", "RegionId", "Name") values (2578, 24, 'Медвежьегорск');
insert into "Cities"("Id", "RegionId", "Name") values (2579, 24, 'Муезерский');
insert into "Cities"("Id", "RegionId", "Name") values (2580, 24, 'Олонец');
insert into "Cities"("Id", "RegionId", "Name") values (2581, 24, 'Петрозаводск');
insert into "Cities"("Id", "RegionId", "Name") values (2582, 24, 'Питкяранта');
insert into "Cities"("Id", "RegionId", "Name") values (2583, 24, 'Повенец');
insert into "Cities"("Id", "RegionId", "Name") values (2584, 24, 'Пряжа');
insert into "Cities"("Id", "RegionId", "Name") values (2585, 24, 'Пудож');
insert into "Cities"("Id", "RegionId", "Name") values (2586, 24, 'Сегежа');
insert into "Cities"("Id", "RegionId", "Name") values (2587, 24, 'Сортавала');
insert into "Cities"("Id", "RegionId", "Name") values (2588, 24, 'Суоярви');
insert into "Cities"("Id", "RegionId", "Name") values (2589, 24, 'Хийденсельга');
insert into "Cities"("Id", "RegionId", "Name") values (2590, 101, 'Ватутино');
insert into "Cities"("Id", "RegionId", "Name") values (2591, 101, 'Городище');
insert into "Cities"("Id", "RegionId", "Name") values (2592, 101, 'Драбов');
insert into "Cities"("Id", "RegionId", "Name") values (2593, 101, 'Ерки');
insert into "Cities"("Id", "RegionId", "Name") values (2594, 101, 'Жашков');
insert into "Cities"("Id", "RegionId", "Name") values (2595, 101, 'Зараевск');
insert into "Cities"("Id", "RegionId", "Name") values (2596, 101, 'Звенигородка');
insert into "Cities"("Id", "RegionId", "Name") values (2597, 101, 'Золотоноша');
insert into "Cities"("Id", "RegionId", "Name") values (2598, 101, 'Ирдынь');
insert into "Cities"("Id", "RegionId", "Name") values (2599, 101, 'Каменка');
insert into "Cities"("Id", "RegionId", "Name") values (2600, 101, 'Канев');
insert into "Cities"("Id", "RegionId", "Name") values (2601, 101, 'Катеринополь');
insert into "Cities"("Id", "RegionId", "Name") values (2602, 101, 'Корсунь-Шевченковский');
insert into "Cities"("Id", "RegionId", "Name") values (2603, 101, 'Лысянка');
insert into "Cities"("Id", "RegionId", "Name") values (2604, 101, 'Маньковка');
insert into "Cities"("Id", "RegionId", "Name") values (2605, 101, 'Монастырище');
insert into "Cities"("Id", "RegionId", "Name") values (2606, 101, 'Смела');
insert into "Cities"("Id", "RegionId", "Name") values (2607, 101, 'Тальное');
insert into "Cities"("Id", "RegionId", "Name") values (2608, 101, 'Умань');
insert into "Cities"("Id", "RegionId", "Name") values (2609, 101, 'Христиновка');
insert into "Cities"("Id", "RegionId", "Name") values (2610, 101, 'Черкассы');
insert into "Cities"("Id", "RegionId", "Name") values (2611, 101, 'Чернобай');
insert into "Cities"("Id", "RegionId", "Name") values (2612, 101, 'Чигирин');
insert into "Cities"("Id", "RegionId", "Name") values (2613, 101, 'Шпола');
insert into "Cities"("Id", "RegionId", "Name") values (2614, 162, 'Agua Colorada');
insert into "Cities"("Id", "RegionId", "Name") values (2615, 162, 'Alanices');
insert into "Cities"("Id", "RegionId", "Name") values (2616, 162, 'Algarrobo Grande');
insert into "Cities"("Id", "RegionId", "Name") values (2617, 162, 'Milagro');
insert into "Cities"("Id", "RegionId", "Name") values (2618, 185, 'Agarakadzor');
insert into "Cities"("Id", "RegionId", "Name") values (2619, 185, 'Akhavnadzor');
insert into "Cities"("Id", "RegionId", "Name") values (2620, 185, 'Dzhermuk');
insert into "Cities"("Id", "RegionId", "Name") values (2621, 185, 'Gladzor');
insert into "Cities"("Id", "RegionId", "Name") values (2622, 185, 'Jermuk');
insert into "Cities"("Id", "RegionId", "Name") values (2623, 185, 'Malishka');
insert into "Cities"("Id", "RegionId", "Name") values (2624, 185, 'Vayk''''');
insert into "Cities"("Id", "RegionId", "Name") values (2625, 185, 'Yeghegnadzor');
insert into "Cities"("Id", "RegionId", "Name") values (2626, 185, 'Yekhegnadzor');
insert into "Cities"("Id", "RegionId", "Name") values (2627, 196, 'Большая Берестовица');
insert into "Cities"("Id", "RegionId", "Name") values (2628, 196, 'Волковыск');
insert into "Cities"("Id", "RegionId", "Name") values (2629, 196, 'Вороново');
insert into "Cities"("Id", "RegionId", "Name") values (2630, 196, 'Гродно');
insert into "Cities"("Id", "RegionId", "Name") values (2631, 196, 'Дятлово');
insert into "Cities"("Id", "RegionId", "Name") values (2632, 196, 'Желудок');
insert into "Cities"("Id", "RegionId", "Name") values (2633, 196, 'Зельва');
insert into "Cities"("Id", "RegionId", "Name") values (2634, 196, 'Ивье');
insert into "Cities"("Id", "RegionId", "Name") values (2635, 196, 'Козловщина');
insert into "Cities"("Id", "RegionId", "Name") values (2636, 196, 'Кореличи');
insert into "Cities"("Id", "RegionId", "Name") values (2637, 196, 'Лида');
insert into "Cities"("Id", "RegionId", "Name") values (2638, 196, 'Мосты');
insert into "Cities"("Id", "RegionId", "Name") values (2639, 196, 'Новогрудок');
insert into "Cities"("Id", "RegionId", "Name") values (2640, 196, 'Островец');
insert into "Cities"("Id", "RegionId", "Name") values (2641, 196, 'Ошмяны');
insert into "Cities"("Id", "RegionId", "Name") values (2642, 196, 'Свислочь');
insert into "Cities"("Id", "RegionId", "Name") values (2643, 196, 'Слоним');
insert into "Cities"("Id", "RegionId", "Name") values (2644, 196, 'Сморгонь');
insert into "Cities"("Id", "RegionId", "Name") values (2645, 196, 'Щучин');
insert into "Cities"("Id", "RegionId", "Name") values (2646, 201, 'Beauvechain');
insert into "Cities"("Id", "RegionId", "Name") values (2647, 201, 'Braine-l''''Alleud');
insert into "Cities"("Id", "RegionId", "Name") values (2648, 201, 'Chastre');
insert into "Cities"("Id", "RegionId", "Name") values (2649, 201, 'Jodoigne');
insert into "Cities"("Id", "RegionId", "Name") values (2650, 201, 'Lasne');
insert into "Cities"("Id", "RegionId", "Name") values (2651, 201, 'Nivelles');
insert into "Cities"("Id", "RegionId", "Name") values (2652, 201, 'Ottignies-Louvain-la-Neuve');
insert into "Cities"("Id", "RegionId", "Name") values (2653, 201, 'Rixensart');
insert into "Cities"("Id", "RegionId", "Name") values (2654, 201, 'Tubize');
insert into "Cities"("Id", "RegionId", "Name") values (2655, 201, 'Villers-la-Ville');
insert into "Cities"("Id", "RegionId", "Name") values (2656, 201, 'Walhain');
insert into "Cities"("Id", "RegionId", "Name") values (2657, 201, 'Waterloo');
insert into "Cities"("Id", "RegionId", "Name") values (2658, 201, 'Wavre');
insert into "Cities"("Id", "RegionId", "Name") values (2659, 211, 'Порто-Ново');
insert into "Regions"("Id", "CountryId", "Name") values (212, 25, 'Hamilton');
insert into "Cities"("Id", "RegionId", "Name") values (2660, 25, 'Анжеро-Судженск');
insert into "Cities"("Id", "RegionId", "Name") values (2661, 25, 'Барзас');
insert into "Cities"("Id", "RegionId", "Name") values (2662, 25, 'Белово');
insert into "Cities"("Id", "RegionId", "Name") values (2663, 25, 'Белогорск');
insert into "Cities"("Id", "RegionId", "Name") values (2664, 25, 'Березовский (Кемеровская обл.)');
insert into "Cities"("Id", "RegionId", "Name") values (2665, 25, 'Грамотеино');
insert into "Cities"("Id", "RegionId", "Name") values (2666, 25, 'Гурьевск');
insert into "Cities"("Id", "RegionId", "Name") values (2667, 25, 'Ижморский');
insert into "Cities"("Id", "RegionId", "Name") values (2668, 25, 'Итатский');
insert into "Cities"("Id", "RegionId", "Name") values (2669, 25, 'Калтан');
insert into "Cities"("Id", "RegionId", "Name") values (2670, 25, 'Кедровка');
insert into "Cities"("Id", "RegionId", "Name") values (2671, 25, 'Кемерово');
insert into "Cities"("Id", "RegionId", "Name") values (2672, 25, 'Киселевск');
insert into "Cities"("Id", "RegionId", "Name") values (2673, 25, 'Крапивинский');
insert into "Cities"("Id", "RegionId", "Name") values (2674, 25, 'Ленинск-Кузнецкий');
insert into "Cities"("Id", "RegionId", "Name") values (2675, 25, 'Мариинск');
insert into "Cities"("Id", "RegionId", "Name") values (2676, 25, 'Междуреченск');
insert into "Cities"("Id", "RegionId", "Name") values (2677, 25, 'Мыски');
insert into "Cities"("Id", "RegionId", "Name") values (2678, 25, 'Новокузнецк');
insert into "Cities"("Id", "RegionId", "Name") values (2679, 25, 'Осинники');
insert into "Cities"("Id", "RegionId", "Name") values (2680, 25, 'Полысаево');
insert into "Cities"("Id", "RegionId", "Name") values (2681, 25, 'Прокопьевск');
insert into "Cities"("Id", "RegionId", "Name") values (2682, 25, 'Промышленная');
insert into "Cities"("Id", "RegionId", "Name") values (2683, 25, 'Тайга');
insert into "Cities"("Id", "RegionId", "Name") values (2684, 25, 'Таштагол');
insert into "Cities"("Id", "RegionId", "Name") values (2685, 25, 'Тисуль');
insert into "Cities"("Id", "RegionId", "Name") values (2686, 25, 'Топки');
insert into "Cities"("Id", "RegionId", "Name") values (2687, 25, 'Тяжинский');
insert into "Cities"("Id", "RegionId", "Name") values (2688, 25, 'Юрга');
insert into "Cities"("Id", "RegionId", "Name") values (2689, 25, 'Яшкино');
insert into "Cities"("Id", "RegionId", "Name") values (2690, 25, 'Яя');
insert into "Cities"("Id", "RegionId", "Name") values (2691, 102, 'Батурин');
insert into "Cities"("Id", "RegionId", "Name") values (2692, 102, 'Бахмач');
insert into "Cities"("Id", "RegionId", "Name") values (2693, 102, 'Березна');
insert into "Cities"("Id", "RegionId", "Name") values (2694, 102, 'Бобровица');
insert into "Cities"("Id", "RegionId", "Name") values (2695, 102, 'Борзна');
insert into "Cities"("Id", "RegionId", "Name") values (2696, 102, 'Варва');
insert into "Cities"("Id", "RegionId", "Name") values (2697, 102, 'Вертиевка');
insert into "Cities"("Id", "RegionId", "Name") values (2698, 102, 'Городня');
insert into "Cities"("Id", "RegionId", "Name") values (2699, 102, 'Добрянка');
insert into "Cities"("Id", "RegionId", "Name") values (2700, 102, 'Замглай');
insert into "Cities"("Id", "RegionId", "Name") values (2701, 102, 'Ичня');
insert into "Cities"("Id", "RegionId", "Name") values (2702, 102, 'Козелец');
insert into "Cities"("Id", "RegionId", "Name") values (2703, 102, 'Короп');
insert into "Cities"("Id", "RegionId", "Name") values (2704, 102, 'Корюковка');
insert into "Cities"("Id", "RegionId", "Name") values (2705, 102, 'Куликовка');
insert into "Cities"("Id", "RegionId", "Name") values (2706, 102, 'Мена');
insert into "Cities"("Id", "RegionId", "Name") values (2707, 102, 'Нежин');
insert into "Cities"("Id", "RegionId", "Name") values (2708, 102, 'Новгород Северский');
insert into "Cities"("Id", "RegionId", "Name") values (2709, 102, 'Носовка');
insert into "Cities"("Id", "RegionId", "Name") values (2710, 102, 'Прилуки');
insert into "Cities"("Id", "RegionId", "Name") values (2711, 102, 'Припять');
insert into "Cities"("Id", "RegionId", "Name") values (2712, 102, 'Репки');
insert into "Cities"("Id", "RegionId", "Name") values (2713, 102, 'Семеновка');
insert into "Cities"("Id", "RegionId", "Name") values (2714, 102, 'Сосница');
insert into "Cities"("Id", "RegionId", "Name") values (2715, 102, 'Талалаевка');
insert into "Cities"("Id", "RegionId", "Name") values (2716, 102, 'Чернигов');
insert into "Cities"("Id", "RegionId", "Name") values (2717, 102, 'Щорс');
insert into "Cities"("Id", "RegionId", "Name") values (2718, 163, 'Alto Verde');
insert into "Cities"("Id", "RegionId", "Name") values (2719, 163, 'Barcala');
insert into "Cities"("Id", "RegionId", "Name") values (2720, 163, 'Buena Nueva');
insert into "Cities"("Id", "RegionId", "Name") values (2721, 163, 'General Alvear');
insert into "Cities"("Id", "RegionId", "Name") values (2722, 163, 'Guaymalln');
insert into "Cities"("Id", "RegionId", "Name") values (2723, 163, 'La Consulta');
insert into "Cities"("Id", "RegionId", "Name") values (2724, 163, 'La Mora');
insert into "Cities"("Id", "RegionId", "Name") values (2725, 163, 'Maip');
insert into "Cities"("Id", "RegionId", "Name") values (2726, 163, 'Mendoza');
insert into "Cities"("Id", "RegionId", "Name") values (2727, 163, 'San Rafael');
insert into "Cities"("Id", "RegionId", "Name") values (2728, 163, 'Tunuyn');
insert into "Cities"("Id", "RegionId", "Name") values (2729, 186, 'Agdzhakishlag');
insert into "Cities"("Id", "RegionId", "Name") values (2730, 186, 'Aj''''ap''''nyak');
insert into "Cities"("Id", "RegionId", "Name") values (2731, 186, 'Akhtanak');
insert into "Cities"("Id", "RegionId", "Name") values (2732, 186, 'Anastasavan');
insert into "Cities"("Id", "RegionId", "Name") values (2733, 186, 'Arabkir');
insert into "Cities"("Id", "RegionId", "Name") values (2734, 186, 'Avan');
insert into "Cities"("Id", "RegionId", "Name") values (2735, 186, 'Avan-Arrinj');
insert into "Cities"("Id", "RegionId", "Name") values (2736, 186, 'Ayrivan');
insert into "Cities"("Id", "RegionId", "Name") values (2737, 186, 'Charbakh');
insert into "Cities"("Id", "RegionId", "Name") values (2738, 186, 'Dzhrashen');
insert into "Cities"("Id", "RegionId", "Name") values (2739, 186, 'Erebuni');
insert into "Cities"("Id", "RegionId", "Name") values (2740, 186, 'Ereun');
insert into "Cities"("Id", "RegionId", "Name") values (2741, 186, 'Erevan');
insert into "Cities"("Id", "RegionId", "Name") values (2742, 186, 'Erewan');
insert into "Cities"("Id", "RegionId", "Name") values (2743, 186, 'Erivan');
insert into "Cities"("Id", "RegionId", "Name") values (2744, 186, 'Haght''''anak');
insert into "Cities"("Id", "RegionId", "Name") values (2745, 186, 'Imeni Shaumyana');
insert into "Cities"("Id", "RegionId", "Name") values (2746, 186, 'Imeni Tairova');
insert into "Cities"("Id", "RegionId", "Name") values (2747, 186, 'Iravan');
insert into "Cities"("Id", "RegionId", "Name") values (2748, 186, 'Jrvezh');
insert into "Cities"("Id", "RegionId", "Name") values (2749, 186, 'Kanaker');
insert into "Cities"("Id", "RegionId", "Name") values (2750, 186, 'Kanakeravan');
insert into "Cities"("Id", "RegionId", "Name") values (2751, 186, 'Kond');
insert into "Cities"("Id", "RegionId", "Name") values (2752, 186, 'Malatiya');
insert into "Cities"("Id", "RegionId", "Name") values (2753, 186, 'Nor Arabkir');
insert into "Cities"("Id", "RegionId", "Name") values (2754, 186, 'Nor Aresh');
insert into "Cities"("Id", "RegionId", "Name") values (2755, 186, 'Nor Byut''''ania');
insert into "Cities"("Id", "RegionId", "Name") values (2756, 186, 'Nor Marash');
insert into "Cities"("Id", "RegionId", "Name") values (2757, 186, 'Nor Nork''''');
insert into "Cities"("Id", "RegionId", "Name") values (2758, 186, 'Nor Zeyt''''un');
insert into "Cities"("Id", "RegionId", "Name") values (2759, 186, 'Nor-Norka');
insert into "Cities"("Id", "RegionId", "Name") values (2760, 186, 'Noragavit''''');
insert into "Cities"("Id", "RegionId", "Name") values (2761, 186, 'Nork''''');
insert into "Cities"("Id", "RegionId", "Name") values (2762, 186, 'Nubarashen');
insert into "Cities"("Id", "RegionId", "Name") values (2763, 186, 'Sari Tag');
insert into "Cities"("Id", "RegionId", "Name") values (2764, 186, 'Sarit''''agh');
insert into "Cities"("Id", "RegionId", "Name") values (2765, 186, 'Shahumyan');
insert into "Cities"("Id", "RegionId", "Name") values (2766, 186, 'Shaumyan');
insert into "Cities"("Id", "RegionId", "Name") values (2767, 186, 'Shengavit');
insert into "Cities"("Id", "RegionId", "Name") values (2768, 186, 'Sovetashen');
insert into "Cities"("Id", "RegionId", "Name") values (2769, 186, 'Spandaryan');
insert into "Cities"("Id", "RegionId", "Name") values (2770, 186, 'Tolk');
insert into "Cities"("Id", "RegionId", "Name") values (2771, 186, 'Vardadzor');
insert into "Cities"("Id", "RegionId", "Name") values (2772, 186, 'Vardashen');
insert into "Cities"("Id", "RegionId", "Name") values (2773, 186, 'Verin Ch''''arbakh');
insert into "Cities"("Id", "RegionId", "Name") values (2774, 186, 'YenIdzha');
insert into "Cities"("Id", "RegionId", "Name") values (2775, 186, 'Yerevan');
insert into "Cities"("Id", "RegionId", "Name") values (2776, 186, 'Zeytun');
insert into "Cities"("Id", "RegionId", "Name") values (2777, 197, 'Березино');
insert into "Cities"("Id", "RegionId", "Name") values (2778, 197, 'Бобр');
insert into "Cities"("Id", "RegionId", "Name") values (2779, 197, 'Борисов');
insert into "Cities"("Id", "RegionId", "Name") values (2780, 197, 'Вилейка');
insert into "Cities"("Id", "RegionId", "Name") values (2781, 197, 'Воложин');
insert into "Cities"("Id", "RegionId", "Name") values (2782, 197, 'Городея');
insert into "Cities"("Id", "RegionId", "Name") values (2783, 197, 'Дзержинск');
insert into "Cities"("Id", "RegionId", "Name") values (2784, 197, 'Жодино');
insert into "Cities"("Id", "RegionId", "Name") values (2785, 197, 'Заславль');
insert into "Cities"("Id", "RegionId", "Name") values (2786, 197, 'Зеленый Бор');
insert into "Cities"("Id", "RegionId", "Name") values (2787, 197, 'Ивенец');
insert into "Cities"("Id", "RegionId", "Name") values (2788, 197, 'Клецк');
insert into "Cities"("Id", "RegionId", "Name") values (2789, 197, 'Копыль');
insert into "Cities"("Id", "RegionId", "Name") values (2790, 197, 'Крупки');
insert into "Cities"("Id", "RegionId", "Name") values (2791, 197, 'Логойск');
insert into "Cities"("Id", "RegionId", "Name") values (2792, 197, 'Любань');
insert into "Cities"("Id", "RegionId", "Name") values (2793, 197, 'Марьина Горка');
insert into "Cities"("Id", "RegionId", "Name") values (2794, 197, 'Минск');
insert into "Cities"("Id", "RegionId", "Name") values (2795, 197, 'Молодечно');
insert into "Cities"("Id", "RegionId", "Name") values (2796, 197, 'Мядель');
insert into "Cities"("Id", "RegionId", "Name") values (2797, 197, 'Несвиж');
insert into "Cities"("Id", "RegionId", "Name") values (2798, 197, 'Слуцк');
insert into "Cities"("Id", "RegionId", "Name") values (2799, 197, 'Смолевичи');
insert into "Cities"("Id", "RegionId", "Name") values (2800, 197, 'Солигорск');
insert into "Cities"("Id", "RegionId", "Name") values (2801, 197, 'Старые Дороги');
insert into "Cities"("Id", "RegionId", "Name") values (2802, 197, 'Столбцы');
insert into "Cities"("Id", "RegionId", "Name") values (2803, 197, 'Узда');
insert into "Cities"("Id", "RegionId", "Name") values (2804, 197, 'Фаниполь');
insert into "Cities"("Id", "RegionId", "Name") values (2805, 197, 'Червень');
insert into "Cities"("Id", "RegionId", "Name") values (2806, 202, 'Bruxelles');
insert into "Cities"("Id", "RegionId", "Name") values (2807, 212, 'Гамильтон');
insert into "Regions"("Id", "CountryId", "Name") values (213, 26, 'Blagoevgrad');
insert into "Regions"("Id", "CountryId", "Name") values (214, 26, 'Burgas');
insert into "Regions"("Id", "CountryId", "Name") values (215, 26, 'Dobrich');
insert into "Regions"("Id", "CountryId", "Name") values (216, 26, 'Gabrovo');
insert into "Regions"("Id", "CountryId", "Name") values (217, 26, 'Grad Sofiya');
insert into "Regions"("Id", "CountryId", "Name") values (218, 26, 'Khaskovo');
insert into "Regions"("Id", "CountryId", "Name") values (219, 26, 'Kurdzhali');
insert into "Regions"("Id", "CountryId", "Name") values (220, 26, 'Kyustendil');
insert into "Regions"("Id", "CountryId", "Name") values (221, 26, 'Lovech');
insert into "Regions"("Id", "CountryId", "Name") values (222, 26, 'Montana');
insert into "Regions"("Id", "CountryId", "Name") values (223, 26, 'None');
insert into "Regions"("Id", "CountryId", "Name") values (224, 26, 'Pazardzhik');
insert into "Regions"("Id", "CountryId", "Name") values (225, 26, 'Pernik');
insert into "Regions"("Id", "CountryId", "Name") values (226, 26, 'Pleven');
insert into "Regions"("Id", "CountryId", "Name") values (227, 26, 'Plovdiv');
insert into "Regions"("Id", "CountryId", "Name") values (228, 26, 'Razgrad');
insert into "Regions"("Id", "CountryId", "Name") values (229, 26, 'Ruse');
insert into "Regions"("Id", "CountryId", "Name") values (230, 26, 'Shumen');
insert into "Regions"("Id", "CountryId", "Name") values (231, 26, 'Silistra');
insert into "Regions"("Id", "CountryId", "Name") values (232, 26, 'Sliven');
insert into "Regions"("Id", "CountryId", "Name") values (233, 26, 'Smolyan');
insert into "Regions"("Id", "CountryId", "Name") values (234, 26, 'Sofiya');
insert into "Regions"("Id", "CountryId", "Name") values (235, 26, 'Stara Zagora');
insert into "Regions"("Id", "CountryId", "Name") values (236, 26, 'Turgovishte');
insert into "Regions"("Id", "CountryId", "Name") values (237, 26, 'Varna');
insert into "Regions"("Id", "CountryId", "Name") values (238, 26, 'Veliko Turnovo');
insert into "Regions"("Id", "CountryId", "Name") values (239, 26, 'Idin');
insert into "Regions"("Id", "CountryId", "Name") values (240, 26, 'Vratsa');
insert into "Regions"("Id", "CountryId", "Name") values (241, 26, 'Yambol');
insert into "Cities"("Id", "RegionId", "Name") values (2808, 26, 'Кикнур');
insert into "Cities"("Id", "RegionId", "Name") values (2809, 26, 'Кильмезь');
insert into "Cities"("Id", "RegionId", "Name") values (2810, 26, 'Арбаж');
insert into "Cities"("Id", "RegionId", "Name") values (2811, 26, 'Аркуль');
insert into "Cities"("Id", "RegionId", "Name") values (2812, 26, 'Белая Холуница');
insert into "Cities"("Id", "RegionId", "Name") values (2813, 26, 'Богородское (Кировская обл.)');
insert into "Cities"("Id", "RegionId", "Name") values (2814, 26, 'Боровой');
insert into "Cities"("Id", "RegionId", "Name") values (2815, 26, 'Верхошижемье');
insert into "Cities"("Id", "RegionId", "Name") values (2816, 26, 'Вятские Поляны (Кировская обл.)');
insert into "Cities"("Id", "RegionId", "Name") values (2817, 26, 'Зуевка');
insert into "Cities"("Id", "RegionId", "Name") values (2818, 26, 'Каринторф');
insert into "Cities"("Id", "RegionId", "Name") values (2819, 26, 'Киров (Кировская обл.)');
insert into "Cities"("Id", "RegionId", "Name") values (2820, 26, 'Кирово-Чепецк');
insert into "Cities"("Id", "RegionId", "Name") values (2821, 26, 'Кирс');
insert into "Cities"("Id", "RegionId", "Name") values (2822, 26, 'Кобра');
insert into "Cities"("Id", "RegionId", "Name") values (2823, 26, 'Котельнич');
insert into "Cities"("Id", "RegionId", "Name") values (2824, 26, 'Кумены');
insert into "Cities"("Id", "RegionId", "Name") values (2825, 26, 'Ленинское');
insert into "Cities"("Id", "RegionId", "Name") values (2826, 26, 'Луза');
insert into "Cities"("Id", "RegionId", "Name") values (2827, 26, 'Малмыж');
insert into "Cities"("Id", "RegionId", "Name") values (2828, 26, 'Мураши');
insert into "Cities"("Id", "RegionId", "Name") values (2829, 26, 'Нагорск');
insert into "Cities"("Id", "RegionId", "Name") values (2830, 26, 'Нема');
insert into "Cities"("Id", "RegionId", "Name") values (2831, 26, 'Нововятск');
insert into "Cities"("Id", "RegionId", "Name") values (2832, 26, 'Нолинск');
insert into "Cities"("Id", "RegionId", "Name") values (2833, 26, 'Омутнинск');
insert into "Cities"("Id", "RegionId", "Name") values (2834, 26, 'Опарино');
insert into "Cities"("Id", "RegionId", "Name") values (2835, 26, 'Оричи');
insert into "Cities"("Id", "RegionId", "Name") values (2836, 26, 'Пижанка');
insert into "Cities"("Id", "RegionId", "Name") values (2837, 26, 'Подосиновец');
insert into "Cities"("Id", "RegionId", "Name") values (2838, 26, 'Санчурск');
insert into "Cities"("Id", "RegionId", "Name") values (2839, 26, 'Свеча');
insert into "Cities"("Id", "RegionId", "Name") values (2840, 26, 'Слободской');
insert into "Cities"("Id", "RegionId", "Name") values (2841, 26, 'Советск (Кировская обл.)');
insert into "Cities"("Id", "RegionId", "Name") values (2842, 26, 'Суна');
insert into "Cities"("Id", "RegionId", "Name") values (2843, 26, 'Тужа');
insert into "Cities"("Id", "RegionId", "Name") values (2844, 26, 'Уни');
insert into "Cities"("Id", "RegionId", "Name") values (2845, 26, 'Уржум');
insert into "Cities"("Id", "RegionId", "Name") values (2846, 26, 'Фаленки');
insert into "Cities"("Id", "RegionId", "Name") values (2847, 26, 'Халтурин');
insert into "Cities"("Id", "RegionId", "Name") values (2848, 26, 'Юрья');
insert into "Cities"("Id", "RegionId", "Name") values (2849, 26, 'Яранск');
insert into "Cities"("Id", "RegionId", "Name") values (2850, 103, 'Берегомет');
insert into "Cities"("Id", "RegionId", "Name") values (2851, 103, 'Вашковцы');
insert into "Cities"("Id", "RegionId", "Name") values (2852, 103, 'Вижница');
insert into "Cities"("Id", "RegionId", "Name") values (2853, 103, 'Герца');
insert into "Cities"("Id", "RegionId", "Name") values (2854, 103, 'Глыбокая');
insert into "Cities"("Id", "RegionId", "Name") values (2855, 103, 'Заставна');
insert into "Cities"("Id", "RegionId", "Name") values (2856, 103, 'Кельменцы');
insert into "Cities"("Id", "RegionId", "Name") values (2857, 103, 'Кицмань');
insert into "Cities"("Id", "RegionId", "Name") values (2858, 103, 'Новоселица');
insert into "Cities"("Id", "RegionId", "Name") values (2859, 103, 'Путила');
insert into "Cities"("Id", "RegionId", "Name") values (2860, 103, 'Сокиряны');
insert into "Cities"("Id", "RegionId", "Name") values (2861, 103, 'Сторожинец');
insert into "Cities"("Id", "RegionId", "Name") values (2862, 103, 'Хотин');
insert into "Cities"("Id", "RegionId", "Name") values (2863, 103, 'Черновцы');
insert into "Cities"("Id", "RegionId", "Name") values (2864, 164, 'Barra de Concepcin');
insert into "Cities"("Id", "RegionId", "Name") values (2865, 164, 'Iguaz');
insert into "Cities"("Id", "RegionId", "Name") values (2866, 164, 'Ober');
insert into "Cities"("Id", "RegionId", "Name") values (2867, 164, 'Posadas');
insert into "Cities"("Id", "RegionId", "Name") values (2868, 198, 'Белыничи');
insert into "Cities"("Id", "RegionId", "Name") values (2869, 198, 'Бобруйск');
insert into "Cities"("Id", "RegionId", "Name") values (2870, 198, 'Быхов');
insert into "Cities"("Id", "RegionId", "Name") values (2871, 198, 'Глуск');
insert into "Cities"("Id", "RegionId", "Name") values (2872, 198, 'Глуша');
insert into "Cities"("Id", "RegionId", "Name") values (2873, 198, 'Горки');
insert into "Cities"("Id", "RegionId", "Name") values (2874, 198, 'Гродзянка');
insert into "Cities"("Id", "RegionId", "Name") values (2875, 198, 'Елизово');
insert into "Cities"("Id", "RegionId", "Name") values (2876, 198, 'Кировск');
insert into "Cities"("Id", "RegionId", "Name") values (2877, 198, 'Климовичи');
insert into "Cities"("Id", "RegionId", "Name") values (2878, 198, 'Кличев');
insert into "Cities"("Id", "RegionId", "Name") values (2879, 198, 'Костюковичи');
insert into "Cities"("Id", "RegionId", "Name") values (2880, 198, 'Краснополье');
insert into "Cities"("Id", "RegionId", "Name") values (2881, 198, 'Кричев');
insert into "Cities"("Id", "RegionId", "Name") values (2882, 198, 'Круглое');
insert into "Cities"("Id", "RegionId", "Name") values (2883, 198, 'Могилев');
insert into "Cities"("Id", "RegionId", "Name") values (2884, 198, 'Мстиславль');
insert into "Cities"("Id", "RegionId", "Name") values (2885, 198, 'Осиповичи');
insert into "Cities"("Id", "RegionId", "Name") values (2886, 198, 'Славгород');
insert into "Cities"("Id", "RegionId", "Name") values (2887, 198, 'Хотимск');
insert into "Cities"("Id", "RegionId", "Name") values (2888, 198, 'Чаусы');
insert into "Cities"("Id", "RegionId", "Name") values (2889, 198, 'Чериков');
insert into "Cities"("Id", "RegionId", "Name") values (2890, 198, 'Шклов');
insert into "Cities"("Id", "RegionId", "Name") values (2891, 203, 'Ath');
insert into "Cities"("Id", "RegionId", "Name") values (2892, 203, 'Binche');
insert into "Cities"("Id", "RegionId", "Name") values (2893, 203, 'Charleroi');
insert into "Cities"("Id", "RegionId", "Name") values (2894, 203, 'Chtelet');
insert into "Cities"("Id", "RegionId", "Name") values (2895, 203, 'Comines-Warneton');
insert into "Cities"("Id", "RegionId", "Name") values (2896, 203, 'Courcelles');
insert into "Cities"("Id", "RegionId", "Name") values (2897, 203, 'Dour');
insert into "Cities"("Id", "RegionId", "Name") values (2898, 203, 'Ellezelles');
insert into "Cities"("Id", "RegionId", "Name") values (2899, 203, 'Fleurus');
insert into "Cities"("Id", "RegionId", "Name") values (2900, 203, 'Fontaine-l''''Evque');
insert into "Cities"("Id", "RegionId", "Name") values (2901, 203, 'Frameries');
insert into "Cities"("Id", "RegionId", "Name") values (2902, 203, 'Gerpinnes');
insert into "Cities"("Id", "RegionId", "Name") values (2903, 203, 'La Louvire');
insert into "Cities"("Id", "RegionId", "Name") values (2904, 203, 'Manage');
insert into "Cities"("Id", "RegionId", "Name") values (2905, 203, 'Mons');
insert into "Cities"("Id", "RegionId", "Name") values (2906, 203, 'Mouscron');
insert into "Cities"("Id", "RegionId", "Name") values (2907, 213, 'Bahnhof Pirin');
insert into "Cities"("Id", "RegionId", "Name") values (2908, 213, 'Bansko');
insert into "Cities"("Id", "RegionId", "Name") values (2909, 213, 'Belitsa');
insert into "Cities"("Id", "RegionId", "Name") values (2910, 213, 'Blagoevgrad');
insert into "Cities"("Id", "RegionId", "Name") values (2911, 213, 'Gotse Delchev');
insert into "Cities"("Id", "RegionId", "Name") values (2912, 213, 'Petric');
insert into "Cities"("Id", "RegionId", "Name") values (2913, 213, 'Petrich');
insert into "Cities"("Id", "RegionId", "Name") values (2914, 213, 'Sandanski');
insert into "Cities"("Id", "RegionId", "Name") values (2915, 213, 'Strumyani');
insert into "Regions"("Id", "CountryId", "Name") values (242, 27, 'Chuquisaca');
insert into "Regions"("Id", "CountryId", "Name") values (243, 27, 'Cochabamba');
insert into "Regions"("Id", "CountryId", "Name") values (244, 27, 'El Beni');
insert into "Regions"("Id", "CountryId", "Name") values (245, 27, 'La Paz');
insert into "Regions"("Id", "CountryId", "Name") values (246, 27, 'None');
insert into "Regions"("Id", "CountryId", "Name") values (247, 27, 'Oruro');
insert into "Regions"("Id", "CountryId", "Name") values (248, 27, 'Potos');
insert into "Regions"("Id", "CountryId", "Name") values (249, 27, 'Santa Cruz');
insert into "Cities"("Id", "RegionId", "Name") values (2916, 27, 'Абезь');
insert into "Cities"("Id", "RegionId", "Name") values (2917, 27, 'Адзьвавом');
insert into "Cities"("Id", "RegionId", "Name") values (2918, 27, 'Айкино');
insert into "Cities"("Id", "RegionId", "Name") values (2919, 27, 'Верхняя Инта');
insert into "Cities"("Id", "RegionId", "Name") values (2920, 27, 'Визинга');
insert into "Cities"("Id", "RegionId", "Name") values (2921, 27, 'Водный');
insert into "Cities"("Id", "RegionId", "Name") values (2922, 27, 'Воркута');
insert into "Cities"("Id", "RegionId", "Name") values (2923, 27, 'Вуктыл');
insert into "Cities"("Id", "RegionId", "Name") values (2924, 27, 'Елецкий');
insert into "Cities"("Id", "RegionId", "Name") values (2925, 27, 'Емва');
insert into "Cities"("Id", "RegionId", "Name") values (2926, 27, 'Жешарт');
insert into "Cities"("Id", "RegionId", "Name") values (2927, 27, 'Заполярный');
insert into "Cities"("Id", "RegionId", "Name") values (2928, 27, 'Ижма');
insert into "Cities"("Id", "RegionId", "Name") values (2929, 27, 'Инта');
insert into "Cities"("Id", "RegionId", "Name") values (2930, 27, 'Ираель');
insert into "Cities"("Id", "RegionId", "Name") values (2931, 27, 'Каджером');
insert into "Cities"("Id", "RegionId", "Name") values (2932, 27, 'Кажым');
insert into "Cities"("Id", "RegionId", "Name") values (2933, 27, 'Кожым');
insert into "Cities"("Id", "RegionId", "Name") values (2934, 27, 'Койгородок');
insert into "Cities"("Id", "RegionId", "Name") values (2935, 27, 'Корткерос');
insert into "Cities"("Id", "RegionId", "Name") values (2936, 27, 'Кослан');
insert into "Cities"("Id", "RegionId", "Name") values (2937, 27, 'Микунь');
insert into "Cities"("Id", "RegionId", "Name") values (2938, 27, 'Нижний Одес');
insert into "Cities"("Id", "RegionId", "Name") values (2939, 27, 'Объячево');
insert into "Cities"("Id", "RegionId", "Name") values (2940, 27, 'Печора');
insert into "Cities"("Id", "RegionId", "Name") values (2941, 27, 'Сосногорск');
insert into "Cities"("Id", "RegionId", "Name") values (2942, 27, 'Сыктывкар');
insert into "Cities"("Id", "RegionId", "Name") values (2943, 27, 'Троицко-Печерск');
insert into "Cities"("Id", "RegionId", "Name") values (2944, 27, 'Усинск');
insert into "Cities"("Id", "RegionId", "Name") values (2945, 27, 'Усогорск');
insert into "Cities"("Id", "RegionId", "Name") values (2946, 27, 'Усть-Кулом');
insert into "Cities"("Id", "RegionId", "Name") values (2947, 27, 'Усть-Цильма');
insert into "Cities"("Id", "RegionId", "Name") values (2948, 27, 'Ухта');
insert into "Cities"("Id", "RegionId", "Name") values (2949, 165, 'Astra');
insert into "Cities"("Id", "RegionId", "Name") values (2950, 165, 'Neuqun');
insert into "Cities"("Id", "RegionId", "Name") values (2951, 204, 'Amay');
insert into "Cities"("Id", "RegionId", "Name") values (2952, 204, 'Ans');
insert into "Cities"("Id", "RegionId", "Name") values (2953, 204, 'Awans');
insert into "Cities"("Id", "RegionId", "Name") values (2954, 204, 'Aywaille');
insert into "Cities"("Id", "RegionId", "Name") values (2955, 204, 'Baelen');
insert into "Cities"("Id", "RegionId", "Name") values (2956, 204, 'Berloz');
insert into "Cities"("Id", "RegionId", "Name") values (2957, 204, 'Brunehaut');
insert into "Cities"("Id", "RegionId", "Name") values (2958, 204, 'Bllingen');
insert into "Cities"("Id", "RegionId", "Name") values (2959, 204, 'Celles');
insert into "Cities"("Id", "RegionId", "Name") values (2960, 204, 'Chaudfontaine');
insert into "Cities"("Id", "RegionId", "Name") values (2961, 204, 'Dison');
insert into "Cities"("Id", "RegionId", "Name") values (2962, 204, 'Eupen');
insert into "Cities"("Id", "RegionId", "Name") values (2963, 204, 'Kelmis');
insert into "Cities"("Id", "RegionId", "Name") values (2964, 204, 'Lige');
insert into "Cities"("Id", "RegionId", "Name") values (2965, 204, 'Malmedy');
insert into "Cities"("Id", "RegionId", "Name") values (2966, 204, 'Oreye');
insert into "Cities"("Id", "RegionId", "Name") values (2967, 204, 'Raeren');
insert into "Cities"("Id", "RegionId", "Name") values (2968, 204, 'Saint-Nicolas');
insert into "Cities"("Id", "RegionId", "Name") values (2969, 204, 'Sankt Vith');
insert into "Cities"("Id", "RegionId", "Name") values (2970, 204, 'Spa');
insert into "Cities"("Id", "RegionId", "Name") values (2971, 204, 'Tournai');
insert into "Cities"("Id", "RegionId", "Name") values (2972, 204, 'Verviers');
insert into "Cities"("Id", "RegionId", "Name") values (2973, 204, 'Waimes');
insert into "Cities"("Id", "RegionId", "Name") values (2974, 214, 'Abdioglu K''''oy');
insert into "Cities"("Id", "RegionId", "Name") values (2975, 214, 'Abtarazak');
insert into "Cities"("Id", "RegionId", "Name") values (2976, 214, 'Achlare');
insert into "Cities"("Id", "RegionId", "Name") values (2977, 214, 'Achtopol');
insert into "Cities"("Id", "RegionId", "Name") values (2978, 214, 'Aclari');
insert into "Cities"("Id", "RegionId", "Name") values (2979, 214, 'Aclart');
insert into "Cities"("Id", "RegionId", "Name") values (2980, 214, 'Ahiolo');
insert into "Cities"("Id", "RegionId", "Name") values (2981, 214, 'Aitos');
insert into "Cities"("Id", "RegionId", "Name") values (2982, 214, 'Ajtos');
insert into "Cities"("Id", "RegionId", "Name") values (2983, 214, 'Balgari');
insert into "Cities"("Id", "RegionId", "Name") values (2984, 214, 'Bourgas');
insert into "Cities"("Id", "RegionId", "Name") values (2985, 214, 'Burgas');
insert into "Cities"("Id", "RegionId", "Name") values (2986, 214, 'Burgaz');
insert into "Cities"("Id", "RegionId", "Name") values (2987, 214, 'Burghaz');
insert into "Cities"("Id", "RegionId", "Name") values (2988, 214, 'Cerni Vruch');
insert into "Cities"("Id", "RegionId", "Name") values (2989, 214, 'Chernomorets');
insert into "Cities"("Id", "RegionId", "Name") values (2990, 214, 'Chibuklii');
insert into "Cities"("Id", "RegionId", "Name") values (2991, 214, 'Gyulyuvitsa');
insert into "Cities"("Id", "RegionId", "Name") values (2992, 214, 'Kameno');
insert into "Cities"("Id", "RegionId", "Name") values (2993, 214, 'Karnabat');
insert into "Cities"("Id", "RegionId", "Name") values (2994, 214, 'Karnobat');
insert into "Cities"("Id", "RegionId", "Name") values (2995, 214, 'Losenez');
insert into "Cities"("Id", "RegionId", "Name") values (2996, 214, 'Nesebar');
insert into "Cities"("Id", "RegionId", "Name") values (2997, 214, 'Neseber');
insert into "Cities"("Id", "RegionId", "Name") values (2998, 214, 'Nesebr');
insert into "Cities"("Id", "RegionId", "Name") values (2999, 214, 'Nessebar');
insert into "Cities"("Id", "RegionId", "Name") values (3000, 214, 'Obzor');
insert into "Cities"("Id", "RegionId", "Name") values (3001, 214, 'Pomorie');
insert into "Cities"("Id", "RegionId", "Name") values (3002, 214, 'Pomoriye');
insert into "Cities"("Id", "RegionId", "Name") values (3003, 214, 'Primorsko');
insert into "Cities"("Id", "RegionId", "Name") values (3004, 214, 'Sarafovo');
insert into "Cities"("Id", "RegionId", "Name") values (3005, 214, 'Sarefovo');
insert into "Cities"("Id", "RegionId", "Name") values (3006, 214, 'Sizopol');
insert into "Cities"("Id", "RegionId", "Name") values (3007, 214, 'Sosopol');
insert into "Cities"("Id", "RegionId", "Name") values (3008, 214, 'Sozopol');
insert into "Cities"("Id", "RegionId", "Name") values (3009, 214, 'Sveti Vlas');
insert into "Cities"("Id", "RegionId", "Name") values (3010, 242, 'Alcautal');
insert into "Cities"("Id", "RegionId", "Name") values (3011, 242, 'Algodonal');
insert into "Cities"("Id", "RegionId", "Name") values (3012, 242, 'Allangua');
insert into "Cities"("Id", "RegionId", "Name") values (3013, 242, 'Amachuma');
insert into "Cities"("Id", "RegionId", "Name") values (3014, 242, 'Ciudad Sucre');
insert into "Regions"("Id", "CountryId", "Name") values (250, 28, 'Federation of Bosnia and Herzegovina');
insert into "Regions"("Id", "CountryId", "Name") values (251, 28, 'None');
insert into "Regions"("Id", "CountryId", "Name") values (252, 28, 'Republika Srpska');
insert into "Cities"("Id", "RegionId", "Name") values (3015, 28, 'Антропово');
insert into "Cities"("Id", "RegionId", "Name") values (3016, 28, 'Боговарово');
insert into "Cities"("Id", "RegionId", "Name") values (3017, 28, 'Буй');
insert into "Cities"("Id", "RegionId", "Name") values (3018, 28, 'Волгореченск');
insert into "Cities"("Id", "RegionId", "Name") values (3019, 28, 'Галич');
insert into "Cities"("Id", "RegionId", "Name") values (3020, 28, 'Горчуха');
insert into "Cities"("Id", "RegionId", "Name") values (3021, 28, 'Зебляки');
insert into "Cities"("Id", "RegionId", "Name") values (3022, 28, 'Кадый');
insert into "Cities"("Id", "RegionId", "Name") values (3023, 28, 'Кологрив');
insert into "Cities"("Id", "RegionId", "Name") values (3024, 28, 'Кострома');
insert into "Cities"("Id", "RegionId", "Name") values (3025, 28, 'Красное-на-Волге');
insert into "Cities"("Id", "RegionId", "Name") values (3026, 28, 'Макарьев');
insert into "Cities"("Id", "RegionId", "Name") values (3027, 28, 'Мантурово');
insert into "Cities"("Id", "RegionId", "Name") values (3028, 28, 'Нерехта');
insert into "Cities"("Id", "RegionId", "Name") values (3029, 28, 'Нея');
insert into "Cities"("Id", "RegionId", "Name") values (3030, 28, 'Островское');
insert into "Cities"("Id", "RegionId", "Name") values (3031, 28, 'Павино');
insert into "Cities"("Id", "RegionId", "Name") values (3032, 28, 'Парфентьево');
insert into "Cities"("Id", "RegionId", "Name") values (3033, 28, 'Поназырево');
insert into "Cities"("Id", "RegionId", "Name") values (3034, 28, 'Солигалич');
insert into "Cities"("Id", "RegionId", "Name") values (3035, 28, 'Судиславль');
insert into "Cities"("Id", "RegionId", "Name") values (3036, 28, 'Сусанино');
insert into "Cities"("Id", "RegionId", "Name") values (3037, 28, 'Чухлома');
insert into "Cities"("Id", "RegionId", "Name") values (3038, 28, 'Шарья');
insert into "Cities"("Id", "RegionId", "Name") values (3039, 28, 'Шемятино');
insert into "Cities"("Id", "RegionId", "Name") values (3040, 166, 'Allen');
insert into "Cities"("Id", "RegionId", "Name") values (3041, 166, 'Bariloche');
insert into "Cities"("Id", "RegionId", "Name") values (3042, 166, 'Benjamn Zorrilla');
insert into "Cities"("Id", "RegionId", "Name") values (3043, 166, 'Boliche');
insert into "Cities"("Id", "RegionId", "Name") values (3044, 166, 'General Roca');
insert into "Cities"("Id", "RegionId", "Name") values (3045, 166, 'Viedma');
insert into "Cities"("Id", "RegionId", "Name") values (3046, 166, 'Villa Regina');
insert into "Cities"("Id", "RegionId", "Name") values (3047, 205, 'Alken');
insert into "Cities"("Id", "RegionId", "Name") values (3048, 205, 'As');
insert into "Cities"("Id", "RegionId", "Name") values (3049, 205, 'Beringen');
insert into "Cities"("Id", "RegionId", "Name") values (3050, 205, 'Bilzen');
insert into "Cities"("Id", "RegionId", "Name") values (3051, 205, 'Borgloon');
insert into "Cities"("Id", "RegionId", "Name") values (3052, 205, 'Bree');
insert into "Cities"("Id", "RegionId", "Name") values (3053, 205, 'Dilsen-Stokkem');
insert into "Cities"("Id", "RegionId", "Name") values (3054, 205, 'Halen');
insert into "Cities"("Id", "RegionId", "Name") values (3055, 205, 'Ham');
insert into "Cities"("Id", "RegionId", "Name") values (3056, 205, 'Hasselt');
insert into "Cities"("Id", "RegionId", "Name") values (3057, 205, 'Heers');
insert into "Cities"("Id", "RegionId", "Name") values (3058, 205, 'Heusden-Zolder');
insert into "Cities"("Id", "RegionId", "Name") values (3059, 205, 'Hoeselt');
insert into "Cities"("Id", "RegionId", "Name") values (3060, 205, 'Houthalen-Helchteren');
insert into "Cities"("Id", "RegionId", "Name") values (3061, 205, 'Lanaken');
insert into "Cities"("Id", "RegionId", "Name") values (3062, 205, 'Leopoldsburg');
insert into "Cities"("Id", "RegionId", "Name") values (3063, 205, 'Lommel');
insert into "Cities"("Id", "RegionId", "Name") values (3064, 205, 'Lummen');
insert into "Cities"("Id", "RegionId", "Name") values (3065, 205, 'Maaseik');
insert into "Cities"("Id", "RegionId", "Name") values (3066, 205, 'Maasmechelen');
insert into "Cities"("Id", "RegionId", "Name") values (3067, 205, 'Neerpelt');
insert into "Cities"("Id", "RegionId", "Name") values (3068, 205, 'Overpelt');
insert into "Cities"("Id", "RegionId", "Name") values (3069, 205, 'Peer');
insert into "Cities"("Id", "RegionId", "Name") values (3070, 205, 'Sint-TrIden');
insert into "Cities"("Id", "RegionId", "Name") values (3071, 205, 'Tessenderlo');
insert into "Cities"("Id", "RegionId", "Name") values (3072, 205, 'Tongeren');
insert into "Cities"("Id", "RegionId", "Name") values (3073, 205, 'Wellen');
insert into "Cities"("Id", "RegionId", "Name") values (3074, 205, 'Zonhoven');
insert into "Cities"("Id", "RegionId", "Name") values (3075, 215, 'Balchik');
insert into "Cities"("Id", "RegionId", "Name") values (3076, 215, 'Dobric');
insert into "Cities"("Id", "RegionId", "Name") values (3077, 215, 'Dobrich');
insert into "Cities"("Id", "RegionId", "Name") values (3078, 215, 'Dobritch');
insert into "Cities"("Id", "RegionId", "Name") values (3079, 215, 'General Tosevo');
insert into "Cities"("Id", "RegionId", "Name") values (3080, 215, 'Kavarna');
insert into "Cities"("Id", "RegionId", "Name") values (3081, 215, 'Krusari');
insert into "Cities"("Id", "RegionId", "Name") values (3082, 215, 'Krushari');
insert into "Cities"("Id", "RegionId", "Name") values (3083, 243, 'Abra');
insert into "Cities"("Id", "RegionId", "Name") values (3084, 243, 'Andenpampa');
insert into "Cities"("Id", "RegionId", "Name") values (3085, 243, 'Ciudad Cochabamba');
insert into "Cities"("Id", "RegionId", "Name") values (3086, 243, 'Cochabamba');
insert into "Cities"("Id", "RegionId", "Name") values (3087, 243, 'Quillacollo');
insert into "Cities"("Id", "RegionId", "Name") values (3088, 243, 'Sipe Sipe');
insert into "Cities"("Id", "RegionId", "Name") values (3089, 250, 'Abdakovici');
insert into "Cities"("Id", "RegionId", "Name") values (3090, 250, 'Alipasino Polje');
insert into "Cities"("Id", "RegionId", "Name") values (3091, 250, 'Arapi');
insert into "Cities"("Id", "RegionId", "Name") values (3092, 250, 'Jelah');
insert into "Cities"("Id", "RegionId", "Name") values (3093, 250, 'Mandiri');
insert into "Cities"("Id", "RegionId", "Name") values (3094, 250, 'Mostar');
insert into "Cities"("Id", "RegionId", "Name") values (3095, 250, 'Tuzlanska');
insert into "Cities"("Id", "RegionId", "Name") values (3096, 250, 'Visoko');
insert into "Cities"("Id", "RegionId", "Name") values (3097, 250, 'Vitez');
insert into "Cities"("Id", "RegionId", "Name") values (3098, 250, 'Zenica');
insert into "Regions"("Id", "CountryId", "Name") values (253, 29, 'Ботсвана');
insert into "Cities"("Id", "RegionId", "Name") values (3099, 29, 'Абинск');
insert into "Cities"("Id", "RegionId", "Name") values (3100, 29, 'Абрау-Дюрсо');
insert into "Cities"("Id", "RegionId", "Name") values (3101, 29, 'Адлер');
insert into "Cities"("Id", "RegionId", "Name") values (3102, 29, 'Анапа');
insert into "Cities"("Id", "RegionId", "Name") values (3103, 29, 'Апшеронск');
insert into "Cities"("Id", "RegionId", "Name") values (3104, 29, 'Армавир');
insert into "Cities"("Id", "RegionId", "Name") values (3105, 29, 'Архипо-Осиповка');
insert into "Cities"("Id", "RegionId", "Name") values (3106, 29, 'Афипский');
insert into "Cities"("Id", "RegionId", "Name") values (3107, 29, 'Ахтырский');
insert into "Cities"("Id", "RegionId", "Name") values (3108, 29, 'Ачуево');
insert into "Cities"("Id", "RegionId", "Name") values (3109, 29, 'Белая Глина');
insert into "Cities"("Id", "RegionId", "Name") values (3110, 29, 'Белореченск');
insert into "Cities"("Id", "RegionId", "Name") values (3111, 29, 'Верхнебаканский');
insert into "Cities"("Id", "RegionId", "Name") values (3112, 29, 'Выселки');
insert into "Cities"("Id", "RegionId", "Name") values (3113, 29, 'Геленджик');
insert into "Cities"("Id", "RegionId", "Name") values (3114, 29, 'Гиагинская');
insert into "Cities"("Id", "RegionId", "Name") values (3115, 29, 'Горячий Ключ');
insert into "Cities"("Id", "RegionId", "Name") values (3116, 29, 'Гулькевичи');
insert into "Cities"("Id", "RegionId", "Name") values (3117, 29, 'Джубга');
insert into "Cities"("Id", "RegionId", "Name") values (3118, 29, 'Динская');
insert into "Cities"("Id", "RegionId", "Name") values (3119, 29, 'Ейск');
insert into "Cities"("Id", "RegionId", "Name") values (3120, 29, 'Ильский');
insert into "Cities"("Id", "RegionId", "Name") values (3121, 29, 'Кабардинка');
insert into "Cities"("Id", "RegionId", "Name") values (3122, 29, 'Калинино');
insert into "Cities"("Id", "RegionId", "Name") values (3123, 29, 'Калининская');
insert into "Cities"("Id", "RegionId", "Name") values (3124, 29, 'Каменномостский');
insert into "Cities"("Id", "RegionId", "Name") values (3125, 29, 'Каневская');
insert into "Cities"("Id", "RegionId", "Name") values (3126, 29, 'Кореновск');
insert into "Cities"("Id", "RegionId", "Name") values (3127, 29, 'Красноармейская');
insert into "Cities"("Id", "RegionId", "Name") values (3128, 29, 'Краснодар');
insert into "Cities"("Id", "RegionId", "Name") values (3129, 29, 'Кропоткин');
insert into "Cities"("Id", "RegionId", "Name") values (3130, 29, 'Крыловская');
insert into "Cities"("Id", "RegionId", "Name") values (3131, 29, 'Крымск');
insert into "Cities"("Id", "RegionId", "Name") values (3132, 29, 'Курганинск');
insert into "Cities"("Id", "RegionId", "Name") values (3133, 29, 'Кущевская');
insert into "Cities"("Id", "RegionId", "Name") values (3134, 29, 'Лабинск');
insert into "Cities"("Id", "RegionId", "Name") values (3135, 29, 'Лазаревское');
insert into "Cities"("Id", "RegionId", "Name") values (3136, 29, 'Ленинградская');
insert into "Cities"("Id", "RegionId", "Name") values (3137, 29, 'Майкоп (Краснодарский край)');
insert into "Cities"("Id", "RegionId", "Name") values (3138, 29, 'Мостовской');
insert into "Cities"("Id", "RegionId", "Name") values (3139, 29, 'Новокубанск');
insert into "Cities"("Id", "RegionId", "Name") values (3140, 29, 'Новороссийск');
insert into "Cities"("Id", "RegionId", "Name") values (3141, 29, 'Отрадная');
insert into "Cities"("Id", "RegionId", "Name") values (3142, 29, 'Павловская');
insert into "Cities"("Id", "RegionId", "Name") values (3143, 29, 'Приморско-Ахтарск');
insert into "Cities"("Id", "RegionId", "Name") values (3144, 29, 'Северская');
insert into "Cities"("Id", "RegionId", "Name") values (3145, 29, 'Славянск-на-Кубани');
insert into "Cities"("Id", "RegionId", "Name") values (3146, 29, 'Сочи');
insert into "Cities"("Id", "RegionId", "Name") values (3147, 29, 'Староминская');
insert into "Cities"("Id", "RegionId", "Name") values (3148, 29, 'Старощербиновская');
insert into "Cities"("Id", "RegionId", "Name") values (3149, 29, 'Тбилисская');
insert into "Cities"("Id", "RegionId", "Name") values (3150, 29, 'Темрюк');
insert into "Cities"("Id", "RegionId", "Name") values (3151, 29, 'Тимашевск');
insert into "Cities"("Id", "RegionId", "Name") values (3152, 29, 'Тихорецк');
insert into "Cities"("Id", "RegionId", "Name") values (3153, 29, 'Туапсе');
insert into "Cities"("Id", "RegionId", "Name") values (3154, 29, 'Тульский');
insert into "Cities"("Id", "RegionId", "Name") values (3155, 29, 'Усть-Лабинск');
insert into "Cities"("Id", "RegionId", "Name") values (3156, 29, 'Хадыженск');
insert into "Cities"("Id", "RegionId", "Name") values (3157, 29, 'Хоста');
insert into "Cities"("Id", "RegionId", "Name") values (3158, 29, 'Шовгеновский');
insert into "Cities"("Id", "RegionId", "Name") values (3159, 167, 'Orn');
insert into "Cities"("Id", "RegionId", "Name") values (3160, 206, 'Arlon');
insert into "Cities"("Id", "RegionId", "Name") values (3161, 206, 'Aubange');
insert into "Cities"("Id", "RegionId", "Name") values (3162, 206, 'Bastogne');
insert into "Cities"("Id", "RegionId", "Name") values (3163, 206, 'Bertrix');
insert into "Cities"("Id", "RegionId", "Name") values (3164, 206, 'Bouillon');
insert into "Cities"("Id", "RegionId", "Name") values (3165, 206, 'Chiny');
insert into "Cities"("Id", "RegionId", "Name") values (3166, 206, 'Durbuy');
insert into "Cities"("Id", "RegionId", "Name") values (3167, 206, 'Etalle');
insert into "Cities"("Id", "RegionId", "Name") values (3168, 206, 'Florenville');
insert into "Cities"("Id", "RegionId", "Name") values (3169, 206, 'Habay');
insert into "Cities"("Id", "RegionId", "Name") values (3170, 206, 'La Roche-en-Ardenne');
insert into "Cities"("Id", "RegionId", "Name") values (3171, 206, 'Lglise');
insert into "Cities"("Id", "RegionId", "Name") values (3172, 206, 'Libin');
insert into "Cities"("Id", "RegionId", "Name") values (3173, 206, 'Manhay');
insert into "Cities"("Id", "RegionId", "Name") values (3174, 206, 'Marche-en-Famenne');
insert into "Cities"("Id", "RegionId", "Name") values (3175, 206, 'Messancy');
insert into "Cities"("Id", "RegionId", "Name") values (3176, 206, 'Rendeux');
insert into "Cities"("Id", "RegionId", "Name") values (3177, 206, 'Tellin');
insert into "Cities"("Id", "RegionId", "Name") values (3178, 206, 'Tenneville');
insert into "Cities"("Id", "RegionId", "Name") values (3179, 206, 'Tintigny');
insert into "Cities"("Id", "RegionId", "Name") values (3180, 206, 'Virton');
insert into "Cities"("Id", "RegionId", "Name") values (3181, 206, 'Wellin');
insert into "Cities"("Id", "RegionId", "Name") values (3182, 216, 'Dryanovo');
insert into "Cities"("Id", "RegionId", "Name") values (3183, 216, 'Gabrovo');
insert into "Cities"("Id", "RegionId", "Name") values (3184, 216, 'Gabrowo');
insert into "Cities"("Id", "RegionId", "Name") values (3185, 216, 'Sevlievo');
insert into "Cities"("Id", "RegionId", "Name") values (3186, 216, 'Trevna');
insert into "Cities"("Id", "RegionId", "Name") values (3187, 216, 'Trjavna');
insert into "Cities"("Id", "RegionId", "Name") values (3188, 216, 'Tryavna');
insert into "Cities"("Id", "RegionId", "Name") values (3189, 244, 'Aparejos');
insert into "Cities"("Id", "RegionId", "Name") values (3190, 244, 'Asociega');
insert into "Cities"("Id", "RegionId", "Name") values (3191, 244, 'Libertad');
insert into "Cities"("Id", "RegionId", "Name") values (3192, 251, 'Alici');
insert into "Cities"("Id", "RegionId", "Name") values (3193, 251, 'Begovac');
insert into "Cities"("Id", "RegionId", "Name") values (3194, 251, 'Dobrinja');
insert into "Cities"("Id", "RegionId", "Name") values (3195, 251, 'Kraljevo Polje');
insert into "Cities"("Id", "RegionId", "Name") values (3196, 251, 'Litva');
insert into "Cities"("Id", "RegionId", "Name") values (3197, 251, 'Sarajevo');
insert into "Cities"("Id", "RegionId", "Name") values (3198, 251, 'Tuzla');
insert into "Cities"("Id", "RegionId", "Name") values (3199, 253, 'Габороне');
insert into "Cities"("Id", "RegionId", "Name") values (3200, 253, 'Серове');
insert into "Cities"("Id", "RegionId", "Name") values (3201, 253, 'Шакаве');
insert into "Regions"("Id", "CountryId", "Name") values (254, 30, 'Acre');
insert into "Regions"("Id", "CountryId", "Name") values (255, 30, 'Alagoas');
insert into "Regions"("Id", "CountryId", "Name") values (256, 30, 'Amapa');
insert into "Regions"("Id", "CountryId", "Name") values (257, 30, 'Amazonas');
insert into "Regions"("Id", "CountryId", "Name") values (258, 30, 'Bahia');
insert into "Regions"("Id", "CountryId", "Name") values (259, 30, 'Ceara');
insert into "Regions"("Id", "CountryId", "Name") values (260, 30, 'Distrito Federal');
insert into "Regions"("Id", "CountryId", "Name") values (261, 30, 'Espirito Santo');
insert into "Regions"("Id", "CountryId", "Name") values (262, 30, 'Goias');
insert into "Regions"("Id", "CountryId", "Name") values (263, 30, 'Maranhao');
insert into "Regions"("Id", "CountryId", "Name") values (264, 30, 'Minas Gerais');
insert into "Regions"("Id", "CountryId", "Name") values (265, 30, 'Paraiba');
insert into "Regions"("Id", "CountryId", "Name") values (266, 30, 'Parana');
insert into "Regions"("Id", "CountryId", "Name") values (267, 30, 'Rio de Janeiro');
insert into "Regions"("Id", "CountryId", "Name") values (268, 30, 'Rio Grande do Norte');
insert into "Regions"("Id", "CountryId", "Name") values (269, 30, 'Rio Grande do Sul');
insert into "Regions"("Id", "CountryId", "Name") values (270, 30, 'Rondonia');
insert into "Regions"("Id", "CountryId", "Name") values (271, 30, 'Roraima');
insert into "Regions"("Id", "CountryId", "Name") values (272, 30, 'Santa Catarina');
insert into "Regions"("Id", "CountryId", "Name") values (273, 30, 'Sao Paulo');
insert into "Regions"("Id", "CountryId", "Name") values (274, 30, 'Sergipe');
insert into "Cities"("Id", "RegionId", "Name") values (3202, 30, 'Абаза');
insert into "Cities"("Id", "RegionId", "Name") values (3203, 30, 'Абакан');
insert into "Cities"("Id", "RegionId", "Name") values (3204, 30, 'Агинское');
insert into "Cities"("Id", "RegionId", "Name") values (3205, 30, 'Артемовск');
insert into "Cities"("Id", "RegionId", "Name") values (3206, 30, 'Аскиз');
insert into "Cities"("Id", "RegionId", "Name") values (3207, 30, 'Ачинск');
insert into "Cities"("Id", "RegionId", "Name") values (3208, 30, 'Байкит');
insert into "Cities"("Id", "RegionId", "Name") values (3209, 30, 'Балахта');
insert into "Cities"("Id", "RegionId", "Name") values (3210, 30, 'Балыкса');
insert into "Cities"("Id", "RegionId", "Name") values (3211, 30, 'Белый Яр');
insert into "Cities"("Id", "RegionId", "Name") values (3212, 30, 'Бея');
insert into "Cities"("Id", "RegionId", "Name") values (3213, 30, 'Бискамжа');
insert into "Cities"("Id", "RegionId", "Name") values (3214, 30, 'Боготол');
insert into "Cities"("Id", "RegionId", "Name") values (3215, 30, 'Боград');
insert into "Cities"("Id", "RegionId", "Name") values (3216, 30, 'Богучаны');
insert into "Cities"("Id", "RegionId", "Name") values (3217, 30, 'Большая Мурта');
insert into "Cities"("Id", "RegionId", "Name") values (3218, 30, 'Большой Улуй');
insert into "Cities"("Id", "RegionId", "Name") values (3219, 30, 'Бородино (Красноярский край)');
insert into "Cities"("Id", "RegionId", "Name") values (3220, 30, 'Ванавара');
insert into "Cities"("Id", "RegionId", "Name") values (3221, 30, 'Верхнеимбатск');
insert into "Cities"("Id", "RegionId", "Name") values (3222, 30, 'Горячегорск');
insert into "Cities"("Id", "RegionId", "Name") values (3223, 30, 'Дзержинское');
insert into "Cities"("Id", "RegionId", "Name") values (3224, 30, 'Дивногорск');
insert into "Cities"("Id", "RegionId", "Name") values (3225, 30, 'Диксон');
insert into "Cities"("Id", "RegionId", "Name") values (3226, 30, 'Дудинка');
insert into "Cities"("Id", "RegionId", "Name") values (3227, 30, 'Емельяново');
insert into "Cities"("Id", "RegionId", "Name") values (3228, 30, 'Енисейск');
insert into "Cities"("Id", "RegionId", "Name") values (3229, 30, 'Ермаковское');
insert into "Cities"("Id", "RegionId", "Name") values (3230, 30, 'Железногорск');
insert into "Cities"("Id", "RegionId", "Name") values (3231, 30, 'Заозерный');
insert into "Cities"("Id", "RegionId", "Name") values (3232, 30, 'Зеленогорск (Красноярский край)');
insert into "Cities"("Id", "RegionId", "Name") values (3233, 30, 'Игарка');
insert into "Cities"("Id", "RegionId", "Name") values (3234, 30, 'Идринское');
insert into "Cities"("Id", "RegionId", "Name") values (3235, 30, 'Иланский');
insert into "Cities"("Id", "RegionId", "Name") values (3236, 30, 'Ирбейское');
insert into "Cities"("Id", "RegionId", "Name") values (3237, 30, 'Казачинское (Красноярский край)');
insert into "Cities"("Id", "RegionId", "Name") values (3238, 30, 'Канск');
insert into "Cities"("Id", "RegionId", "Name") values (3239, 30, 'Каратузское');
insert into "Cities"("Id", "RegionId", "Name") values (3240, 30, 'Караул');
insert into "Cities"("Id", "RegionId", "Name") values (3241, 30, 'Кодинск');
insert into "Cities"("Id", "RegionId", "Name") values (3242, 30, 'Козулька');
insert into "Cities"("Id", "RegionId", "Name") values (3243, 30, 'Копьево');
insert into "Cities"("Id", "RegionId", "Name") values (3244, 30, 'Краснотуранск');
insert into "Cities"("Id", "RegionId", "Name") values (3245, 30, 'Красноярск');
insert into "Cities"("Id", "RegionId", "Name") values (3246, 30, 'Курагино');
insert into "Cities"("Id", "RegionId", "Name") values (3247, 30, 'Лесосибирск');
insert into "Cities"("Id", "RegionId", "Name") values (3248, 30, 'Минусинск');
insert into "Cities"("Id", "RegionId", "Name") values (3249, 30, 'Мотыгино');
insert into "Cities"("Id", "RegionId", "Name") values (3250, 30, 'Назарово');
insert into "Cities"("Id", "RegionId", "Name") values (3251, 30, 'Нижний Ингаш');
insert into "Cities"("Id", "RegionId", "Name") values (3252, 30, 'Новоселово');
insert into "Cities"("Id", "RegionId", "Name") values (3253, 30, 'Норильск');
insert into "Cities"("Id", "RegionId", "Name") values (3254, 30, 'Партизанское');
insert into "Cities"("Id", "RegionId", "Name") values (3255, 30, 'Пировское');
insert into "Cities"("Id", "RegionId", "Name") values (3256, 30, 'Северо-Енисейский');
insert into "Cities"("Id", "RegionId", "Name") values (3257, 30, 'Сосновоборск (Красноярский край)');
insert into "Cities"("Id", "RegionId", "Name") values (3258, 30, 'Тасеево');
insert into "Cities"("Id", "RegionId", "Name") values (3259, 30, 'Таштып');
insert into "Cities"("Id", "RegionId", "Name") values (3260, 30, 'Тура');
insert into "Cities"("Id", "RegionId", "Name") values (3261, 30, 'Туруханск');
insert into "Cities"("Id", "RegionId", "Name") values (3262, 30, 'Тюхтет');
insert into "Cities"("Id", "RegionId", "Name") values (3263, 30, 'Ужур');
insert into "Cities"("Id", "RegionId", "Name") values (3264, 30, 'Уяр');
insert into "Cities"("Id", "RegionId", "Name") values (3265, 30, 'Хатанга');
insert into "Cities"("Id", "RegionId", "Name") values (3266, 30, 'Черемушки');
insert into "Cities"("Id", "RegionId", "Name") values (3267, 30, 'Черногорск');
insert into "Cities"("Id", "RegionId", "Name") values (3268, 30, 'Шалинское');
insert into "Cities"("Id", "RegionId", "Name") values (3269, 30, 'Шарыпово (Красноярский край)');
insert into "Cities"("Id", "RegionId", "Name") values (3270, 30, 'Шира');
insert into "Cities"("Id", "RegionId", "Name") values (3271, 30, 'Шушенское');
insert into "Cities"("Id", "RegionId", "Name") values (3272, 168, 'Alto de Sierra');
insert into "Cities"("Id", "RegionId", "Name") values (3273, 168, 'Bella Vista');
insert into "Cities"("Id", "RegionId", "Name") values (3274, 168, 'Rivadavia');
insert into "Cities"("Id", "RegionId", "Name") values (3275, 168, 'Villa Krause');
insert into "Cities"("Id", "RegionId", "Name") values (3276, 207, 'Andenne');
insert into "Cities"("Id", "RegionId", "Name") values (3277, 207, 'Anhe');
insert into "Cities"("Id", "RegionId", "Name") values (3278, 207, 'Cerfontaine');
insert into "Cities"("Id", "RegionId", "Name") values (3279, 207, 'Dinant');
insert into "Cities"("Id", "RegionId", "Name") values (3280, 207, 'Doische');
insert into "Cities"("Id", "RegionId", "Name") values (3281, 207, 'Fosses-la-Ville');
insert into "Cities"("Id", "RegionId", "Name") values (3282, 207, 'Mettet');
insert into "Cities"("Id", "RegionId", "Name") values (3283, 207, 'Namur');
insert into "Cities"("Id", "RegionId", "Name") values (3284, 207, 'Philippeville');
insert into "Cities"("Id", "RegionId", "Name") values (3285, 207, 'Viroinval');
insert into "Cities"("Id", "RegionId", "Name") values (3286, 207, 'Yvoir');
insert into "Cities"("Id", "RegionId", "Name") values (3287, 217, 'Aleksandur Voykov');
insert into "Cities"("Id", "RegionId", "Name") values (3288, 217, 'Banki');
insert into "Cities"("Id", "RegionId", "Name") values (3289, 217, 'Bankia');
insert into "Cities"("Id", "RegionId", "Name") values (3290, 217, 'Bankja');
insert into "Cities"("Id", "RegionId", "Name") values (3291, 217, 'Benkovski');
insert into "Cities"("Id", "RegionId", "Name") values (3292, 217, 'Boyana');
insert into "Cities"("Id", "RegionId", "Name") values (3293, 217, 'Bussmanzi');
insert into "Cities"("Id", "RegionId", "Name") values (3294, 217, 'Celopecene');
insert into "Cities"("Id", "RegionId", "Name") values (3295, 217, 'Gorubljane');
insert into "Cities"("Id", "RegionId", "Name") values (3296, 217, 'Gradska Chast');
insert into "Cities"("Id", "RegionId", "Name") values (3297, 217, 'Obelya');
insert into "Cities"("Id", "RegionId", "Name") values (3298, 217, 'Sofia');
insert into "Cities"("Id", "RegionId", "Name") values (3299, 217, 'Sofija');
insert into "Cities"("Id", "RegionId", "Name") values (3300, 217, 'Sofiya');
insert into "Cities"("Id", "RegionId", "Name") values (3301, 217, 'Yana');
insert into "Cities"("Id", "RegionId", "Name") values (3302, 245, 'Abara');
insert into "Cities"("Id", "RegionId", "Name") values (3303, 245, 'Achacachi');
insert into "Cities"("Id", "RegionId", "Name") values (3304, 245, 'Achicuiri');
insert into "Cities"("Id", "RegionId", "Name") values (3305, 245, 'Achila');
insert into "Cities"("Id", "RegionId", "Name") values (3306, 245, 'Achumani');
insert into "Cities"("Id", "RegionId", "Name") values (3307, 245, 'Caranavi');
insert into "Cities"("Id", "RegionId", "Name") values (3308, 245, 'Ciudad La Paz');
insert into "Cities"("Id", "RegionId", "Name") values (3309, 245, 'La Paz');
insert into "Cities"("Id", "RegionId", "Name") values (3310, 245, 'Pipini');
insert into "Cities"("Id", "RegionId", "Name") values (3311, 245, 'Puerto Rico');
insert into "Cities"("Id", "RegionId", "Name") values (3312, 252, 'Alici');
insert into "Cities"("Id", "RegionId", "Name") values (3313, 252, 'Banialuca');
insert into "Cities"("Id", "RegionId", "Name") values (3314, 252, 'Banja Luka');
insert into "Cities"("Id", "RegionId", "Name") values (3315, 252, 'Bijeljani');
insert into "Cities"("Id", "RegionId", "Name") values (3316, 252, 'Bijeljina');
insert into "Cities"("Id", "RegionId", "Name") values (3317, 252, 'Doboj');
insert into "Cities"("Id", "RegionId", "Name") values (3318, 252, 'Pristina');
insert into "Cities"("Id", "RegionId", "Name") values (3319, 252, 'Srebrnica');
insert into "Cities"("Id", "RegionId", "Name") values (3320, 252, 'Trebinje');
insert into "Cities"("Id", "RegionId", "Name") values (3321, 254, 'Alto Alegre');
insert into "Cities"("Id", "RegionId", "Name") values (3322, 254, 'Athenas');
insert into "Cities"("Id", "RegionId", "Name") values (3323, 254, 'Rio Branco');
insert into "Regions"("Id", "CountryId", "Name") values (275, 31, 'Род-Таун');
insert into "Cities"("Id", "RegionId", "Name") values (3324, 31, 'Варгаши');
insert into "Cities"("Id", "RegionId", "Name") values (3325, 31, 'Глядянское');
insert into "Cities"("Id", "RegionId", "Name") values (3326, 31, 'Далматово');
insert into "Cities"("Id", "RegionId", "Name") values (3327, 31, 'Каргаполье');
insert into "Cities"("Id", "RegionId", "Name") values (3328, 31, 'Катайск');
insert into "Cities"("Id", "RegionId", "Name") values (3329, 31, 'Кетово');
insert into "Cities"("Id", "RegionId", "Name") values (3330, 31, 'Курган');
insert into "Cities"("Id", "RegionId", "Name") values (3331, 31, 'Куртамыш');
insert into "Cities"("Id", "RegionId", "Name") values (3332, 31, 'Лебяжье');
insert into "Cities"("Id", "RegionId", "Name") values (3333, 31, 'Макушино');
insert into "Cities"("Id", "RegionId", "Name") values (3334, 31, 'Мишкино');
insert into "Cities"("Id", "RegionId", "Name") values (3335, 31, 'Мокроусово');
insert into "Cities"("Id", "RegionId", "Name") values (3336, 31, 'Петухово');
insert into "Cities"("Id", "RegionId", "Name") values (3337, 31, 'Половинное');
insert into "Cities"("Id", "RegionId", "Name") values (3338, 31, 'Сафакулево');
insert into "Cities"("Id", "RegionId", "Name") values (3339, 31, 'Целинное');
insert into "Cities"("Id", "RegionId", "Name") values (3340, 31, 'Шадринск');
insert into "Cities"("Id", "RegionId", "Name") values (3341, 31, 'Шатрово');
insert into "Cities"("Id", "RegionId", "Name") values (3342, 31, 'Шумиха');
insert into "Cities"("Id", "RegionId", "Name") values (3343, 31, 'Щучье');
insert into "Cities"("Id", "RegionId", "Name") values (3344, 31, 'Юргамыш');
insert into "Cities"("Id", "RegionId", "Name") values (3345, 169, 'Arizona');
insert into "Cities"("Id", "RegionId", "Name") values (3346, 169, 'Saladillo');
insert into "Cities"("Id", "RegionId", "Name") values (3347, 208, 'Aalst');
insert into "Cities"("Id", "RegionId", "Name") values (3348, 208, 'Berlare');
insert into "Cities"("Id", "RegionId", "Name") values (3349, 208, 'Beveren');
insert into "Cities"("Id", "RegionId", "Name") values (3350, 208, 'De Pinte');
insert into "Cities"("Id", "RegionId", "Name") values (3351, 208, 'Deinze');
insert into "Cities"("Id", "RegionId", "Name") values (3352, 208, 'Denderleeuw');
insert into "Cities"("Id", "RegionId", "Name") values (3353, 208, 'Dendermonde');
insert into "Cities"("Id", "RegionId", "Name") values (3354, 208, 'Erpe-Mere');
insert into "Cities"("Id", "RegionId", "Name") values (3355, 208, 'Gent');
insert into "Cities"("Id", "RegionId", "Name") values (3356, 208, 'Geraardsbergen');
insert into "Cities"("Id", "RegionId", "Name") values (3357, 208, 'Hamme');
insert into "Cities"("Id", "RegionId", "Name") values (3358, 208, 'Lebbeke');
insert into "Cities"("Id", "RegionId", "Name") values (3359, 208, 'Lede');
insert into "Cities"("Id", "RegionId", "Name") values (3360, 208, 'Lierde');
insert into "Cities"("Id", "RegionId", "Name") values (3361, 208, 'Melle');
insert into "Cities"("Id", "RegionId", "Name") values (3362, 208, 'Merelbeke');
insert into "Cities"("Id", "RegionId", "Name") values (3363, 208, 'Ninove');
insert into "Cities"("Id", "RegionId", "Name") values (3364, 208, 'Oudenaarde');
insert into "Cities"("Id", "RegionId", "Name") values (3365, 208, 'Ronse');
insert into "Cities"("Id", "RegionId", "Name") values (3366, 208, 'Sint-Niklaas');
insert into "Cities"("Id", "RegionId", "Name") values (3367, 208, 'Temse');
insert into "Cities"("Id", "RegionId", "Name") values (3368, 218, 'Bakulur');
insert into "Cities"("Id", "RegionId", "Name") values (3369, 218, 'Chaskovo');
insert into "Cities"("Id", "RegionId", "Name") values (3370, 218, 'Derviska-Mogila');
insert into "Cities"("Id", "RegionId", "Name") values (3371, 218, 'Dimitrovgrad');
insert into "Cities"("Id", "RegionId", "Name") values (3372, 218, 'Harmanli');
insert into "Cities"("Id", "RegionId", "Name") values (3373, 218, 'Harmanly');
insert into "Cities"("Id", "RegionId", "Name") values (3374, 218, 'Haskovo');
insert into "Cities"("Id", "RegionId", "Name") values (3375, 218, 'Ivaylovgrad');
insert into "Cities"("Id", "RegionId", "Name") values (3376, 218, 'Khaskovo');
insert into "Cities"("Id", "RegionId", "Name") values (3377, 218, 'Khrastovo');
insert into "Cities"("Id", "RegionId", "Name") values (3378, 218, 'Malevo');
insert into "Cities"("Id", "RegionId", "Name") values (3379, 218, 'Simeonovgrad');
insert into "Cities"("Id", "RegionId", "Name") values (3380, 218, 'Slivengrad');
insert into "Cities"("Id", "RegionId", "Name") values (3381, 218, 'Svilengrad');
insert into "Cities"("Id", "RegionId", "Name") values (3382, 218, 'Svilengrade');
insert into "Cities"("Id", "RegionId", "Name") values (3383, 218, 'Topolowgrad');
insert into "Cities"("Id", "RegionId", "Name") values (3384, 246, 'Yumao');
insert into "Cities"("Id", "RegionId", "Name") values (3385, 255, 'Agreste');
insert into "Cities"("Id", "RegionId", "Name") values (3386, 255, 'Macei');
insert into "Cities"("Id", "RegionId", "Name") values (3387, 275, 'Род-Таун');
insert into "Regions"("Id", "CountryId", "Name") values (276, 32, 'Бруней');
insert into "Cities"("Id", "RegionId", "Name") values (3388, 32, 'Альменево');
insert into "Cities"("Id", "RegionId", "Name") values (3389, 32, 'Белая');
insert into "Cities"("Id", "RegionId", "Name") values (3390, 32, 'Большое Солдатское');
insert into "Cities"("Id", "RegionId", "Name") values (3391, 32, 'Глушково');
insert into "Cities"("Id", "RegionId", "Name") values (3392, 32, 'Горшечное');
insert into "Cities"("Id", "RegionId", "Name") values (3393, 32, 'Дмитриев-Льговский');
insert into "Cities"("Id", "RegionId", "Name") values (3394, 32, 'Железногорск');
insert into "Cities"("Id", "RegionId", "Name") values (3395, 32, 'Золотухино');
insert into "Cities"("Id", "RegionId", "Name") values (3396, 32, 'Касторное');
insert into "Cities"("Id", "RegionId", "Name") values (3397, 32, 'Конышевка');
insert into "Cities"("Id", "RegionId", "Name") values (3398, 32, 'Коренево');
insert into "Cities"("Id", "RegionId", "Name") values (3399, 32, 'Курск');
insert into "Cities"("Id", "RegionId", "Name") values (3400, 32, 'Курчатов');
insert into "Cities"("Id", "RegionId", "Name") values (3401, 32, 'Кшенский');
insert into "Cities"("Id", "RegionId", "Name") values (3402, 32, 'Льгов');
insert into "Cities"("Id", "RegionId", "Name") values (3403, 32, 'Мантурово');
insert into "Cities"("Id", "RegionId", "Name") values (3404, 32, 'Медвенка');
insert into "Cities"("Id", "RegionId", "Name") values (3405, 32, 'Обоянь');
insert into "Cities"("Id", "RegionId", "Name") values (3406, 32, 'Поныри');
insert into "Cities"("Id", "RegionId", "Name") values (3407, 32, 'Пристень');
insert into "Cities"("Id", "RegionId", "Name") values (3408, 32, 'Прямицыно');
insert into "Cities"("Id", "RegionId", "Name") values (3409, 32, 'Рыльск');
insert into "Cities"("Id", "RegionId", "Name") values (3410, 32, 'Суджа');
insert into "Cities"("Id", "RegionId", "Name") values (3411, 32, 'Тим');
insert into "Cities"("Id", "RegionId", "Name") values (3412, 32, 'Фатеж');
insert into "Cities"("Id", "RegionId", "Name") values (3413, 32, 'Хомутовка');
insert into "Cities"("Id", "RegionId", "Name") values (3414, 32, 'Черемисиново');
insert into "Cities"("Id", "RegionId", "Name") values (3415, 32, 'Щигры');
insert into "Cities"("Id", "RegionId", "Name") values (3416, 170, 'Antonio de Biedma');
insert into "Cities"("Id", "RegionId", "Name") values (3417, 170, 'Carrera');
insert into "Cities"("Id", "RegionId", "Name") values (3418, 170, 'El Paso');
insert into "Cities"("Id", "RegionId", "Name") values (3419, 170, 'Estancia La Aragonesa');
insert into "Cities"("Id", "RegionId", "Name") values (3420, 170, 'Ro Gallegos');
insert into "Cities"("Id", "RegionId", "Name") values (3421, 209, 'Asse');
insert into "Cities"("Id", "RegionId", "Name") values (3422, 209, 'Bekkevoort');
insert into "Cities"("Id", "RegionId", "Name") values (3423, 209, 'Diest');
insert into "Cities"("Id", "RegionId", "Name") values (3424, 209, 'Glabbeek');
insert into "Cities"("Id", "RegionId", "Name") values (3425, 209, 'Halle');
insert into "Cities"("Id", "RegionId", "Name") values (3426, 209, 'Herent');
insert into "Cities"("Id", "RegionId", "Name") values (3427, 209, 'Herne');
insert into "Cities"("Id", "RegionId", "Name") values (3428, 209, 'Kapelle-op-den-Bos');
insert into "Cities"("Id", "RegionId", "Name") values (3429, 209, 'Kortenaken');
insert into "Cities"("Id", "RegionId", "Name") values (3430, 209, 'Leuven');
insert into "Cities"("Id", "RegionId", "Name") values (3431, 209, 'Tervuren');
insert into "Cities"("Id", "RegionId", "Name") values (3432, 209, 'Tienen');
insert into "Cities"("Id", "RegionId", "Name") values (3433, 209, 'Vilvoorde');
insert into "Cities"("Id", "RegionId", "Name") values (3434, 209, 'Zaventem');
insert into "Cities"("Id", "RegionId", "Name") values (3435, 209, 'Zemst');
insert into "Cities"("Id", "RegionId", "Name") values (3436, 209, 'Zoutleeuw');
insert into "Cities"("Id", "RegionId", "Name") values (3437, 219, 'Ardino');
insert into "Cities"("Id", "RegionId", "Name") values (3438, 219, 'Kardzhali');
insert into "Cities"("Id", "RegionId", "Name") values (3439, 219, 'Kircaali');
insert into "Cities"("Id", "RegionId", "Name") values (3440, 219, 'Kirdzali');
insert into "Cities"("Id", "RegionId", "Name") values (3441, 219, 'Kirdzalu');
insert into "Cities"("Id", "RegionId", "Name") values (3442, 219, 'Kirjali');
insert into "Cities"("Id", "RegionId", "Name") values (3443, 219, 'Koshu-Kavak');
insert into "Cities"("Id", "RegionId", "Name") values (3444, 219, 'Krdjali');
insert into "Cities"("Id", "RegionId", "Name") values (3445, 219, 'Kroumovgrade');
insert into "Cities"("Id", "RegionId", "Name") values (3446, 219, 'Kurdzali');
insert into "Cities"("Id", "RegionId", "Name") values (3447, 219, 'Mastanl');
insert into "Cities"("Id", "RegionId", "Name") values (3448, 219, 'Momchilgrad');
insert into "Cities"("Id", "RegionId", "Name") values (3449, 247, 'Oruro');
insert into "Cities"("Id", "RegionId", "Name") values (3450, 256, 'Abacate');
insert into "Cities"("Id", "RegionId", "Name") values (3451, 256, 'Amap');
insert into "Cities"("Id", "RegionId", "Name") values (3452, 256, 'Macap');
insert into "Cities"("Id", "RegionId", "Name") values (3453, 276, 'Бандар-Сери-Бегаван');
insert into "Regions"("Id", "CountryId", "Name") values (277, 33, 'Буркина Фасо');
insert into "Cities"("Id", "RegionId", "Name") values (3454, 33, 'Грязи');
insert into "Cities"("Id", "RegionId", "Name") values (3455, 33, 'Данков');
insert into "Cities"("Id", "RegionId", "Name") values (3456, 33, 'Доброе');
insert into "Cities"("Id", "RegionId", "Name") values (3457, 33, 'Долгоруково');
insert into "Cities"("Id", "RegionId", "Name") values (3458, 33, 'Елец');
insert into "Cities"("Id", "RegionId", "Name") values (3459, 33, 'Задонск');
insert into "Cities"("Id", "RegionId", "Name") values (3460, 33, 'Измалково');
insert into "Cities"("Id", "RegionId", "Name") values (3461, 33, 'Казинка');
insert into "Cities"("Id", "RegionId", "Name") values (3462, 33, 'Лебедянь');
insert into "Cities"("Id", "RegionId", "Name") values (3463, 33, 'Лев Толстой');
insert into "Cities"("Id", "RegionId", "Name") values (3464, 33, 'Липецк');
insert into "Cities"("Id", "RegionId", "Name") values (3465, 33, 'Тербуны');
insert into "Cities"("Id", "RegionId", "Name") values (3466, 33, 'Усмань');
insert into "Cities"("Id", "RegionId", "Name") values (3467, 33, 'Хлевное');
insert into "Cities"("Id", "RegionId", "Name") values (3468, 33, 'Чаплыгин');
insert into "Cities"("Id", "RegionId", "Name") values (3469, 171, 'lvarez');
insert into "Cities"("Id", "RegionId", "Name") values (3470, 171, 'Arminda');
insert into "Cities"("Id", "RegionId", "Name") values (3471, 171, 'Rafaela');
insert into "Cities"("Id", "RegionId", "Name") values (3472, 171, 'Rosario');
insert into "Cities"("Id", "RegionId", "Name") values (3473, 171, 'Santa Fe');
insert into "Cities"("Id", "RegionId", "Name") values (3474, 210, 'Ardooie');
insert into "Cities"("Id", "RegionId", "Name") values (3475, 210, 'Beernem');
insert into "Cities"("Id", "RegionId", "Name") values (3476, 210, 'Blankenberge');
insert into "Cities"("Id", "RegionId", "Name") values (3477, 210, 'Bredene');
insert into "Cities"("Id", "RegionId", "Name") values (3478, 210, 'Brugge');
insert into "Cities"("Id", "RegionId", "Name") values (3479, 210, 'De Haan');
insert into "Cities"("Id", "RegionId", "Name") values (3480, 210, 'De Panne');
insert into "Cities"("Id", "RegionId", "Name") values (3481, 210, 'DiksmIde');
insert into "Cities"("Id", "RegionId", "Name") values (3482, 210, 'Harelbeke');
insert into "Cities"("Id", "RegionId", "Name") values (3483, 210, 'Ieper');
insert into "Cities"("Id", "RegionId", "Name") values (3484, 210, 'Izegem');
insert into "Cities"("Id", "RegionId", "Name") values (3485, 210, 'Jabbeke');
insert into "Cities"("Id", "RegionId", "Name") values (3486, 210, 'Knokke-Heist');
insert into "Cities"("Id", "RegionId", "Name") values (3487, 210, 'Koksijde');
insert into "Cities"("Id", "RegionId", "Name") values (3488, 210, 'Kortrijk');
insert into "Cities"("Id", "RegionId", "Name") values (3489, 210, 'Kuurne');
insert into "Cities"("Id", "RegionId", "Name") values (3490, 210, 'Menen');
insert into "Cities"("Id", "RegionId", "Name") values (3491, 210, 'Iddelkerke');
insert into "Cities"("Id", "RegionId", "Name") values (3492, 210, 'Oostende');
insert into "Cities"("Id", "RegionId", "Name") values (3493, 210, 'Oostrozebeke');
insert into "Cities"("Id", "RegionId", "Name") values (3494, 210, 'Pittem');
insert into "Cities"("Id", "RegionId", "Name") values (3495, 210, 'Roeselare');
insert into "Cities"("Id", "RegionId", "Name") values (3496, 210, 'Tielt');
insert into "Cities"("Id", "RegionId", "Name") values (3497, 210, 'Torhout');
insert into "Cities"("Id", "RegionId", "Name") values (3498, 210, 'Veurne');
insert into "Cities"("Id", "RegionId", "Name") values (3499, 210, 'Wervik');
insert into "Cities"("Id", "RegionId", "Name") values (3500, 210, 'Zedelgem');
insert into "Cities"("Id", "RegionId", "Name") values (3501, 210, 'Zonnebeke');
insert into "Cities"("Id", "RegionId", "Name") values (3502, 220, 'Bobov Dol');
insert into "Cities"("Id", "RegionId", "Name") values (3503, 220, 'Dupnitsa');
insert into "Cities"("Id", "RegionId", "Name") values (3504, 220, 'Keustendil');
insert into "Cities"("Id", "RegionId", "Name") values (3505, 220, 'Kioustndil');
insert into "Cities"("Id", "RegionId", "Name") values (3506, 220, 'Kjustendil');
insert into "Cities"("Id", "RegionId", "Name") values (3507, 220, 'Kyustendil');
insert into "Cities"("Id", "RegionId", "Name") values (3508, 248, 'Potos');
insert into "Cities"("Id", "RegionId", "Name") values (3509, 257, 'Abufari');
insert into "Cities"("Id", "RegionId", "Name") values (3510, 257, 'Aru');
insert into "Cities"("Id", "RegionId", "Name") values (3511, 257, 'Axioma');
insert into "Cities"("Id", "RegionId", "Name") values (3512, 277, 'Бобо Диуласо');
insert into "Cities"("Id", "RegionId", "Name") values (3513, 277, 'Уагадугу');
insert into "Regions"("Id", "CountryId", "Name") values (278, 34, 'Бурунди');
insert into "Cities"("Id", "RegionId", "Name") values (3514, 34, 'Анадырь (Магаданская обл.)');
insert into "Cities"("Id", "RegionId", "Name") values (3515, 34, 'Атка');
insert into "Cities"("Id", "RegionId", "Name") values (3516, 34, 'Беринговский');
insert into "Cities"("Id", "RegionId", "Name") values (3517, 34, 'Билибино');
insert into "Cities"("Id", "RegionId", "Name") values (3518, 34, 'Большевик');
insert into "Cities"("Id", "RegionId", "Name") values (3519, 34, 'Ванкарем');
insert into "Cities"("Id", "RegionId", "Name") values (3520, 34, 'Кадыкчан');
insert into "Cities"("Id", "RegionId", "Name") values (3521, 34, 'Лаврентия');
insert into "Cities"("Id", "RegionId", "Name") values (3522, 34, 'Магадан');
insert into "Cities"("Id", "RegionId", "Name") values (3523, 34, 'Мыс Шмидта');
insert into "Cities"("Id", "RegionId", "Name") values (3524, 34, 'Ола');
insert into "Cities"("Id", "RegionId", "Name") values (3525, 34, 'Омсукчан');
insert into "Cities"("Id", "RegionId", "Name") values (3526, 34, 'Палатка');
insert into "Cities"("Id", "RegionId", "Name") values (3527, 34, 'Певек');
insert into "Cities"("Id", "RegionId", "Name") values (3528, 34, 'Провидения');
insert into "Cities"("Id", "RegionId", "Name") values (3529, 34, 'Сеймчан');
insert into "Cities"("Id", "RegionId", "Name") values (3530, 34, 'Синегорье');
insert into "Cities"("Id", "RegionId", "Name") values (3531, 34, 'Сусуман');
insert into "Cities"("Id", "RegionId", "Name") values (3532, 34, 'Усть-Омчуг');
insert into "Cities"("Id", "RegionId", "Name") values (3533, 34, 'Эвенск');
insert into "Cities"("Id", "RegionId", "Name") values (3534, 34, 'Эгвекинот');
insert into "Cities"("Id", "RegionId", "Name") values (3535, 34, 'Ягодное');
insert into "Cities"("Id", "RegionId", "Name") values (3536, 172, 'La Banda');
insert into "Cities"("Id", "RegionId", "Name") values (3537, 221, 'Ablanica');
insert into "Cities"("Id", "RegionId", "Name") values (3538, 221, 'Bahovica');
insert into "Cities"("Id", "RegionId", "Name") values (3539, 221, 'Gradezhnitsa');
insert into "Cities"("Id", "RegionId", "Name") values (3540, 221, 'Letniza');
insert into "Cities"("Id", "RegionId", "Name") values (3541, 221, 'Loukovit');
insert into "Cities"("Id", "RegionId", "Name") values (3542, 221, 'Lovec');
insert into "Cities"("Id", "RegionId", "Name") values (3543, 221, 'Lovech');
insert into "Cities"("Id", "RegionId", "Name") values (3544, 221, 'Lovetch');
insert into "Cities"("Id", "RegionId", "Name") values (3545, 221, 'Lukowit');
insert into "Cities"("Id", "RegionId", "Name") values (3546, 221, 'Teteven');
insert into "Cities"("Id", "RegionId", "Name") values (3547, 221, 'Troan');
insert into "Cities"("Id", "RegionId", "Name") values (3548, 221, 'Trojan');
insert into "Cities"("Id", "RegionId", "Name") values (3549, 221, 'Troyan');
insert into "Cities"("Id", "RegionId", "Name") values (3550, 221, 'Ugarchin');
insert into "Cities"("Id", "RegionId", "Name") values (3551, 249, 'Agua Caliente');
insert into "Cities"("Id", "RegionId", "Name") values (3552, 249, 'Andrs');
insert into "Cities"("Id", "RegionId", "Name") values (3553, 249, 'Arenales');
insert into "Cities"("Id", "RegionId", "Name") values (3554, 249, 'Asabi');
insert into "Cities"("Id", "RegionId", "Name") values (3555, 249, 'Bolvar');
insert into "Cities"("Id", "RegionId", "Name") values (3556, 249, 'Ciudad Santa Cruz');
insert into "Cities"("Id", "RegionId", "Name") values (3557, 249, 'Santa Cruz de la Sierra');
insert into "Cities"("Id", "RegionId", "Name") values (3558, 258, 'Abara');
insert into "Cities"("Id", "RegionId", "Name") values (3559, 258, 'Acari');
insert into "Cities"("Id", "RegionId", "Name") values (3560, 258, 'Barra da Estiva');
insert into "Cities"("Id", "RegionId", "Name") values (3561, 258, 'Lagoa do Boi');
insert into "Cities"("Id", "RegionId", "Name") values (3562, 258, 'Salvador');
insert into "Cities"("Id", "RegionId", "Name") values (3563, 278, 'Бужумбура');
insert into "Regions"("Id", "CountryId", "Name") values (279, 35, 'Бутан');
insert into "Cities"("Id", "RegionId", "Name") values (3564, 35, 'Волжск');
insert into "Cities"("Id", "RegionId", "Name") values (3565, 35, 'Дубовский');
insert into "Cities"("Id", "RegionId", "Name") values (3566, 35, 'Звенигово');
insert into "Cities"("Id", "RegionId", "Name") values (3567, 35, 'Йошкар-Ола');
insert into "Cities"("Id", "RegionId", "Name") values (3568, 35, 'Килемары');
insert into "Cities"("Id", "RegionId", "Name") values (3569, 35, 'Козьмодемьянск');
insert into "Cities"("Id", "RegionId", "Name") values (3570, 35, 'Куженер');
insert into "Cities"("Id", "RegionId", "Name") values (3571, 35, 'Мари-Турек');
insert into "Cities"("Id", "RegionId", "Name") values (3572, 35, 'Медведево');
insert into "Cities"("Id", "RegionId", "Name") values (3573, 35, 'Морки');
insert into "Cities"("Id", "RegionId", "Name") values (3574, 35, 'Новый Торьял');
insert into "Cities"("Id", "RegionId", "Name") values (3575, 35, 'Оршанка');
insert into "Cities"("Id", "RegionId", "Name") values (3576, 35, 'Параньга');
insert into "Cities"("Id", "RegionId", "Name") values (3577, 35, 'Сернур');
insert into "Cities"("Id", "RegionId", "Name") values (3578, 35, 'Советский (Марий Эл)');
insert into "Cities"("Id", "RegionId", "Name") values (3579, 35, 'Юрино');
insert into "Cities"("Id", "RegionId", "Name") values (3580, 173, 'La Sara');
insert into "Cities"("Id", "RegionId", "Name") values (3581, 173, 'Ro Grande');
insert into "Cities"("Id", "RegionId", "Name") values (3582, 173, 'Tolhuin');
insert into "Cities"("Id", "RegionId", "Name") values (3583, 173, 'Ushuaia');
insert into "Cities"("Id", "RegionId", "Name") values (3584, 222, 'Berkovica');
insert into "Cities"("Id", "RegionId", "Name") values (3585, 222, 'Berkovitza');
insert into "Cities"("Id", "RegionId", "Name") values (3586, 222, 'Chiprovtsi');
insert into "Cities"("Id", "RegionId", "Name") values (3587, 222, 'Evdokiya');
insert into "Cities"("Id", "RegionId", "Name") values (3588, 222, 'Lom');
insert into "Cities"("Id", "RegionId", "Name") values (3589, 222, 'Montana');
insert into "Cities"("Id", "RegionId", "Name") values (3590, 222, 'Valtchedram');
insert into "Cities"("Id", "RegionId", "Name") values (3591, 259, 'Acopiara');
insert into "Cities"("Id", "RegionId", "Name") values (3592, 279, 'Тхимпху');
insert into "Regions"("Id", "CountryId", "Name") values (280, 36, 'Мата-Уту');
insert into "Cities"("Id", "RegionId", "Name") values (3593, 36, 'Ардатов');
insert into "Cities"("Id", "RegionId", "Name") values (3594, 36, 'Атюрьево');
insert into "Cities"("Id", "RegionId", "Name") values (3595, 36, 'Атяшево');
insert into "Cities"("Id", "RegionId", "Name") values (3596, 36, 'Большие Березники');
insert into "Cities"("Id", "RegionId", "Name") values (3597, 36, 'Большое Игнатово');
insert into "Cities"("Id", "RegionId", "Name") values (3598, 36, 'Выша');
insert into "Cities"("Id", "RegionId", "Name") values (3599, 36, 'Ельники');
insert into "Cities"("Id", "RegionId", "Name") values (3600, 36, 'Зубова Поляна');
insert into "Cities"("Id", "RegionId", "Name") values (3601, 36, 'Инсар');
insert into "Cities"("Id", "RegionId", "Name") values (3602, 36, 'Кадошкино');
insert into "Cities"("Id", "RegionId", "Name") values (3603, 36, 'Кемля');
insert into "Cities"("Id", "RegionId", "Name") values (3604, 36, 'Ковылкино');
insert into "Cities"("Id", "RegionId", "Name") values (3605, 36, 'Комсомольский (Мордовия)');
insert into "Cities"("Id", "RegionId", "Name") values (3606, 36, 'Кочкурово');
insert into "Cities"("Id", "RegionId", "Name") values (3607, 36, 'Краснослободск');
insert into "Cities"("Id", "RegionId", "Name") values (3608, 36, 'Лямбирь');
insert into "Cities"("Id", "RegionId", "Name") values (3609, 36, 'Ромоданово');
insert into "Cities"("Id", "RegionId", "Name") values (3610, 36, 'Рузаевка');
insert into "Cities"("Id", "RegionId", "Name") values (3611, 36, 'Саранск');
insert into "Cities"("Id", "RegionId", "Name") values (3612, 36, 'Старое Шайгово');
insert into "Cities"("Id", "RegionId", "Name") values (3613, 36, 'Темников');
insert into "Cities"("Id", "RegionId", "Name") values (3614, 36, 'Теньгушево');
insert into "Cities"("Id", "RegionId", "Name") values (3615, 36, 'Торбеево');
insert into "Cities"("Id", "RegionId", "Name") values (3616, 36, 'Чамзинка');
insert into "Cities"("Id", "RegionId", "Name") values (3617, 174, 'Alderetes');
insert into "Cities"("Id", "RegionId", "Name") values (3618, 174, 'San Andrs');
insert into "Cities"("Id", "RegionId", "Name") values (3619, 174, 'San Miguel de Tucumn');
insert into "Cities"("Id", "RegionId", "Name") values (3620, 223, 'Kum Dervent Dere');
insert into "Cities"("Id", "RegionId", "Name") values (3621, 223, 'Simen');
insert into "Cities"("Id", "RegionId", "Name") values (3622, 260, 'Boa Vista');
insert into "Cities"("Id", "RegionId", "Name") values (3623, 260, 'Braslia');
insert into "Cities"("Id", "RegionId", "Name") values (3624, 280, 'Мата-Уту');
insert into "Regions"("Id", "CountryId", "Name") values (281, 37, 'Вануату');
insert into "Cities"("Id", "RegionId", "Name") values (3625, 37, 'Апатиты');
insert into "Cities"("Id", "RegionId", "Name") values (3626, 37, 'Африканда');
insert into "Cities"("Id", "RegionId", "Name") values (3627, 37, 'Верхнетуломский');
insert into "Cities"("Id", "RegionId", "Name") values (3628, 37, 'Видяево');
insert into "Cities"("Id", "RegionId", "Name") values (3629, 37, 'Гаджиево');
insert into "Cities"("Id", "RegionId", "Name") values (3630, 37, 'Заозерск');
insert into "Cities"("Id", "RegionId", "Name") values (3631, 37, 'Заполярный');
insert into "Cities"("Id", "RegionId", "Name") values (3632, 37, 'Зареченск');
insert into "Cities"("Id", "RegionId", "Name") values (3633, 37, 'Зашеек');
insert into "Cities"("Id", "RegionId", "Name") values (3634, 37, 'Зеленоборский');
insert into "Cities"("Id", "RegionId", "Name") values (3635, 37, 'Кандалакша');
insert into "Cities"("Id", "RegionId", "Name") values (3636, 37, 'Кильдинстрой');
insert into "Cities"("Id", "RegionId", "Name") values (3637, 37, 'Кировск');
insert into "Cities"("Id", "RegionId", "Name") values (3638, 37, 'Ковдор');
insert into "Cities"("Id", "RegionId", "Name") values (3639, 37, 'Кола');
insert into "Cities"("Id", "RegionId", "Name") values (3640, 37, 'Конда');
insert into "Cities"("Id", "RegionId", "Name") values (3641, 37, 'Ловозеро');
insert into "Cities"("Id", "RegionId", "Name") values (3642, 37, 'Мончегорск');
insert into "Cities"("Id", "RegionId", "Name") values (3643, 37, 'Мурманск');
insert into "Cities"("Id", "RegionId", "Name") values (3644, 37, 'Мурмаши');
insert into "Cities"("Id", "RegionId", "Name") values (3645, 37, 'Никель');
insert into "Cities"("Id", "RegionId", "Name") values (3646, 37, 'Оленегорск');
insert into "Cities"("Id", "RegionId", "Name") values (3647, 37, 'Полярные Зори');
insert into "Cities"("Id", "RegionId", "Name") values (3648, 37, 'Полярный');
insert into "Cities"("Id", "RegionId", "Name") values (3649, 37, 'Ревда (Мурманская обл.)');
insert into "Cities"("Id", "RegionId", "Name") values (3650, 37, 'Североморск');
insert into "Cities"("Id", "RegionId", "Name") values (3651, 37, 'Снежногорск');
insert into "Cities"("Id", "RegionId", "Name") values (3652, 37, 'Умба');
insert into "Cities"("Id", "RegionId", "Name") values (3653, 224, 'Belovo');
insert into "Cities"("Id", "RegionId", "Name") values (3654, 224, 'Bracigovo');
insert into "Cities"("Id", "RegionId", "Name") values (3655, 224, 'Lesicovo');
insert into "Cities"("Id", "RegionId", "Name") values (3656, 224, 'Panagiuriste');
insert into "Cities"("Id", "RegionId", "Name") values (3657, 224, 'Panagjurischte');
insert into "Cities"("Id", "RegionId", "Name") values (3658, 224, 'Panagyurishte');
insert into "Cities"("Id", "RegionId", "Name") values (3659, 224, 'Pasardshik');
insert into "Cities"("Id", "RegionId", "Name") values (3660, 224, 'Pazardjik');
insert into "Cities"("Id", "RegionId", "Name") values (3661, 224, 'Pazardzhik');
insert into "Cities"("Id", "RegionId", "Name") values (3662, 224, 'Rakitovo');
insert into "Cities"("Id", "RegionId", "Name") values (3663, 224, 'Septemvri');
insert into "Cities"("Id", "RegionId", "Name") values (3664, 224, 'Velingrad');
insert into "Cities"("Id", "RegionId", "Name") values (3665, 261, 'Vitria');
insert into "Cities"("Id", "RegionId", "Name") values (3666, 281, 'Нумеа');
insert into "Cities"("Id", "RegionId", "Name") values (3667, 281, 'Порт-Вила');
insert into "Regions"("Id", "CountryId", "Name") values (282, 38, 'Channel Islands');
insert into "Regions"("Id", "CountryId", "Name") values (283, 38, 'England - East');
insert into "Regions"("Id", "CountryId", "Name") values (284, 38, 'England - East Idlands');
insert into "Regions"("Id", "CountryId", "Name") values (285, 38, 'England - London');
insert into "Regions"("Id", "CountryId", "Name") values (286, 38, 'England - North East');
insert into "Regions"("Id", "CountryId", "Name") values (287, 38, 'England - North West');
insert into "Regions"("Id", "CountryId", "Name") values (288, 38, 'England - South East');
insert into "Regions"("Id", "CountryId", "Name") values (289, 38, 'England - South West');
insert into "Regions"("Id", "CountryId", "Name") values (290, 38, 'England - West Idlands');
insert into "Regions"("Id", "CountryId", "Name") values (291, 38, 'England - Yorks & Humber');
insert into "Regions"("Id", "CountryId", "Name") values (292, 38, 'Isle of Man');
insert into "Regions"("Id", "CountryId", "Name") values (293, 38, 'Northern Ireland');
insert into "Regions"("Id", "CountryId", "Name") values (294, 38, 'Scotland Central');
insert into "Regions"("Id", "CountryId", "Name") values (295, 38, 'Scotland North');
insert into "Regions"("Id", "CountryId", "Name") values (296, 38, 'Scotland South');
insert into "Regions"("Id", "CountryId", "Name") values (297, 38, 'Wales North');
insert into "Regions"("Id", "CountryId", "Name") values (298, 38, 'Wales South');
insert into "Cities"("Id", "RegionId", "Name") values (3668, 38, 'Ардатов');
insert into "Cities"("Id", "RegionId", "Name") values (3669, 38, 'Арзамас');
insert into "Cities"("Id", "RegionId", "Name") values (3670, 38, 'Арья');
insert into "Cities"("Id", "RegionId", "Name") values (3671, 38, 'Балахна');
insert into "Cities"("Id", "RegionId", "Name") values (3672, 38, 'Богородск');
insert into "Cities"("Id", "RegionId", "Name") values (3673, 38, 'Большереченск');
insert into "Cities"("Id", "RegionId", "Name") values (3674, 38, 'Большое Болдино');
insert into "Cities"("Id", "RegionId", "Name") values (3675, 38, 'Большое Козино');
insert into "Cities"("Id", "RegionId", "Name") values (3676, 38, 'Большое Мурашкино');
insert into "Cities"("Id", "RegionId", "Name") values (3677, 38, 'Большое Пикино');
insert into "Cities"("Id", "RegionId", "Name") values (3678, 38, 'Бор');
insert into "Cities"("Id", "RegionId", "Name") values (3679, 38, 'Бутурлино');
insert into "Cities"("Id", "RegionId", "Name") values (3680, 38, 'Вад');
insert into "Cities"("Id", "RegionId", "Name") values (3681, 38, 'Варнавино');
insert into "Cities"("Id", "RegionId", "Name") values (3682, 38, 'Васильсурск');
insert into "Cities"("Id", "RegionId", "Name") values (3683, 38, 'Вахтан');
insert into "Cities"("Id", "RegionId", "Name") values (3684, 38, 'Вача');
insert into "Cities"("Id", "RegionId", "Name") values (3685, 38, 'Ветлуга');
insert into "Cities"("Id", "RegionId", "Name") values (3686, 38, 'Виля');
insert into "Cities"("Id", "RegionId", "Name") values (3687, 38, 'Вознесенское');
insert into "Cities"("Id", "RegionId", "Name") values (3688, 38, 'Володарск');
insert into "Cities"("Id", "RegionId", "Name") values (3689, 38, 'Воротынец');
insert into "Cities"("Id", "RegionId", "Name") values (3690, 38, 'Ворсма');
insert into "Cities"("Id", "RegionId", "Name") values (3691, 38, 'Воскресенское');
insert into "Cities"("Id", "RegionId", "Name") values (3692, 38, 'Выездное');
insert into "Cities"("Id", "RegionId", "Name") values (3693, 38, 'Выкса');
insert into "Cities"("Id", "RegionId", "Name") values (3694, 38, 'Гагино');
insert into "Cities"("Id", "RegionId", "Name") values (3695, 38, 'Гидроторф');
insert into "Cities"("Id", "RegionId", "Name") values (3696, 38, 'Горбатов');
insert into "Cities"("Id", "RegionId", "Name") values (3697, 38, 'Горбатовка');
insert into "Cities"("Id", "RegionId", "Name") values (3698, 38, 'Городец');
insert into "Cities"("Id", "RegionId", "Name") values (3699, 38, 'Дальнее Константиново');
insert into "Cities"("Id", "RegionId", "Name") values (3700, 38, 'Дзержинск');
insert into "Cities"("Id", "RegionId", "Name") values (3701, 38, 'Дивеево');
insert into "Cities"("Id", "RegionId", "Name") values (3702, 38, 'Досчатое');
insert into "Cities"("Id", "RegionId", "Name") values (3703, 38, 'Заволжье');
insert into "Cities"("Id", "RegionId", "Name") values (3704, 38, 'Керженец');
insert into "Cities"("Id", "RegionId", "Name") values (3705, 38, 'Княгинино');
insert into "Cities"("Id", "RegionId", "Name") values (3706, 38, 'Ковернино');
insert into "Cities"("Id", "RegionId", "Name") values (3707, 38, 'Красные Баки');
insert into "Cities"("Id", "RegionId", "Name") values (3708, 38, 'Кстово');
insert into "Cities"("Id", "RegionId", "Name") values (3709, 38, 'Кулебаки');
insert into "Cities"("Id", "RegionId", "Name") values (3710, 38, 'Лукоянов');
insert into "Cities"("Id", "RegionId", "Name") values (3711, 38, 'Лысково');
insert into "Cities"("Id", "RegionId", "Name") values (3712, 38, 'Навашино');
insert into "Cities"("Id", "RegionId", "Name") values (3713, 38, 'Нижний Новгород');
insert into "Cities"("Id", "RegionId", "Name") values (3714, 38, 'Новосмолинский');
insert into "Cities"("Id", "RegionId", "Name") values (3715, 38, 'Павлово');
insert into "Cities"("Id", "RegionId", "Name") values (3716, 38, 'Первомайск');
insert into "Cities"("Id", "RegionId", "Name") values (3717, 38, 'Перевоз');
insert into "Cities"("Id", "RegionId", "Name") values (3718, 38, 'Пильна');
insert into "Cities"("Id", "RegionId", "Name") values (3719, 38, 'Починки');
insert into "Cities"("Id", "RegionId", "Name") values (3720, 38, 'Саров (Нижегородская обл.)');
insert into "Cities"("Id", "RegionId", "Name") values (3721, 38, 'Семенов');
insert into "Cities"("Id", "RegionId", "Name") values (3722, 38, 'Сергач');
insert into "Cities"("Id", "RegionId", "Name") values (3723, 38, 'Сеченово');
insert into "Cities"("Id", "RegionId", "Name") values (3724, 38, 'Сосновское');
insert into "Cities"("Id", "RegionId", "Name") values (3725, 38, 'Спасское');
insert into "Cities"("Id", "RegionId", "Name") values (3726, 38, 'Тонкино');
insert into "Cities"("Id", "RegionId", "Name") values (3727, 38, 'Тоншаево');
insert into "Cities"("Id", "RegionId", "Name") values (3728, 38, 'Уразовка');
insert into "Cities"("Id", "RegionId", "Name") values (3729, 38, 'Урень');
insert into "Cities"("Id", "RegionId", "Name") values (3730, 38, 'Чкаловск');
insert into "Cities"("Id", "RegionId", "Name") values (3731, 38, 'Шаранга');
insert into "Cities"("Id", "RegionId", "Name") values (3732, 38, 'Шатки');
insert into "Cities"("Id", "RegionId", "Name") values (3733, 38, 'Шахунья');
insert into "Cities"("Id", "RegionId", "Name") values (3734, 225, 'Pernik');
insert into "Cities"("Id", "RegionId", "Name") values (3735, 225, 'Radomir');
insert into "Cities"("Id", "RegionId", "Name") values (3736, 262, 'Anpolis');
insert into "Cities"("Id", "RegionId", "Name") values (3737, 262, 'Bela Vista de Gois');
insert into "Cities"("Id", "RegionId", "Name") values (3738, 262, 'Goinia');
insert into "Cities"("Id", "RegionId", "Name") values (3739, 282, 'Guernsey');
insert into "Cities"("Id", "RegionId", "Name") values (3740, 282, 'Jersey');
insert into "Regions"("Id", "CountryId", "Name") values (299, 39, 'Bacs-Kiskun');
insert into "Regions"("Id", "CountryId", "Name") values (300, 39, 'Bekes');
insert into "Regions"("Id", "CountryId", "Name") values (301, 39, 'Borsod-Abauj-Zemplen');
insert into "Regions"("Id", "CountryId", "Name") values (302, 39, 'Budapest');
insert into "Regions"("Id", "CountryId", "Name") values (303, 39, 'Csongrad');
insert into "Regions"("Id", "CountryId", "Name") values (304, 39, 'Debrecen');
insert into "Regions"("Id", "CountryId", "Name") values (305, 39, 'Fejer');
insert into "Regions"("Id", "CountryId", "Name") values (306, 39, 'Gyor');
insert into "Regions"("Id", "CountryId", "Name") values (307, 39, 'Gyor-Moson-Sopron');
insert into "Regions"("Id", "CountryId", "Name") values (308, 39, 'Heves');
insert into "Regions"("Id", "CountryId", "Name") values (309, 39, 'Jasz-Nagykun-Szolnok');
insert into "Regions"("Id", "CountryId", "Name") values (310, 39, 'Komarom-Esztergom');
insert into "Regions"("Id", "CountryId", "Name") values (311, 39, 'Miskolc');
insert into "Regions"("Id", "CountryId", "Name") values (312, 39, 'Nograd');
insert into "Regions"("Id", "CountryId", "Name") values (313, 39, 'Pecs');
insert into "Regions"("Id", "CountryId", "Name") values (314, 39, 'Pest');
insert into "Regions"("Id", "CountryId", "Name") values (315, 39, 'Somogy');
insert into "Regions"("Id", "CountryId", "Name") values (316, 39, 'Szabolcs-Szatmar-Bereg');
insert into "Regions"("Id", "CountryId", "Name") values (317, 39, 'Szeged');
insert into "Regions"("Id", "CountryId", "Name") values (318, 39, 'Tolna');
insert into "Regions"("Id", "CountryId", "Name") values (319, 39, 'Vas');
insert into "Regions"("Id", "CountryId", "Name") values (320, 39, 'Veszprem');
insert into "Regions"("Id", "CountryId", "Name") values (321, 39, 'Zala');
insert into "Cities"("Id", "RegionId", "Name") values (3741, 39, 'Анциферово');
insert into "Cities"("Id", "RegionId", "Name") values (3742, 39, 'Батецкий');
insert into "Cities"("Id", "RegionId", "Name") values (3743, 39, 'Большая Вишера');
insert into "Cities"("Id", "RegionId", "Name") values (3744, 39, 'Боровичи');
insert into "Cities"("Id", "RegionId", "Name") values (3745, 39, 'Валдай');
insert into "Cities"("Id", "RegionId", "Name") values (3746, 39, 'Великий Новгород (Новгород)');
insert into "Cities"("Id", "RegionId", "Name") values (3747, 39, 'Волот');
insert into "Cities"("Id", "RegionId", "Name") values (3748, 39, 'Деманск');
insert into "Cities"("Id", "RegionId", "Name") values (3749, 39, 'Зарубино');
insert into "Cities"("Id", "RegionId", "Name") values (3750, 39, 'Крестцы');
insert into "Cities"("Id", "RegionId", "Name") values (3751, 39, 'Любытино');
insert into "Cities"("Id", "RegionId", "Name") values (3752, 39, 'Малая Вишера');
insert into "Cities"("Id", "RegionId", "Name") values (3753, 39, 'Марево');
insert into "Cities"("Id", "RegionId", "Name") values (3754, 39, 'Мошенское');
insert into "Cities"("Id", "RegionId", "Name") values (3755, 39, 'Окуловка');
insert into "Cities"("Id", "RegionId", "Name") values (3756, 39, 'Парфино');
insert into "Cities"("Id", "RegionId", "Name") values (3757, 39, 'Пестово');
insert into "Cities"("Id", "RegionId", "Name") values (3758, 39, 'Поддорье');
insert into "Cities"("Id", "RegionId", "Name") values (3759, 39, 'Сольцы');
insert into "Cities"("Id", "RegionId", "Name") values (3760, 39, 'Старая Русса');
insert into "Cities"("Id", "RegionId", "Name") values (3761, 39, 'Хвойная');
insert into "Cities"("Id", "RegionId", "Name") values (3762, 39, 'Холм');
insert into "Cities"("Id", "RegionId", "Name") values (3763, 39, 'Чудово');
insert into "Cities"("Id", "RegionId", "Name") values (3764, 39, 'Шимск');
insert into "Cities"("Id", "RegionId", "Name") values (3765, 226, 'Belene');
insert into "Cities"("Id", "RegionId", "Name") values (3766, 226, 'Byelene');
insert into "Cities"("Id", "RegionId", "Name") values (3767, 226, 'Cherven Bryag');
insert into "Cities"("Id", "RegionId", "Name") values (3768, 226, 'Cherveni-Bjerg');
insert into "Cities"("Id", "RegionId", "Name") values (3769, 226, 'Dolna Mitropolia');
insert into "Cities"("Id", "RegionId", "Name") values (3770, 226, 'Galyantsi');
insert into "Cities"("Id", "RegionId", "Name") values (3771, 226, 'Levski');
insert into "Cities"("Id", "RegionId", "Name") values (3772, 226, 'Nicopol');
insert into "Cities"("Id", "RegionId", "Name") values (3773, 226, 'Nikopol');
insert into "Cities"("Id", "RegionId", "Name") values (3774, 226, 'Pleven');
insert into "Cities"("Id", "RegionId", "Name") values (3775, 226, 'Plevna');
insert into "Cities"("Id", "RegionId", "Name") values (3776, 226, 'Plewen');
insert into "Cities"("Id", "RegionId", "Name") values (3777, 226, 'Pordime');
insert into "Cities"("Id", "RegionId", "Name") values (3778, 263, 'So Luiz de Maranho');
insert into "Cities"("Id", "RegionId", "Name") values (3779, 283, 'Abbots Langley');
insert into "Cities"("Id", "RegionId", "Name") values (3780, 283, 'Arlesey');
insert into "Cities"("Id", "RegionId", "Name") values (3781, 283, 'Barnet');
insert into "Cities"("Id", "RegionId", "Name") values (3782, 283, 'Basildon');
insert into "Cities"("Id", "RegionId", "Name") values (3783, 283, 'Beccles');
insert into "Cities"("Id", "RegionId", "Name") values (3784, 283, 'Bedford');
insert into "Cities"("Id", "RegionId", "Name") values (3785, 283, 'Biggleswade');
insert into "Cities"("Id", "RegionId", "Name") values (3786, 283, 'Billericay');
insert into "Cities"("Id", "RegionId", "Name") values (3787, 283, 'Braintree');
insert into "Cities"("Id", "RegionId", "Name") values (3788, 283, 'Brandon');
insert into "Cities"("Id", "RegionId", "Name") values (3789, 283, 'Brentwood');
insert into "Cities"("Id", "RegionId", "Name") values (3790, 283, 'Bungay');
insert into "Cities"("Id", "RegionId", "Name") values (3791, 283, 'Buntingford');
insert into "Cities"("Id", "RegionId", "Name") values (3792, 283, 'Bures');
insert into "Cities"("Id", "RegionId", "Name") values (3793, 283, 'Bury St Edmunds');
insert into "Cities"("Id", "RegionId", "Name") values (3794, 283, 'CambIdge');
insert into "Cities"("Id", "RegionId", "Name") values (3795, 283, 'Canvey Island');
insert into "Cities"("Id", "RegionId", "Name") values (3796, 283, 'Chelmsford');
insert into "Cities"("Id", "RegionId", "Name") values (3797, 283, 'Clacton-On-Sea');
insert into "Cities"("Id", "RegionId", "Name") values (3798, 283, 'Colchester');
insert into "Cities"("Id", "RegionId", "Name") values (3799, 283, 'Diss');
insert into "Cities"("Id", "RegionId", "Name") values (3800, 283, 'Downham Market');
insert into "Cities"("Id", "RegionId", "Name") values (3801, 283, 'Dunmow');
insert into "Cities"("Id", "RegionId", "Name") values (3802, 283, 'Ely');
insert into "Cities"("Id", "RegionId", "Name") values (3803, 283, 'Felixstowe');
insert into "Cities"("Id", "RegionId", "Name") values (3804, 283, 'Great Yarmouth');
insert into "Cities"("Id", "RegionId", "Name") values (3805, 283, 'Harlow');
insert into "Cities"("Id", "RegionId", "Name") values (3806, 283, 'Hemel Hempstead');
insert into "Cities"("Id", "RegionId", "Name") values (3807, 283, 'Huntingdon');
insert into "Cities"("Id", "RegionId", "Name") values (3808, 283, 'Ipswich');
insert into "Cities"("Id", "RegionId", "Name") values (3809, 283, 'King''''s Lynn');
insert into "Cities"("Id", "RegionId", "Name") values (3810, 283, 'Leiston');
insert into "Cities"("Id", "RegionId", "Name") values (3811, 283, 'Lowestoft');
insert into "Cities"("Id", "RegionId", "Name") values (3812, 283, 'Luton');
insert into "Cities"("Id", "RegionId", "Name") values (3813, 283, 'March');
insert into "Cities"("Id", "RegionId", "Name") values (3814, 283, 'Milton Keynes');
insert into "Cities"("Id", "RegionId", "Name") values (3815, 283, 'Newmarket');
insert into "Cities"("Id", "RegionId", "Name") values (3816, 283, 'Northwood');
insert into "Cities"("Id", "RegionId", "Name") values (3817, 283, 'Norwich');
insert into "Cities"("Id", "RegionId", "Name") values (3818, 283, 'Peterborough');
insert into "Cities"("Id", "RegionId", "Name") values (3819, 283, 'Radlett');
insert into "Cities"("Id", "RegionId", "Name") values (3820, 283, 'Romford');
insert into "Cities"("Id", "RegionId", "Name") values (3821, 283, 'Southend-On-Sea');
insert into "Cities"("Id", "RegionId", "Name") values (3822, 283, 'St Albans');
insert into "Cities"("Id", "RegionId", "Name") values (3823, 283, 'Stevenage');
insert into "Cities"("Id", "RegionId", "Name") values (3824, 283, 'Sudbury');
insert into "Cities"("Id", "RegionId", "Name") values (3825, 283, 'Thetford');
insert into "Cities"("Id", "RegionId", "Name") values (3826, 283, 'Upminster');
insert into "Cities"("Id", "RegionId", "Name") values (3827, 283, 'Watford');
insert into "Cities"("Id", "RegionId", "Name") values (3828, 283, 'Westcliff-On-Sea');
insert into "Cities"("Id", "RegionId", "Name") values (3829, 283, 'Wisbech');
insert into "Cities"("Id", "RegionId", "Name") values (3830, 283, 'Witham');
insert into "Cities"("Id", "RegionId", "Name") values (3831, 299, 'Alsodabasi Dulo');
insert into "Cities"("Id", "RegionId", "Name") values (3832, 299, 'Kecskemt');
insert into "Cities"("Id", "RegionId", "Name") values (3833, 299, 'Kiskunhalas');
insert into "Regions"("Id", "CountryId", "Name") values (322, 40, 'Amazonas');
insert into "Regions"("Id", "CountryId", "Name") values (323, 40, 'Anzoategui');
insert into "Regions"("Id", "CountryId", "Name") values (324, 40, 'Apure');
insert into "Regions"("Id", "CountryId", "Name") values (325, 40, 'Aragua');
insert into "Regions"("Id", "CountryId", "Name") values (326, 40, 'Barinas');
insert into "Regions"("Id", "CountryId", "Name") values (327, 40, 'Bolvar');
insert into "Regions"("Id", "CountryId", "Name") values (328, 40, 'Carabobo');
insert into "Regions"("Id", "CountryId", "Name") values (329, 40, 'Cojedes');
insert into "Regions"("Id", "CountryId", "Name") values (330, 40, 'Delta Amacuro');
insert into "Regions"("Id", "CountryId", "Name") values (331, 40, 'Distrito Federal');
insert into "Regions"("Id", "CountryId", "Name") values (332, 40, 'Falcn');
insert into "Regions"("Id", "CountryId", "Name") values (333, 40, 'Gurico');
insert into "Regions"("Id", "CountryId", "Name") values (334, 40, 'Lara');
insert into "Regions"("Id", "CountryId", "Name") values (335, 40, 'MIda');
insert into "Regions"("Id", "CountryId", "Name") values (336, 40, 'Miranda');
insert into "Regions"("Id", "CountryId", "Name") values (337, 40, 'Monagas');
insert into "Regions"("Id", "CountryId", "Name") values (338, 40, 'None');
insert into "Regions"("Id", "CountryId", "Name") values (339, 40, 'Nueva Esparta');
insert into "Regions"("Id", "CountryId", "Name") values (340, 40, 'Portuguesa');
insert into "Regions"("Id", "CountryId", "Name") values (341, 40, 'Sucre');
insert into "Regions"("Id", "CountryId", "Name") values (342, 40, 'Tchira');
insert into "Regions"("Id", "CountryId", "Name") values (343, 40, 'Yaracuy');
insert into "Regions"("Id", "CountryId", "Name") values (344, 40, 'Zulia');
insert into "Cities"("Id", "RegionId", "Name") values (3834, 40, 'Баган');
insert into "Cities"("Id", "RegionId", "Name") values (3835, 40, 'Барабинск');
insert into "Cities"("Id", "RegionId", "Name") values (3836, 40, 'Бердск');
insert into "Cities"("Id", "RegionId", "Name") values (3837, 40, 'Биаза');
insert into "Cities"("Id", "RegionId", "Name") values (3838, 40, 'Болотное');
insert into "Cities"("Id", "RegionId", "Name") values (3839, 40, 'Венгерово');
insert into "Cities"("Id", "RegionId", "Name") values (3840, 40, 'Довольное');
insert into "Cities"("Id", "RegionId", "Name") values (3841, 40, 'Завьялово');
insert into "Cities"("Id", "RegionId", "Name") values (3842, 40, 'Искитим');
insert into "Cities"("Id", "RegionId", "Name") values (3843, 40, 'Карасук');
insert into "Cities"("Id", "RegionId", "Name") values (3844, 40, 'Каргат');
insert into "Cities"("Id", "RegionId", "Name") values (3845, 40, 'Колывань');
insert into "Cities"("Id", "RegionId", "Name") values (3846, 40, 'Краснозерское');
insert into "Cities"("Id", "RegionId", "Name") values (3847, 40, 'Крутиха');
insert into "Cities"("Id", "RegionId", "Name") values (3848, 40, 'Куйбышев (Новосибирская обл.)');
insert into "Cities"("Id", "RegionId", "Name") values (3849, 40, 'Купино');
insert into "Cities"("Id", "RegionId", "Name") values (3850, 40, 'Кыштовка');
insert into "Cities"("Id", "RegionId", "Name") values (3851, 40, 'Маслянино');
insert into "Cities"("Id", "RegionId", "Name") values (3852, 40, 'Мошково');
insert into "Cities"("Id", "RegionId", "Name") values (3853, 40, 'Новосибирск');
insert into "Cities"("Id", "RegionId", "Name") values (3854, 40, 'Норильск');
insert into "Cities"("Id", "RegionId", "Name") values (3855, 40, 'Обь');
insert into "Cities"("Id", "RegionId", "Name") values (3856, 40, 'Ордынское');
insert into "Cities"("Id", "RegionId", "Name") values (3857, 40, 'Северное');
insert into "Cities"("Id", "RegionId", "Name") values (3858, 40, 'Сузун');
insert into "Cities"("Id", "RegionId", "Name") values (3859, 40, 'Татарск');
insert into "Cities"("Id", "RegionId", "Name") values (3860, 40, 'Тогучин');
insert into "Cities"("Id", "RegionId", "Name") values (3861, 40, 'Убинское');
insert into "Cities"("Id", "RegionId", "Name") values (3862, 40, 'Усть-Тарка');
insert into "Cities"("Id", "RegionId", "Name") values (3863, 40, 'Чаны');
insert into "Cities"("Id", "RegionId", "Name") values (3864, 40, 'Черепаново');
insert into "Cities"("Id", "RegionId", "Name") values (3865, 40, 'Чистоозерное');
insert into "Cities"("Id", "RegionId", "Name") values (3866, 40, 'Чулым');
insert into "Cities"("Id", "RegionId", "Name") values (3867, 227, 'Akhatlar Segair');
insert into "Cities"("Id", "RegionId", "Name") values (3868, 227, 'Alamovtsi');
insert into "Cities"("Id", "RegionId", "Name") values (3869, 227, 'Arapovo');
insert into "Cities"("Id", "RegionId", "Name") values (3870, 227, 'Asenovgrad');
insert into "Cities"("Id", "RegionId", "Name") values (3871, 227, 'Assenovgrad');
insert into "Cities"("Id", "RegionId", "Name") values (3872, 227, 'Awramowzi');
insert into "Cities"("Id", "RegionId", "Name") values (3873, 227, 'Baldevo');
insert into "Cities"("Id", "RegionId", "Name") values (3874, 227, 'Bania');
insert into "Cities"("Id", "RegionId", "Name") values (3875, 227, 'Banja');
insert into "Cities"("Id", "RegionId", "Name") values (3876, 227, 'Chamla');
insert into "Cities"("Id", "RegionId", "Name") values (3877, 227, 'Filippopol');
insert into "Cities"("Id", "RegionId", "Name") values (3878, 227, 'Karlovo');
insert into "Cities"("Id", "RegionId", "Name") values (3879, 227, 'Karlowo');
insert into "Cities"("Id", "RegionId", "Name") values (3880, 227, 'Peshtera');
insert into "Cities"("Id", "RegionId", "Name") values (3881, 227, 'Petrov Dol');
insert into "Cities"("Id", "RegionId", "Name") values (3882, 227, 'Philippopolis');
insert into "Cities"("Id", "RegionId", "Name") values (3883, 227, 'Plovdin');
insert into "Cities"("Id", "RegionId", "Name") values (3884, 227, 'Plovdiv');
insert into "Cities"("Id", "RegionId", "Name") values (3885, 227, 'Purvomai');
insert into "Cities"("Id", "RegionId", "Name") values (3886, 227, 'Sopot');
insert into "Cities"("Id", "RegionId", "Name") values (3887, 227, 'Taran');
insert into "Cities"("Id", "RegionId", "Name") values (3888, 264, 'Abreus');
insert into "Cities"("Id", "RegionId", "Name") values (3889, 264, 'Bello Horizonte');
insert into "Cities"("Id", "RegionId", "Name") values (3890, 264, 'Belo Horizonte');
insert into "Cities"("Id", "RegionId", "Name") values (3891, 264, 'Juiz de Fora');
insert into "Cities"("Id", "RegionId", "Name") values (3892, 264, 'Montes Claros');
insert into "Cities"("Id", "RegionId", "Name") values (3893, 284, 'Alford');
insert into "Cities"("Id", "RegionId", "Name") values (3894, 284, 'Alfreton');
insert into "Cities"("Id", "RegionId", "Name") values (3895, 284, 'Ashbourne');
insert into "Cities"("Id", "RegionId", "Name") values (3896, 284, 'Banbury');
insert into "Cities"("Id", "RegionId", "Name") values (3897, 284, 'Barton-Upon-Humber');
insert into "Cities"("Id", "RegionId", "Name") values (3898, 284, 'Boston');
insert into "Cities"("Id", "RegionId", "Name") values (3899, 284, 'Burton-On-Trent');
insert into "Cities"("Id", "RegionId", "Name") values (3900, 284, 'Chesterfield');
insert into "Cities"("Id", "RegionId", "Name") values (3901, 284, 'Corby');
insert into "Cities"("Id", "RegionId", "Name") values (3902, 284, 'Daventry');
insert into "Cities"("Id", "RegionId", "Name") values (3903, 284, 'Derby');
insert into "Cities"("Id", "RegionId", "Name") values (3904, 284, 'Doncaster');
insert into "Cities"("Id", "RegionId", "Name") values (3905, 284, 'Gainsborough');
insert into "Cities"("Id", "RegionId", "Name") values (3906, 284, 'Glossop');
insert into "Cities"("Id", "RegionId", "Name") values (3907, 284, 'Grantham');
insert into "Cities"("Id", "RegionId", "Name") values (3908, 284, 'Grimsby');
insert into "Cities"("Id", "RegionId", "Name") values (3909, 284, 'Kettering');
insert into "Cities"("Id", "RegionId", "Name") values (3910, 284, 'Leicester');
insert into "Cities"("Id", "RegionId", "Name") values (3911, 284, 'Lincoln');
insert into "Cities"("Id", "RegionId", "Name") values (3912, 284, 'Loughborough');
insert into "Cities"("Id", "RegionId", "Name") values (3913, 284, 'Mansfield');
insert into "Cities"("Id", "RegionId", "Name") values (3914, 284, 'Milton Keynes');
insert into "Cities"("Id", "RegionId", "Name") values (3915, 284, 'Newark');
insert into "Cities"("Id", "RegionId", "Name") values (3916, 284, 'Northampton');
insert into "Cities"("Id", "RegionId", "Name") values (3917, 284, 'Nottingham');
insert into "Cities"("Id", "RegionId", "Name") values (3918, 284, 'Nuneaton');
insert into "Cities"("Id", "RegionId", "Name") values (3919, 284, 'Peterborough');
insert into "Cities"("Id", "RegionId", "Name") values (3920, 284, 'Rushden');
insert into "Cities"("Id", "RegionId", "Name") values (3921, 284, 'Scunthorpe');
insert into "Cities"("Id", "RegionId", "Name") values (3922, 284, 'Sheffield');
insert into "Cities"("Id", "RegionId", "Name") values (3923, 284, 'Sleaford');
insert into "Cities"("Id", "RegionId", "Name") values (3924, 284, 'Spalding');
insert into "Cities"("Id", "RegionId", "Name") values (3925, 284, 'Stamford');
insert into "Cities"("Id", "RegionId", "Name") values (3926, 284, 'Wellingborough');
insert into "Cities"("Id", "RegionId", "Name") values (3927, 300, 'Aklos');
insert into "Cities"("Id", "RegionId", "Name") values (3928, 300, 'Almr');
insert into "Cities"("Id", "RegionId", "Name") values (3929, 300, 'Bkscsaba');
insert into "Cities"("Id", "RegionId", "Name") values (3930, 300, 'Gyula');
insert into "Cities"("Id", "RegionId", "Name") values (3931, 300, 'Szarvas');
insert into "Cities"("Id", "RegionId", "Name") values (3932, 322, 'Amauca');
insert into "Regions"("Id", "CountryId", "Name") values (345, 41, 'Восточный Тимор');
insert into "Cities"("Id", "RegionId", "Name") values (3933, 41, 'Береговой');
insert into "Cities"("Id", "RegionId", "Name") values (3934, 41, 'Большеречье');
insert into "Cities"("Id", "RegionId", "Name") values (3935, 41, 'Большие Уки');
insert into "Cities"("Id", "RegionId", "Name") values (3936, 41, 'Горьковское');
insert into "Cities"("Id", "RegionId", "Name") values (3937, 41, 'Знаменское (Омская обл.)');
insert into "Cities"("Id", "RegionId", "Name") values (3938, 41, 'Исилькуль');
insert into "Cities"("Id", "RegionId", "Name") values (3939, 41, 'Калачинск');
insert into "Cities"("Id", "RegionId", "Name") values (3940, 41, 'Колосовка');
insert into "Cities"("Id", "RegionId", "Name") values (3941, 41, 'Кормиловка');
insert into "Cities"("Id", "RegionId", "Name") values (3942, 41, 'Крутинка');
insert into "Cities"("Id", "RegionId", "Name") values (3943, 41, 'Любинский');
insert into "Cities"("Id", "RegionId", "Name") values (3944, 41, 'Марьяновка');
insert into "Cities"("Id", "RegionId", "Name") values (3945, 41, 'Муромцево');
insert into "Cities"("Id", "RegionId", "Name") values (3946, 41, 'Называевск');
insert into "Cities"("Id", "RegionId", "Name") values (3947, 41, 'Нижняя Омка');
insert into "Cities"("Id", "RegionId", "Name") values (3948, 41, 'Нововаршавка');
insert into "Cities"("Id", "RegionId", "Name") values (3949, 41, 'Одесское');
insert into "Cities"("Id", "RegionId", "Name") values (3950, 41, 'Оконешниково');
insert into "Cities"("Id", "RegionId", "Name") values (3951, 41, 'Омск');
insert into "Cities"("Id", "RegionId", "Name") values (3952, 41, 'Павлоградка');
insert into "Cities"("Id", "RegionId", "Name") values (3953, 41, 'Полтавка');
insert into "Cities"("Id", "RegionId", "Name") values (3954, 41, 'Русская Поляна');
insert into "Cities"("Id", "RegionId", "Name") values (3955, 41, 'Саргатское');
insert into "Cities"("Id", "RegionId", "Name") values (3956, 41, 'Седельниково');
insert into "Cities"("Id", "RegionId", "Name") values (3957, 41, 'Таврическое');
insert into "Cities"("Id", "RegionId", "Name") values (3958, 41, 'Тара');
insert into "Cities"("Id", "RegionId", "Name") values (3959, 41, 'Тевриз');
insert into "Cities"("Id", "RegionId", "Name") values (3960, 41, 'Тюкалинск');
insert into "Cities"("Id", "RegionId", "Name") values (3961, 41, 'Усть-Ишим');
insert into "Cities"("Id", "RegionId", "Name") values (3962, 41, 'Черлак');
insert into "Cities"("Id", "RegionId", "Name") values (3963, 41, 'Шербакуль');
insert into "Cities"("Id", "RegionId", "Name") values (3964, 228, 'Akmekhmedkioy');
insert into "Cities"("Id", "RegionId", "Name") values (3965, 228, 'Alekowo');
insert into "Cities"("Id", "RegionId", "Name") values (3966, 228, 'Dustabak');
insert into "Cities"("Id", "RegionId", "Name") values (3967, 228, 'Isperich');
insert into "Cities"("Id", "RegionId", "Name") values (3968, 228, 'Kubrat');
insert into "Cities"("Id", "RegionId", "Name") values (3969, 228, 'Rasgrad');
insert into "Cities"("Id", "RegionId", "Name") values (3970, 228, 'Razgrad');
insert into "Cities"("Id", "RegionId", "Name") values (3971, 228, 'Todorovo');
insert into "Cities"("Id", "RegionId", "Name") values (3972, 228, 'Zelena Morava');
insert into "Cities"("Id", "RegionId", "Name") values (3973, 265, 'Aba');
insert into "Cities"("Id", "RegionId", "Name") values (3974, 265, 'Alaga Nova');
insert into "Cities"("Id", "RegionId", "Name") values (3975, 285, 'Barking');
insert into "Cities"("Id", "RegionId", "Name") values (3976, 285, 'Barnet');
insert into "Cities"("Id", "RegionId", "Name") values (3977, 285, 'Beckenham');
insert into "Cities"("Id", "RegionId", "Name") values (3978, 285, 'Bexley');
insert into "Cities"("Id", "RegionId", "Name") values (3979, 285, 'Bexleyheath');
insert into "Cities"("Id", "RegionId", "Name") values (3980, 285, 'Brentford');
insert into "Cities"("Id", "RegionId", "Name") values (3981, 285, 'Bromley');
insert into "Cities"("Id", "RegionId", "Name") values (3982, 285, 'Carshalton');
insert into "Cities"("Id", "RegionId", "Name") values (3983, 285, 'Chessington');
insert into "Cities"("Id", "RegionId", "Name") values (3984, 285, 'Chigwell');
insert into "Cities"("Id", "RegionId", "Name") values (3985, 285, 'Coulsdon');
insert into "Cities"("Id", "RegionId", "Name") values (3986, 285, 'Croydon');
insert into "Cities"("Id", "RegionId", "Name") values (3987, 285, 'Dagenham');
insert into "Cities"("Id", "RegionId", "Name") values (3988, 285, 'Dartford');
insert into "Cities"("Id", "RegionId", "Name") values (3989, 285, 'East Molesey');
insert into "Cities"("Id", "RegionId", "Name") values (3990, 285, 'Edgware');
insert into "Cities"("Id", "RegionId", "Name") values (3991, 285, 'Enfield');
insert into "Cities"("Id", "RegionId", "Name") values (3992, 285, 'Feltham');
insert into "Cities"("Id", "RegionId", "Name") values (3993, 285, 'Greenford');
insert into "Cities"("Id", "RegionId", "Name") values (3994, 285, 'Hampton');
insert into "Cities"("Id", "RegionId", "Name") values (3995, 285, 'Harrow');
insert into "Cities"("Id", "RegionId", "Name") values (3996, 285, 'Hayes');
insert into "Cities"("Id", "RegionId", "Name") values (3997, 285, 'Hornchurch');
insert into "Cities"("Id", "RegionId", "Name") values (3998, 285, 'Hounslow');
insert into "Cities"("Id", "RegionId", "Name") values (3999, 285, 'Ilford');
insert into "Cities"("Id", "RegionId", "Name") values (4000, 285, 'Isleworth');
insert into "Cities"("Id", "RegionId", "Name") values (4001, 285, 'Kingston Upon Thames');
insert into "Cities"("Id", "RegionId", "Name") values (4002, 285, 'London');
insert into "Cities"("Id", "RegionId", "Name") values (4003, 285, 'Northolt');
insert into "Cities"("Id", "RegionId", "Name") values (4004, 285, 'Northwood');
insert into "Cities"("Id", "RegionId", "Name") values (4005, 285, 'Orpington');
insert into "Cities"("Id", "RegionId", "Name") values (4006, 285, 'Pinner');
insert into "Cities"("Id", "RegionId", "Name") values (4007, 285, 'Purley');
insert into "Cities"("Id", "RegionId", "Name") values (4008, 285, 'Richmond');
insert into "Cities"("Id", "RegionId", "Name") values (4009, 285, 'Romford');
insert into "Cities"("Id", "RegionId", "Name") values (4010, 285, 'South Croydon');
insert into "Cities"("Id", "RegionId", "Name") values (4011, 285, 'Southall');
insert into "Cities"("Id", "RegionId", "Name") values (4012, 285, 'Stanmore');
insert into "Cities"("Id", "RegionId", "Name") values (4013, 285, 'Surbiton');
insert into "Cities"("Id", "RegionId", "Name") values (4014, 285, 'Sutton');
insert into "Cities"("Id", "RegionId", "Name") values (4015, 285, 'Twickenham');
insert into "Cities"("Id", "RegionId", "Name") values (4016, 285, 'UxbIdge');
insert into "Cities"("Id", "RegionId", "Name") values (4017, 285, 'Welling');
insert into "Cities"("Id", "RegionId", "Name") values (4018, 285, 'Wembley');
insert into "Cities"("Id", "RegionId", "Name") values (4019, 285, 'West Wickham');
insert into "Cities"("Id", "RegionId", "Name") values (4020, 285, 'Westerham');
insert into "Cities"("Id", "RegionId", "Name") values (4021, 285, 'Woodford Green');
insert into "Cities"("Id", "RegionId", "Name") values (4022, 285, 'Worcester Park');
insert into "Cities"("Id", "RegionId", "Name") values (4023, 301, 'Tiszajvros');
insert into "Cities"("Id", "RegionId", "Name") values (4024, 323, 'Anaco');
insert into "Cities"("Id", "RegionId", "Name") values (4025, 323, 'Barcelona');
insert into "Cities"("Id", "RegionId", "Name") values (4026, 323, 'Pozuelos');
insert into "Cities"("Id", "RegionId", "Name") values (4027, 323, 'Puerto de La Cruz');
insert into "Cities"("Id", "RegionId", "Name") values (4028, 323, 'Puerto La Cruz');
insert into "Cities"("Id", "RegionId", "Name") values (4029, 345, 'Дили');
insert into "Regions"("Id", "CountryId", "Name") values (346, 42, 'Dong Bang Song Hong');
insert into "Regions"("Id", "CountryId", "Name") values (347, 42, 'Dong Nam Bo');
insert into "Regions"("Id", "CountryId", "Name") values (348, 42, 'Duyen Hai Mien Trung');
insert into "Regions"("Id", "CountryId", "Name") values (349, 42, 'Khu Bon Cu');
insert into "Regions"("Id", "CountryId", "Name") values (350, 42, 'Mien Nui Va Trung Du');
insert into "Regions"("Id", "CountryId", "Name") values (351, 42, 'Thai Nguyen');
insert into "Cities"("Id", "RegionId", "Name") values (4030, 42, 'Абдулино');
insert into "Cities"("Id", "RegionId", "Name") values (4031, 42, 'Адамовка');
insert into "Cities"("Id", "RegionId", "Name") values (4032, 42, 'Айдырлинский');
insert into "Cities"("Id", "RegionId", "Name") values (4033, 42, 'Акбулак');
insert into "Cities"("Id", "RegionId", "Name") values (4034, 42, 'Аккермановка');
insert into "Cities"("Id", "RegionId", "Name") values (4035, 42, 'Асекеево');
insert into "Cities"("Id", "RegionId", "Name") values (4036, 42, 'Беляевка');
insert into "Cities"("Id", "RegionId", "Name") values (4037, 42, 'Бугуруслан');
insert into "Cities"("Id", "RegionId", "Name") values (4038, 42, 'Бузулук');
insert into "Cities"("Id", "RegionId", "Name") values (4039, 42, 'Гай');
insert into "Cities"("Id", "RegionId", "Name") values (4040, 42, 'Грачевка');
insert into "Cities"("Id", "RegionId", "Name") values (4041, 42, 'Домбаровский');
insert into "Cities"("Id", "RegionId", "Name") values (4042, 42, 'Дубенский');
insert into "Cities"("Id", "RegionId", "Name") values (4043, 42, 'Илек');
insert into "Cities"("Id", "RegionId", "Name") values (4044, 42, 'Ириклинский');
insert into "Cities"("Id", "RegionId", "Name") values (4045, 42, 'Кувандык');
insert into "Cities"("Id", "RegionId", "Name") values (4046, 42, 'Курманаевка');
insert into "Cities"("Id", "RegionId", "Name") values (4047, 42, 'Матвеевка');
insert into "Cities"("Id", "RegionId", "Name") values (4048, 42, 'Медногорск');
insert into "Cities"("Id", "RegionId", "Name") values (4049, 42, 'Новоорск');
insert into "Cities"("Id", "RegionId", "Name") values (4050, 42, 'Новосергиевка');
insert into "Cities"("Id", "RegionId", "Name") values (4051, 42, 'Новотроицк');
insert into "Cities"("Id", "RegionId", "Name") values (4052, 42, 'Октябрьское (Оренбург.)');
insert into "Cities"("Id", "RegionId", "Name") values (4053, 42, 'Оренбург');
insert into "Cities"("Id", "RegionId", "Name") values (4054, 42, 'Орск');
insert into "Cities"("Id", "RegionId", "Name") values (4055, 42, 'Первомайский (Оренбург.)');
insert into "Cities"("Id", "RegionId", "Name") values (4056, 42, 'Переволоцкий');
insert into "Cities"("Id", "RegionId", "Name") values (4057, 42, 'Пономаревка');
insert into "Cities"("Id", "RegionId", "Name") values (4058, 42, 'Саракташ');
insert into "Cities"("Id", "RegionId", "Name") values (4059, 42, 'Светлый (Оренбургская обл.)');
insert into "Cities"("Id", "RegionId", "Name") values (4060, 42, 'Северное');
insert into "Cities"("Id", "RegionId", "Name") values (4061, 42, 'Соль-Илецк');
insert into "Cities"("Id", "RegionId", "Name") values (4062, 42, 'Сорочинск');
insert into "Cities"("Id", "RegionId", "Name") values (4063, 42, 'Ташла');
insert into "Cities"("Id", "RegionId", "Name") values (4064, 42, 'Тоцкое');
insert into "Cities"("Id", "RegionId", "Name") values (4065, 42, 'Тюльган');
insert into "Cities"("Id", "RegionId", "Name") values (4066, 42, 'Шарлык');
insert into "Cities"("Id", "RegionId", "Name") values (4067, 42, 'Энергетик');
insert into "Cities"("Id", "RegionId", "Name") values (4068, 42, 'Ясный');
insert into "Cities"("Id", "RegionId", "Name") values (4069, 229, 'Bela');
insert into "Cities"("Id", "RegionId", "Name") values (4070, 229, 'Bjala');
insert into "Cities"("Id", "RegionId", "Name") values (4071, 229, 'Byala');
insert into "Cities"("Id", "RegionId", "Name") values (4072, 229, 'Gorna-Monastir');
insert into "Cities"("Id", "RegionId", "Name") values (4073, 229, 'Ivanovo');
insert into "Cities"("Id", "RegionId", "Name") values (4074, 229, 'Iwanowo');
insert into "Cities"("Id", "RegionId", "Name") values (4075, 229, 'Rouss');
insert into "Cities"("Id", "RegionId", "Name") values (4076, 229, 'Ruse');
insert into "Cities"("Id", "RegionId", "Name") values (4077, 229, 'Russe');
insert into "Cities"("Id", "RegionId", "Name") values (4078, 266, 'Altaneira');
insert into "Cities"("Id", "RegionId", "Name") values (4079, 266, 'Curitiba');
insert into "Cities"("Id", "RegionId", "Name") values (4080, 266, 'Curytiba');
insert into "Cities"("Id", "RegionId", "Name") values (4081, 266, 'Maring');
insert into "Cities"("Id", "RegionId", "Name") values (4082, 286, 'Belford');
insert into "Cities"("Id", "RegionId", "Name") values (4083, 286, 'Berwick-Upon-Tweed');
insert into "Cities"("Id", "RegionId", "Name") values (4084, 286, 'Billingham');
insert into "Cities"("Id", "RegionId", "Name") values (4085, 286, 'Blyth');
insert into "Cities"("Id", "RegionId", "Name") values (4086, 286, 'CorbIdge');
insert into "Cities"("Id", "RegionId", "Name") values (4087, 286, 'Darlington');
insert into "Cities"("Id", "RegionId", "Name") values (4088, 286, 'Durham');
insert into "Cities"("Id", "RegionId", "Name") values (4089, 286, 'East Boldon');
insert into "Cities"("Id", "RegionId", "Name") values (4090, 286, 'Gateshead');
insert into "Cities"("Id", "RegionId", "Name") values (4091, 286, 'Haltwhistle');
insert into "Cities"("Id", "RegionId", "Name") values (4092, 286, 'Hartlepool');
insert into "Cities"("Id", "RegionId", "Name") values (4093, 286, 'Houghton Le Spring');
insert into "Cities"("Id", "RegionId", "Name") values (4094, 286, 'Iddlesbrough');
insert into "Cities"("Id", "RegionId", "Name") values (4095, 286, 'Newcastle Upon Tyne');
insert into "Cities"("Id", "RegionId", "Name") values (4096, 286, 'Iding Mill');
insert into "Cities"("Id", "RegionId", "Name") values (4097, 286, 'South Shields');
insert into "Cities"("Id", "RegionId", "Name") values (4098, 286, 'Stockton-On-Tees');
insert into "Cities"("Id", "RegionId", "Name") values (4099, 286, 'Sunderland');
insert into "Cities"("Id", "RegionId", "Name") values (4100, 286, 'Washington');
insert into "Cities"("Id", "RegionId", "Name") values (4101, 286, 'Yarm');
insert into "Cities"("Id", "RegionId", "Name") values (4102, 302, 'Adyliget');
insert into "Cities"("Id", "RegionId", "Name") values (4103, 302, 'Angyalfld');
insert into "Cities"("Id", "RegionId", "Name") values (4104, 302, 'Buda');
insert into "Cities"("Id", "RegionId", "Name") values (4105, 302, 'Budafok');
insert into "Cities"("Id", "RegionId", "Name") values (4106, 302, 'Budapest');
insert into "Cities"("Id", "RegionId", "Name") values (4107, 302, 'Chepel');
insert into "Cities"("Id", "RegionId", "Name") values (4108, 302, 'Erzsbetvros');
insert into "Cities"("Id", "RegionId", "Name") values (4109, 302, 'Gellert');
insert into "Cities"("Id", "RegionId", "Name") values (4110, 302, 'Kobanya');
insert into "Cities"("Id", "RegionId", "Name") values (4111, 302, 'Pest');
insert into "Cities"("Id", "RegionId", "Name") values (4112, 324, 'frica');
insert into "Cities"("Id", "RegionId", "Name") values (4113, 324, 'San Fernando de Apure');
insert into "Cities"("Id", "RegionId", "Name") values (4114, 346, 'Нам-Динх');
insert into "Cities"("Id", "RegionId", "Name") values (4115, 346, 'Хайфон');
insert into "Cities"("Id", "RegionId", "Name") values (4116, 346, 'Ханой');
insert into "Regions"("Id", "CountryId", "Name") values (352, 43, 'Габон');
insert into "Cities"("Id", "RegionId", "Name") values (4117, 43, 'Болхов');
insert into "Cities"("Id", "RegionId", "Name") values (4118, 43, 'Верховье');
insert into "Cities"("Id", "RegionId", "Name") values (4119, 43, 'Глазуновка');
insert into "Cities"("Id", "RegionId", "Name") values (4120, 43, 'Дмитровск-Орловский');
insert into "Cities"("Id", "RegionId", "Name") values (4121, 43, 'Долгое');
insert into "Cities"("Id", "RegionId", "Name") values (4122, 43, 'Залегощь');
insert into "Cities"("Id", "RegionId", "Name") values (4123, 43, 'Змиевка');
insert into "Cities"("Id", "RegionId", "Name") values (4124, 43, 'Знаменское (Орловская обл.)');
insert into "Cities"("Id", "RegionId", "Name") values (4125, 43, 'Колпны');
insert into "Cities"("Id", "RegionId", "Name") values (4126, 43, 'Красная Заря');
insert into "Cities"("Id", "RegionId", "Name") values (4127, 43, 'Кромы');
insert into "Cities"("Id", "RegionId", "Name") values (4128, 43, 'Ливны');
insert into "Cities"("Id", "RegionId", "Name") values (4129, 43, 'Малоархангельск');
insert into "Cities"("Id", "RegionId", "Name") values (4130, 43, 'Мценск');
insert into "Cities"("Id", "RegionId", "Name") values (4131, 43, 'Нарышкино');
insert into "Cities"("Id", "RegionId", "Name") values (4132, 43, 'Новосиль');
insert into "Cities"("Id", "RegionId", "Name") values (4133, 43, 'Орел');
insert into "Cities"("Id", "RegionId", "Name") values (4134, 43, 'Покровское');
insert into "Cities"("Id", "RegionId", "Name") values (4135, 43, 'Сосково');
insert into "Cities"("Id", "RegionId", "Name") values (4136, 43, 'Тросна');
insert into "Cities"("Id", "RegionId", "Name") values (4137, 43, 'Хомутово');
insert into "Cities"("Id", "RegionId", "Name") values (4138, 43, 'Хотынец');
insert into "Cities"("Id", "RegionId", "Name") values (4139, 43, 'Шаблыкино');
insert into "Cities"("Id", "RegionId", "Name") values (4140, 230, 'Choumn');
insert into "Cities"("Id", "RegionId", "Name") values (4141, 230, 'Eni Pazar');
insert into "Cities"("Id", "RegionId", "Name") values (4142, 230, 'Gara Sheytandzhik');
insert into "Cities"("Id", "RegionId", "Name") values (4143, 230, 'Novi Pazar');
insert into "Cities"("Id", "RegionId", "Name") values (4144, 230, 'Preslav');
insert into "Cities"("Id", "RegionId", "Name") values (4145, 230, 'Schumen');
insert into "Cities"("Id", "RegionId", "Name") values (4146, 230, 'Shumen');
insert into "Cities"("Id", "RegionId", "Name") values (4147, 230, 'Sumen');
insert into "Cities"("Id", "RegionId", "Name") values (4148, 230, 'Veliki Preslav');
insert into "Cities"("Id", "RegionId", "Name") values (4149, 267, 'Abadia');
insert into "Cities"("Id", "RegionId", "Name") values (4150, 267, 'Afonso');
insert into "Cities"("Id", "RegionId", "Name") values (4151, 267, 'gua Ferro');
insert into "Cities"("Id", "RegionId", "Name") values (4152, 267, 'Agua Santa');
insert into "Cities"("Id", "RegionId", "Name") values (4153, 267, 'Aldeia do Cabo');
insert into "Cities"("Id", "RegionId", "Name") values (4154, 267, 'Angola');
insert into "Cities"("Id", "RegionId", "Name") values (4155, 267, 'Angra');
insert into "Cities"("Id", "RegionId", "Name") values (4156, 267, 'Antnio Mariano');
insert into "Cities"("Id", "RegionId", "Name") values (4157, 267, 'Barcelos');
insert into "Cities"("Id", "RegionId", "Name") values (4158, 267, 'Barreira');
insert into "Cities"("Id", "RegionId", "Name") values (4159, 267, 'Boa Ida');
insert into "Cities"("Id", "RegionId", "Name") values (4160, 267, 'Botafogo');
insert into "Cities"("Id", "RegionId", "Name") values (4161, 267, 'Bueno de Andrade');
insert into "Cities"("Id", "RegionId", "Name") values (4162, 267, 'Bzios');
insert into "Cities"("Id", "RegionId", "Name") values (4163, 267, 'Cambota');
insert into "Cities"("Id", "RegionId", "Name") values (4164, 267, 'Copacabana');
insert into "Cities"("Id", "RegionId", "Name") values (4165, 267, 'Costa');
insert into "Cities"("Id", "RegionId", "Name") values (4166, 267, 'Ipanema');
insert into "Cities"("Id", "RegionId", "Name") values (4167, 267, 'Italva');
insert into "Cities"("Id", "RegionId", "Name") values (4168, 267, 'MargaIda');
insert into "Cities"("Id", "RegionId", "Name") values (4169, 267, 'Nictheroy');
insert into "Cities"("Id", "RegionId", "Name") values (4170, 267, 'Paraty');
insert into "Cities"("Id", "RegionId", "Name") values (4171, 267, 'Porto Novo');
insert into "Cities"("Id", "RegionId", "Name") values (4172, 267, 'Ramos');
insert into "Cities"("Id", "RegionId", "Name") values (4173, 267, 'Ribeiro da Divisa');
insert into "Cities"("Id", "RegionId", "Name") values (4174, 267, 'Rio');
insert into "Cities"("Id", "RegionId", "Name") values (4175, 267, 'Rio de Janeiro');
insert into "Cities"("Id", "RegionId", "Name") values (4176, 267, 'Santa Brbara');
insert into "Cities"("Id", "RegionId", "Name") values (4177, 267, 'Santa Cruz');
insert into "Cities"("Id", "RegionId", "Name") values (4178, 267, 'So Jos');
insert into "Cities"("Id", "RegionId", "Name") values (4179, 287, 'Accrington');
insert into "Cities"("Id", "RegionId", "Name") values (4180, 287, 'Bacup');
insert into "Cities"("Id", "RegionId", "Name") values (4181, 287, 'Blackburn');
insert into "Cities"("Id", "RegionId", "Name") values (4182, 287, 'Blackpool');
insert into "Cities"("Id", "RegionId", "Name") values (4183, 287, 'Bolton');
insert into "Cities"("Id", "RegionId", "Name") values (4184, 287, 'Burnley');
insert into "Cities"("Id", "RegionId", "Name") values (4185, 287, 'Bury');
insert into "Cities"("Id", "RegionId", "Name") values (4186, 287, 'Carlisle');
insert into "Cities"("Id", "RegionId", "Name") values (4187, 287, 'Chester');
insert into "Cities"("Id", "RegionId", "Name") values (4188, 287, 'Chorley');
insert into "Cities"("Id", "RegionId", "Name") values (4189, 287, 'Crewe');
insert into "Cities"("Id", "RegionId", "Name") values (4190, 287, 'Kendal');
insert into "Cities"("Id", "RegionId", "Name") values (4191, 287, 'Lancaster');
insert into "Cities"("Id", "RegionId", "Name") values (4192, 287, 'Liverpool');
insert into "Cities"("Id", "RegionId", "Name") values (4193, 287, 'Manchester');
insert into "Cities"("Id", "RegionId", "Name") values (4194, 287, 'Morecambe');
insert into "Cities"("Id", "RegionId", "Name") values (4195, 287, 'Nelson');
insert into "Cities"("Id", "RegionId", "Name") values (4196, 287, 'Northwich');
insert into "Cities"("Id", "RegionId", "Name") values (4197, 287, 'Preston');
insert into "Cities"("Id", "RegionId", "Name") values (4198, 287, 'Runcorn');
insert into "Cities"("Id", "RegionId", "Name") values (4199, 287, 'Sale');
insert into "Cities"("Id", "RegionId", "Name") values (4200, 287, 'Skelmersdale');
insert into "Cities"("Id", "RegionId", "Name") values (4201, 287, 'Southport');
insert into "Cities"("Id", "RegionId", "Name") values (4202, 287, 'St Helens');
insert into "Cities"("Id", "RegionId", "Name") values (4203, 287, 'Stockport');
insert into "Cities"("Id", "RegionId", "Name") values (4204, 287, 'Stoke-On-Trent');
insert into "Cities"("Id", "RegionId", "Name") values (4205, 287, 'Wallasey');
insert into "Cities"("Id", "RegionId", "Name") values (4206, 287, 'Warrington');
insert into "Cities"("Id", "RegionId", "Name") values (4207, 287, 'Whitehaven');
insert into "Cities"("Id", "RegionId", "Name") values (4208, 287, 'Wigan');
insert into "Cities"("Id", "RegionId", "Name") values (4209, 303, 'Szkkutas');
insert into "Cities"("Id", "RegionId", "Name") values (4210, 325, 'El Limn');
insert into "Cities"("Id", "RegionId", "Name") values (4211, 325, 'Maracay');
insert into "Cities"("Id", "RegionId", "Name") values (4212, 325, 'Villa de Cura');
insert into "Cities"("Id", "RegionId", "Name") values (4213, 347, 'Вунг-Тау');
insert into "Cities"("Id", "RegionId", "Name") values (4214, 347, 'Сайгон');
insert into "Cities"("Id", "RegionId", "Name") values (4215, 352, 'Либревиль');
insert into "Cities"("Id", "RegionId", "Name") values (4216, 352, 'Порт-Жантиль');
insert into "Regions"("Id", "CountryId", "Name") values (353, 44, 'Artibonite');
insert into "Regions"("Id", "CountryId", "Name") values (354, 44, 'Grand''''Anse');
insert into "Regions"("Id", "CountryId", "Name") values (355, 44, 'Nord-Ouest');
insert into "Regions"("Id", "CountryId", "Name") values (356, 44, 'Ouest');
insert into "Regions"("Id", "CountryId", "Name") values (357, 44, 'Sud');
insert into "Regions"("Id", "CountryId", "Name") values (358, 44, 'Sud-Est');
insert into "Cities"("Id", "RegionId", "Name") values (4217, 44, 'Башмаково');
insert into "Cities"("Id", "RegionId", "Name") values (4218, 44, 'Беднодемьяновск');
insert into "Cities"("Id", "RegionId", "Name") values (4219, 44, 'Беково');
insert into "Cities"("Id", "RegionId", "Name") values (4220, 44, 'Белинский');
insert into "Cities"("Id", "RegionId", "Name") values (4221, 44, 'Бессоновка');
insert into "Cities"("Id", "RegionId", "Name") values (4222, 44, 'Вадинск');
insert into "Cities"("Id", "RegionId", "Name") values (4223, 44, 'Верхозим');
insert into "Cities"("Id", "RegionId", "Name") values (4224, 44, 'Городище (Пензенская обл.)');
insert into "Cities"("Id", "RegionId", "Name") values (4225, 44, 'Евлашево');
insert into "Cities"("Id", "RegionId", "Name") values (4226, 44, 'Заречный (Пензенская обл.)');
insert into "Cities"("Id", "RegionId", "Name") values (4227, 44, 'Земетчино');
insert into "Cities"("Id", "RegionId", "Name") values (4228, 44, 'Золотаревка');
insert into "Cities"("Id", "RegionId", "Name") values (4229, 44, 'Исса');
insert into "Cities"("Id", "RegionId", "Name") values (4230, 44, 'Каменка');
insert into "Cities"("Id", "RegionId", "Name") values (4231, 44, 'Колышлей');
insert into "Cities"("Id", "RegionId", "Name") values (4232, 44, 'Кондоль');
insert into "Cities"("Id", "RegionId", "Name") values (4233, 44, 'Кузнецк');
insert into "Cities"("Id", "RegionId", "Name") values (4234, 44, 'Лопатино');
insert into "Cities"("Id", "RegionId", "Name") values (4235, 44, 'Малая Сердоба');
insert into "Cities"("Id", "RegionId", "Name") values (4236, 44, 'Мокшан');
insert into "Cities"("Id", "RegionId", "Name") values (4237, 44, 'Наровчат');
insert into "Cities"("Id", "RegionId", "Name") values (4238, 44, 'Неверкино');
insert into "Cities"("Id", "RegionId", "Name") values (4239, 44, 'Нижний Ломов');
insert into "Cities"("Id", "RegionId", "Name") values (4240, 44, 'Никольск (Пензенская обл.)');
insert into "Cities"("Id", "RegionId", "Name") values (4241, 44, 'Пачелма');
insert into "Cities"("Id", "RegionId", "Name") values (4242, 44, 'Пенза');
insert into "Cities"("Id", "RegionId", "Name") values (4243, 44, 'Русский Камешкир');
insert into "Cities"("Id", "RegionId", "Name") values (4244, 44, 'Сердобск');
insert into "Cities"("Id", "RegionId", "Name") values (4245, 44, 'Сосновоборск');
insert into "Cities"("Id", "RegionId", "Name") values (4246, 44, 'Сура');
insert into "Cities"("Id", "RegionId", "Name") values (4247, 44, 'Тамала');
insert into "Cities"("Id", "RegionId", "Name") values (4248, 44, 'Шемышейка');
insert into "Cities"("Id", "RegionId", "Name") values (4249, 231, 'Acadanlar');
insert into "Cities"("Id", "RegionId", "Name") values (4250, 231, 'Dulovo');
insert into "Cities"("Id", "RegionId", "Name") values (4251, 231, 'Dulowo');
insert into "Cities"("Id", "RegionId", "Name") values (4252, 231, 'Glavinitsa');
insert into "Cities"("Id", "RegionId", "Name") values (4253, 231, 'Glawinica');
insert into "Cities"("Id", "RegionId", "Name") values (4254, 231, 'Silistra');
insert into "Cities"("Id", "RegionId", "Name") values (4255, 231, 'Turtukai');
insert into "Cities"("Id", "RegionId", "Name") values (4256, 231, 'Tutrakan');
insert into "Cities"("Id", "RegionId", "Name") values (4257, 268, 'Alemo');
insert into "Cities"("Id", "RegionId", "Name") values (4258, 268, 'Lagoa de Cima');
insert into "Cities"("Id", "RegionId", "Name") values (4259, 288, 'Abingdon');
insert into "Cities"("Id", "RegionId", "Name") values (4260, 288, 'Alton');
insert into "Cities"("Id", "RegionId", "Name") values (4261, 288, 'Amersham');
insert into "Cities"("Id", "RegionId", "Name") values (4262, 288, 'Andover');
insert into "Cities"("Id", "RegionId", "Name") values (4263, 288, 'Ascot');
insert into "Cities"("Id", "RegionId", "Name") values (4264, 288, 'Ashford');
insert into "Cities"("Id", "RegionId", "Name") values (4265, 288, 'Aylesbury');
insert into "Cities"("Id", "RegionId", "Name") values (4266, 288, 'Banbury');
insert into "Cities"("Id", "RegionId", "Name") values (4267, 288, 'Basingstoke');
insert into "Cities"("Id", "RegionId", "Name") values (4268, 288, 'Bexhill-On-Sea');
insert into "Cities"("Id", "RegionId", "Name") values (4269, 288, 'Bicester');
insert into "Cities"("Id", "RegionId", "Name") values (4270, 288, 'Bognor Regis');
insert into "Cities"("Id", "RegionId", "Name") values (4271, 288, 'Bournemouth');
insert into "Cities"("Id", "RegionId", "Name") values (4272, 288, 'Bracknell');
insert into "Cities"("Id", "RegionId", "Name") values (4273, 288, 'Brighton');
insert into "Cities"("Id", "RegionId", "Name") values (4274, 288, 'Broadstairs');
insert into "Cities"("Id", "RegionId", "Name") values (4275, 288, 'Burford');
insert into "Cities"("Id", "RegionId", "Name") values (4276, 288, 'Camberley');
insert into "Cities"("Id", "RegionId", "Name") values (4277, 288, 'Canterbury');
insert into "Cities"("Id", "RegionId", "Name") values (4278, 288, 'Chatham');
insert into "Cities"("Id", "RegionId", "Name") values (4279, 288, 'Chichester');
insert into "Cities"("Id", "RegionId", "Name") values (4280, 288, 'Chipping Norton');
insert into "Cities"("Id", "RegionId", "Name") values (4281, 288, 'Cobham');
insert into "Cities"("Id", "RegionId", "Name") values (4282, 288, 'Crawley');
insert into "Cities"("Id", "RegionId", "Name") values (4283, 288, 'Dartford');
insert into "Cities"("Id", "RegionId", "Name") values (4284, 288, 'Dorking');
insert into "Cities"("Id", "RegionId", "Name") values (4285, 288, 'Dover');
insert into "Cities"("Id", "RegionId", "Name") values (4286, 288, 'East Grinstead');
insert into "Cities"("Id", "RegionId", "Name") values (4287, 288, 'Eastbourne');
insert into "Cities"("Id", "RegionId", "Name") values (4288, 288, 'Farnham');
insert into "Cities"("Id", "RegionId", "Name") values (4289, 288, 'Faversham');
insert into "Cities"("Id", "RegionId", "Name") values (4290, 288, 'Fleet');
insert into "Cities"("Id", "RegionId", "Name") values (4291, 288, 'Folkestone');
insert into "Cities"("Id", "RegionId", "Name") values (4292, 288, 'Gillingham');
insert into "Cities"("Id", "RegionId", "Name") values (4293, 288, 'Godstone');
insert into "Cities"("Id", "RegionId", "Name") values (4294, 288, 'Gosport');
insert into "Cities"("Id", "RegionId", "Name") values (4295, 288, 'Gravesend');
insert into "Cities"("Id", "RegionId", "Name") values (4296, 288, 'Guildford');
insert into "Cities"("Id", "RegionId", "Name") values (4297, 288, 'Hastings');
insert into "Cities"("Id", "RegionId", "Name") values (4298, 288, 'Henley-On-Thames');
insert into "Cities"("Id", "RegionId", "Name") values (4299, 288, 'Hook');
insert into "Cities"("Id", "RegionId", "Name") values (4300, 288, 'Horley');
insert into "Cities"("Id", "RegionId", "Name") values (4301, 288, 'Horsham');
insert into "Cities"("Id", "RegionId", "Name") values (4302, 288, 'Hungerford');
insert into "Cities"("Id", "RegionId", "Name") values (4303, 288, 'Littlehampton');
insert into "Cities"("Id", "RegionId", "Name") values (4304, 288, 'Lymington');
insert into "Cities"("Id", "RegionId", "Name") values (4305, 288, 'MIdenhead');
insert into "Cities"("Id", "RegionId", "Name") values (4306, 288, 'MIdstone');
insert into "Cities"("Id", "RegionId", "Name") values (4307, 288, 'Margate');
insert into "Cities"("Id", "RegionId", "Name") values (4308, 288, 'Marlow');
insert into "Cities"("Id", "RegionId", "Name") values (4309, 288, 'Milton Keynes');
insert into "Cities"("Id", "RegionId", "Name") values (4310, 288, 'Newbury');
insert into "Cities"("Id", "RegionId", "Name") values (4311, 288, 'Newport');
insert into "Cities"("Id", "RegionId", "Name") values (4312, 288, 'Oxford');
insert into "Cities"("Id", "RegionId", "Name") values (4313, 288, 'Portsmouth');
insert into "Cities"("Id", "RegionId", "Name") values (4314, 288, 'Reading');
insert into "Cities"("Id", "RegionId", "Name") values (4315, 288, 'Redhill');
insert into "Cities"("Id", "RegionId", "Name") values (4316, 288, 'Rochester');
insert into "Cities"("Id", "RegionId", "Name") values (4317, 288, 'Rye');
insert into "Cities"("Id", "RegionId", "Name") values (4318, 288, 'Sevenoaks');
insert into "Cities"("Id", "RegionId", "Name") values (4319, 288, 'Shanklin');
insert into "Cities"("Id", "RegionId", "Name") values (4320, 288, 'Sheerness');
insert into "Cities"("Id", "RegionId", "Name") values (4321, 288, 'Shoreham-By-Sea');
insert into "Cities"("Id", "RegionId", "Name") values (4322, 288, 'Sittingbourne');
insert into "Cities"("Id", "RegionId", "Name") values (4323, 288, 'Slough');
insert into "Cities"("Id", "RegionId", "Name") values (4324, 288, 'Southampton');
insert into "Cities"("Id", "RegionId", "Name") values (4325, 288, 'Southsea');
insert into "Cities"("Id", "RegionId", "Name") values (4326, 288, 'Staines');
insert into "Cities"("Id", "RegionId", "Name") values (4327, 288, 'Sutton');
insert into "Cities"("Id", "RegionId", "Name") values (4328, 288, 'Swanley');
insert into "Cities"("Id", "RegionId", "Name") values (4329, 288, 'Swindon');
insert into "Cities"("Id", "RegionId", "Name") values (4330, 288, 'TonbIdge');
insert into "Cities"("Id", "RegionId", "Name") values (4331, 288, 'TunbIdge Wells');
insert into "Cities"("Id", "RegionId", "Name") values (4332, 288, 'Walton-On-Thames');
insert into "Cities"("Id", "RegionId", "Name") values (4333, 288, 'West Malling');
insert into "Cities"("Id", "RegionId", "Name") values (4334, 288, 'WeybIdge');
insert into "Cities"("Id", "RegionId", "Name") values (4335, 288, 'Winchester');
insert into "Cities"("Id", "RegionId", "Name") values (4336, 288, 'Windsor');
insert into "Cities"("Id", "RegionId", "Name") values (4337, 288, 'Woking');
insert into "Cities"("Id", "RegionId", "Name") values (4338, 288, 'Wokingham');
insert into "Cities"("Id", "RegionId", "Name") values (4339, 288, 'Worthing');
insert into "Cities"("Id", "RegionId", "Name") values (4340, 288, 'Yarmouth');
insert into "Cities"("Id", "RegionId", "Name") values (4341, 304, 'Debrecen');
insert into "Cities"("Id", "RegionId", "Name") values (4342, 304, 'Debreczen');
insert into "Cities"("Id", "RegionId", "Name") values (4343, 326, 'Barinas');
insert into "Cities"("Id", "RegionId", "Name") values (4344, 326, 'Pedraza Vieja');
insert into "Cities"("Id", "RegionId", "Name") values (4345, 348, 'Нячанг');
insert into "Cities"("Id", "RegionId", "Name") values (4346, 348, 'Пхан-Тхит');
insert into "Cities"("Id", "RegionId", "Name") values (4347, 353, 'Гонаивес');
insert into "Regions"("Id", "CountryId", "Name") values (359, 45, 'Гайана');
insert into "Cities"("Id", "RegionId", "Name") values (4348, 45, 'Александровск');
insert into "Cities"("Id", "RegionId", "Name") values (4349, 45, 'Барда');
insert into "Cities"("Id", "RegionId", "Name") values (4350, 45, 'Березники');
insert into "Cities"("Id", "RegionId", "Name") values (4351, 45, 'Большая Соснова');
insert into "Cities"("Id", "RegionId", "Name") values (4352, 45, 'Верещагино');
insert into "Cities"("Id", "RegionId", "Name") values (4353, 45, 'Гайны');
insert into "Cities"("Id", "RegionId", "Name") values (4354, 45, 'Горнозаводск (Пермский край)');
insert into "Cities"("Id", "RegionId", "Name") values (4355, 45, 'Гремячинск');
insert into "Cities"("Id", "RegionId", "Name") values (4356, 45, 'Губаха');
insert into "Cities"("Id", "RegionId", "Name") values (4357, 45, 'Добрянка');
insert into "Cities"("Id", "RegionId", "Name") values (4358, 45, 'Елово');
insert into "Cities"("Id", "RegionId", "Name") values (4359, 45, 'Зюкайка');
insert into "Cities"("Id", "RegionId", "Name") values (4360, 45, 'Ильинский (Пермская обл.)');
insert into "Cities"("Id", "RegionId", "Name") values (4361, 45, 'Карагай');
insert into "Cities"("Id", "RegionId", "Name") values (4362, 45, 'Керчевский');
insert into "Cities"("Id", "RegionId", "Name") values (4363, 45, 'Кизел');
insert into "Cities"("Id", "RegionId", "Name") values (4364, 45, 'Коса');
insert into "Cities"("Id", "RegionId", "Name") values (4365, 45, 'Кочево');
insert into "Cities"("Id", "RegionId", "Name") values (4366, 45, 'Красновишерск');
insert into "Cities"("Id", "RegionId", "Name") values (4367, 45, 'Краснокамск');
insert into "Cities"("Id", "RegionId", "Name") values (4368, 45, 'Кудымкар');
insert into "Cities"("Id", "RegionId", "Name") values (4369, 45, 'Куеда');
insert into "Cities"("Id", "RegionId", "Name") values (4370, 45, 'Кунгур');
insert into "Cities"("Id", "RegionId", "Name") values (4371, 45, 'Лысьва');
insert into "Cities"("Id", "RegionId", "Name") values (4372, 45, 'Ныроб');
insert into "Cities"("Id", "RegionId", "Name") values (4373, 45, 'Нытва');
insert into "Cities"("Id", "RegionId", "Name") values (4374, 45, 'Октябрьский');
insert into "Cities"("Id", "RegionId", "Name") values (4375, 45, 'Орда');
insert into "Cities"("Id", "RegionId", "Name") values (4376, 45, 'Оса');
insert into "Cities"("Id", "RegionId", "Name") values (4377, 45, 'Оханск');
insert into "Cities"("Id", "RegionId", "Name") values (4378, 45, 'Очер');
insert into "Cities"("Id", "RegionId", "Name") values (4379, 45, 'Пермь');
insert into "Cities"("Id", "RegionId", "Name") values (4380, 45, 'Соликамск');
insert into "Cities"("Id", "RegionId", "Name") values (4381, 45, 'Суксун');
insert into "Cities"("Id", "RegionId", "Name") values (4382, 45, 'Уинское');
insert into "Cities"("Id", "RegionId", "Name") values (4383, 45, 'Усолье');
insert into "Cities"("Id", "RegionId", "Name") values (4384, 45, 'Усть-Кишерть');
insert into "Cities"("Id", "RegionId", "Name") values (4385, 45, 'Чайковский');
insert into "Cities"("Id", "RegionId", "Name") values (4386, 45, 'Частые');
insert into "Cities"("Id", "RegionId", "Name") values (4387, 45, 'Чердынь');
insert into "Cities"("Id", "RegionId", "Name") values (4388, 45, 'Чернореченский');
insert into "Cities"("Id", "RegionId", "Name") values (4389, 45, 'Чернушка');
insert into "Cities"("Id", "RegionId", "Name") values (4390, 45, 'Чусовой');
insert into "Cities"("Id", "RegionId", "Name") values (4391, 45, 'Юрла');
insert into "Cities"("Id", "RegionId", "Name") values (4392, 45, 'Юсьва');
insert into "Cities"("Id", "RegionId", "Name") values (4393, 232, 'Kotel');
insert into "Cities"("Id", "RegionId", "Name") values (4394, 232, 'Nova Zagora');
insert into "Cities"("Id", "RegionId", "Name") values (4395, 232, 'Sliven');
insert into "Cities"("Id", "RegionId", "Name") values (4396, 232, 'Sliwen');
insert into "Cities"("Id", "RegionId", "Name") values (4397, 269, 'guas Brancas');
insert into "Cities"("Id", "RegionId", "Name") values (4398, 269, 'Porto Alegre');
insert into "Cities"("Id", "RegionId", "Name") values (4399, 269, 'Santa Barbara');
insert into "Cities"("Id", "RegionId", "Name") values (4400, 269, 'Viamo');
insert into "Cities"("Id", "RegionId", "Name") values (4401, 289, 'Andover');
insert into "Cities"("Id", "RegionId", "Name") values (4402, 289, 'Barnstaple');
insert into "Cities"("Id", "RegionId", "Name") values (4403, 289, 'Bath');
insert into "Cities"("Id", "RegionId", "Name") values (4404, 289, 'Ideford');
insert into "Cities"("Id", "RegionId", "Name") values (4405, 289, 'Bodmin');
insert into "Cities"("Id", "RegionId", "Name") values (4406, 289, 'Bradford-On-Avon');
insert into "Cities"("Id", "RegionId", "Name") values (4407, 289, 'BIdgwater');
insert into "Cities"("Id", "RegionId", "Name") values (4408, 289, 'Bristol');
insert into "Cities"("Id", "RegionId", "Name") values (4409, 289, 'Brixham');
insert into "Cities"("Id", "RegionId", "Name") values (4410, 289, 'Callington');
insert into "Cities"("Id", "RegionId", "Name") values (4411, 289, 'Camborne');
insert into "Cities"("Id", "RegionId", "Name") values (4412, 289, 'Cheltenham');
insert into "Cities"("Id", "RegionId", "Name") values (4413, 289, 'Chippenham');
insert into "Cities"("Id", "RegionId", "Name") values (4414, 289, 'Clevedon');
insert into "Cities"("Id", "RegionId", "Name") values (4415, 289, 'Crewkerne');
insert into "Cities"("Id", "RegionId", "Name") values (4416, 289, 'Dorchester');
insert into "Cities"("Id", "RegionId", "Name") values (4417, 289, 'Exeter');
insert into "Cities"("Id", "RegionId", "Name") values (4418, 289, 'Exmouth');
insert into "Cities"("Id", "RegionId", "Name") values (4419, 289, 'Falmouth');
insert into "Cities"("Id", "RegionId", "Name") values (4420, 289, 'Gloucester');
insert into "Cities"("Id", "RegionId", "Name") values (4421, 289, 'Helston');
insert into "Cities"("Id", "RegionId", "Name") values (4422, 289, 'Lynmouth');
insert into "Cities"("Id", "RegionId", "Name") values (4423, 289, 'Newquay');
insert into "Cities"("Id", "RegionId", "Name") values (4424, 289, 'Paignton');
insert into "Cities"("Id", "RegionId", "Name") values (4425, 289, 'Penzance');
insert into "Cities"("Id", "RegionId", "Name") values (4426, 289, 'Plymouth');
insert into "Cities"("Id", "RegionId", "Name") values (4427, 289, 'Poole');
insert into "Cities"("Id", "RegionId", "Name") values (4428, 289, 'Redruth');
insert into "Cities"("Id", "RegionId", "Name") values (4429, 289, 'Salisbury');
insert into "Cities"("Id", "RegionId", "Name") values (4430, 289, 'Saltash');
insert into "Cities"("Id", "RegionId", "Name") values (4431, 289, 'St Ives');
insert into "Cities"("Id", "RegionId", "Name") values (4432, 289, 'Stroud');
insert into "Cities"("Id", "RegionId", "Name") values (4433, 289, 'Swindon');
insert into "Cities"("Id", "RegionId", "Name") values (4434, 289, 'Taunton');
insert into "Cities"("Id", "RegionId", "Name") values (4435, 289, 'Teignmouth');
insert into "Cities"("Id", "RegionId", "Name") values (4436, 289, 'Torquay');
insert into "Cities"("Id", "RegionId", "Name") values (4437, 289, 'Truro');
insert into "Cities"("Id", "RegionId", "Name") values (4438, 289, 'Warminster');
insert into "Cities"("Id", "RegionId", "Name") values (4439, 289, 'Wells');
insert into "Cities"("Id", "RegionId", "Name") values (4440, 289, 'Westbury');
insert into "Cities"("Id", "RegionId", "Name") values (4441, 289, 'Weston-Super-Mare');
insert into "Cities"("Id", "RegionId", "Name") values (4442, 289, 'Weymouth');
insert into "Cities"("Id", "RegionId", "Name") values (4443, 289, 'Yeovil');
insert into "Cities"("Id", "RegionId", "Name") values (4444, 305, 'Bicske');
insert into "Cities"("Id", "RegionId", "Name") values (4445, 305, 'Dunajvros');
insert into "Cities"("Id", "RegionId", "Name") values (4446, 305, 'Szkesfehrvr');
insert into "Cities"("Id", "RegionId", "Name") values (4447, 327, 'Agua Blanca');
insert into "Cities"("Id", "RegionId", "Name") values (4448, 327, 'Balchises');
insert into "Cities"("Id", "RegionId", "Name") values (4449, 327, 'Bolvar');
insert into "Cities"("Id", "RegionId", "Name") values (4450, 327, 'Botuta');
insert into "Cities"("Id", "RegionId", "Name") values (4451, 327, 'Guayana City');
insert into "Cities"("Id", "RegionId", "Name") values (4452, 327, 'Portachuelo');
insert into "Cities"("Id", "RegionId", "Name") values (4453, 327, 'Puerto de Ordaz');
insert into "Cities"("Id", "RegionId", "Name") values (4454, 327, 'Puerto Ordaz');
insert into "Cities"("Id", "RegionId", "Name") values (4455, 349, 'Винь');
insert into "Cities"("Id", "RegionId", "Name") values (4456, 349, 'Хуэ');
insert into "Cities"("Id", "RegionId", "Name") values (4457, 354, 'Джереми');
insert into "Cities"("Id", "RegionId", "Name") values (4458, 359, 'Джорджтаун');
insert into "Regions"("Id", "CountryId", "Name") values (360, 46, 'Гамбия');
insert into "Cities"("Id", "RegionId", "Name") values (4459, 46, 'Анучино');
insert into "Cities"("Id", "RegionId", "Name") values (4460, 46, 'Арсеньев');
insert into "Cities"("Id", "RegionId", "Name") values (4461, 46, 'Артем');
insert into "Cities"("Id", "RegionId", "Name") values (4462, 46, 'Артемовский (Приморский край)');
insert into "Cities"("Id", "RegionId", "Name") values (4463, 46, 'Большой Камень');
insert into "Cities"("Id", "RegionId", "Name") values (4464, 46, 'Валентин');
insert into "Cities"("Id", "RegionId", "Name") values (4465, 46, 'Владивосток');
insert into "Cities"("Id", "RegionId", "Name") values (4466, 46, 'Высокогорск');
insert into "Cities"("Id", "RegionId", "Name") values (4467, 46, 'Горные Ключи');
insert into "Cities"("Id", "RegionId", "Name") values (4468, 46, 'Горный');
insert into "Cities"("Id", "RegionId", "Name") values (4469, 46, 'Дальнегорск');
insert into "Cities"("Id", "RegionId", "Name") values (4470, 46, 'Дальнереченск');
insert into "Cities"("Id", "RegionId", "Name") values (4471, 46, 'Зарубино');
insert into "Cities"("Id", "RegionId", "Name") values (4472, 46, 'Кавалерово');
insert into "Cities"("Id", "RegionId", "Name") values (4473, 46, 'Каменка (Приморский край)');
insert into "Cities"("Id", "RegionId", "Name") values (4474, 46, 'Камень-Рыболов');
insert into "Cities"("Id", "RegionId", "Name") values (4475, 46, 'Кировский');
insert into "Cities"("Id", "RegionId", "Name") values (4476, 46, 'Лазо');
insert into "Cities"("Id", "RegionId", "Name") values (4477, 46, 'Лесозаводск');
insert into "Cities"("Id", "RegionId", "Name") values (4478, 46, 'Лучегорск');
insert into "Cities"("Id", "RegionId", "Name") values (4479, 46, 'Михайловка (Приморский край)');
insert into "Cities"("Id", "RegionId", "Name") values (4480, 46, 'Находка (Приморский край)');
insert into "Cities"("Id", "RegionId", "Name") values (4481, 46, 'Новопокровка');
insert into "Cities"("Id", "RegionId", "Name") values (4482, 46, 'Ольга');
insert into "Cities"("Id", "RegionId", "Name") values (4483, 46, 'Партизанск');
insert into "Cities"("Id", "RegionId", "Name") values (4484, 46, 'Пластун');
insert into "Cities"("Id", "RegionId", "Name") values (4485, 46, 'Пограничный');
insert into "Cities"("Id", "RegionId", "Name") values (4486, 46, 'Покровка');
insert into "Cities"("Id", "RegionId", "Name") values (4487, 46, 'Посьет');
insert into "Cities"("Id", "RegionId", "Name") values (4488, 46, 'Русский');
insert into "Cities"("Id", "RegionId", "Name") values (4489, 46, 'Славянка');
insert into "Cities"("Id", "RegionId", "Name") values (4490, 46, 'Спасск-Дальний');
insert into "Cities"("Id", "RegionId", "Name") values (4491, 46, 'Терней');
insert into "Cities"("Id", "RegionId", "Name") values (4492, 46, 'Уссурийск');
insert into "Cities"("Id", "RegionId", "Name") values (4493, 46, 'Фокино');
insert into "Cities"("Id", "RegionId", "Name") values (4494, 46, 'Хасан');
insert into "Cities"("Id", "RegionId", "Name") values (4495, 46, 'Хороль');
insert into "Cities"("Id", "RegionId", "Name") values (4496, 46, 'Черниговка');
insert into "Cities"("Id", "RegionId", "Name") values (4497, 46, 'Чугуевка');
insert into "Cities"("Id", "RegionId", "Name") values (4498, 46, 'Яковлевка');
insert into "Cities"("Id", "RegionId", "Name") values (4499, 46, 'Ярославский');
insert into "Cities"("Id", "RegionId", "Name") values (4500, 233, 'Devin');
insert into "Cities"("Id", "RegionId", "Name") values (4501, 233, 'Dospat');
insert into "Cities"("Id", "RegionId", "Name") values (4502, 233, 'Kara-Bulak');
insert into "Cities"("Id", "RegionId", "Name") values (4503, 233, 'Karlukovo');
insert into "Cities"("Id", "RegionId", "Name") values (4504, 233, 'Ledzha');
insert into "Cities"("Id", "RegionId", "Name") values (4505, 233, 'Ludzha');
insert into "Cities"("Id", "RegionId", "Name") values (4506, 233, 'Nedelio');
insert into "Cities"("Id", "RegionId", "Name") values (4507, 233, 'Rudozem');
insert into "Cities"("Id", "RegionId", "Name") values (4508, 233, 'Smolian');
insert into "Cities"("Id", "RegionId", "Name") values (4509, 233, 'Smolyan');
insert into "Cities"("Id", "RegionId", "Name") values (4510, 233, 'Zlatograd');
insert into "Cities"("Id", "RegionId", "Name") values (4511, 270, 'Bananeira');
insert into "Cities"("Id", "RegionId", "Name") values (4512, 290, 'Ashbourne');
insert into "Cities"("Id", "RegionId", "Name") values (4513, 290, 'Bewdley');
insert into "Cities"("Id", "RegionId", "Name") values (4514, 290, 'Bilston');
insert into "Cities"("Id", "RegionId", "Name") values (4515, 290, 'Birmingham');
insert into "Cities"("Id", "RegionId", "Name") values (4516, 290, 'Burton-On-Trent');
insert into "Cities"("Id", "RegionId", "Name") values (4517, 290, 'Coventry');
insert into "Cities"("Id", "RegionId", "Name") values (4518, 290, 'Craven Arms');
insert into "Cities"("Id", "RegionId", "Name") values (4519, 290, 'Crewe');
insert into "Cities"("Id", "RegionId", "Name") values (4520, 290, 'Daventry');
insert into "Cities"("Id", "RegionId", "Name") values (4521, 290, 'Droitwich');
insert into "Cities"("Id", "RegionId", "Name") values (4522, 290, 'Dudley');
insert into "Cities"("Id", "RegionId", "Name") values (4523, 290, 'Evesham');
insert into "Cities"("Id", "RegionId", "Name") values (4524, 290, 'Hereford');
insert into "Cities"("Id", "RegionId", "Name") values (4525, 290, 'Leamington Spa');
insert into "Cities"("Id", "RegionId", "Name") values (4526, 290, 'Lichfield');
insert into "Cities"("Id", "RegionId", "Name") values (4527, 290, 'Newcastle');
insert into "Cities"("Id", "RegionId", "Name") values (4528, 290, 'Newport');
insert into "Cities"("Id", "RegionId", "Name") values (4529, 290, 'Nuneaton');
insert into "Cities"("Id", "RegionId", "Name") values (4530, 290, 'Rugby');
insert into "Cities"("Id", "RegionId", "Name") values (4531, 290, 'Shrewsbury');
insert into "Cities"("Id", "RegionId", "Name") values (4532, 290, 'Stafford');
insert into "Cities"("Id", "RegionId", "Name") values (4533, 290, 'Stoke-On-Trent');
insert into "Cities"("Id", "RegionId", "Name") values (4534, 290, 'StourbIdge');
insert into "Cities"("Id", "RegionId", "Name") values (4535, 290, 'Stratford-Upon-Avon');
insert into "Cities"("Id", "RegionId", "Name") values (4536, 290, 'Tamworth');
insert into "Cities"("Id", "RegionId", "Name") values (4537, 290, 'Telford');
insert into "Cities"("Id", "RegionId", "Name") values (4538, 290, 'Tenbury Wells');
insert into "Cities"("Id", "RegionId", "Name") values (4539, 290, 'Walsall');
insert into "Cities"("Id", "RegionId", "Name") values (4540, 290, 'Warwick');
insert into "Cities"("Id", "RegionId", "Name") values (4541, 290, 'West Bromwich');
insert into "Cities"("Id", "RegionId", "Name") values (4542, 290, 'Whitchurch');
insert into "Cities"("Id", "RegionId", "Name") values (4543, 290, 'Wolverhampton');
insert into "Cities"("Id", "RegionId", "Name") values (4544, 290, 'Worcester');
insert into "Cities"("Id", "RegionId", "Name") values (4545, 306, 'Gyor');
insert into "Cities"("Id", "RegionId", "Name") values (4546, 328, 'Puerto Cabello');
insert into "Cities"("Id", "RegionId", "Name") values (4547, 328, 'Valencia');
insert into "Cities"("Id", "RegionId", "Name") values (4548, 350, 'Хон-Гаи');
insert into "Cities"("Id", "RegionId", "Name") values (4549, 355, 'Порт-де-Пакс');
insert into "Cities"("Id", "RegionId", "Name") values (4550, 360, 'Банжул');
insert into "Regions"("Id", "CountryId", "Name") values (361, 47, 'Гана');
insert into "Cities"("Id", "RegionId", "Name") values (4551, 47, 'Бежаницы');
insert into "Cities"("Id", "RegionId", "Name") values (4552, 47, 'Великие Луки');
insert into "Cities"("Id", "RegionId", "Name") values (4553, 47, 'Гдов');
insert into "Cities"("Id", "RegionId", "Name") values (4554, 47, 'Дедовичи');
insert into "Cities"("Id", "RegionId", "Name") values (4555, 47, 'Дно');
insert into "Cities"("Id", "RegionId", "Name") values (4556, 47, 'Заплюсье');
insert into "Cities"("Id", "RegionId", "Name") values (4557, 47, 'Идрица');
insert into "Cities"("Id", "RegionId", "Name") values (4558, 47, 'Красногородское');
insert into "Cities"("Id", "RegionId", "Name") values (4559, 47, 'Кунья');
insert into "Cities"("Id", "RegionId", "Name") values (4560, 47, 'Локня');
insert into "Cities"("Id", "RegionId", "Name") values (4561, 47, 'Невель');
insert into "Cities"("Id", "RegionId", "Name") values (4562, 47, 'Новоржев');
insert into "Cities"("Id", "RegionId", "Name") values (4563, 47, 'Новосокольники');
insert into "Cities"("Id", "RegionId", "Name") values (4564, 47, 'Опочка');
insert into "Cities"("Id", "RegionId", "Name") values (4565, 47, 'Остров');
insert into "Cities"("Id", "RegionId", "Name") values (4566, 47, 'Палкино');
insert into "Cities"("Id", "RegionId", "Name") values (4567, 47, 'Печоры');
insert into "Cities"("Id", "RegionId", "Name") values (4568, 47, 'Плюсса');
insert into "Cities"("Id", "RegionId", "Name") values (4569, 47, 'Порхов');
insert into "Cities"("Id", "RegionId", "Name") values (4570, 47, 'Псков');
insert into "Cities"("Id", "RegionId", "Name") values (4571, 47, 'Пустошка');
insert into "Cities"("Id", "RegionId", "Name") values (4572, 47, 'Пушкинские Горы');
insert into "Cities"("Id", "RegionId", "Name") values (4573, 47, 'Пыталово');
insert into "Cities"("Id", "RegionId", "Name") values (4574, 47, 'Себеж');
insert into "Cities"("Id", "RegionId", "Name") values (4575, 47, 'Струги-Красные');
insert into "Cities"("Id", "RegionId", "Name") values (4576, 47, 'Усвяты');
insert into "Cities"("Id", "RegionId", "Name") values (4577, 234, 'Ablanitsa');
insert into "Cities"("Id", "RegionId", "Name") values (4578, 234, 'Ablaniza');
insert into "Cities"("Id", "RegionId", "Name") values (4579, 234, 'Al''''ovgrob');
insert into "Cities"("Id", "RegionId", "Name") values (4580, 234, 'Alag''''ozitsa');
insert into "Cities"("Id", "RegionId", "Name") values (4581, 234, 'Aldomiro');
insert into "Cities"("Id", "RegionId", "Name") values (4582, 234, 'Alino');
insert into "Cities"("Id", "RegionId", "Name") values (4583, 234, 'Angelov Dol');
insert into "Cities"("Id", "RegionId", "Name") values (4584, 234, 'Arsan');
insert into "Cities"("Id", "RegionId", "Name") values (4585, 234, 'Arzan');
insert into "Cities"("Id", "RegionId", "Name") values (4586, 234, 'Avli K''''oy');
insert into "Cities"("Id", "RegionId", "Name") values (4587, 234, 'Babino');
insert into "Cities"("Id", "RegionId", "Name") values (4588, 234, 'Babinoka Reka');
insert into "Cities"("Id", "RegionId", "Name") values (4589, 234, 'Babitsa');
insert into "Cities"("Id", "RegionId", "Name") values (4590, 234, 'Banishor');
insert into "Cities"("Id", "RegionId", "Name") values (4591, 234, 'Bankja');
insert into "Cities"("Id", "RegionId", "Name") values (4592, 234, 'Bankya');
insert into "Cities"("Id", "RegionId", "Name") values (4593, 234, 'Belaniza');
insert into "Cities"("Id", "RegionId", "Name") values (4594, 234, 'Beli Iskur');
insert into "Cities"("Id", "RegionId", "Name") values (4595, 234, 'Bistrica');
insert into "Cities"("Id", "RegionId", "Name") values (4596, 234, 'Bistritsa');
insert into "Cities"("Id", "RegionId", "Name") values (4597, 234, 'Borovets');
insert into "Cities"("Id", "RegionId", "Name") values (4598, 234, 'Borovo');
insert into "Cities"("Id", "RegionId", "Name") values (4599, 234, 'Botevgrad');
insert into "Cities"("Id", "RegionId", "Name") values (4600, 234, 'Botewgrad');
insert into "Cities"("Id", "RegionId", "Name") values (4601, 234, 'Burdo');
insert into "Cities"("Id", "RegionId", "Name") values (4602, 234, 'Druvnitsa');
insert into "Cities"("Id", "RegionId", "Name") values (4603, 234, 'G''''ola');
insert into "Cities"("Id", "RegionId", "Name") values (4604, 234, 'Gol''''ovitsa');
insert into "Cities"("Id", "RegionId", "Name") values (4605, 234, 'Ihtiman');
insert into "Cities"("Id", "RegionId", "Name") values (4606, 234, 'Ilinden');
insert into "Cities"("Id", "RegionId", "Name") values (4607, 234, 'Izvor');
insert into "Cities"("Id", "RegionId", "Name") values (4608, 234, 'Lozenets');
insert into "Cities"("Id", "RegionId", "Name") values (4609, 234, 'Lozenitsa');
insert into "Cities"("Id", "RegionId", "Name") values (4610, 234, 'Lyulin');
insert into "Cities"("Id", "RegionId", "Name") values (4611, 234, 'Momin Prokhod');
insert into "Cities"("Id", "RegionId", "Name") values (4612, 234, 'Obel');
insert into "Cities"("Id", "RegionId", "Name") values (4613, 234, 'Pancharevo');
insert into "Cities"("Id", "RegionId", "Name") values (4614, 234, 'Pirin');
insert into "Cities"("Id", "RegionId", "Name") values (4615, 234, 'Prawez');
insert into "Cities"("Id", "RegionId", "Name") values (4616, 234, 'S''''kirna Gorna');
insert into "Cities"("Id", "RegionId", "Name") values (4617, 234, 'Sabol');
insert into "Cities"("Id", "RegionId", "Name") values (4618, 234, 'Samokov');
insert into "Cities"("Id", "RegionId", "Name") values (4619, 234, 'Samokow');
insert into "Cities"("Id", "RegionId", "Name") values (4620, 234, 'Slatina');
insert into "Cities"("Id", "RegionId", "Name") values (4621, 234, 'Slatino');
insert into "Cities"("Id", "RegionId", "Name") values (4622, 234, 'Slivnitsa');
insert into "Cities"("Id", "RegionId", "Name") values (4623, 234, 'Slivnitza');
insert into "Cities"("Id", "RegionId", "Name") values (4624, 234, 'Sofiya');
insert into "Cities"("Id", "RegionId", "Name") values (4625, 234, 'Sopitsa');
insert into "Cities"("Id", "RegionId", "Name") values (4626, 234, 'Sopiza');
insert into "Cities"("Id", "RegionId", "Name") values (4627, 234, 'Sopovo');
insert into "Cities"("Id", "RegionId", "Name") values (4628, 234, 'Srednogorie');
insert into "Cities"("Id", "RegionId", "Name") values (4629, 234, 'Srubsko Selo');
insert into "Cities"("Id", "RegionId", "Name") values (4630, 234, 'Stara Kresna');
insert into "Cities"("Id", "RegionId", "Name") values (4631, 234, 'Stargel');
insert into "Cities"("Id", "RegionId", "Name") values (4632, 234, 'Stari Dol');
insert into "Cities"("Id", "RegionId", "Name") values (4633, 234, 'Stolnik');
insert into "Cities"("Id", "RegionId", "Name") values (4634, 234, 'Strzimirovtzi');
insert into "Cities"("Id", "RegionId", "Name") values (4635, 234, 'Svoboda');
insert into "Cities"("Id", "RegionId", "Name") values (4636, 234, 'Svoge');
insert into "Cities"("Id", "RegionId", "Name") values (4637, 234, 'Trap');
insert into "Cities"("Id", "RegionId", "Name") values (4638, 234, 'Vranya');
insert into "Cities"("Id", "RegionId", "Name") values (4639, 234, 'Zilinci');
insert into "Cities"("Id", "RegionId", "Name") values (4640, 234, 'Zlatitsa');
insert into "Cities"("Id", "RegionId", "Name") values (4641, 234, 'Zlatusa');
insert into "Cities"("Id", "RegionId", "Name") values (4642, 234, 'Zlatusha');
insert into "Cities"("Id", "RegionId", "Name") values (4643, 234, 'Zvyarska Makhala');
insert into "Cities"("Id", "RegionId", "Name") values (4644, 271, 'Barro');
insert into "Cities"("Id", "RegionId", "Name") values (4645, 291, 'Barnsley');
insert into "Cities"("Id", "RegionId", "Name") values (4646, 291, 'Bradford');
insert into "Cities"("Id", "RegionId", "Name") values (4647, 291, 'Cottingham');
insert into "Cities"("Id", "RegionId", "Name") values (4648, 291, 'Dewsbury');
insert into "Cities"("Id", "RegionId", "Name") values (4649, 291, 'Doncaster');
insert into "Cities"("Id", "RegionId", "Name") values (4650, 291, 'Goole');
insert into "Cities"("Id", "RegionId", "Name") values (4651, 291, 'Halifax');
insert into "Cities"("Id", "RegionId", "Name") values (4652, 291, 'Harrogate');
insert into "Cities"("Id", "RegionId", "Name") values (4653, 291, 'Holmfirth');
insert into "Cities"("Id", "RegionId", "Name") values (4654, 291, 'Hornsea');
insert into "Cities"("Id", "RegionId", "Name") values (4655, 291, 'Huddersfield');
insert into "Cities"("Id", "RegionId", "Name") values (4656, 291, 'Hull');
insert into "Cities"("Id", "RegionId", "Name") values (4657, 291, 'Keighley');
insert into "Cities"("Id", "RegionId", "Name") values (4658, 291, 'Knottingley');
insert into "Cities"("Id", "RegionId", "Name") values (4659, 291, 'Lancaster');
insert into "Cities"("Id", "RegionId", "Name") values (4660, 291, 'Leeds');
insert into "Cities"("Id", "RegionId", "Name") values (4661, 291, 'Iddlesbrough');
insert into "Cities"("Id", "RegionId", "Name") values (4662, 291, 'Normanton');
insert into "Cities"("Id", "RegionId", "Name") values (4663, 291, 'Ripon');
insert into "Cities"("Id", "RegionId", "Name") values (4664, 291, 'Rotherham');
insert into "Cities"("Id", "RegionId", "Name") values (4665, 291, 'Scarborough');
insert into "Cities"("Id", "RegionId", "Name") values (4666, 291, 'Selby');
insert into "Cities"("Id", "RegionId", "Name") values (4667, 291, 'Sheffield');
insert into "Cities"("Id", "RegionId", "Name") values (4668, 291, 'Shipley');
insert into "Cities"("Id", "RegionId", "Name") values (4669, 291, 'Wakefield');
insert into "Cities"("Id", "RegionId", "Name") values (4670, 291, 'York');
insert into "Cities"("Id", "RegionId", "Name") values (4671, 307, 'Fertoboz');
insert into "Cities"("Id", "RegionId", "Name") values (4672, 307, 'Fertod');
insert into "Cities"("Id", "RegionId", "Name") values (4673, 307, 'Gyr');
insert into "Cities"("Id", "RegionId", "Name") values (4674, 307, 'Kapuvr');
insert into "Cities"("Id", "RegionId", "Name") values (4675, 307, 'Mosonmagyarvr');
insert into "Cities"("Id", "RegionId", "Name") values (4676, 307, 'Sopron');
insert into "Cities"("Id", "RegionId", "Name") values (4677, 329, 'La Corcovada');
insert into "Cities"("Id", "RegionId", "Name") values (4678, 351, 'Плейку');
insert into "Cities"("Id", "RegionId", "Name") values (4679, 356, 'Порт-о-Пренс');
insert into "Cities"("Id", "RegionId", "Name") values (4680, 361, 'Аккра');
insert into "Regions"("Id", "CountryId", "Name") values (362, 48, 'Grande-Terre');
insert into "Regions"("Id", "CountryId", "Name") values (363, 48, 'Бас-Тер');
insert into "Cities"("Id", "RegionId", "Name") values (4681, 48, 'Азов');
insert into "Cities"("Id", "RegionId", "Name") values (4682, 48, 'Аксай (Ростовская обл.)');
insert into "Cities"("Id", "RegionId", "Name") values (4683, 48, 'Алмазный');
insert into "Cities"("Id", "RegionId", "Name") values (4684, 48, 'Аютинск');
insert into "Cities"("Id", "RegionId", "Name") values (4685, 48, 'Багаевский');
insert into "Cities"("Id", "RegionId", "Name") values (4686, 48, 'Батайск');
insert into "Cities"("Id", "RegionId", "Name") values (4687, 48, 'Белая Калитва');
insert into "Cities"("Id", "RegionId", "Name") values (4688, 48, 'Боковская');
insert into "Cities"("Id", "RegionId", "Name") values (4689, 48, 'Большая Мартыновка');
insert into "Cities"("Id", "RegionId", "Name") values (4690, 48, 'Вешенская');
insert into "Cities"("Id", "RegionId", "Name") values (4691, 48, 'Волгодонск');
insert into "Cities"("Id", "RegionId", "Name") values (4692, 48, 'Восход');
insert into "Cities"("Id", "RegionId", "Name") values (4693, 48, 'Гигант');
insert into "Cities"("Id", "RegionId", "Name") values (4694, 48, 'Горняцкий');
insert into "Cities"("Id", "RegionId", "Name") values (4695, 48, 'Гуково');
insert into "Cities"("Id", "RegionId", "Name") values (4696, 48, 'Донецк');
insert into "Cities"("Id", "RegionId", "Name") values (4697, 48, 'Донской (Ростовская обл.)');
insert into "Cities"("Id", "RegionId", "Name") values (4698, 48, 'Дубовское');
insert into "Cities"("Id", "RegionId", "Name") values (4699, 48, 'Егорлыкская');
insert into "Cities"("Id", "RegionId", "Name") values (4700, 48, 'Жирнов');
insert into "Cities"("Id", "RegionId", "Name") values (4701, 48, 'Заветное');
insert into "Cities"("Id", "RegionId", "Name") values (4702, 48, 'Заводской');
insert into "Cities"("Id", "RegionId", "Name") values (4703, 48, 'Зверево');
insert into "Cities"("Id", "RegionId", "Name") values (4704, 48, 'Зерноград');
insert into "Cities"("Id", "RegionId", "Name") values (4705, 48, 'Зимовники');
insert into "Cities"("Id", "RegionId", "Name") values (4706, 48, 'Кагальницкая');
insert into "Cities"("Id", "RegionId", "Name") values (4707, 48, 'Казанская');
insert into "Cities"("Id", "RegionId", "Name") values (4708, 48, 'Каменоломни');
insert into "Cities"("Id", "RegionId", "Name") values (4709, 48, 'Каменск-Шахтинский');
insert into "Cities"("Id", "RegionId", "Name") values (4710, 48, 'Кашары');
insert into "Cities"("Id", "RegionId", "Name") values (4711, 48, 'Коксовый');
insert into "Cities"("Id", "RegionId", "Name") values (4712, 48, 'Константиновск');
insert into "Cities"("Id", "RegionId", "Name") values (4713, 48, 'Красный Сулин');
insert into "Cities"("Id", "RegionId", "Name") values (4714, 48, 'Куйбышево');
insert into "Cities"("Id", "RegionId", "Name") values (4715, 48, 'Матвеев Курган');
insert into "Cities"("Id", "RegionId", "Name") values (4716, 48, 'Мигулинская');
insert into "Cities"("Id", "RegionId", "Name") values (4717, 48, 'Миллерово');
insert into "Cities"("Id", "RegionId", "Name") values (4718, 48, 'Милютинская');
insert into "Cities"("Id", "RegionId", "Name") values (4719, 48, 'Морозовск');
insert into "Cities"("Id", "RegionId", "Name") values (4720, 48, 'Новочеркасск');
insert into "Cities"("Id", "RegionId", "Name") values (4721, 48, 'Новошахтинск');
insert into "Cities"("Id", "RegionId", "Name") values (4722, 48, 'Обливская');
insert into "Cities"("Id", "RegionId", "Name") values (4723, 48, 'Орловский');
insert into "Cities"("Id", "RegionId", "Name") values (4724, 48, 'Песчанокопское');
insert into "Cities"("Id", "RegionId", "Name") values (4725, 48, 'Покровское');
insert into "Cities"("Id", "RegionId", "Name") values (4726, 48, 'Пролетарск');
insert into "Cities"("Id", "RegionId", "Name") values (4727, 48, 'Ремонтное');
insert into "Cities"("Id", "RegionId", "Name") values (4728, 48, 'Родионово-Несветайская');
insert into "Cities"("Id", "RegionId", "Name") values (4729, 48, 'Ростов-на-Дону');
insert into "Cities"("Id", "RegionId", "Name") values (4730, 48, 'Сальск');
insert into "Cities"("Id", "RegionId", "Name") values (4731, 48, 'Семикаракорск');
insert into "Cities"("Id", "RegionId", "Name") values (4732, 48, 'Таганрог');
insert into "Cities"("Id", "RegionId", "Name") values (4733, 48, 'Тарасовский');
insert into "Cities"("Id", "RegionId", "Name") values (4734, 48, 'Тацинский');
insert into "Cities"("Id", "RegionId", "Name") values (4735, 48, 'Усть-Донецкий');
insert into "Cities"("Id", "RegionId", "Name") values (4736, 48, 'Целина');
insert into "Cities"("Id", "RegionId", "Name") values (4737, 48, 'Цимлянск');
insert into "Cities"("Id", "RegionId", "Name") values (4738, 48, 'Чалтырь');
insert into "Cities"("Id", "RegionId", "Name") values (4739, 48, 'Чертково');
insert into "Cities"("Id", "RegionId", "Name") values (4740, 48, 'Шахты');
insert into "Cities"("Id", "RegionId", "Name") values (4741, 48, 'Шолоховский');
insert into "Cities"("Id", "RegionId", "Name") values (4742, 235, 'Chirpan');
insert into "Cities"("Id", "RegionId", "Name") values (4743, 235, 'Gulubovo');
insert into "Cities"("Id", "RegionId", "Name") values (4744, 235, 'Kasanlak');
insert into "Cities"("Id", "RegionId", "Name") values (4745, 235, 'Kazanlak');
insert into "Cities"("Id", "RegionId", "Name") values (4746, 235, 'Kazanlik');
insert into "Cities"("Id", "RegionId", "Name") values (4747, 235, 'Kazanluk');
insert into "Cities"("Id", "RegionId", "Name") values (4748, 235, 'Radnevo');
insert into "Cities"("Id", "RegionId", "Name") values (4749, 235, 'Radnewo');
insert into "Cities"("Id", "RegionId", "Name") values (4750, 235, 'Stara Sagora');
insert into "Cities"("Id", "RegionId", "Name") values (4751, 235, 'Stara Zagora');
insert into "Cities"("Id", "RegionId", "Name") values (4752, 272, 'guas Brancas');
insert into "Cities"("Id", "RegionId", "Name") values (4753, 272, 'Aguti');
insert into "Cities"("Id", "RegionId", "Name") values (4754, 272, 'Albertina');
insert into "Cities"("Id", "RegionId", "Name") values (4755, 272, 'Aleixo');
insert into "Cities"("Id", "RegionId", "Name") values (4756, 272, 'Alto Perimb');
insert into "Cities"("Id", "RegionId", "Name") values (4757, 272, 'Balnerio de Cambori');
insert into "Cities"("Id", "RegionId", "Name") values (4758, 272, 'Bonito');
insert into "Cities"("Id", "RegionId", "Name") values (4759, 272, 'Florianpolis');
insert into "Cities"("Id", "RegionId", "Name") values (4760, 272, 'Marema');
insert into "Cities"("Id", "RegionId", "Name") values (4761, 292, 'Isle of Man');
insert into "Cities"("Id", "RegionId", "Name") values (4762, 308, 'Eger');
insert into "Cities"("Id", "RegionId", "Name") values (4763, 330, 'Tucupita');
insert into "Cities"("Id", "RegionId", "Name") values (4764, 357, 'Лес-Кайес');
insert into "Cities"("Id", "RegionId", "Name") values (4765, 362, 'Пойнт-а-Питр');
insert into "Regions"("Id", "CountryId", "Name") values (364, 49, 'Alta Verapaz');
insert into "Regions"("Id", "CountryId", "Name") values (365, 49, 'Baja Verapaz');
insert into "Regions"("Id", "CountryId", "Name") values (366, 49, 'Chimaltenango');
insert into "Regions"("Id", "CountryId", "Name") values (367, 49, 'Chiquimula');
insert into "Regions"("Id", "CountryId", "Name") values (368, 49, 'Escuintla');
insert into "Regions"("Id", "CountryId", "Name") values (369, 49, 'Guatemala');
insert into "Regions"("Id", "CountryId", "Name") values (370, 49, 'Jutiapa');
insert into "Regions"("Id", "CountryId", "Name") values (371, 49, 'Petn');
insert into "Regions"("Id", "CountryId", "Name") values (372, 49, 'Quetzaltenango');
insert into "Regions"("Id", "CountryId", "Name") values (373, 49, 'Totonicapn');
insert into "Regions"("Id", "CountryId", "Name") values (374, 49, 'Zacapa');
insert into "Cities"("Id", "RegionId", "Name") values (4766, 49, 'Александро-Невский');
insert into "Cities"("Id", "RegionId", "Name") values (4767, 49, 'Горняк');
insert into "Cities"("Id", "RegionId", "Name") values (4768, 49, 'Гусь Железный');
insert into "Cities"("Id", "RegionId", "Name") values (4769, 49, 'Елатьма');
insert into "Cities"("Id", "RegionId", "Name") values (4770, 49, 'Ермишь');
insert into "Cities"("Id", "RegionId", "Name") values (4771, 49, 'Заречный (Рязанская обл.)');
insert into "Cities"("Id", "RegionId", "Name") values (4772, 49, 'Захарово');
insert into "Cities"("Id", "RegionId", "Name") values (4773, 49, 'Кадом');
insert into "Cities"("Id", "RegionId", "Name") values (4774, 49, 'Касимов');
insert into "Cities"("Id", "RegionId", "Name") values (4775, 49, 'Кораблино');
insert into "Cities"("Id", "RegionId", "Name") values (4776, 49, 'Милославское');
insert into "Cities"("Id", "RegionId", "Name") values (4777, 49, 'Михайлов');
insert into "Cities"("Id", "RegionId", "Name") values (4778, 49, 'Новомичуринск');
insert into "Cities"("Id", "RegionId", "Name") values (4779, 49, 'Пителино');
insert into "Cities"("Id", "RegionId", "Name") values (4780, 49, 'Пронск');
insert into "Cities"("Id", "RegionId", "Name") values (4781, 49, 'Путятино');
insert into "Cities"("Id", "RegionId", "Name") values (4782, 49, 'Рыбное');
insert into "Cities"("Id", "RegionId", "Name") values (4783, 49, 'Ряжск');
insert into "Cities"("Id", "RegionId", "Name") values (4784, 49, 'Рязань');
insert into "Cities"("Id", "RegionId", "Name") values (4785, 49, 'Сапожок');
insert into "Cities"("Id", "RegionId", "Name") values (4786, 49, 'Сараи');
insert into "Cities"("Id", "RegionId", "Name") values (4787, 49, 'Сасово');
insert into "Cities"("Id", "RegionId", "Name") values (4788, 49, 'Скопин');
insert into "Cities"("Id", "RegionId", "Name") values (4789, 49, 'Спас-Клепики');
insert into "Cities"("Id", "RegionId", "Name") values (4790, 49, 'Спасск-Рязанский');
insert into "Cities"("Id", "RegionId", "Name") values (4791, 49, 'Старожилово');
insert into "Cities"("Id", "RegionId", "Name") values (4792, 49, 'Ухолово');
insert into "Cities"("Id", "RegionId", "Name") values (4793, 49, 'Чучково');
insert into "Cities"("Id", "RegionId", "Name") values (4794, 49, 'Шацк');
insert into "Cities"("Id", "RegionId", "Name") values (4795, 49, 'Шилово');
insert into "Cities"("Id", "RegionId", "Name") values (4796, 236, 'Omurtag');
insert into "Cities"("Id", "RegionId", "Name") values (4797, 236, 'Popovo');
insert into "Cities"("Id", "RegionId", "Name") values (4798, 236, 'Targovishte');
insert into "Cities"("Id", "RegionId", "Name") values (4799, 236, 'Targowischte');
insert into "Cities"("Id", "RegionId", "Name") values (4800, 236, 'Turgovishte');
insert into "Cities"("Id", "RegionId", "Name") values (4801, 236, 'Turgoviste');
insert into "Cities"("Id", "RegionId", "Name") values (4802, 273, 'Aa');
insert into "Cities"("Id", "RegionId", "Name") values (4803, 273, 'guas da Prata');
insert into "Cities"("Id", "RegionId", "Name") values (4804, 273, 'Arab');
insert into "Cities"("Id", "RegionId", "Name") values (4805, 273, 'Arabela');
insert into "Cities"("Id", "RegionId", "Name") values (4806, 273, 'Atibaia');
insert into "Cities"("Id", "RegionId", "Name") values (4807, 273, 'Benfica');
insert into "Cities"("Id", "RegionId", "Name") values (4808, 273, 'Campinas');
insert into "Cities"("Id", "RegionId", "Name") values (4809, 273, 'Campos do Jordo');
insert into "Cities"("Id", "RegionId", "Name") values (4810, 273, 'Caraguatatuba');
insert into "Cities"("Id", "RegionId", "Name") values (4811, 273, 'San Paulo');
insert into "Cities"("Id", "RegionId", "Name") values (4812, 273, 'Santos');
insert into "Cities"("Id", "RegionId", "Name") values (4813, 273, 'So Jos dos Campos');
insert into "Cities"("Id", "RegionId", "Name") values (4814, 273, 'So Paulo');
insert into "Cities"("Id", "RegionId", "Name") values (4815, 273, 'Taubat');
insert into "Cities"("Id", "RegionId", "Name") values (4816, 273, 'Yep');
insert into "Cities"("Id", "RegionId", "Name") values (4817, 293, 'Portadown');
insert into "Cities"("Id", "RegionId", "Name") values (4818, 293, 'Antrim');
insert into "Cities"("Id", "RegionId", "Name") values (4819, 293, 'Armagh');
insert into "Cities"("Id", "RegionId", "Name") values (4820, 293, 'Aughnacloy');
insert into "Cities"("Id", "RegionId", "Name") values (4821, 293, 'Ballymena');
insert into "Cities"("Id", "RegionId", "Name") values (4822, 293, 'Bangor');
insert into "Cities"("Id", "RegionId", "Name") values (4823, 293, 'Belfast');
insert into "Cities"("Id", "RegionId", "Name") values (4824, 293, 'Cookstown');
insert into "Cities"("Id", "RegionId", "Name") values (4825, 293, 'Craigavon');
insert into "Cities"("Id", "RegionId", "Name") values (4826, 293, 'Downpatrick');
insert into "Cities"("Id", "RegionId", "Name") values (4827, 293, 'Dromore');
insert into "Cities"("Id", "RegionId", "Name") values (4828, 293, 'Dungannon');
insert into "Cities"("Id", "RegionId", "Name") values (4829, 293, 'Enniskillen');
insert into "Cities"("Id", "RegionId", "Name") values (4830, 293, 'Hillsborough');
insert into "Cities"("Id", "RegionId", "Name") values (4831, 293, 'Holywood');
insert into "Cities"("Id", "RegionId", "Name") values (4832, 293, 'Limavady');
insert into "Cities"("Id", "RegionId", "Name") values (4833, 293, 'Lisburn');
insert into "Cities"("Id", "RegionId", "Name") values (4834, 293, 'Londonderry');
insert into "Cities"("Id", "RegionId", "Name") values (4835, 293, 'Magherafelt');
insert into "Cities"("Id", "RegionId", "Name") values (4836, 293, 'Newcastle');
insert into "Cities"("Id", "RegionId", "Name") values (4837, 293, 'Newry');
insert into "Cities"("Id", "RegionId", "Name") values (4838, 293, 'Newtownabbey');
insert into "Cities"("Id", "RegionId", "Name") values (4839, 293, 'Newtownards');
insert into "Cities"("Id", "RegionId", "Name") values (4840, 293, 'Omagh');
insert into "Cities"("Id", "RegionId", "Name") values (4841, 309, 'Kenderes');
insert into "Cities"("Id", "RegionId", "Name") values (4842, 309, 'Kunhegyes');
insert into "Cities"("Id", "RegionId", "Name") values (4843, 309, 'Szolnok');
insert into "Cities"("Id", "RegionId", "Name") values (4844, 331, 'Caracas');
insert into "Cities"("Id", "RegionId", "Name") values (4845, 331, 'Caricuao');
insert into "Cities"("Id", "RegionId", "Name") values (4846, 331, 'Coche');
insert into "Cities"("Id", "RegionId", "Name") values (4847, 331, 'Colinas de Santa Monica');
insert into "Cities"("Id", "RegionId", "Name") values (4848, 331, 'San Antonio');
insert into "Cities"("Id", "RegionId", "Name") values (4849, 358, 'Джакмель');
insert into "Cities"("Id", "RegionId", "Name") values (4850, 363, 'Бассе-Терре');
insert into "Cities"("Id", "RegionId", "Name") values (4851, 364, 'Cobn');
insert into "Regions"("Id", "CountryId", "Name") values (375, 50, 'Гвинея');
insert into "Cities"("Id", "RegionId", "Name") values (4852, 50, 'Алексеевка (Самарская обл.)');
insert into "Cities"("Id", "RegionId", "Name") values (4853, 50, 'Безенчук');
insert into "Cities"("Id", "RegionId", "Name") values (4854, 50, 'Богатое');
insert into "Cities"("Id", "RegionId", "Name") values (4855, 50, 'Богатырь');
insert into "Cities"("Id", "RegionId", "Name") values (4856, 50, 'Большая Глушица');
insert into "Cities"("Id", "RegionId", "Name") values (4857, 50, 'Большая Глущица (Самарск.)');
insert into "Cities"("Id", "RegionId", "Name") values (4858, 50, 'Большая Черниговка');
insert into "Cities"("Id", "RegionId", "Name") values (4859, 50, 'Борское');
insert into "Cities"("Id", "RegionId", "Name") values (4860, 50, 'Волжский (Самарская обл.)');
insert into "Cities"("Id", "RegionId", "Name") values (4861, 50, 'Жигулевск');
insert into "Cities"("Id", "RegionId", "Name") values (4862, 50, 'Зольное');
insert into "Cities"("Id", "RegionId", "Name") values (4863, 50, 'Исаклы');
insert into "Cities"("Id", "RegionId", "Name") values (4864, 50, 'Камышла');
insert into "Cities"("Id", "RegionId", "Name") values (4865, 50, 'Кинель');
insert into "Cities"("Id", "RegionId", "Name") values (4866, 50, 'Кинель-Черкасы');
insert into "Cities"("Id", "RegionId", "Name") values (4867, 50, 'Клявлино');
insert into "Cities"("Id", "RegionId", "Name") values (4868, 50, 'Кошки');
insert into "Cities"("Id", "RegionId", "Name") values (4869, 50, 'Красноармейское (Самарск.)');
insert into "Cities"("Id", "RegionId", "Name") values (4870, 50, 'Красный Яр (Самарская обл.)');
insert into "Cities"("Id", "RegionId", "Name") values (4871, 50, 'Куйбышев');
insert into "Cities"("Id", "RegionId", "Name") values (4872, 50, 'Нефтегорск');
insert into "Cities"("Id", "RegionId", "Name") values (4873, 50, 'Новокуйбышевск');
insert into "Cities"("Id", "RegionId", "Name") values (4874, 50, 'Октябрьск');
insert into "Cities"("Id", "RegionId", "Name") values (4875, 50, 'Отрадный');
insert into "Cities"("Id", "RegionId", "Name") values (4876, 50, 'Пестравка');
insert into "Cities"("Id", "RegionId", "Name") values (4877, 50, 'Похвистнево');
insert into "Cities"("Id", "RegionId", "Name") values (4878, 50, 'Приволжье');
insert into "Cities"("Id", "RegionId", "Name") values (4879, 50, 'Самара');
insert into "Cities"("Id", "RegionId", "Name") values (4880, 50, 'Сергиевск');
insert into "Cities"("Id", "RegionId", "Name") values (4881, 50, 'Сургут (Самарская обл.)');
insert into "Cities"("Id", "RegionId", "Name") values (4882, 50, 'Сызрань');
insert into "Cities"("Id", "RegionId", "Name") values (4883, 50, 'Тольятти');
insert into "Cities"("Id", "RegionId", "Name") values (4884, 50, 'Хворостянка');
insert into "Cities"("Id", "RegionId", "Name") values (4885, 50, 'Чапаевск');
insert into "Cities"("Id", "RegionId", "Name") values (4886, 50, 'Челно-Вершины');
insert into "Cities"("Id", "RegionId", "Name") values (4887, 50, 'Шентала');
insert into "Cities"("Id", "RegionId", "Name") values (4888, 50, 'Шигоны');
insert into "Cities"("Id", "RegionId", "Name") values (4889, 237, 'Abdi K''''oy');
insert into "Cities"("Id", "RegionId", "Name") values (4890, 237, 'Acangiz');
insert into "Cities"("Id", "RegionId", "Name") values (4891, 237, 'Idantschucha');
insert into "Cities"("Id", "RegionId", "Name") values (4892, 237, 'Ak Baba');
insert into "Cities"("Id", "RegionId", "Name") values (4893, 237, 'Aksakovo');
insert into "Cities"("Id", "RegionId", "Name") values (4894, 237, 'Asparukhovo');
insert into "Cities"("Id", "RegionId", "Name") values (4895, 237, 'Balik');
insert into "Cities"("Id", "RegionId", "Name") values (4896, 237, 'Bartsi');
insert into "Cities"("Id", "RegionId", "Name") values (4897, 237, 'Bogdali');
insert into "Cities"("Id", "RegionId", "Name") values (4898, 237, 'Boyana');
insert into "Cities"("Id", "RegionId", "Name") values (4899, 237, 'Cherkovna');
insert into "Cities"("Id", "RegionId", "Name") values (4900, 237, 'Dobrotich');
insert into "Cities"("Id", "RegionId", "Name") values (4901, 237, 'Konstantinovo');
insert into "Cities"("Id", "RegionId", "Name") values (4902, 237, 'Kranevo');
insert into "Cities"("Id", "RegionId", "Name") values (4903, 237, 'Povelyanovo');
insert into "Cities"("Id", "RegionId", "Name") values (4904, 237, 'Provadia');
insert into "Cities"("Id", "RegionId", "Name") values (4905, 237, 'Provadija');
insert into "Cities"("Id", "RegionId", "Name") values (4906, 237, 'Provadiya');
insert into "Cities"("Id", "RegionId", "Name") values (4907, 237, 'Varna');
insert into "Cities"("Id", "RegionId", "Name") values (4908, 237, 'Vladislavovo');
insert into "Cities"("Id", "RegionId", "Name") values (4909, 237, 'Warna');
insert into "Cities"("Id", "RegionId", "Name") values (4910, 237, 'Yasu-Tepe');
insert into "Cities"("Id", "RegionId", "Name") values (4911, 237, 'Zvezditsa');
insert into "Cities"("Id", "RegionId", "Name") values (4912, 237, 'Zvunets');
insert into "Cities"("Id", "RegionId", "Name") values (4913, 274, 'Aracaju');
insert into "Cities"("Id", "RegionId", "Name") values (4914, 274, 'Baixada do Burgo');
insert into "Cities"("Id", "RegionId", "Name") values (4915, 294, 'Alexandria');
insert into "Cities"("Id", "RegionId", "Name") values (4916, 294, 'Alva');
insert into "Cities"("Id", "RegionId", "Name") values (4917, 294, 'Arbroath');
insert into "Cities"("Id", "RegionId", "Name") values (4918, 294, 'Arrochar');
insert into "Cities"("Id", "RegionId", "Name") values (4919, 294, 'Ayr');
insert into "Cities"("Id", "RegionId", "Name") values (4920, 294, 'Brechin');
insert into "Cities"("Id", "RegionId", "Name") values (4921, 294, 'Clydebank');
insert into "Cities"("Id", "RegionId", "Name") values (4922, 294, 'Cupar');
insert into "Cities"("Id", "RegionId", "Name") values (4923, 294, 'Dollar');
insert into "Cities"("Id", "RegionId", "Name") values (4924, 294, 'Dumbarton');
insert into "Cities"("Id", "RegionId", "Name") values (4925, 294, 'Dundee');
insert into "Cities"("Id", "RegionId", "Name") values (4926, 294, 'Dunfermline');
insert into "Cities"("Id", "RegionId", "Name") values (4927, 294, 'Falkirk');
insert into "Cities"("Id", "RegionId", "Name") values (4928, 294, 'Forfar');
insert into "Cities"("Id", "RegionId", "Name") values (4929, 294, 'Glenrothes');
insert into "Cities"("Id", "RegionId", "Name") values (4930, 294, 'Kirkcaldy');
insert into "Cities"("Id", "RegionId", "Name") values (4931, 294, 'Leven');
insert into "Cities"("Id", "RegionId", "Name") values (4932, 294, 'Montrose');
insert into "Cities"("Id", "RegionId", "Name") values (4933, 294, 'Perth');
insert into "Cities"("Id", "RegionId", "Name") values (4934, 294, 'Stirling');
insert into "Cities"("Id", "RegionId", "Name") values (4935, 310, 'szr');
insert into "Cities"("Id", "RegionId", "Name") values (4936, 310, 'Esztergom');
insert into "Cities"("Id", "RegionId", "Name") values (4937, 332, 'Chichiriviche');
insert into "Cities"("Id", "RegionId", "Name") values (4938, 332, 'Punto Fijo');
insert into "Cities"("Id", "RegionId", "Name") values (4939, 332, 'Valle de Mara');
insert into "Cities"("Id", "RegionId", "Name") values (4940, 365, 'Chisantiago');
insert into "Cities"("Id", "RegionId", "Name") values (4941, 375, 'Канкан');
insert into "Cities"("Id", "RegionId", "Name") values (4942, 375, 'Конакри');
insert into "Regions"("Id", "CountryId", "Name") values (376, 51, 'Бисау');
insert into "Cities"("Id", "RegionId", "Name") values (4943, 51, 'Александров Гай');
insert into "Cities"("Id", "RegionId", "Name") values (4944, 51, 'Аркадак');
insert into "Cities"("Id", "RegionId", "Name") values (4945, 51, 'Аткарск');
insert into "Cities"("Id", "RegionId", "Name") values (4946, 51, 'Базарный Карабулак');
insert into "Cities"("Id", "RegionId", "Name") values (4947, 51, 'Балаково');
insert into "Cities"("Id", "RegionId", "Name") values (4948, 51, 'Балашов');
insert into "Cities"("Id", "RegionId", "Name") values (4949, 51, 'Балтай');
insert into "Cities"("Id", "RegionId", "Name") values (4950, 51, 'Возрождение');
insert into "Cities"("Id", "RegionId", "Name") values (4951, 51, 'Вольск');
insert into "Cities"("Id", "RegionId", "Name") values (4952, 51, 'Воскресенское (Саратовск.)');
insert into "Cities"("Id", "RegionId", "Name") values (4953, 51, 'Горный');
insert into "Cities"("Id", "RegionId", "Name") values (4954, 51, 'Дергачи');
insert into "Cities"("Id", "RegionId", "Name") values (4955, 51, 'Духовницкое');
insert into "Cities"("Id", "RegionId", "Name") values (4956, 51, 'Екатериновка');
insert into "Cities"("Id", "RegionId", "Name") values (4957, 51, 'Ершов');
insert into "Cities"("Id", "RegionId", "Name") values (4958, 51, 'Ивантеевка (Саратовская обл.)');
insert into "Cities"("Id", "RegionId", "Name") values (4959, 51, 'Калининск');
insert into "Cities"("Id", "RegionId", "Name") values (4960, 51, 'Каменский');
insert into "Cities"("Id", "RegionId", "Name") values (4961, 51, 'Красноармейск (Саратовск.)');
insert into "Cities"("Id", "RegionId", "Name") values (4962, 51, 'Красный Кут');
insert into "Cities"("Id", "RegionId", "Name") values (4963, 51, 'Лысые Горы');
insert into "Cities"("Id", "RegionId", "Name") values (4964, 51, 'Маркс');
insert into "Cities"("Id", "RegionId", "Name") values (4965, 51, 'Мокроус');
insert into "Cities"("Id", "RegionId", "Name") values (4966, 51, 'Новоузенск');
insert into "Cities"("Id", "RegionId", "Name") values (4967, 51, 'Новые Бурасы');
insert into "Cities"("Id", "RegionId", "Name") values (4968, 51, 'Озинки');
insert into "Cities"("Id", "RegionId", "Name") values (4969, 51, 'Перелюб');
insert into "Cities"("Id", "RegionId", "Name") values (4970, 51, 'Петровск');
insert into "Cities"("Id", "RegionId", "Name") values (4971, 51, 'Питерка');
insert into "Cities"("Id", "RegionId", "Name") values (4972, 51, 'Пугачев');
insert into "Cities"("Id", "RegionId", "Name") values (4973, 51, 'Ровное');
insert into "Cities"("Id", "RegionId", "Name") values (4974, 51, 'Романовка');
insert into "Cities"("Id", "RegionId", "Name") values (4975, 51, 'Ртищево');
insert into "Cities"("Id", "RegionId", "Name") values (4976, 51, 'Самойловка');
insert into "Cities"("Id", "RegionId", "Name") values (4977, 51, 'Саратов');
insert into "Cities"("Id", "RegionId", "Name") values (4978, 51, 'Степное (Саратовская обл.)');
insert into "Cities"("Id", "RegionId", "Name") values (4979, 51, 'Татищево');
insert into "Cities"("Id", "RegionId", "Name") values (4980, 51, 'Турки');
insert into "Cities"("Id", "RegionId", "Name") values (4981, 51, 'Хвалынск');
insert into "Cities"("Id", "RegionId", "Name") values (4982, 51, 'Энгельс');
insert into "Cities"("Id", "RegionId", "Name") values (4983, 238, 'Elena');
insert into "Cities"("Id", "RegionId", "Name") values (4984, 238, 'Gorna Orehovica');
insert into "Cities"("Id", "RegionId", "Name") values (4985, 238, 'Gorna Oriahovica');
insert into "Cities"("Id", "RegionId", "Name") values (4986, 238, 'Ljaskovec');
insert into "Cities"("Id", "RegionId", "Name") values (4987, 238, 'Pavlikeni');
insert into "Cities"("Id", "RegionId", "Name") values (4988, 238, 'Polsk Trumbesh');
insert into "Cities"("Id", "RegionId", "Name") values (4989, 238, 'Polski Trambech');
insert into "Cities"("Id", "RegionId", "Name") values (4990, 238, 'Polski Trambesh');
insert into "Cities"("Id", "RegionId", "Name") values (4991, 238, 'Svishtov');
insert into "Cities"("Id", "RegionId", "Name") values (4992, 238, 'Svistov');
insert into "Cities"("Id", "RegionId", "Name") values (4993, 238, 'Tarnovo');
insert into "Cities"("Id", "RegionId", "Name") values (4994, 238, 'Tarnowo');
insert into "Cities"("Id", "RegionId", "Name") values (4995, 238, 'Turnovo');
insert into "Cities"("Id", "RegionId", "Name") values (4996, 238, 'Veliko Turnovo');
insert into "Cities"("Id", "RegionId", "Name") values (4997, 295, 'Aberdeen');
insert into "Cities"("Id", "RegionId", "Name") values (4998, 295, 'Aberlour');
insert into "Cities"("Id", "RegionId", "Name") values (4999, 295, 'Avoch');
insert into "Cities"("Id", "RegionId", "Name") values (5000, 295, 'Banchory');
insert into "Cities"("Id", "RegionId", "Name") values (5001, 295, 'Banff');
insert into "Cities"("Id", "RegionId", "Name") values (5002, 295, 'Buckie');
insert into "Cities"("Id", "RegionId", "Name") values (5003, 295, 'Dingwall');
insert into "Cities"("Id", "RegionId", "Name") values (5004, 295, 'Fort William');
insert into "Cities"("Id", "RegionId", "Name") values (5005, 295, 'Fraserburgh');
insert into "Cities"("Id", "RegionId", "Name") values (5006, 295, 'Inverness');
insert into "Cities"("Id", "RegionId", "Name") values (5007, 295, 'Isle Of Lewis');
insert into "Cities"("Id", "RegionId", "Name") values (5008, 295, 'Peterhead');
insert into "Cities"("Id", "RegionId", "Name") values (5009, 295, 'Stonehaven');
insert into "Cities"("Id", "RegionId", "Name") values (5010, 295, 'Stromness');
insert into "Cities"("Id", "RegionId", "Name") values (5011, 295, 'Thurso');
insert into "Cities"("Id", "RegionId", "Name") values (5012, 295, 'Ullapool');
insert into "Cities"("Id", "RegionId", "Name") values (5013, 311, 'Miskolc');
insert into "Cities"("Id", "RegionId", "Name") values (5014, 333, 'Calabozo');
insert into "Cities"("Id", "RegionId", "Name") values (5015, 333, 'San Juan de los Moros');
insert into "Cities"("Id", "RegionId", "Name") values (5016, 333, 'Valle de La Pascua');
insert into "Cities"("Id", "RegionId", "Name") values (5017, 366, 'Chimaltenango');
insert into "Cities"("Id", "RegionId", "Name") values (5018, 376, 'Бисау');
insert into "Regions"("Id", "CountryId", "Name") values (377, 52, 'Baden-Wrttemberg');
insert into "Regions"("Id", "CountryId", "Name") values (378, 52, 'Bayern');
insert into "Regions"("Id", "CountryId", "Name") values (379, 52, 'Berlin');
insert into "Regions"("Id", "CountryId", "Name") values (380, 52, 'Brandenburg');
insert into "Regions"("Id", "CountryId", "Name") values (381, 52, 'Bremen');
insert into "Regions"("Id", "CountryId", "Name") values (382, 52, 'Hamburg');
insert into "Regions"("Id", "CountryId", "Name") values (383, 52, 'Hessen');
insert into "Regions"("Id", "CountryId", "Name") values (384, 52, 'Mecklenburg-Vorpommern');
insert into "Regions"("Id", "CountryId", "Name") values (385, 52, 'Niedersachsen');
insert into "Regions"("Id", "CountryId", "Name") values (386, 52, 'Nordrhein-Westfalen');
insert into "Regions"("Id", "CountryId", "Name") values (387, 52, 'Rheinland-Pfalz');
insert into "Regions"("Id", "CountryId", "Name") values (388, 52, 'Saarland');
insert into "Regions"("Id", "CountryId", "Name") values (389, 52, 'Sachsen');
insert into "Regions"("Id", "CountryId", "Name") values (390, 52, 'Sachsen-Anhalt');
insert into "Regions"("Id", "CountryId", "Name") values (391, 52, 'Schleswig-Holstein');
insert into "Regions"("Id", "CountryId", "Name") values (392, 52, 'Thringen');
insert into "Cities"("Id", "RegionId", "Name") values (5019, 52, 'Абый');
insert into "Cities"("Id", "RegionId", "Name") values (5020, 52, 'Айхал');
insert into "Cities"("Id", "RegionId", "Name") values (5021, 52, 'Алдан');
insert into "Cities"("Id", "RegionId", "Name") values (5022, 52, 'Амга');
insert into "Cities"("Id", "RegionId", "Name") values (5023, 52, 'Батагай');
insert into "Cities"("Id", "RegionId", "Name") values (5024, 52, 'Бердигестях');
insert into "Cities"("Id", "RegionId", "Name") values (5025, 52, 'Беркакит');
insert into "Cities"("Id", "RegionId", "Name") values (5026, 52, 'Бестях');
insert into "Cities"("Id", "RegionId", "Name") values (5027, 52, 'Борогонцы');
insert into "Cities"("Id", "RegionId", "Name") values (5028, 52, 'Верхневилюйск');
insert into "Cities"("Id", "RegionId", "Name") values (5029, 52, 'Верхоянск');
insert into "Cities"("Id", "RegionId", "Name") values (5030, 52, 'Вилюйск');
insert into "Cities"("Id", "RegionId", "Name") values (5031, 52, 'Витим');
insert into "Cities"("Id", "RegionId", "Name") values (5032, 52, 'Власово');
insert into "Cities"("Id", "RegionId", "Name") values (5033, 52, 'Депутатский');
insert into "Cities"("Id", "RegionId", "Name") values (5034, 52, 'Жиганск');
insert into "Cities"("Id", "RegionId", "Name") values (5035, 52, 'Зырянка');
insert into "Cities"("Id", "RegionId", "Name") values (5036, 52, 'Кангалассы');
insert into "Cities"("Id", "RegionId", "Name") values (5037, 52, 'Ленск');
insert into "Cities"("Id", "RegionId", "Name") values (5038, 52, 'Майя');
insert into "Cities"("Id", "RegionId", "Name") values (5039, 52, 'Мирный (Саха)');
insert into "Cities"("Id", "RegionId", "Name") values (5040, 52, 'Нерюнгри');
insert into "Cities"("Id", "RegionId", "Name") values (5041, 52, 'Нижний Куранах');
insert into "Cities"("Id", "RegionId", "Name") values (5042, 52, 'Нюрба');
insert into "Cities"("Id", "RegionId", "Name") values (5043, 52, 'Олекминск');
insert into "Cities"("Id", "RegionId", "Name") values (5044, 52, 'Покровск');
insert into "Cities"("Id", "RegionId", "Name") values (5045, 52, 'Сангар');
insert into "Cities"("Id", "RegionId", "Name") values (5046, 52, 'Саскылах');
insert into "Cities"("Id", "RegionId", "Name") values (5047, 52, 'Солнечный');
insert into "Cities"("Id", "RegionId", "Name") values (5048, 52, 'Среднеколымск');
insert into "Cities"("Id", "RegionId", "Name") values (5049, 52, 'Сунтар');
insert into "Cities"("Id", "RegionId", "Name") values (5050, 52, 'Тикси');
insert into "Cities"("Id", "RegionId", "Name") values (5051, 52, 'Удачный');
insert into "Cities"("Id", "RegionId", "Name") values (5052, 52, 'Усть-Мая');
insert into "Cities"("Id", "RegionId", "Name") values (5053, 52, 'Усть-Нера');
insert into "Cities"("Id", "RegionId", "Name") values (5054, 52, 'Хандыга');
insert into "Cities"("Id", "RegionId", "Name") values (5055, 52, 'Хонуу');
insert into "Cities"("Id", "RegionId", "Name") values (5056, 52, 'Чернышевский');
insert into "Cities"("Id", "RegionId", "Name") values (5057, 52, 'Черский');
insert into "Cities"("Id", "RegionId", "Name") values (5058, 52, 'Чокурдах');
insert into "Cities"("Id", "RegionId", "Name") values (5059, 52, 'Чульман');
insert into "Cities"("Id", "RegionId", "Name") values (5060, 52, 'Чурапча');
insert into "Cities"("Id", "RegionId", "Name") values (5061, 52, 'Якутск');
insert into "Cities"("Id", "RegionId", "Name") values (5062, 239, 'Belogradchik');
insert into "Cities"("Id", "RegionId", "Name") values (5063, 239, 'Bojniza');
insert into "Cities"("Id", "RegionId", "Name") values (5064, 239, 'Borovica');
insert into "Cities"("Id", "RegionId", "Name") values (5065, 239, 'Idin');
insert into "Cities"("Id", "RegionId", "Name") values (5066, 296, 'Dumfries');
insert into "Cities"("Id", "RegionId", "Name") values (5067, 296, 'Ardrossan');
insert into "Cities"("Id", "RegionId", "Name") values (5068, 296, 'Ayr');
insert into "Cities"("Id", "RegionId", "Name") values (5069, 296, 'Bathgate');
insert into "Cities"("Id", "RegionId", "Name") values (5070, 296, 'Beith');
insert into "Cities"("Id", "RegionId", "Name") values (5071, 296, 'Berwick-Upon-Tweed');
insert into "Cities"("Id", "RegionId", "Name") values (5072, 296, 'Bo''''Ness');
insert into "Cities"("Id", "RegionId", "Name") values (5073, 296, 'CoatbIdge');
insert into "Cities"("Id", "RegionId", "Name") values (5074, 296, 'Edinburgh');
insert into "Cities"("Id", "RegionId", "Name") values (5075, 296, 'Glasgow');
insert into "Cities"("Id", "RegionId", "Name") values (5076, 296, 'Hamilton');
insert into "Cities"("Id", "RegionId", "Name") values (5077, 296, 'Irvine');
insert into "Cities"("Id", "RegionId", "Name") values (5078, 296, 'Motherwell');
insert into "Cities"("Id", "RegionId", "Name") values (5079, 296, 'Musselburgh');
insert into "Cities"("Id", "RegionId", "Name") values (5080, 296, 'Wishaw');
insert into "Cities"("Id", "RegionId", "Name") values (5081, 312, 'Alsutaspuszta');
insert into "Cities"("Id", "RegionId", "Name") values (5082, 312, 'Salgtarjn');
insert into "Cities"("Id", "RegionId", "Name") values (5083, 334, 'Alemn');
insert into "Cities"("Id", "RegionId", "Name") values (5084, 334, 'Barquisimeto');
insert into "Cities"("Id", "RegionId", "Name") values (5085, 334, 'Cabudare');
insert into "Cities"("Id", "RegionId", "Name") values (5086, 367, 'Anguiat');
insert into "Cities"("Id", "RegionId", "Name") values (5087, 377, 'Aach');
insert into "Cities"("Id", "RegionId", "Name") values (5088, 377, 'Aalen');
insert into "Cities"("Id", "RegionId", "Name") values (5089, 377, 'Abstatt');
insert into "Cities"("Id", "RegionId", "Name") values (5090, 377, 'Achberg');
insert into "Cities"("Id", "RegionId", "Name") values (5091, 377, 'Achern');
insert into "Cities"("Id", "RegionId", "Name") values (5092, 377, 'Achstetten');
insert into "Cities"("Id", "RegionId", "Name") values (5093, 377, 'Adelberg');
insert into "Cities"("Id", "RegionId", "Name") values (5094, 377, 'Adelmannsfelden');
insert into "Cities"("Id", "RegionId", "Name") values (5095, 377, 'Adelsheim');
insert into "Cities"("Id", "RegionId", "Name") values (5096, 377, 'Aglasterhausen');
insert into "Cities"("Id", "RegionId", "Name") values (5097, 377, 'Ahorn');
insert into "Cities"("Id", "RegionId", "Name") values (5098, 377, 'Aichelberg');
insert into "Cities"("Id", "RegionId", "Name") values (5099, 377, 'Aichstetten');
insert into "Cities"("Id", "RegionId", "Name") values (5100, 377, 'Aichwald');
insert into "Cities"("Id", "RegionId", "Name") values (5101, 377, 'Aitern');
insert into "Cities"("Id", "RegionId", "Name") values (5102, 377, 'Aitrach');
insert into "Cities"("Id", "RegionId", "Name") values (5103, 377, 'Albbruck');
insert into "Cities"("Id", "RegionId", "Name") values (5104, 377, 'Albstadt');
insert into "Cities"("Id", "RegionId", "Name") values (5105, 377, 'Aldingen');
insert into "Cities"("Id", "RegionId", "Name") values (5106, 377, 'Alfdorf');
insert into "Cities"("Id", "RegionId", "Name") values (5107, 377, 'Allensbach');
insert into "Cities"("Id", "RegionId", "Name") values (5108, 377, 'Alleshausen');
insert into "Cities"("Id", "RegionId", "Name") values (5109, 377, 'Allmannsweiler');
insert into "Cities"("Id", "RegionId", "Name") values (5110, 377, 'Alpirsbach');
insert into "Cities"("Id", "RegionId", "Name") values (5111, 377, 'Altbach');
insert into "Cities"("Id", "RegionId", "Name") values (5112, 377, 'Altensteig');
insert into "Cities"("Id", "RegionId", "Name") values (5113, 377, 'Altluheim');
insert into "Cities"("Id", "RegionId", "Name") values (5114, 377, 'Altshausen');
insert into "Cities"("Id", "RegionId", "Name") values (5115, 377, 'Amstetten');
insert into "Cities"("Id", "RegionId", "Name") values (5116, 377, 'Appenweier');
insert into "Cities"("Id", "RegionId", "Name") values (5117, 377, 'Asperg');
insert into "Cities"("Id", "RegionId", "Name") values (5118, 377, 'Assamstadt');
insert into "Cities"("Id", "RegionId", "Name") values (5119, 377, 'Au');
insert into "Cities"("Id", "RegionId", "Name") values (5120, 377, 'Au am Rhein');
insert into "Cities"("Id", "RegionId", "Name") values (5121, 377, 'Aulendorf');
insert into "Cities"("Id", "RegionId", "Name") values (5122, 377, 'Backnang');
insert into "Cities"("Id", "RegionId", "Name") values (5123, 377, 'Bad Bellingen');
insert into "Cities"("Id", "RegionId", "Name") values (5124, 377, 'Bad Buchau');
insert into "Cities"("Id", "RegionId", "Name") values (5125, 377, 'Bad Drrheim');
insert into "Cities"("Id", "RegionId", "Name") values (5126, 377, 'Bad Friedrichshall');
insert into "Cities"("Id", "RegionId", "Name") values (5127, 377, 'Bad Herrenalb');
insert into "Cities"("Id", "RegionId", "Name") values (5128, 377, 'Bad Krozingen');
insert into "Cities"("Id", "RegionId", "Name") values (5129, 377, 'Bad Mergentheim');
insert into "Cities"("Id", "RegionId", "Name") values (5130, 377, 'Bad Peterstal-Griesbach');
insert into "Cities"("Id", "RegionId", "Name") values (5131, 377, 'Bad Rappenau');
insert into "Cities"("Id", "RegionId", "Name") values (5132, 377, 'Bad Rippoldsau-Schapbach');
insert into "Cities"("Id", "RegionId", "Name") values (5133, 377, 'Bad Sckingen');
insert into "Cities"("Id", "RegionId", "Name") values (5134, 377, 'Bad Saulgau');
insert into "Cities"("Id", "RegionId", "Name") values (5135, 377, 'Bad Schnborn');
insert into "Cities"("Id", "RegionId", "Name") values (5136, 377, 'Bad Schussenried');
insert into "Cities"("Id", "RegionId", "Name") values (5137, 377, 'Bad Urach');
insert into "Cities"("Id", "RegionId", "Name") values (5138, 377, 'Bad Waldsee');
insert into "Cities"("Id", "RegionId", "Name") values (5139, 377, 'Bad Wildbad im Schwarzwald');
insert into "Cities"("Id", "RegionId", "Name") values (5140, 377, 'Bad Wimpfen');
insert into "Cities"("Id", "RegionId", "Name") values (5141, 377, 'Bad Wurzach');
insert into "Cities"("Id", "RegionId", "Name") values (5142, 377, 'Baden-Baden');
insert into "Cities"("Id", "RegionId", "Name") values (5143, 377, 'Bahlingen am Kaiserstuhl');
insert into "Cities"("Id", "RegionId", "Name") values (5144, 377, 'Baienfurt');
insert into "Cities"("Id", "RegionId", "Name") values (5145, 377, 'Baiersbronn');
insert into "Cities"("Id", "RegionId", "Name") values (5146, 377, 'Baindt');
insert into "Cities"("Id", "RegionId", "Name") values (5147, 377, 'Balingen');
insert into "Cities"("Id", "RegionId", "Name") values (5148, 377, 'Bammental');
insert into "Cities"("Id", "RegionId", "Name") values (5149, 377, 'Bartholom');
insert into "Cities"("Id", "RegionId", "Name") values (5150, 377, 'Berg');
insert into "Cities"("Id", "RegionId", "Name") values (5151, 377, 'Bergatreute');
insert into "Cities"("Id", "RegionId", "Name") values (5152, 377, 'Besigheim');
insert into "Cities"("Id", "RegionId", "Name") values (5153, 377, 'Biberach');
insert into "Cities"("Id", "RegionId", "Name") values (5154, 377, 'Biberach an der Ri');
insert into "Cities"("Id", "RegionId", "Name") values (5155, 377, 'Biederbach');
insert into "Cities"("Id", "RegionId", "Name") values (5156, 377, 'Bietigheim');
insert into "Cities"("Id", "RegionId", "Name") values (5157, 377, 'Bietigheim-Bissingen');
insert into "Cities"("Id", "RegionId", "Name") values (5158, 377, 'Binzen');
insert into "Cities"("Id", "RegionId", "Name") values (5159, 377, 'Bisingen');
insert into "Cities"("Id", "RegionId", "Name") values (5160, 377, 'Bitz');
insert into "Cities"("Id", "RegionId", "Name") values (5161, 377, 'Blaubeuren');
insert into "Cities"("Id", "RegionId", "Name") values (5162, 377, 'Blaufelden');
insert into "Cities"("Id", "RegionId", "Name") values (5163, 377, 'Blaustein');
insert into "Cities"("Id", "RegionId", "Name") values (5164, 377, 'Blumberg');
insert into "Cities"("Id", "RegionId", "Name") values (5165, 377, 'Bblingen');
insert into "Cities"("Id", "RegionId", "Name") values (5166, 377, 'Bodelshausen');
insert into "Cities"("Id", "RegionId", "Name") values (5167, 377, 'Bodman-Ludwigshafen');
insert into "Cities"("Id", "RegionId", "Name") values (5168, 377, 'Bondorf');
insert into "Cities"("Id", "RegionId", "Name") values (5169, 377, 'Bonndorf im Schwarzwald');
insert into "Cities"("Id", "RegionId", "Name") values (5170, 377, 'Bopfingen');
insert into "Cities"("Id", "RegionId", "Name") values (5171, 377, 'Bttingen');
insert into "Cities"("Id", "RegionId", "Name") values (5172, 377, 'Boxberg');
insert into "Cities"("Id", "RegionId", "Name") values (5173, 377, 'Breisach am Rhein');
insert into "Cities"("Id", "RegionId", "Name") values (5174, 377, 'Bretten');
insert into "Cities"("Id", "RegionId", "Name") values (5175, 377, 'Bruchsal');
insert into "Cities"("Id", "RegionId", "Name") values (5176, 377, 'Brhl');
insert into "Cities"("Id", "RegionId", "Name") values (5177, 377, 'Buchen (Odenwald)');
insert into "Cities"("Id", "RegionId", "Name") values (5178, 377, 'Buggingen');
insert into "Cities"("Id", "RegionId", "Name") values (5179, 377, 'Bhl');
insert into "Cities"("Id", "RegionId", "Name") values (5180, 377, 'Bhlertal');
insert into "Cities"("Id", "RegionId", "Name") values (5181, 377, 'Burladingen');
insert into "Cities"("Id", "RegionId", "Name") values (5182, 377, 'Calw');
insert into "Cities"("Id", "RegionId", "Name") values (5183, 377, 'Crailsheim');
insert into "Cities"("Id", "RegionId", "Name") values (5184, 377, 'Deggingen');
insert into "Cities"("Id", "RegionId", "Name") values (5185, 377, 'Deizisau');
insert into "Cities"("Id", "RegionId", "Name") values (5186, 377, 'Denkingen');
insert into "Cities"("Id", "RegionId", "Name") values (5187, 377, 'Denzlingen');
insert into "Cities"("Id", "RegionId", "Name") values (5188, 377, 'Dettenheim');
insert into "Cities"("Id", "RegionId", "Name") values (5189, 377, 'Dettingen an der Iller');
insert into "Cities"("Id", "RegionId", "Name") values (5190, 377, 'Dettingen unter Teck');
insert into "Cities"("Id", "RegionId", "Name") values (5191, 377, 'Dietenheim');
insert into "Cities"("Id", "RegionId", "Name") values (5192, 377, 'Dietingen');
insert into "Cities"("Id", "RegionId", "Name") values (5193, 377, 'Dobel');
insert into "Cities"("Id", "RegionId", "Name") values (5194, 377, 'Donaueschingen');
insert into "Cities"("Id", "RegionId", "Name") values (5195, 377, 'Dornhan');
insert into "Cities"("Id", "RegionId", "Name") values (5196, 377, 'Dornstetten');
insert into "Cities"("Id", "RegionId", "Name") values (5197, 377, 'Drzbach');
insert into "Cities"("Id", "RegionId", "Name") values (5198, 377, 'Dunningen');
insert into "Cities"("Id", "RegionId", "Name") values (5199, 377, 'Drbheim');
insert into "Cities"("Id", "RegionId", "Name") values (5200, 377, 'Drmentingen');
insert into "Cities"("Id", "RegionId", "Name") values (5201, 377, 'Dulingen');
insert into "Cities"("Id", "RegionId", "Name") values (5202, 377, 'Eberbach');
insert into "Cities"("Id", "RegionId", "Name") values (5203, 377, 'Ebhausen');
insert into "Cities"("Id", "RegionId", "Name") values (5204, 377, 'Edingen-Neckarhausen');
insert into "Cities"("Id", "RegionId", "Name") values (5205, 377, 'Efringen-Kirchen');
insert into "Cities"("Id", "RegionId", "Name") values (5206, 377, 'Eggenstein-Leopoldshafen');
insert into "Cities"("Id", "RegionId", "Name") values (5207, 377, 'Ehingen an der Donau');
insert into "Cities"("Id", "RegionId", "Name") values (5208, 377, 'Ehningen');
insert into "Cities"("Id", "RegionId", "Name") values (5209, 377, 'Eisingen');
insert into "Cities"("Id", "RegionId", "Name") values (5210, 377, 'Eislingen/Fils');
insert into "Cities"("Id", "RegionId", "Name") values (5211, 377, 'Ellwangen (Jagst)');
insert into "Cities"("Id", "RegionId", "Name") values (5212, 377, 'Emmendingen');
insert into "Cities"("Id", "RegionId", "Name") values (5213, 377, 'Empfingen');
insert into "Cities"("Id", "RegionId", "Name") values (5214, 377, 'Endingen am Kaiserstuhl');
insert into "Cities"("Id", "RegionId", "Name") values (5215, 377, 'Engen');
insert into "Cities"("Id", "RegionId", "Name") values (5216, 377, 'Eppingen');
insert into "Cities"("Id", "RegionId", "Name") values (5217, 377, 'Erbach');
insert into "Cities"("Id", "RegionId", "Name") values (5218, 377, 'Eriskirch');
insert into "Cities"("Id", "RegionId", "Name") values (5219, 377, 'Erlenmoos');
insert into "Cities"("Id", "RegionId", "Name") values (5220, 377, 'Ertingen');
insert into "Cities"("Id", "RegionId", "Name") values (5221, 377, 'Eschelbronn');
insert into "Cities"("Id", "RegionId", "Name") values (5222, 377, 'Essingen');
insert into "Cities"("Id", "RegionId", "Name") values (5223, 377, 'Esslingen am Neckar');
insert into "Cities"("Id", "RegionId", "Name") values (5224, 377, 'Ettenheim');
insert into "Cities"("Id", "RegionId", "Name") values (5225, 377, 'Ettlingen');
insert into "Cities"("Id", "RegionId", "Name") values (5226, 377, 'Fellbach');
insert into "Cities"("Id", "RegionId", "Name") values (5227, 377, 'Filderstadt');
insert into "Cities"("Id", "RegionId", "Name") values (5228, 377, 'Fischingen');
insert into "Cities"("Id", "RegionId", "Name") values (5229, 377, 'Forst');
insert into "Cities"("Id", "RegionId", "Name") values (5230, 377, 'Frankenhardt');
insert into "Cities"("Id", "RegionId", "Name") values (5231, 377, 'Freiberg am Neckar');
insert into "Cities"("Id", "RegionId", "Name") values (5232, 377, 'Freiburg im Breisgau');
insert into "Cities"("Id", "RegionId", "Name") values (5233, 377, 'Freudenberg');
insert into "Cities"("Id", "RegionId", "Name") values (5234, 377, 'Freudenstadt');
insert into "Cities"("Id", "RegionId", "Name") values (5235, 377, 'Frickingen');
insert into "Cities"("Id", "RegionId", "Name") values (5236, 377, 'Friedrichshafen');
insert into "Cities"("Id", "RegionId", "Name") values (5237, 377, 'Friesenheim');
insert into "Cities"("Id", "RegionId", "Name") values (5238, 377, 'Frittlingen');
insert into "Cities"("Id", "RegionId", "Name") values (5239, 377, 'Furtwangen im Schwarzwald');
insert into "Cities"("Id", "RegionId", "Name") values (5240, 377, 'Gaggenau');
insert into "Cities"("Id", "RegionId", "Name") values (5241, 377, 'Gaildorf');
insert into "Cities"("Id", "RegionId", "Name") values (5242, 377, 'Gailingen am Hochrhein');
insert into "Cities"("Id", "RegionId", "Name") values (5243, 377, 'Geisingen');
insert into "Cities"("Id", "RegionId", "Name") values (5244, 377, 'Geislingen');
insert into "Cities"("Id", "RegionId", "Name") values (5245, 377, 'Geislingen an der Steige');
insert into "Cities"("Id", "RegionId", "Name") values (5246, 377, 'Gengenbach');
insert into "Cities"("Id", "RegionId", "Name") values (5247, 377, 'Gerabronn');
insert into "Cities"("Id", "RegionId", "Name") values (5248, 377, 'Giengen an der Brenz');
insert into "Cities"("Id", "RegionId", "Name") values (5249, 377, 'Gingen an der Fils');
insert into "Cities"("Id", "RegionId", "Name") values (5250, 377, 'Gppingen');
insert into "Cities"("Id", "RegionId", "Name") values (5251, 377, 'Gosheim');
insert into "Cities"("Id", "RegionId", "Name") values (5252, 377, 'Gottmadingen');
insert into "Cities"("Id", "RegionId", "Name") values (5253, 377, 'Graben-Neudorf');
insert into "Cities"("Id", "RegionId", "Name") values (5254, 377, 'Grafenhausen');
insert into "Cities"("Id", "RegionId", "Name") values (5255, 377, 'Grenzach-Wyhlen');
insert into "Cities"("Id", "RegionId", "Name") values (5256, 377, 'Hg-Ehrsberg');
insert into "Cities"("Id", "RegionId", "Name") values (5257, 377, 'Haigerloch');
insert into "Cities"("Id", "RegionId", "Name") values (5258, 377, 'Hardheim');
insert into "Cities"("Id", "RegionId", "Name") values (5259, 377, 'Haslach im Kinzigtal');
insert into "Cities"("Id", "RegionId", "Name") values (5260, 377, 'Hausach');
insert into "Cities"("Id", "RegionId", "Name") values (5261, 377, 'Hechingen');
insert into "Cities"("Id", "RegionId", "Name") values (5262, 377, 'Heddesheim');
insert into "Cities"("Id", "RegionId", "Name") values (5263, 377, 'HIdelberg');
insert into "Cities"("Id", "RegionId", "Name") values (5264, 377, 'HIdenheim an der Brenz');
insert into "Cities"("Id", "RegionId", "Name") values (5265, 377, 'Heilbronn');
insert into "Cities"("Id", "RegionId", "Name") values (5266, 377, 'Heiningen');
insert into "Cities"("Id", "RegionId", "Name") values (5267, 377, 'Helmstadt-Bargen');
insert into "Cities"("Id", "RegionId", "Name") values (5268, 377, 'Hemsbach');
insert into "Cities"("Id", "RegionId", "Name") values (5269, 377, 'Herbertingen');
insert into "Cities"("Id", "RegionId", "Name") values (5270, 377, 'Herbolzheim');
insert into "Cities"("Id", "RegionId", "Name") values (5271, 377, 'Herbrechtingen');
insert into "Cities"("Id", "RegionId", "Name") values (5272, 377, 'Herrenberg');
insert into "Cities"("Id", "RegionId", "Name") values (5273, 377, 'Hockenheim');
insert into "Cities"("Id", "RegionId", "Name") values (5274, 377, 'Hfen an der Enz');
insert into "Cities"("Id", "RegionId", "Name") values (5275, 377, 'Holzgerlingen');
insert into "Cities"("Id", "RegionId", "Name") values (5276, 377, 'Hpfingen');
insert into "Cities"("Id", "RegionId", "Name") values (5277, 377, 'Horb am Neckar');
insert into "Cities"("Id", "RegionId", "Name") values (5278, 377, 'Horgenzell');
insert into "Cities"("Id", "RegionId", "Name") values (5279, 377, 'Hgelsheim');
insert into "Cities"("Id", "RegionId", "Name") values (5280, 377, 'Ihringen');
insert into "Cities"("Id", "RegionId", "Name") values (5281, 377, 'Illerkirchberg');
insert into "Cities"("Id", "RegionId", "Name") values (5282, 377, 'Illingen');
insert into "Cities"("Id", "RegionId", "Name") values (5283, 377, 'Illmensee');
insert into "Cities"("Id", "RegionId", "Name") values (5284, 377, 'Ilvesheim');
insert into "Cities"("Id", "RegionId", "Name") values (5285, 377, 'Immendingen');
insert into "Cities"("Id", "RegionId", "Name") values (5286, 377, 'Immenstaad am Bodensee');
insert into "Cities"("Id", "RegionId", "Name") values (5287, 377, 'Ingelfingen');
insert into "Cities"("Id", "RegionId", "Name") values (5288, 377, 'Inzigkofen');
insert into "Cities"("Id", "RegionId", "Name") values (5289, 377, 'Isny im Allgu');
insert into "Cities"("Id", "RegionId", "Name") values (5290, 377, 'Ispringen');
insert into "Cities"("Id", "RegionId", "Name") values (5291, 377, 'Jestetten');
insert into "Cities"("Id", "RegionId", "Name") values (5292, 377, 'Kappelrodeck');
insert into "Cities"("Id", "RegionId", "Name") values (5293, 377, 'Karlsbad');
insert into "Cities"("Id", "RegionId", "Name") values (5294, 377, 'Karlsruhe');
insert into "Cities"("Id", "RegionId", "Name") values (5295, 377, 'Kehl');
insert into "Cities"("Id", "RegionId", "Name") values (5296, 377, 'Keltern');
insert into "Cities"("Id", "RegionId", "Name") values (5297, 377, 'Kenzingen');
insert into "Cities"("Id", "RegionId", "Name") values (5298, 377, 'Ketsch');
insert into "Cities"("Id", "RegionId", "Name") values (5299, 377, 'Kieselbronn');
insert into "Cities"("Id", "RegionId", "Name") values (5300, 377, 'Kippenheim');
insert into "Cities"("Id", "RegionId", "Name") values (5301, 377, 'Kirchheim unter Teck');
insert into "Cities"("Id", "RegionId", "Name") values (5302, 377, 'Klettgau');
insert into "Cities"("Id", "RegionId", "Name") values (5303, 377, 'Knittlingen');
insert into "Cities"("Id", "RegionId", "Name") values (5304, 377, 'Kolbingen');
insert into "Cities"("Id", "RegionId", "Name") values (5305, 377, 'Kngen');
insert into "Cities"("Id", "RegionId", "Name") values (5306, 377, 'Knigsbronn');
insert into "Cities"("Id", "RegionId", "Name") values (5307, 377, 'Knigsfeld im Schwarzwald');
insert into "Cities"("Id", "RegionId", "Name") values (5308, 377, 'Konstanz');
insert into "Cities"("Id", "RegionId", "Name") values (5309, 377, 'Kornwestheim');
insert into "Cities"("Id", "RegionId", "Name") values (5310, 377, 'Krauchenwies');
insert into "Cities"("Id", "RegionId", "Name") values (5311, 377, 'Krautheim');
insert into "Cities"("Id", "RegionId", "Name") values (5312, 377, 'Kressbronn am Bodensee');
insert into "Cities"("Id", "RegionId", "Name") values (5313, 377, 'Kronau');
insert into "Cities"("Id", "RegionId", "Name") values (5314, 377, 'Klsheim');
insert into "Cities"("Id", "RegionId", "Name") values (5315, 377, 'Knzelsau');
insert into "Cities"("Id", "RegionId", "Name") values (5316, 377, 'Kuppenheim');
insert into "Cities"("Id", "RegionId", "Name") values (5317, 377, 'Kssaberg');
insert into "Cities"("Id", "RegionId", "Name") values (5318, 377, 'Lahr/Schwarzwald');
insert into "Cities"("Id", "RegionId", "Name") values (5319, 377, 'Laichingen');
insert into "Cities"("Id", "RegionId", "Name") values (5320, 377, 'Langenau');
insert into "Cities"("Id", "RegionId", "Name") values (5321, 377, 'Lauchringen');
insert into "Cities"("Id", "RegionId", "Name") values (5322, 377, 'Lauda-Knigshofen');
insert into "Cities"("Id", "RegionId", "Name") values (5323, 377, 'Lauf');
insert into "Cities"("Id", "RegionId", "Name") values (5324, 377, 'Laufenburg');
insert into "Cities"("Id", "RegionId", "Name") values (5325, 377, 'Laupheim');
insert into "Cities"("Id", "RegionId", "Name") values (5326, 377, 'Leimen');
insert into "Cities"("Id", "RegionId", "Name") values (5327, 377, 'Leonberg');
insert into "Cities"("Id", "RegionId", "Name") values (5328, 377, 'Leutkirch im Allgu');
insert into "Cities"("Id", "RegionId", "Name") values (5329, 377, 'Lffingen');
insert into "Cities"("Id", "RegionId", "Name") values (5330, 377, 'Lrrach');
insert into "Cities"("Id", "RegionId", "Name") values (5331, 377, 'Lottstetten');
insert into "Cities"("Id", "RegionId", "Name") values (5332, 377, 'Lwenstein');
insert into "Cities"("Id", "RegionId", "Name") values (5333, 377, 'Ludwigsburg');
insert into "Cities"("Id", "RegionId", "Name") values (5334, 377, 'Mahlberg');
insert into "Cities"("Id", "RegionId", "Name") values (5335, 377, 'Mainhardt');
insert into "Cities"("Id", "RegionId", "Name") values (5336, 377, 'Mannheim');
insert into "Cities"("Id", "RegionId", "Name") values (5337, 377, 'Markdorf');
insert into "Cities"("Id", "RegionId", "Name") values (5338, 377, 'Maulbronn');
insert into "Cities"("Id", "RegionId", "Name") values (5339, 377, 'Meckenbeuren');
insert into "Cities"("Id", "RegionId", "Name") values (5340, 377, 'Meersburg');
insert into "Cities"("Id", "RegionId", "Name") values (5341, 377, 'Mengen');
insert into "Cities"("Id", "RegionId", "Name") values (5342, 377, 'Merzhausen');
insert into "Cities"("Id", "RegionId", "Name") values (5343, 377, 'Mekirch');
insert into "Cities"("Id", "RegionId", "Name") values (5344, 377, 'Mestetten');
insert into "Cities"("Id", "RegionId", "Name") values (5345, 377, 'Metzingen');
insert into "Cities"("Id", "RegionId", "Name") values (5346, 377, 'Mckmhl');
insert into "Cities"("Id", "RegionId", "Name") values (5347, 377, 'Mgglingen');
insert into "Cities"("Id", "RegionId", "Name") values (5348, 377, 'Mosbach');
insert into "Cities"("Id", "RegionId", "Name") values (5349, 377, 'Mssingen');
insert into "Cities"("Id", "RegionId", "Name") values (5350, 377, 'Mtzingen');
insert into "Cities"("Id", "RegionId", "Name") values (5351, 377, 'Mhlacker');
insert into "Cities"("Id", "RegionId", "Name") values (5352, 377, 'Mhlhausen');
insert into "Cities"("Id", "RegionId", "Name") values (5353, 377, 'Mulfingen');
insert into "Cities"("Id", "RegionId", "Name") values (5354, 377, 'Mllheim');
insert into "Cities"("Id", "RegionId", "Name") values (5355, 377, 'Munderkingen');
insert into "Cities"("Id", "RegionId", "Name") values (5356, 377, 'Mnsingen');
insert into "Cities"("Id", "RegionId", "Name") values (5357, 377, 'Nagold');
insert into "Cities"("Id", "RegionId", "Name") values (5358, 377, 'Neckargemnd');
insert into "Cities"("Id", "RegionId", "Name") values (5359, 377, 'Neckarsulm');
insert into "Cities"("Id", "RegionId", "Name") values (5360, 377, 'Neresheim');
insert into "Cities"("Id", "RegionId", "Name") values (5361, 377, 'Neubulach');
insert into "Cities"("Id", "RegionId", "Name") values (5362, 377, 'Neuenbrg');
insert into "Cities"("Id", "RegionId", "Name") values (5363, 377, 'Neuenburg am Rhein');
insert into "Cities"("Id", "RegionId", "Name") values (5364, 377, 'Neuenstadt am Kocher');
insert into "Cities"("Id", "RegionId", "Name") values (5365, 377, 'Neuenstein');
insert into "Cities"("Id", "RegionId", "Name") values (5366, 377, 'Niedernhall');
insert into "Cities"("Id", "RegionId", "Name") values (5367, 377, 'Niefern-schelbronn');
insert into "Cities"("Id", "RegionId", "Name") values (5368, 377, 'Nordheim');
insert into "Cities"("Id", "RegionId", "Name") values (5369, 377, 'Nrtingen');
insert into "Cities"("Id", "RegionId", "Name") values (5370, 377, 'Oberderdingen');
insert into "Cities"("Id", "RegionId", "Name") values (5371, 377, 'Oberhausen-Rheinhausen');
insert into "Cities"("Id", "RegionId", "Name") values (5372, 377, 'Oberkirch');
insert into "Cities"("Id", "RegionId", "Name") values (5373, 377, 'Oberndorf am Neckar');
insert into "Cities"("Id", "RegionId", "Name") values (5374, 377, 'Oberteuringen');
insert into "Cities"("Id", "RegionId", "Name") values (5375, 377, 'Ochsenhausen');
insert into "Cities"("Id", "RegionId", "Name") values (5376, 377, 'Offenburg');
insert into "Cities"("Id", "RegionId", "Name") values (5377, 377, 'Ofterdingen');
insert into "Cities"("Id", "RegionId", "Name") values (5378, 377, 'Oftersheim');
insert into "Cities"("Id", "RegionId", "Name") values (5379, 377, 'hningen');
insert into "Cities"("Id", "RegionId", "Name") values (5380, 377, 'hringen');
insert into "Cities"("Id", "RegionId", "Name") values (5381, 377, 'Oppenau');
insert into "Cities"("Id", "RegionId", "Name") values (5382, 377, 'Ortenberg');
insert into "Cities"("Id", "RegionId", "Name") values (5383, 377, 'Osterburken');
insert into "Cities"("Id", "RegionId", "Name") values (5384, 377, 'Ostrach');
insert into "Cities"("Id", "RegionId", "Name") values (5385, 377, 'stringen');
insert into "Cities"("Id", "RegionId", "Name") values (5386, 377, 'tisheim');
insert into "Cities"("Id", "RegionId", "Name") values (5387, 377, 'Ottenhfen im Schwarzwald');
insert into "Cities"("Id", "RegionId", "Name") values (5388, 377, 'Pfalzgrafenweiler');
insert into "Cities"("Id", "RegionId", "Name") values (5389, 377, 'Pfinztal');
insert into "Cities"("Id", "RegionId", "Name") values (5390, 377, 'Pforzheim');
insert into "Cities"("Id", "RegionId", "Name") values (5391, 377, 'Pfullendorf');
insert into "Cities"("Id", "RegionId", "Name") values (5392, 377, 'Philippsburg');
insert into "Cities"("Id", "RegionId", "Name") values (5393, 377, 'Plankstadt');
insert into "Cities"("Id", "RegionId", "Name") values (5394, 377, 'Plochingen');
insert into "Cities"("Id", "RegionId", "Name") values (5395, 377, 'Radolfzell am Bodensee');
insert into "Cities"("Id", "RegionId", "Name") values (5396, 377, 'Raich');
insert into "Cities"("Id", "RegionId", "Name") values (5397, 377, 'Rammingen');
insert into "Cities"("Id", "RegionId", "Name") values (5398, 377, 'Rastatt');
insert into "Cities"("Id", "RegionId", "Name") values (5399, 377, 'Ravensburg');
insert into "Cities"("Id", "RegionId", "Name") values (5400, 377, 'Ravenstein');
insert into "Cities"("Id", "RegionId", "Name") values (5401, 377, 'Reichenbach am Heuberg');
insert into "Cities"("Id", "RegionId", "Name") values (5402, 377, 'Reichenbach an der Fils');
insert into "Cities"("Id", "RegionId", "Name") values (5403, 377, 'Reilingen');
insert into "Cities"("Id", "RegionId", "Name") values (5404, 377, 'Remchingen');
insert into "Cities"("Id", "RegionId", "Name") values (5405, 377, 'Renchen');
insert into "Cities"("Id", "RegionId", "Name") values (5406, 377, 'Renningen');
insert into "Cities"("Id", "RegionId", "Name") values (5407, 377, 'Reutlingen');
insert into "Cities"("Id", "RegionId", "Name") values (5408, 377, 'Rheinfelden');
insert into "Cities"("Id", "RegionId", "Name") values (5409, 377, 'Riederich');
insert into "Cities"("Id", "RegionId", "Name") values (5410, 377, 'Riedlingen');
insert into "Cities"("Id", "RegionId", "Name") values (5411, 377, 'Rielasingen-Worblingen');
insert into "Cities"("Id", "RegionId", "Name") values (5412, 377, 'Rosenberg (73494)');
insert into "Cities"("Id", "RegionId", "Name") values (5413, 377, 'Rosenfeld');
insert into "Cities"("Id", "RegionId", "Name") values (5414, 377, 'Rosengarten');
insert into "Cities"("Id", "RegionId", "Name") values (5415, 377, 'Rottenburg am Neckar');
insert into "Cities"("Id", "RegionId", "Name") values (5416, 377, 'Rottweil');
insert into "Cities"("Id", "RegionId", "Name") values (5417, 377, 'Rmmingen');
insert into "Cities"("Id", "RegionId", "Name") values (5418, 377, 'Rust');
insert into "Cities"("Id", "RegionId", "Name") values (5419, 377, 'Sandhausen');
insert into "Cities"("Id", "RegionId", "Name") values (5420, 377, 'Sankt Georgen im Schwarzwald');
insert into "Cities"("Id", "RegionId", "Name") values (5421, 377, 'Sankt Leon-Rot');
insert into "Cities"("Id", "RegionId", "Name") values (5422, 377, 'Schelklingen');
insert into "Cities"("Id", "RegionId", "Name") values (5423, 377, 'Schlier');
insert into "Cities"("Id", "RegionId", "Name") values (5424, 377, 'Schluchsee');
insert into "Cities"("Id", "RegionId", "Name") values (5425, 377, 'Schnau im Schwarzwald');
insert into "Cities"("Id", "RegionId", "Name") values (5426, 377, 'Schopfheim');
insert into "Cities"("Id", "RegionId", "Name") values (5427, 377, 'Schopfloch');
insert into "Cities"("Id", "RegionId", "Name") values (5428, 377, 'Schorndorf');
insert into "Cities"("Id", "RegionId", "Name") values (5429, 377, 'Schramberg');
insert into "Cities"("Id", "RegionId", "Name") values (5430, 377, 'Schrozberg');
insert into "Cities"("Id", "RegionId", "Name") values (5431, 377, 'Schwbisch Gmnd');
insert into "Cities"("Id", "RegionId", "Name") values (5432, 377, 'Schwbisch Hall');
insert into "Cities"("Id", "RegionId", "Name") values (5433, 377, 'Schwaikheim');
insert into "Cities"("Id", "RegionId", "Name") values (5434, 377, 'Schwendi');
insert into "Cities"("Id", "RegionId", "Name") values (5435, 377, 'Schwenningen');
insert into "Cities"("Id", "RegionId", "Name") values (5436, 377, 'Schwetzingen');
insert into "Cities"("Id", "RegionId", "Name") values (5437, 377, 'Sexau');
insert into "Cities"("Id", "RegionId", "Name") values (5438, 377, 'Sigmaringen');
insert into "Cities"("Id", "RegionId", "Name") values (5439, 377, 'Sindelfingen');
insert into "Cities"("Id", "RegionId", "Name") values (5440, 377, 'Singen');
insert into "Cities"("Id", "RegionId", "Name") values (5441, 377, 'Sinsheim');
insert into "Cities"("Id", "RegionId", "Name") values (5442, 377, 'Spaichingen');
insert into "Cities"("Id", "RegionId", "Name") values (5443, 377, 'Steinenbronn');
insert into "Cities"("Id", "RegionId", "Name") values (5444, 377, 'Stockach');
insert into "Cities"("Id", "RegionId", "Name") values (5445, 377, 'Stdtlen');
insert into "Cities"("Id", "RegionId", "Name") values (5446, 377, 'Straubenhardt');
insert into "Cities"("Id", "RegionId", "Name") values (5447, 377, 'Stutensee');
insert into "Cities"("Id", "RegionId", "Name") values (5448, 377, 'Stuttgart');
insert into "Cities"("Id", "RegionId", "Name") values (5449, 377, 'Sulz am Neckar');
insert into "Cities"("Id", "RegionId", "Name") values (5450, 377, 'Sulzbach-Laufen');
insert into "Cities"("Id", "RegionId", "Name") values (5451, 377, 'Sen');
insert into "Cities"("Id", "RegionId", "Name") values (5452, 377, 'Talheim (74388)');
insert into "Cities"("Id", "RegionId", "Name") values (5453, 377, 'Tauberbischofsheim');
insert into "Cities"("Id", "RegionId", "Name") values (5454, 377, 'Teningen');
insert into "Cities"("Id", "RegionId", "Name") values (5455, 377, 'Tettnang');
insert into "Cities"("Id", "RegionId", "Name") values (5456, 377, 'Titisee-Neustadt');
insert into "Cities"("Id", "RegionId", "Name") values (5457, 377, 'Triberg');
insert into "Cities"("Id", "RegionId", "Name") values (5458, 377, 'Trossingen');
insert into "Cities"("Id", "RegionId", "Name") values (5459, 377, 'Tbingen');
insert into "Cities"("Id", "RegionId", "Name") values (5460, 377, 'Tuttlingen');
insert into "Cities"("Id", "RegionId", "Name") values (5461, 377, 'berlingen');
insert into "Cities"("Id", "RegionId", "Name") values (5462, 377, 'Ulm');
insert into "Cities"("Id", "RegionId", "Name") values (5463, 377, 'Ummendorf');
insert into "Cities"("Id", "RegionId", "Name") values (5464, 377, 'Unterkirnach');
insert into "Cities"("Id", "RegionId", "Name") values (5465, 377, 'Unterwachingen');
insert into "Cities"("Id", "RegionId", "Name") values (5466, 377, 'Urbach');
insert into "Cities"("Id", "RegionId", "Name") values (5467, 377, 'Vaihingen an der Enz');
insert into "Cities"("Id", "RegionId", "Name") values (5468, 377, 'Vellberg');
insert into "Cities"("Id", "RegionId", "Name") values (5469, 377, 'Villingen-Schwenningen');
insert into "Cities"("Id", "RegionId", "Name") values (5470, 377, 'Volkertshausen');
insert into "Cities"("Id", "RegionId", "Name") values (5471, 377, 'Waghusel');
insert into "Cities"("Id", "RegionId", "Name") values (5472, 377, 'Waiblingen');
insert into "Cities"("Id", "RegionId", "Name") values (5473, 377, 'Wain');
insert into "Cities"("Id", "RegionId", "Name") values (5474, 377, 'Wald');
insert into "Cities"("Id", "RegionId", "Name") values (5475, 377, 'Waldbronn');
insert into "Cities"("Id", "RegionId", "Name") values (5476, 377, 'Waldenburg');
insert into "Cities"("Id", "RegionId", "Name") values (5477, 377, 'Waldkirch');
insert into "Cities"("Id", "RegionId", "Name") values (5478, 377, 'Waldshut-Tiengen');
insert into "Cities"("Id", "RegionId", "Name") values (5479, 377, 'Walldrn');
insert into "Cities"("Id", "RegionId", "Name") values (5480, 377, 'Wangen');
insert into "Cities"("Id", "RegionId", "Name") values (5481, 377, 'Wangen im Allgu');
insert into "Cities"("Id", "RegionId", "Name") values (5482, 377, 'Wehingen');
insert into "Cities"("Id", "RegionId", "Name") values (5483, 377, 'Wehr');
insert into "Cities"("Id", "RegionId", "Name") values (5484, 377, 'Weikersheim');
insert into "Cities"("Id", "RegionId", "Name") values (5485, 377, 'Weil am Rhein');
insert into "Cities"("Id", "RegionId", "Name") values (5486, 377, 'Weil der Stadt');
insert into "Cities"("Id", "RegionId", "Name") values (5487, 377, 'Weingarten (76356)');
insert into "Cities"("Id", "RegionId", "Name") values (5488, 377, 'Weingarten (88250)');
insert into "Cities"("Id", "RegionId", "Name") values (5489, 377, 'Weinheim');
insert into "Cities"("Id", "RegionId", "Name") values (5490, 377, 'Weinsberg');
insert into "Cities"("Id", "RegionId", "Name") values (5491, 377, 'Weinstadt');
insert into "Cities"("Id", "RegionId", "Name") values (5492, 377, 'Welzheim');
insert into "Cities"("Id", "RegionId", "Name") values (5493, 377, 'Wendlingen am Neckar');
insert into "Cities"("Id", "RegionId", "Name") values (5494, 377, 'Wertheim');
insert into "Cities"("Id", "RegionId", "Name") values (5495, 377, 'Wiesloch');
insert into "Cities"("Id", "RegionId", "Name") values (5496, 377, 'Wilhelmsfeld');
insert into "Cities"("Id", "RegionId", "Name") values (5497, 377, 'Willsttt');
insert into "Cities"("Id", "RegionId", "Name") values (5498, 377, 'Wimsheim');
insert into "Cities"("Id", "RegionId", "Name") values (5499, 377, 'Winnenden');
insert into "Cities"("Id", "RegionId", "Name") values (5500, 377, 'Wolfach');
insert into "Cities"("Id", "RegionId", "Name") values (5501, 377, 'Wrt');
insert into "Cities"("Id", "RegionId", "Name") values (5502, 377, 'Wyhl am Kaiserstuhl');
insert into "Cities"("Id", "RegionId", "Name") values (5503, 377, 'Zaberfeld');
insert into "Cities"("Id", "RegionId", "Name") values (5504, 377, 'Zell am Harmersbach');
insert into "Cities"("Id", "RegionId", "Name") values (5505, 377, 'Zell im Wiesental');
insert into "Cities"("Id", "RegionId", "Name") values (5506, 377, 'Zell unter Aichelberg');
insert into "Cities"("Id", "RegionId", "Name") values (5507, 377, 'Zuzenhausen');
insert into "Regions"("Id", "CountryId", "Name") values (393, 53, 'Сент-Питер-Порт');
insert into "Cities"("Id", "RegionId", "Name") values (5508, 53, 'Александровск-Сахалинский');
insert into "Cities"("Id", "RegionId", "Name") values (5509, 53, 'Анбэцу');
insert into "Cities"("Id", "RegionId", "Name") values (5510, 53, 'Анива');
insert into "Cities"("Id", "RegionId", "Name") values (5511, 53, 'Бошняково');
insert into "Cities"("Id", "RegionId", "Name") values (5512, 53, 'Быков');
insert into "Cities"("Id", "RegionId", "Name") values (5513, 53, 'Вахрушев');
insert into "Cities"("Id", "RegionId", "Name") values (5514, 53, 'Взморье');
insert into "Cities"("Id", "RegionId", "Name") values (5515, 53, 'Гастелло');
insert into "Cities"("Id", "RegionId", "Name") values (5516, 53, 'Горнозаводск (Сахалин)');
insert into "Cities"("Id", "RegionId", "Name") values (5517, 53, 'Долинск');
insert into "Cities"("Id", "RegionId", "Name") values (5518, 53, 'Ильинский (Сахалин)');
insert into "Cities"("Id", "RegionId", "Name") values (5519, 53, 'Катангли');
insert into "Cities"("Id", "RegionId", "Name") values (5520, 53, 'Корсаков');
insert into "Cities"("Id", "RegionId", "Name") values (5521, 53, 'Курильск');
insert into "Cities"("Id", "RegionId", "Name") values (5522, 53, 'Макаров');
insert into "Cities"("Id", "RegionId", "Name") values (5523, 53, 'Невельск');
insert into "Cities"("Id", "RegionId", "Name") values (5524, 53, 'Ноглики');
insert into "Cities"("Id", "RegionId", "Name") values (5525, 53, 'Оха');
insert into "Cities"("Id", "RegionId", "Name") values (5526, 53, 'Поронайск');
insert into "Cities"("Id", "RegionId", "Name") values (5527, 53, 'Северо-Курильск');
insert into "Cities"("Id", "RegionId", "Name") values (5528, 53, 'Смирных');
insert into "Cities"("Id", "RegionId", "Name") values (5529, 53, 'Томари');
insert into "Cities"("Id", "RegionId", "Name") values (5530, 53, 'Тымовское');
insert into "Cities"("Id", "RegionId", "Name") values (5531, 53, 'Углегорск');
insert into "Cities"("Id", "RegionId", "Name") values (5532, 53, 'Холмск');
insert into "Cities"("Id", "RegionId", "Name") values (5533, 53, 'Шахтерск');
insert into "Cities"("Id", "RegionId", "Name") values (5534, 53, 'Южно-Курильск');
insert into "Cities"("Id", "RegionId", "Name") values (5535, 53, 'Южно-Сахалинск');
insert into "Cities"("Id", "RegionId", "Name") values (5536, 240, 'Bela Slatina');
insert into "Cities"("Id", "RegionId", "Name") values (5537, 240, 'Borovan');
insert into "Cities"("Id", "RegionId", "Name") values (5538, 240, 'Byala Slatina');
insert into "Cities"("Id", "RegionId", "Name") values (5539, 240, 'Koslodui');
insert into "Cities"("Id", "RegionId", "Name") values (5540, 240, 'Kozlodui');
insert into "Cities"("Id", "RegionId", "Name") values (5541, 240, 'Kozloduy');
insert into "Cities"("Id", "RegionId", "Name") values (5542, 240, 'Krivdol');
insert into "Cities"("Id", "RegionId", "Name") values (5543, 240, 'Krivodol');
insert into "Cities"("Id", "RegionId", "Name") values (5544, 240, 'Mezdra');
insert into "Cities"("Id", "RegionId", "Name") values (5545, 240, 'Vraca');
insert into "Cities"("Id", "RegionId", "Name") values (5546, 240, 'Vratca');
insert into "Cities"("Id", "RegionId", "Name") values (5547, 240, 'Vratsa');
insert into "Cities"("Id", "RegionId", "Name") values (5548, 240, 'Vrattsa');
insert into "Cities"("Id", "RegionId", "Name") values (5549, 240, 'Vratza');
insert into "Cities"("Id", "RegionId", "Name") values (5550, 297, 'Abergele');
insert into "Cities"("Id", "RegionId", "Name") values (5551, 297, 'Bagillt');
insert into "Cities"("Id", "RegionId", "Name") values (5552, 297, 'Bala');
insert into "Cities"("Id", "RegionId", "Name") values (5553, 297, 'Bangor');
insert into "Cities"("Id", "RegionId", "Name") values (5554, 297, 'Chester');
insert into "Cities"("Id", "RegionId", "Name") values (5555, 297, 'Colwyn Bay');
insert into "Cities"("Id", "RegionId", "Name") values (5556, 297, 'DeeIde');
insert into "Cities"("Id", "RegionId", "Name") values (5557, 297, 'Holyhead');
insert into "Cities"("Id", "RegionId", "Name") values (5558, 297, 'Llandudno');
insert into "Cities"("Id", "RegionId", "Name") values (5559, 297, 'Prestatyn');
insert into "Cities"("Id", "RegionId", "Name") values (5560, 297, 'Rhyl');
insert into "Cities"("Id", "RegionId", "Name") values (5561, 297, 'Wrexham');
insert into "Cities"("Id", "RegionId", "Name") values (5562, 313, 'Fuenfkirchen');
insert into "Cities"("Id", "RegionId", "Name") values (5563, 313, 'Fnfkirchen');
insert into "Cities"("Id", "RegionId", "Name") values (5564, 313, 'Fuzesdulo');
insert into "Cities"("Id", "RegionId", "Name") values (5565, 313, 'Gyrgytelep');
insert into "Cities"("Id", "RegionId", "Name") values (5566, 313, 'Haviboldogasszonydulo');
insert into "Cities"("Id", "RegionId", "Name") values (5567, 313, 'Pcs');
insert into "Cities"("Id", "RegionId", "Name") values (5568, 335, 'Bailadores');
insert into "Cities"("Id", "RegionId", "Name") values (5569, 335, 'La Azulita');
insert into "Cities"("Id", "RegionId", "Name") values (5570, 335, 'MIda');
insert into "Cities"("Id", "RegionId", "Name") values (5571, 368, 'Amaya');
insert into "Cities"("Id", "RegionId", "Name") values (5572, 368, 'Atitancito');
insert into "Cities"("Id", "RegionId", "Name") values (5573, 378, 'Abenberg');
insert into "Cities"("Id", "RegionId", "Name") values (5574, 378, 'Abensberg');
insert into "Cities"("Id", "RegionId", "Name") values (5575, 378, 'Absberg');
insert into "Cities"("Id", "RegionId", "Name") values (5576, 378, 'Abtswind');
insert into "Cities"("Id", "RegionId", "Name") values (5577, 378, 'Achslach');
insert into "Cities"("Id", "RegionId", "Name") values (5578, 378, 'Adelschlag');
insert into "Cities"("Id", "RegionId", "Name") values (5579, 378, 'Adelsried');
insert into "Cities"("Id", "RegionId", "Name") values (5580, 378, 'Affing');
insert into "Cities"("Id", "RegionId", "Name") values (5581, 378, 'Aham');
insert into "Cities"("Id", "RegionId", "Name") values (5582, 378, 'Aholfing');
insert into "Cities"("Id", "RegionId", "Name") values (5583, 378, 'Ahorn');
insert into "Cities"("Id", "RegionId", "Name") values (5584, 378, 'Aicha vorm Wald');
insert into "Cities"("Id", "RegionId", "Name") values (5585, 378, 'Aichach');
insert into "Cities"("Id", "RegionId", "Name") values (5586, 378, 'Aichen');
insert into "Cities"("Id", "RegionId", "Name") values (5587, 378, 'Idenbach');
insert into "Cities"("Id", "RegionId", "Name") values (5588, 378, 'Idhausen');
insert into "Cities"("Id", "RegionId", "Name") values (5589, 378, 'Aiglsbach');
insert into "Cities"("Id", "RegionId", "Name") values (5590, 378, 'Aindling');
insert into "Cities"("Id", "RegionId", "Name") values (5591, 378, 'Ainring');
insert into "Cities"("Id", "RegionId", "Name") values (5592, 378, 'Aislingen');
insert into "Cities"("Id", "RegionId", "Name") values (5593, 378, 'Alesheim');
insert into "Cities"("Id", "RegionId", "Name") values (5594, 378, 'Allershausen');
insert into "Cities"("Id", "RegionId", "Name") values (5595, 378, 'Altdorf (84032)');
insert into "Cities"("Id", "RegionId", "Name") values (5596, 378, 'Altdorf (90518)');
insert into "Cities"("Id", "RegionId", "Name") values (5597, 378, 'Altenbuch');
insert into "Cities"("Id", "RegionId", "Name") values (5598, 378, 'Altendorf (96146)');
insert into "Cities"("Id", "RegionId", "Name") values (5599, 378, 'Altenmarkt an der Alz');
insert into "Cities"("Id", "RegionId", "Name") values (5600, 378, 'Altenmnster');
insert into "Cities"("Id", "RegionId", "Name") values (5601, 378, 'Altenstadt an der Waldnaab');
insert into "Cities"("Id", "RegionId", "Name") values (5602, 378, 'Altertheim');
insert into "Cities"("Id", "RegionId", "Name") values (5603, 378, 'Alttting');
insert into "Cities"("Id", "RegionId", "Name") values (5604, 378, 'Amberg (86854)');
insert into "Cities"("Id", "RegionId", "Name") values (5605, 378, 'Amberg (92224)');
insert into "Cities"("Id", "RegionId", "Name") values (5606, 378, 'Ansbach');
insert into "Cities"("Id", "RegionId", "Name") values (5607, 378, 'Antdorf');
insert into "Cities"("Id", "RegionId", "Name") values (5608, 378, 'Arnstorf');
insert into "Cities"("Id", "RegionId", "Name") values (5609, 378, 'Asbach-Bumenheim');
insert into "Cities"("Id", "RegionId", "Name") values (5610, 378, 'Ascha');
insert into "Cities"("Id", "RegionId", "Name") values (5611, 378, 'Aschaffenburg');
insert into "Cities"("Id", "RegionId", "Name") values (5612, 378, 'Auerbach');
insert into "Cities"("Id", "RegionId", "Name") values (5613, 378, 'Augsburg');
insert into "Cities"("Id", "RegionId", "Name") values (5614, 378, 'Baar-Ebenhausen');
insert into "Cities"("Id", "RegionId", "Name") values (5615, 378, 'Babenhausen');
insert into "Cities"("Id", "RegionId", "Name") values (5616, 378, 'Bach an der Donau');
insert into "Cities"("Id", "RegionId", "Name") values (5617, 378, 'Bachhagel');
insert into "Cities"("Id", "RegionId", "Name") values (5618, 378, 'Bad Abbach');
insert into "Cities"("Id", "RegionId", "Name") values (5619, 378, 'Bad Aibling');
insert into "Cities"("Id", "RegionId", "Name") values (5620, 378, 'Bad Alexandersbad');
insert into "Cities"("Id", "RegionId", "Name") values (5621, 378, 'Bad Berneck im Fichtelgebirge');
insert into "Cities"("Id", "RegionId", "Name") values (5622, 378, 'Bad Birnbach');
insert into "Cities"("Id", "RegionId", "Name") values (5623, 378, 'Bad Bocklet');
insert into "Cities"("Id", "RegionId", "Name") values (5624, 378, 'Bad Brckenau');
insert into "Cities"("Id", "RegionId", "Name") values (5625, 378, 'Bad Fssing');
insert into "Cities"("Id", "RegionId", "Name") values (5626, 378, 'Bad Griesbach im Rottal');
insert into "Cities"("Id", "RegionId", "Name") values (5627, 378, 'Bad Grnenbach');
insert into "Cities"("Id", "RegionId", "Name") values (5628, 378, 'Bad Kissingen');
insert into "Cities"("Id", "RegionId", "Name") values (5629, 378, 'Bad Knigshofen im Grabfeld');
insert into "Cities"("Id", "RegionId", "Name") values (5630, 378, 'Bad Neustadt an der Saale');
insert into "Cities"("Id", "RegionId", "Name") values (5631, 378, 'Bad Reichenhall');
insert into "Cities"("Id", "RegionId", "Name") values (5632, 378, 'Bad Rodach');
insert into "Cities"("Id", "RegionId", "Name") values (5633, 378, 'Bad Tlz');
insert into "Cities"("Id", "RegionId", "Name") values (5634, 378, 'Bad Windsheim');
insert into "Cities"("Id", "RegionId", "Name") values (5635, 378, 'Bad Wrishofen');
insert into "Cities"("Id", "RegionId", "Name") values (5636, 378, 'Baiern');
insert into "Cities"("Id", "RegionId", "Name") values (5637, 378, 'Bamberg');
insert into "Cities"("Id", "RegionId", "Name") values (5638, 378, 'Brnau');
insert into "Cities"("Id", "RegionId", "Name") values (5639, 378, 'Baunach');
insert into "Cities"("Id", "RegionId", "Name") values (5640, 378, 'Bayerisch Eisenstein');
insert into "Cities"("Id", "RegionId", "Name") values (5641, 378, 'Bayerisch Gmain');
insert into "Cities"("Id", "RegionId", "Name") values (5642, 378, 'Bayreuth');
insert into "Cities"("Id", "RegionId", "Name") values (5643, 378, 'Berchtesgaden');
insert into "Cities"("Id", "RegionId", "Name") values (5644, 378, 'Berg (82335)');
insert into "Cities"("Id", "RegionId", "Name") values (5645, 378, 'Berg bei Neumarkt in der Oberpfalz');
insert into "Cities"("Id", "RegionId", "Name") values (5646, 378, 'Bindlach');
insert into "Cities"("Id", "RegionId", "Name") values (5647, 378, 'Bischofsheim an der Rhn');
insert into "Cities"("Id", "RegionId", "Name") values (5648, 378, 'Bbing');
insert into "Cities"("Id", "RegionId", "Name") values (5649, 378, 'Bobingen');
insert into "Cities"("Id", "RegionId", "Name") values (5650, 378, 'Bodenkirchen');
insert into "Cities"("Id", "RegionId", "Name") values (5651, 378, 'Bodenwhr');
insert into "Cities"("Id", "RegionId", "Name") values (5652, 378, 'Bogen');
insert into "Cities"("Id", "RegionId", "Name") values (5653, 378, 'Bonstetten');
insert into "Cities"("Id", "RegionId", "Name") values (5654, 378, 'Boos');
insert into "Cities"("Id", "RegionId", "Name") values (5655, 378, 'Bruck');
insert into "Cities"("Id", "RegionId", "Name") values (5656, 378, 'Bruckmhl');
insert into "Cities"("Id", "RegionId", "Name") values (5657, 378, 'Buchloe');
insert into "Cities"("Id", "RegionId", "Name") values (5658, 378, 'Burgau');
insert into "Cities"("Id", "RegionId", "Name") values (5659, 378, 'Burghausen');
insert into "Cities"("Id", "RegionId", "Name") values (5660, 378, 'Burgkirchen an der Alz');
insert into "Cities"("Id", "RegionId", "Name") values (5661, 378, 'Burgkunstadt');
insert into "Cities"("Id", "RegionId", "Name") values (5662, 378, 'Burglengenfeld');
insert into "Cities"("Id", "RegionId", "Name") values (5663, 378, 'Cadolzburg');
insert into "Cities"("Id", "RegionId", "Name") values (5664, 378, 'Cham');
insert into "Cities"("Id", "RegionId", "Name") values (5665, 378, 'Chamerau');
insert into "Cities"("Id", "RegionId", "Name") values (5666, 378, 'Coburg');
insert into "Cities"("Id", "RegionId", "Name") values (5667, 378, 'Creuen');
insert into "Cities"("Id", "RegionId", "Name") values (5668, 378, 'Dachau');
insert into "Cities"("Id", "RegionId", "Name") values (5669, 378, 'Dasing');
insert into "Cities"("Id", "RegionId", "Name") values (5670, 378, 'Deggendorf');
insert into "Cities"("Id", "RegionId", "Name") values (5671, 378, 'Denkendorf');
insert into "Cities"("Id", "RegionId", "Name") values (5672, 378, 'Dillingen an der Donau');
insert into "Cities"("Id", "RegionId", "Name") values (5673, 378, 'Dingolfing');
insert into "Cities"("Id", "RegionId", "Name") values (5674, 378, 'Dinkelsbhl');
insert into "Cities"("Id", "RegionId", "Name") values (5675, 378, 'Dittelbrunn');
insert into "Cities"("Id", "RegionId", "Name") values (5676, 378, 'Donauwrth');
insert into "Cities"("Id", "RegionId", "Name") values (5677, 378, 'Drfles-Esbach');
insert into "Cities"("Id", "RegionId", "Name") values (5678, 378, 'Duggendorf');
insert into "Cities"("Id", "RegionId", "Name") values (5679, 378, 'Durach');
insert into "Cities"("Id", "RegionId", "Name") values (5680, 378, 'Eching (84174)');
insert into "Cities"("Id", "RegionId", "Name") values (5681, 378, 'Eggenfelden');
insert into "Cities"("Id", "RegionId", "Name") values (5682, 378, 'Eichsttt');
insert into "Cities"("Id", "RegionId", "Name") values (5683, 378, 'Eiselfing');
insert into "Cities"("Id", "RegionId", "Name") values (5684, 378, 'Elsenfeld');
insert into "Cities"("Id", "RegionId", "Name") values (5685, 378, 'Eltmann');
insert into "Cities"("Id", "RegionId", "Name") values (5686, 378, 'Erding');
insert into "Cities"("Id", "RegionId", "Name") values (5687, 378, 'Ergersheim');
insert into "Cities"("Id", "RegionId", "Name") values (5688, 378, 'Erlangen');
insert into "Cities"("Id", "RegionId", "Name") values (5689, 378, 'Erlenbach am Main');
insert into "Cities"("Id", "RegionId", "Name") values (5690, 378, 'Essenbach');
insert into "Cities"("Id", "RegionId", "Name") values (5691, 378, 'Feucht');
insert into "Cities"("Id", "RegionId", "Name") values (5692, 378, 'Feuchtwangen');
insert into "Cities"("Id", "RegionId", "Name") values (5693, 378, 'Fichtelberg');
insert into "Cities"("Id", "RegionId", "Name") values (5694, 378, 'Forchheim');
insert into "Cities"("Id", "RegionId", "Name") values (5695, 378, 'Forheim');
insert into "Cities"("Id", "RegionId", "Name") values (5696, 378, 'Freilassing');
insert into "Cities"("Id", "RegionId", "Name") values (5697, 378, 'Freising');
insert into "Cities"("Id", "RegionId", "Name") values (5698, 378, 'Frickenhausen am Main');
insert into "Cities"("Id", "RegionId", "Name") values (5699, 378, 'Friedberg');
insert into "Cities"("Id", "RegionId", "Name") values (5700, 378, 'Fuchsstadt');
insert into "Cities"("Id", "RegionId", "Name") values (5701, 378, 'Frstenfeldbruck');
insert into "Cities"("Id", "RegionId", "Name") values (5702, 378, 'Frth');
insert into "Cities"("Id", "RegionId", "Name") values (5703, 378, 'Furth');
insert into "Cities"("Id", "RegionId", "Name") values (5704, 378, 'Furth im Wald');
insert into "Cities"("Id", "RegionId", "Name") values (5705, 378, 'Fssen');
insert into "Cities"("Id", "RegionId", "Name") values (5706, 378, 'Gdheim');
insert into "Cities"("Id", "RegionId", "Name") values (5707, 378, 'Gaimersheim');
insert into "Cities"("Id", "RegionId", "Name") values (5708, 378, 'Garching an der Alz');
insert into "Cities"("Id", "RegionId", "Name") values (5709, 378, 'Garmisch-Partenkirchen');
insert into "Cities"("Id", "RegionId", "Name") values (5710, 378, 'Gefrees');
insert into "Cities"("Id", "RegionId", "Name") values (5711, 378, 'Geiselwind');
insert into "Cities"("Id", "RegionId", "Name") values (5712, 378, 'Gemnden am Main');
insert into "Cities"("Id", "RegionId", "Name") values (5713, 378, 'Geretsried');
insert into "Cities"("Id", "RegionId", "Name") values (5714, 378, 'Germering');
insert into "Cities"("Id", "RegionId", "Name") values (5715, 378, 'Geroda');
insert into "Cities"("Id", "RegionId", "Name") values (5716, 378, 'Gerolzhofen');
insert into "Cities"("Id", "RegionId", "Name") values (5717, 378, 'Gersthofen');
insert into "Cities"("Id", "RegionId", "Name") values (5718, 378, 'Glonn');
insert into "Cities"("Id", "RegionId", "Name") values (5719, 378, 'Gochsheim');
insert into "Cities"("Id", "RegionId", "Name") values (5720, 378, 'Graben');
insert into "Cities"("Id", "RegionId", "Name") values (5721, 378, 'Grafenau');
insert into "Cities"("Id", "RegionId", "Name") values (5722, 378, 'Grafenrheinfeld');
insert into "Cities"("Id", "RegionId", "Name") values (5723, 378, 'Grafenwhr');
insert into "Cities"("Id", "RegionId", "Name") values (5724, 378, 'Groenseebach');
insert into "Cities"("Id", "RegionId", "Name") values (5725, 378, 'Gromehring');
insert into "Cities"("Id", "RegionId", "Name") values (5726, 378, 'Groostheim');
insert into "Cities"("Id", "RegionId", "Name") values (5727, 378, 'Grnwald');
insert into "Cities"("Id", "RegionId", "Name") values (5728, 378, 'Gnzburg');
insert into "Cities"("Id", "RegionId", "Name") values (5729, 378, 'Gunzenhausen');
insert into "Cities"("Id", "RegionId", "Name") values (5730, 378, 'Haag');
insert into "Cities"("Id", "RegionId", "Name") values (5731, 378, 'Hahnbach');
insert into "Cities"("Id", "RegionId", "Name") values (5732, 378, 'Hammelburg');
insert into "Cities"("Id", "RegionId", "Name") values (5733, 378, 'Hafurt');
insert into "Cities"("Id", "RegionId", "Name") values (5734, 378, 'Hausham');
insert into "Cities"("Id", "RegionId", "Name") values (5735, 378, 'Heilsbronn');
insert into "Cities"("Id", "RegionId", "Name") values (5736, 378, 'Heimenkirch');
insert into "Cities"("Id", "RegionId", "Name") values (5737, 378, 'Hemau');
insert into "Cities"("Id", "RegionId", "Name") values (5738, 378, 'Hengersberg');
insert into "Cities"("Id", "RegionId", "Name") values (5739, 378, 'Heroldsberg');
insert into "Cities"("Id", "RegionId", "Name") values (5740, 378, 'Hersbruck');
insert into "Cities"("Id", "RegionId", "Name") values (5741, 378, 'Herzogenaurach');
insert into "Cities"("Id", "RegionId", "Name") values (5742, 378, 'Hilpoltstein');
insert into "Cities"("Id", "RegionId", "Name") values (5743, 378, 'Himmelstadt');
insert into "Cities"("Id", "RegionId", "Name") values (5744, 378, 'HirschId');
insert into "Cities"("Id", "RegionId", "Name") values (5745, 378, 'Hchstadt an der Aisch');
insert into "Cities"("Id", "RegionId", "Name") values (5746, 378, 'Hchstdt an der Donau');
insert into "Cities"("Id", "RegionId", "Name") values (5747, 378, 'Hof');
insert into "Cities"("Id", "RegionId", "Name") values (5748, 378, 'Holzkirchen (83607)');
insert into "Cities"("Id", "RegionId", "Name") values (5749, 378, 'Ichenhausen');
insert into "Cities"("Id", "RegionId", "Name") values (5750, 378, 'Igling');
insert into "Cities"("Id", "RegionId", "Name") values (5751, 378, 'Illertissen');
insert into "Cities"("Id", "RegionId", "Name") values (5752, 378, 'Immenstadt im Allgu');
insert into "Cities"("Id", "RegionId", "Name") values (5753, 378, 'Ingolstadt');
insert into "Cities"("Id", "RegionId", "Name") values (5754, 378, 'Innernzell');
insert into "Cities"("Id", "RegionId", "Name") values (5755, 378, 'Iphofen');
insert into "Cities"("Id", "RegionId", "Name") values (5756, 378, 'Irschenberg');
insert into "Cities"("Id", "RegionId", "Name") values (5757, 378, 'Kaisheim');
insert into "Cities"("Id", "RegionId", "Name") values (5758, 378, 'Kammeltal');
insert into "Cities"("Id", "RegionId", "Name") values (5759, 378, 'Karlstadt');
insert into "Cities"("Id", "RegionId", "Name") values (5760, 378, 'Kaufbeuren');
insert into "Cities"("Id", "RegionId", "Name") values (5761, 378, 'Kaufering');
insert into "Cities"("Id", "RegionId", "Name") values (5762, 378, 'Kelheim');
insert into "Cities"("Id", "RegionId", "Name") values (5763, 378, 'Kellmnz');
insert into "Cities"("Id", "RegionId", "Name") values (5764, 378, 'Kempten');
insert into "Cities"("Id", "RegionId", "Name") values (5765, 378, 'Kinsau');
insert into "Cities"("Id", "RegionId", "Name") values (5766, 378, 'Kirchdorf am Inn');
insert into "Cities"("Id", "RegionId", "Name") values (5767, 378, 'Kirchheim in Schwaben');
insert into "Cities"("Id", "RegionId", "Name") values (5768, 378, 'Kist');
insert into "Cities"("Id", "RegionId", "Name") values (5769, 378, 'Kitzingen');
insert into "Cities"("Id", "RegionId", "Name") values (5770, 378, 'Knetzgau');
insert into "Cities"("Id", "RegionId", "Name") values (5771, 378, 'Kfering');
insert into "Cities"("Id", "RegionId", "Name") values (5772, 378, 'Kolbermoor');
insert into "Cities"("Id", "RegionId", "Name") values (5773, 378, 'Knigsbrunn');
insert into "Cities"("Id", "RegionId", "Name") values (5774, 378, 'Ksching');
insert into "Cities"("Id", "RegionId", "Name") values (5775, 378, 'Kronach');
insert into "Cities"("Id", "RegionId", "Name") values (5776, 378, 'Krumbach');
insert into "Cities"("Id", "RegionId", "Name") values (5777, 378, 'Kulmbach');
insert into "Cities"("Id", "RegionId", "Name") values (5778, 378, 'Kps');
insert into "Cities"("Id", "RegionId", "Name") values (5779, 378, 'Lalling');
insert into "Cities"("Id", "RegionId", "Name") values (5780, 378, 'Landau an der Isar');
insert into "Cities"("Id", "RegionId", "Name") values (5781, 378, 'Landsberg am Lech');
insert into "Cities"("Id", "RegionId", "Name") values (5782, 378, 'Landshut');
insert into "Cities"("Id", "RegionId", "Name") values (5783, 378, 'LangquId');
insert into "Cities"("Id", "RegionId", "Name") values (5784, 378, 'Lauf an der Pegnitz');
insert into "Cities"("Id", "RegionId", "Name") values (5785, 378, 'Lauingen (Donau)');
insert into "Cities"("Id", "RegionId", "Name") values (5786, 378, 'Lehrberg');
insert into "Cities"("Id", "RegionId", "Name") values (5787, 378, 'Leipheim');
insert into "Cities"("Id", "RegionId", "Name") values (5788, 378, 'Lichtenfels');
insert into "Cities"("Id", "RegionId", "Name") values (5789, 378, 'Lindau (Bodensee)');
insert into "Cities"("Id", "RegionId", "Name") values (5790, 378, 'Lindenberg im Allgu');
insert into "Cities"("Id", "RegionId", "Name") values (5791, 378, 'Mainaschaff');
insert into "Cities"("Id", "RegionId", "Name") values (5792, 378, 'Mainburg');
insert into "Cities"("Id", "RegionId", "Name") values (5793, 378, 'Mainleus');
insert into "Cities"("Id", "RegionId", "Name") values (5794, 378, 'Mallersdorf-Pfaffenberg');
insert into "Cities"("Id", "RegionId", "Name") values (5795, 378, 'Mamming');
insert into "Cities"("Id", "RegionId", "Name") values (5796, 378, 'Manching');
insert into "Cities"("Id", "RegionId", "Name") values (5797, 378, 'MarkthIdenfeld');
insert into "Cities"("Id", "RegionId", "Name") values (5798, 378, 'Marktoberdorf');
insert into "Cities"("Id", "RegionId", "Name") values (5799, 378, 'Marktredwitz');
insert into "Cities"("Id", "RegionId", "Name") values (5800, 378, 'Massing');
insert into "Cities"("Id", "RegionId", "Name") values (5801, 378, 'Mellrichstadt');
insert into "Cities"("Id", "RegionId", "Name") values (5802, 378, 'Memmingen');
insert into "Cities"("Id", "RegionId", "Name") values (5803, 378, 'Memmingerberg');
insert into "Cities"("Id", "RegionId", "Name") values (5804, 378, 'Mering');
insert into "Cities"("Id", "RegionId", "Name") values (5805, 378, 'Merkendorf');
insert into "Cities"("Id", "RegionId", "Name") values (5806, 378, 'Metten');
insert into "Cities"("Id", "RegionId", "Name") values (5807, 378, 'Michelsneukirchen');
insert into "Cities"("Id", "RegionId", "Name") values (5808, 378, 'Miesbach');
insert into "Cities"("Id", "RegionId", "Name") values (5809, 378, 'Miltenberg');
insert into "Cities"("Id", "RegionId", "Name") values (5810, 378, 'Mindelheim');
insert into "Cities"("Id", "RegionId", "Name") values (5811, 378, 'Mitterteich');
insert into "Cities"("Id", "RegionId", "Name") values (5812, 378, 'Mmbris');
insert into "Cities"("Id", "RegionId", "Name") values (5813, 378, 'Moorenweis');
insert into "Cities"("Id", "RegionId", "Name") values (5814, 378, 'Mhldorf am Inn');
insert into "Cities"("Id", "RegionId", "Name") values (5815, 378, 'Mnchberg');
insert into "Cities"("Id", "RegionId", "Name") values (5816, 378, 'Mnchen');
insert into "Cities"("Id", "RegionId", "Name") values (5817, 378, 'Mnnerstadt');
insert into "Cities"("Id", "RegionId", "Name") values (5818, 378, 'Mnster');
insert into "Cities"("Id", "RegionId", "Name") values (5819, 378, 'Nabburg');
insert into "Cities"("Id", "RegionId", "Name") values (5820, 378, 'Naila');
insert into "Cities"("Id", "RegionId", "Name") values (5821, 378, 'Neu-Ulm');
insert into "Cities"("Id", "RegionId", "Name") values (5822, 378, 'Neubiberg');
insert into "Cities"("Id", "RegionId", "Name") values (5823, 378, 'Neuburg an der Donau');
insert into "Cities"("Id", "RegionId", "Name") values (5824, 378, 'Neuendettelsau');
insert into "Cities"("Id", "RegionId", "Name") values (5825, 378, 'Neumarkt in der Oberpfalz');
insert into "Cities"("Id", "RegionId", "Name") values (5826, 378, 'Neumarkt-Sankt Veit');
insert into "Cities"("Id", "RegionId", "Name") values (5827, 378, 'Neunburg vorm Wald');
insert into "Cities"("Id", "RegionId", "Name") values (5828, 378, 'Neutting');
insert into "Cities"("Id", "RegionId", "Name") values (5829, 378, 'Neuried');
insert into "Cities"("Id", "RegionId", "Name") values (5830, 378, 'Neus');
insert into "Cities"("Id", "RegionId", "Name") values (5831, 378, 'Neustadt an der Aisch');
insert into "Cities"("Id", "RegionId", "Name") values (5832, 378, 'Neustadt an der Donau');
insert into "Cities"("Id", "RegionId", "Name") values (5833, 378, 'Neustadt an der Waldnaab');
insert into "Cities"("Id", "RegionId", "Name") values (5834, 378, 'Neustadt bei Coburg');
insert into "Cities"("Id", "RegionId", "Name") values (5835, 378, 'Neutraubling');
insert into "Cities"("Id", "RegionId", "Name") values (5836, 378, 'Niederwerrn');
insert into "Cities"("Id", "RegionId", "Name") values (5837, 378, 'Nittenau');
insert into "Cities"("Id", "RegionId", "Name") values (5838, 378, 'Nittendorf');
insert into "Cities"("Id", "RegionId", "Name") values (5839, 378, 'Nrdlingen');
insert into "Cities"("Id", "RegionId", "Name") values (5840, 378, 'Ndlingen');
insert into "Cities"("Id", "RegionId", "Name") values (5841, 378, 'Nrnberg');
insert into "Cities"("Id", "RegionId", "Name") values (5842, 378, 'Nudorf am Inn');
insert into "Cities"("Id", "RegionId", "Name") values (5843, 378, 'Oberaudorf');
insert into "Cities"("Id", "RegionId", "Name") values (5844, 378, 'OberhId');
insert into "Cities"("Id", "RegionId", "Name") values (5845, 378, 'Obernbreit');
insert into "Cities"("Id", "RegionId", "Name") values (5846, 378, 'Oberndorf am Lech');
insert into "Cities"("Id", "RegionId", "Name") values (5847, 378, 'Obernzenn');
insert into "Cities"("Id", "RegionId", "Name") values (5848, 378, 'Oberschleiheim');
insert into "Cities"("Id", "RegionId", "Name") values (5849, 378, 'Oberstaufen');
insert into "Cities"("Id", "RegionId", "Name") values (5850, 378, 'Oberviechtach');
insert into "Cities"("Id", "RegionId", "Name") values (5851, 378, 'Ochsenfurt');
insert into "Cities"("Id", "RegionId", "Name") values (5852, 378, 'Oerlenbach');
insert into "Cities"("Id", "RegionId", "Name") values (5853, 378, 'Oettingen in Bayern');
insert into "Cities"("Id", "RegionId", "Name") values (5854, 378, 'Ottobeuren');
insert into "Cities"("Id", "RegionId", "Name") values (5855, 378, 'Ottobrunn');
insert into "Cities"("Id", "RegionId", "Name") values (5856, 378, 'Passau');
insert into "Cities"("Id", "RegionId", "Name") values (5857, 378, 'Pegnitz');
insert into "Cities"("Id", "RegionId", "Name") values (5858, 378, 'Peiting');
insert into "Cities"("Id", "RegionId", "Name") values (5859, 378, 'Pentling');
insert into "Cities"("Id", "RegionId", "Name") values (5860, 378, 'Penzberg');
insert into "Cities"("Id", "RegionId", "Name") values (5861, 378, 'Pfaffenhofen an der Ilm');
insert into "Cities"("Id", "RegionId", "Name") values (5862, 378, 'Pfarrkirchen');
insert into "Cities"("Id", "RegionId", "Name") values (5863, 378, 'Pilsach');
insert into "Cities"("Id", "RegionId", "Name") values (5864, 378, 'Plattling');
insert into "Cities"("Id", "RegionId", "Name") values (5865, 378, 'Pocking');
insert into "Cities"("Id", "RegionId", "Name") values (5866, 378, 'Prien am Chiemsee');
insert into "Cities"("Id", "RegionId", "Name") values (5867, 378, 'Randersacker');
insert into "Cities"("Id", "RegionId", "Name") values (5868, 378, 'Rednitzhembach');
insert into "Cities"("Id", "RegionId", "Name") values (5869, 378, 'Regen');
insert into "Cities"("Id", "RegionId", "Name") values (5870, 378, 'Regensburg');
insert into "Cities"("Id", "RegionId", "Name") values (5871, 378, 'Regenstauf');
insert into "Cities"("Id", "RegionId", "Name") values (5872, 378, 'Reisbach');
insert into "Cities"("Id", "RegionId", "Name") values (5873, 378, 'Riedenburg');
insert into "Cities"("Id", "RegionId", "Name") values (5874, 378, 'Roding');
insert into "Cities"("Id", "RegionId", "Name") values (5875, 378, 'Rosenheim');
insert into "Cities"("Id", "RegionId", "Name") values (5876, 378, 'Robach');
insert into "Cities"("Id", "RegionId", "Name") values (5877, 378, 'Roth');
insert into "Cities"("Id", "RegionId", "Name") values (5878, 378, 'Rothenburg ob der Tauber');
insert into "Cities"("Id", "RegionId", "Name") values (5879, 378, 'Ruhstorf an der Rott');
insert into "Cities"("Id", "RegionId", "Name") values (5880, 378, 'Scheinfeld');
insert into "Cities"("Id", "RegionId", "Name") values (5881, 378, 'Schlsselfeld');
insert into "Cities"("Id", "RegionId", "Name") values (5882, 378, 'SchIdmhlen');
insert into "Cities"("Id", "RegionId", "Name") values (5883, 378, 'Schnberg (94513)');
insert into "Cities"("Id", "RegionId", "Name") values (5884, 378, 'Schongau');
insert into "Cities"("Id", "RegionId", "Name") values (5885, 378, 'Schnsee');
insert into "Cities"("Id", "RegionId", "Name") values (5886, 378, 'Schrobenhausen');
insert into "Cities"("Id", "RegionId", "Name") values (5887, 378, 'Schwabach');
insert into "Cities"("Id", "RegionId", "Name") values (5888, 378, 'Schwabmnchen');
insert into "Cities"("Id", "RegionId", "Name") values (5889, 378, 'Schwandorf');
insert into "Cities"("Id", "RegionId", "Name") values (5890, 378, 'Schwanstetten');
insert into "Cities"("Id", "RegionId", "Name") values (5891, 378, 'Schwarzach');
insert into "Cities"("Id", "RegionId", "Name") values (5892, 378, 'Schwarzenfeld');
insert into "Cities"("Id", "RegionId", "Name") values (5893, 378, 'Schwebheim');
insert into "Cities"("Id", "RegionId", "Name") values (5894, 378, 'Schweinfurt');
insert into "Cities"("Id", "RegionId", "Name") values (5895, 378, 'Selb');
insert into "Cities"("Id", "RegionId", "Name") values (5896, 378, 'Senden');
insert into "Cities"("Id", "RegionId", "Name") values (5897, 378, 'Sennfeld');
insert into "Cities"("Id", "RegionId", "Name") values (5898, 378, 'Simbach am Inn');
insert into "Cities"("Id", "RegionId", "Name") values (5899, 378, 'Sommerhausen');
insert into "Cities"("Id", "RegionId", "Name") values (5900, 378, 'Sonthofen');
insert into "Cities"("Id", "RegionId", "Name") values (5901, 378, 'Stammham (84533)');
insert into "Cities"("Id", "RegionId", "Name") values (5902, 378, 'Starnberg');
insert into "Cities"("Id", "RegionId", "Name") values (5903, 378, 'Stein bei Nrnberg');
insert into "Cities"("Id", "RegionId", "Name") values (5904, 378, 'Straubing');
insert into "Cities"("Id", "RegionId", "Name") values (5905, 378, 'Sulzbach am Main');
insert into "Cities"("Id", "RegionId", "Name") values (5906, 378, 'Sulzbach-Rosenberg');
insert into "Cities"("Id", "RegionId", "Name") values (5907, 378, 'Tacherting');
insert into "Cities"("Id", "RegionId", "Name") values (5908, 378, 'Teisnach');
insert into "Cities"("Id", "RegionId", "Name") values (5909, 378, 'Thannhausen');
insert into "Cities"("Id", "RegionId", "Name") values (5910, 378, 'Thanstein');
insert into "Cities"("Id", "RegionId", "Name") values (5911, 378, 'Tirschenreuth');
insert into "Cities"("Id", "RegionId", "Name") values (5912, 378, 'Tittmoning');
insert into "Cities"("Id", "RegionId", "Name") values (5913, 378, 'Tging am Inn');
insert into "Cities"("Id", "RegionId", "Name") values (5914, 378, 'Traunreut');
insert into "Cities"("Id", "RegionId", "Name") values (5915, 378, 'Traunstein');
insert into "Cities"("Id", "RegionId", "Name") values (5916, 378, 'Treuchtlingen');
insert into "Cities"("Id", "RegionId", "Name") values (5917, 378, 'Trostberg');
insert into "Cities"("Id", "RegionId", "Name") values (5918, 378, 'Trkheim');
insert into "Cities"("Id", "RegionId", "Name") values (5919, 378, 'Tussenhausen');
insert into "Cities"("Id", "RegionId", "Name") values (5920, 378, 'Uffenheim');
insert into "Cities"("Id", "RegionId", "Name") values (5921, 378, 'Unterhaching');
insert into "Cities"("Id", "RegionId", "Name") values (5922, 378, 'Untersteinach');
insert into "Cities"("Id", "RegionId", "Name") values (5923, 378, 'Viechtach');
insert into "Cities"("Id", "RegionId", "Name") values (5924, 378, 'Vilseck');
insert into "Cities"("Id", "RegionId", "Name") values (5925, 378, 'Vilshofen');
insert into "Cities"("Id", "RegionId", "Name") values (5926, 378, 'Vohenstrau');
insert into "Cities"("Id", "RegionId", "Name") values (5927, 378, 'Vhringen');
insert into "Cities"("Id", "RegionId", "Name") values (5928, 378, 'Waldkraiburg');
insert into "Cities"("Id", "RegionId", "Name") values (5929, 378, 'Wallersdorf');
insert into "Cities"("Id", "RegionId", "Name") values (5930, 378, 'Wasserburg am Inn');
insert into "Cities"("Id", "RegionId", "Name") values (5931, 378, 'Wassertrdingen');
insert into "Cities"("Id", "RegionId", "Name") values (5932, 378, 'WIden');
insert into "Cities"("Id", "RegionId", "Name") values (5933, 378, 'Weilheim in Oberbayern');
insert into "Cities"("Id", "RegionId", "Name") values (5934, 378, 'Weienburg in Bayern');
insert into "Cities"("Id", "RegionId", "Name") values (5935, 378, 'Weienhorn');
insert into "Cities"("Id", "RegionId", "Name") values (5936, 378, 'Weiensberg');
insert into "Cities"("Id", "RegionId", "Name") values (5937, 378, 'Welden');
insert into "Cities"("Id", "RegionId", "Name") values (5938, 378, 'Wemding');
insert into "Cities"("Id", "RegionId", "Name") values (5939, 378, 'Wernberg-Kblitz');
insert into "Cities"("Id", "RegionId", "Name") values (5940, 378, 'Wertach');
insert into "Cities"("Id", "RegionId", "Name") values (5941, 378, 'Wiggensbach');
insert into "Cities"("Id", "RegionId", "Name") values (5942, 378, 'Wildflecken');
insert into "Cities"("Id", "RegionId", "Name") values (5943, 378, 'Windsbach');
insert into "Cities"("Id", "RegionId", "Name") values (5944, 378, 'Winhring');
insert into "Cities"("Id", "RegionId", "Name") values (5945, 378, 'Wittibreut');
insert into "Cities"("Id", "RegionId", "Name") values (5946, 378, 'Wolnzach');
insert into "Cities"("Id", "RegionId", "Name") values (5947, 378, 'Wrth an der Donau');
insert into "Cities"("Id", "RegionId", "Name") values (5948, 378, 'Wunsiedel');
insert into "Cities"("Id", "RegionId", "Name") values (5949, 378, 'Wrzburg');
insert into "Cities"("Id", "RegionId", "Name") values (5950, 378, 'Zeil am Main');
insert into "Cities"("Id", "RegionId", "Name") values (5951, 378, 'Zell am Main');
insert into "Cities"("Id", "RegionId", "Name") values (5952, 378, 'Zellingen');
insert into "Cities"("Id", "RegionId", "Name") values (5953, 378, 'Zirndorf');
insert into "Cities"("Id", "RegionId", "Name") values (5954, 378, 'Zwiesel');
insert into "Cities"("Id", "RegionId", "Name") values (5955, 393, 'Сент-Питер-Порт');
insert into "Regions"("Id", "CountryId", "Name") values (394, 54, 'Gibraltar');
insert into "Cities"("Id", "RegionId", "Name") values (5956, 54, 'Алапаевск');
insert into "Cities"("Id", "RegionId", "Name") values (5957, 54, 'Алтынай');
insert into "Cities"("Id", "RegionId", "Name") values (5958, 54, 'Арамиль');
insert into "Cities"("Id", "RegionId", "Name") values (5959, 54, 'Артемовский (Свердловская обл.)');
insert into "Cities"("Id", "RegionId", "Name") values (5960, 54, 'Арти');
insert into "Cities"("Id", "RegionId", "Name") values (5961, 54, 'Асбест');
insert into "Cities"("Id", "RegionId", "Name") values (5962, 54, 'Ачит');
insert into "Cities"("Id", "RegionId", "Name") values (5963, 54, 'Байкалово');
insert into "Cities"("Id", "RegionId", "Name") values (5964, 54, 'Басьяновский');
insert into "Cities"("Id", "RegionId", "Name") values (5965, 54, 'Белоярский (Свердловская обл.)');
insert into "Cities"("Id", "RegionId", "Name") values (5966, 54, 'Березовский (Свердловская обл.)');
insert into "Cities"("Id", "RegionId", "Name") values (5967, 54, 'Бисерть');
insert into "Cities"("Id", "RegionId", "Name") values (5968, 54, 'Богданович');
insert into "Cities"("Id", "RegionId", "Name") values (5969, 54, 'Буланаш');
insert into "Cities"("Id", "RegionId", "Name") values (5970, 54, 'Верхний Тагил');
insert into "Cities"("Id", "RegionId", "Name") values (5971, 54, 'Верхняя Пышма');
insert into "Cities"("Id", "RegionId", "Name") values (5972, 54, 'Верхняя Салда');
insert into "Cities"("Id", "RegionId", "Name") values (5973, 54, 'Верхняя Синячиха');
insert into "Cities"("Id", "RegionId", "Name") values (5974, 54, 'Верхняя Сысерть');
insert into "Cities"("Id", "RegionId", "Name") values (5975, 54, 'Верхняя Тура');
insert into "Cities"("Id", "RegionId", "Name") values (5976, 54, 'Верхотурье');
insert into "Cities"("Id", "RegionId", "Name") values (5977, 54, 'Висим');
insert into "Cities"("Id", "RegionId", "Name") values (5978, 54, 'Волчанск');
insert into "Cities"("Id", "RegionId", "Name") values (5979, 54, 'Гари');
insert into "Cities"("Id", "RegionId", "Name") values (5980, 54, 'Дегтярск');
insert into "Cities"("Id", "RegionId", "Name") values (5981, 54, 'Екатеринбург');
insert into "Cities"("Id", "RegionId", "Name") values (5982, 54, 'Ертарский');
insert into "Cities"("Id", "RegionId", "Name") values (5983, 54, 'Заводоуспенское');
insert into "Cities"("Id", "RegionId", "Name") values (5984, 54, 'Заречный');
insert into "Cities"("Id", "RegionId", "Name") values (5985, 54, 'Ивдель');
insert into "Cities"("Id", "RegionId", "Name") values (5986, 54, 'Изумруд');
insert into "Cities"("Id", "RegionId", "Name") values (5987, 54, 'Ирбит');
insert into "Cities"("Id", "RegionId", "Name") values (5988, 54, 'Ис');
insert into "Cities"("Id", "RegionId", "Name") values (5989, 54, 'Каменск-Уральский');
insert into "Cities"("Id", "RegionId", "Name") values (5990, 54, 'Камышлов');
insert into "Cities"("Id", "RegionId", "Name") values (5991, 54, 'Карпинск');
insert into "Cities"("Id", "RegionId", "Name") values (5992, 54, 'Качканар');
insert into "Cities"("Id", "RegionId", "Name") values (5993, 54, 'Кировград');
insert into "Cities"("Id", "RegionId", "Name") values (5994, 54, 'Краснотурьинск');
insert into "Cities"("Id", "RegionId", "Name") values (5995, 54, 'Красноуральск');
insert into "Cities"("Id", "RegionId", "Name") values (5996, 54, 'Красноуфимск');
insert into "Cities"("Id", "RegionId", "Name") values (5997, 54, 'Кушва');
insert into "Cities"("Id", "RegionId", "Name") values (5998, 54, 'Лесной');
insert into "Cities"("Id", "RegionId", "Name") values (5999, 54, 'Михайловск');
insert into "Cities"("Id", "RegionId", "Name") values (6000, 54, 'Невьянск');
insert into "Cities"("Id", "RegionId", "Name") values (6001, 54, 'Нижние Серги');
insert into "Cities"("Id", "RegionId", "Name") values (6002, 54, 'Нижний Тагил');
insert into "Cities"("Id", "RegionId", "Name") values (6003, 54, 'Нижняя Салда');
insert into "Cities"("Id", "RegionId", "Name") values (6004, 54, 'Нижняя Тура');
insert into "Cities"("Id", "RegionId", "Name") values (6005, 54, 'Новая Ляля');
insert into "Cities"("Id", "RegionId", "Name") values (6006, 54, 'Новоуральск');
insert into "Cities"("Id", "RegionId", "Name") values (6007, 54, 'Новоуральск (Свердловская обл.)');
insert into "Cities"("Id", "RegionId", "Name") values (6008, 54, 'Оус');
insert into "Cities"("Id", "RegionId", "Name") values (6009, 54, 'Первоуральск');
insert into "Cities"("Id", "RegionId", "Name") values (6010, 54, 'Полевской');
insert into "Cities"("Id", "RegionId", "Name") values (6011, 54, 'Пышма');
insert into "Cities"("Id", "RegionId", "Name") values (6012, 54, 'Ревда (Свердловская обл.)');
insert into "Cities"("Id", "RegionId", "Name") values (6013, 54, 'Реж');
insert into "Cities"("Id", "RegionId", "Name") values (6014, 54, 'Рефтинск');
insert into "Cities"("Id", "RegionId", "Name") values (6015, 54, 'Свердловск');
insert into "Cities"("Id", "RegionId", "Name") values (6016, 54, 'Североуральск');
insert into "Cities"("Id", "RegionId", "Name") values (6017, 54, 'Серов');
insert into "Cities"("Id", "RegionId", "Name") values (6018, 54, 'Сосьва');
insert into "Cities"("Id", "RegionId", "Name") values (6019, 54, 'Среднеуральск');
insert into "Cities"("Id", "RegionId", "Name") values (6020, 54, 'Сухой Лог');
insert into "Cities"("Id", "RegionId", "Name") values (6021, 54, 'Сысерть');
insert into "Cities"("Id", "RegionId", "Name") values (6022, 54, 'Таборы');
insert into "Cities"("Id", "RegionId", "Name") values (6023, 54, 'Тавда');
insert into "Cities"("Id", "RegionId", "Name") values (6024, 54, 'Талица');
insert into "Cities"("Id", "RegionId", "Name") values (6025, 54, 'Тугулым');
insert into "Cities"("Id", "RegionId", "Name") values (6026, 54, 'Туринск');
insert into "Cities"("Id", "RegionId", "Name") values (6027, 54, 'Туринская Слобода');
insert into "Cities"("Id", "RegionId", "Name") values (6028, 241, 'Jambol');
insert into "Cities"("Id", "RegionId", "Name") values (6029, 241, 'Yambol');
insert into "Cities"("Id", "RegionId", "Name") values (6030, 298, 'Barry');
insert into "Cities"("Id", "RegionId", "Name") values (6031, 298, 'Blackwood');
insert into "Cities"("Id", "RegionId", "Name") values (6032, 298, 'BIdgend');
insert into "Cities"("Id", "RegionId", "Name") values (6033, 298, 'Cardiff');
insert into "Cities"("Id", "RegionId", "Name") values (6034, 298, 'Carmarthen');
insert into "Cities"("Id", "RegionId", "Name") values (6035, 298, 'Lampeter');
insert into "Cities"("Id", "RegionId", "Name") values (6036, 298, 'Llanelli');
insert into "Cities"("Id", "RegionId", "Name") values (6037, 298, 'Newport');
insert into "Cities"("Id", "RegionId", "Name") values (6038, 298, 'Port Talbot');
insert into "Cities"("Id", "RegionId", "Name") values (6039, 298, 'Swansea');
insert into "Cities"("Id", "RegionId", "Name") values (6040, 314, 'Alsodabasi Szolok');
insert into "Cities"("Id", "RegionId", "Name") values (6041, 314, 'Bag');
insert into "Cities"("Id", "RegionId", "Name") values (6042, 314, 'Budakeszi');
insert into "Cities"("Id", "RegionId", "Name") values (6043, 314, 'Budars');
insert into "Cities"("Id", "RegionId", "Name") values (6044, 314, 'Cegld');
insert into "Cities"("Id", "RegionId", "Name") values (6045, 314, 'rd');
insert into "Cities"("Id", "RegionId", "Name") values (6046, 314, 'Monor');
insert into "Cities"("Id", "RegionId", "Name") values (6047, 314, 'Nagykta');
insert into "Cities"("Id", "RegionId", "Name") values (6048, 314, 'Nagykoros');
insert into "Cities"("Id", "RegionId", "Name") values (6049, 314, 'Pilisszentkereszt');
insert into "Cities"("Id", "RegionId", "Name") values (6050, 314, 'Selekta');
insert into "Cities"("Id", "RegionId", "Name") values (6051, 314, 'Vc');
insert into "Cities"("Id", "RegionId", "Name") values (6052, 336, 'Boca de Taguay');
insert into "Cities"("Id", "RegionId", "Name") values (6053, 336, 'Cabeza de Tigre');
insert into "Cities"("Id", "RegionId", "Name") values (6054, 336, 'Ca');
insert into "Cities"("Id", "RegionId", "Name") values (6055, 336, 'Los Teques');
insert into "Cities"("Id", "RegionId", "Name") values (6056, 336, 'Petare');
insert into "Cities"("Id", "RegionId", "Name") values (6057, 369, 'Brigada');
insert into "Cities"("Id", "RegionId", "Name") values (6058, 369, 'Ciudad de Guatemala');
insert into "Cities"("Id", "RegionId", "Name") values (6059, 369, 'Guatemala');
insert into "Cities"("Id", "RegionId", "Name") values (6060, 369, 'Guatemala City');
insert into "Cities"("Id", "RegionId", "Name") values (6061, 369, 'Petapa');
insert into "Cities"("Id", "RegionId", "Name") values (6062, 369, 'San Juan Sacatepquez');
insert into "Cities"("Id", "RegionId", "Name") values (6063, 369, 'San Miguel Petapa');
insert into "Cities"("Id", "RegionId", "Name") values (6064, 379, 'Berlin');
insert into "Cities"("Id", "RegionId", "Name") values (6065, 394, 'Caleta');
insert into "Cities"("Id", "RegionId", "Name") values (6066, 394, 'Catalan');
insert into "Cities"("Id", "RegionId", "Name") values (6067, 394, 'Catalan Bay');
insert into "Cities"("Id", "RegionId", "Name") values (6068, 394, 'Gibraltar');
insert into "Cities"("Id", "RegionId", "Name") values (6069, 394, 'Rosia');
insert into "Cities"("Id", "RegionId", "Name") values (6070, 394, 'Waterport');
insert into "Regions"("Id", "CountryId", "Name") values (395, 55, 'Тегусигальпа');
insert into "Cities"("Id", "RegionId", "Name") values (6071, 55, 'Алагир');
insert into "Cities"("Id", "RegionId", "Name") values (6072, 55, 'Ардон');
insert into "Cities"("Id", "RegionId", "Name") values (6073, 55, 'Беслан');
insert into "Cities"("Id", "RegionId", "Name") values (6074, 55, 'Бурон');
insert into "Cities"("Id", "RegionId", "Name") values (6075, 55, 'Владикавказ');
insert into "Cities"("Id", "RegionId", "Name") values (6076, 55, 'Дигора');
insert into "Cities"("Id", "RegionId", "Name") values (6077, 55, 'Моздок');
insert into "Cities"("Id", "RegionId", "Name") values (6078, 55, 'Орджоникидзе');
insert into "Cities"("Id", "RegionId", "Name") values (6079, 55, 'Чикола');
insert into "Cities"("Id", "RegionId", "Name") values (6080, 315, 'llskt');
insert into "Cities"("Id", "RegionId", "Name") values (6081, 315, 'Kaposvr');
insert into "Cities"("Id", "RegionId", "Name") values (6082, 315, 'Sifok');
insert into "Cities"("Id", "RegionId", "Name") values (6083, 315, 'Tab');
insert into "Cities"("Id", "RegionId", "Name") values (6084, 337, 'Amana');
insert into "Cities"("Id", "RegionId", "Name") values (6085, 337, 'Maturn');
insert into "Cities"("Id", "RegionId", "Name") values (6086, 337, 'Puente Punceres');
insert into "Cities"("Id", "RegionId", "Name") values (6087, 370, 'Amate Blanco');
insert into "Cities"("Id", "RegionId", "Name") values (6088, 380, 'Ahrensfelde');
insert into "Cities"("Id", "RegionId", "Name") values (6089, 380, 'Alt Tucheband');
insert into "Cities"("Id", "RegionId", "Name") values (6090, 380, 'Alt Zauche');
insert into "Cities"("Id", "RegionId", "Name") values (6091, 380, 'Altenhof');
insert into "Cities"("Id", "RegionId", "Name") values (6092, 380, 'Altglietzen');
insert into "Cities"("Id", "RegionId", "Name") values (6093, 380, 'Altlandsberg');
insert into "Cities"("Id", "RegionId", "Name") values (6094, 380, 'Arenzhain');
insert into "Cities"("Id", "RegionId", "Name") values (6095, 380, 'Babben');
insert into "Cities"("Id", "RegionId", "Name") values (6096, 380, 'Bad Freienwalde');
insert into "Cities"("Id", "RegionId", "Name") values (6097, 380, 'Bad Liebenwerda');
insert into "Cities"("Id", "RegionId", "Name") values (6098, 380, 'Bad Saarow');
insert into "Cities"("Id", "RegionId", "Name") values (6099, 380, 'Bad Wilsnack');
insert into "Cities"("Id", "RegionId", "Name") values (6100, 380, 'Brenklau');
insert into "Cities"("Id", "RegionId", "Name") values (6101, 380, 'Basdorf');
insert into "Cities"("Id", "RegionId", "Name") values (6102, 380, 'Beelitz');
insert into "Cities"("Id", "RegionId", "Name") values (6103, 380, 'Beiersdorf-Freudenberg');
insert into "Cities"("Id", "RegionId", "Name") values (6104, 380, 'Belzig');
insert into "Cities"("Id", "RegionId", "Name") values (6105, 380, 'Bernau');
insert into "Cities"("Id", "RegionId", "Name") values (6106, 380, 'Bliesdorf');
insert into "Cities"("Id", "RegionId", "Name") values (6107, 380, 'Brandenburg an der Havel');
insert into "Cities"("Id", "RegionId", "Name") values (6108, 380, 'Cottbus');
insert into "Cities"("Id", "RegionId", "Name") values (6109, 380, 'Doberlug-Kirchhain');
insert into "Cities"("Id", "RegionId", "Name") values (6110, 380, 'Drewitz');
insert into "Cities"("Id", "RegionId", "Name") values (6111, 380, 'Eberswalde');
insert into "Cities"("Id", "RegionId", "Name") values (6112, 380, 'Eisenhttenstadt');
insert into "Cities"("Id", "RegionId", "Name") values (6113, 380, 'Elsterwerda');
insert into "Cities"("Id", "RegionId", "Name") values (6114, 380, 'Fahrland');
insert into "Cities"("Id", "RegionId", "Name") values (6115, 380, 'Falkensee');
insert into "Cities"("Id", "RegionId", "Name") values (6116, 380, 'Finsterwalde');
insert into "Cities"("Id", "RegionId", "Name") values (6117, 380, 'Forst (Lausitz)');
insert into "Cities"("Id", "RegionId", "Name") values (6118, 380, 'Frankfurt (Oder)');
insert into "Cities"("Id", "RegionId", "Name") values (6119, 380, 'Frstenwalde/Spree');
insert into "Cities"("Id", "RegionId", "Name") values (6120, 380, 'Gartz (Oder)');
insert into "Cities"("Id", "RegionId", "Name") values (6121, 380, 'Grobeeren');
insert into "Cities"("Id", "RegionId", "Name") values (6122, 380, 'Grorschen');
insert into "Cities"("Id", "RegionId", "Name") values (6123, 380, 'Guben');
insert into "Cities"("Id", "RegionId", "Name") values (6124, 380, 'Guhrow');
insert into "Cities"("Id", "RegionId", "Name") values (6125, 380, 'Helle');
insert into "Cities"("Id", "RegionId", "Name") values (6126, 380, 'Hermsdorf');
insert into "Cities"("Id", "RegionId", "Name") values (6127, 380, 'Herzberg (Elster)');
insert into "Cities"("Id", "RegionId", "Name") values (6128, 380, 'Hohen Neuendorf');
insert into "Cities"("Id", "RegionId", "Name") values (6129, 380, 'Jterbog');
insert into "Cities"("Id", "RegionId", "Name") values (6130, 380, 'Kasel-Golzig');
insert into "Cities"("Id", "RegionId", "Name") values (6131, 380, 'Kehrberg');
insert into "Cities"("Id", "RegionId", "Name") values (6132, 380, 'Kloster Lehnin');
insert into "Cities"("Id", "RegionId", "Name") values (6133, 380, 'Knigs Wusterhausen');
insert into "Cities"("Id", "RegionId", "Name") values (6134, 380, 'Kyritz');
insert into "Cities"("Id", "RegionId", "Name") values (6135, 380, 'Kyritz');
insert into "Cities"("Id", "RegionId", "Name") values (6136, 380, 'Lauchhammer');
insert into "Cities"("Id", "RegionId", "Name") values (6137, 380, 'Lbben (Spreewald)');
insert into "Cities"("Id", "RegionId", "Name") values (6138, 380, 'Lbbenau/Spreewald');
insert into "Cities"("Id", "RegionId", "Name") values (6139, 380, 'Luckau');
insert into "Cities"("Id", "RegionId", "Name") values (6140, 380, 'Luckenwalde');
insert into "Cities"("Id", "RegionId", "Name") values (6141, 380, 'Neuhardenberg');
insert into "Cities"("Id", "RegionId", "Name") values (6142, 380, 'Neuruppin');
insert into "Cities"("Id", "RegionId", "Name") values (6143, 380, 'Oranienburg');
insert into "Cities"("Id", "RegionId", "Name") values (6144, 380, 'Ponnsdorf');
insert into "Cities"("Id", "RegionId", "Name") values (6145, 380, 'Potsdam');
insert into "Cities"("Id", "RegionId", "Name") values (6146, 380, 'Prenzlau');
insert into "Cities"("Id", "RegionId", "Name") values (6147, 380, 'Rathenow');
insert into "Cities"("Id", "RegionId", "Name") values (6148, 380, 'Schlieben');
insert into "Cities"("Id", "RegionId", "Name") values (6149, 380, 'Schneiche');
insert into "Cities"("Id", "RegionId", "Name") values (6150, 380, 'SchwarzhIde');
insert into "Cities"("Id", "RegionId", "Name") values (6151, 380, 'Schwedt/Oder');
insert into "Cities"("Id", "RegionId", "Name") values (6152, 380, 'Seelow');
insert into "Cities"("Id", "RegionId", "Name") values (6153, 380, 'Senftenberg');
insert into "Cities"("Id", "RegionId", "Name") values (6154, 380, 'Sonnenberg');
insert into "Cities"("Id", "RegionId", "Name") values (6155, 380, 'Spremberg');
insert into "Cities"("Id", "RegionId", "Name") values (6156, 380, 'Strausberg');
insert into "Cities"("Id", "RegionId", "Name") values (6157, 380, 'Teltow');
insert into "Cities"("Id", "RegionId", "Name") values (6158, 380, 'Templin');
insert into "Cities"("Id", "RegionId", "Name") values (6159, 380, 'Wittenberge');
insert into "Cities"("Id", "RegionId", "Name") values (6160, 380, 'Wittstock/Dosse');
insert into "Cities"("Id", "RegionId", "Name") values (6161, 380, 'Wusterhausen (Dosse)');
insert into "Cities"("Id", "RegionId", "Name") values (6162, 380, 'Zehdenick');
insert into "Cities"("Id", "RegionId", "Name") values (6163, 380, 'Zossen');
insert into "Cities"("Id", "RegionId", "Name") values (6164, 395, 'Тегусигальпа');
insert into "Regions"("Id", "CountryId", "Name") values (396, 56, 'Гонконг');
insert into "Cities"("Id", "RegionId", "Name") values (6165, 56, 'Велиж');
insert into "Cities"("Id", "RegionId", "Name") values (6166, 56, 'Верхнеднепровский');
insert into "Cities"("Id", "RegionId", "Name") values (6167, 56, 'Ворга');
insert into "Cities"("Id", "RegionId", "Name") values (6168, 56, 'Вязьма');
insert into "Cities"("Id", "RegionId", "Name") values (6169, 56, 'Гагарин');
insert into "Cities"("Id", "RegionId", "Name") values (6170, 56, 'Глинка');
insert into "Cities"("Id", "RegionId", "Name") values (6171, 56, 'Голынки');
insert into "Cities"("Id", "RegionId", "Name") values (6172, 56, 'Демидов');
insert into "Cities"("Id", "RegionId", "Name") values (6173, 56, 'Десногорск');
insert into "Cities"("Id", "RegionId", "Name") values (6174, 56, 'Дорогобуж');
insert into "Cities"("Id", "RegionId", "Name") values (6175, 56, 'Духовщина');
insert into "Cities"("Id", "RegionId", "Name") values (6176, 56, 'Ельня');
insert into "Cities"("Id", "RegionId", "Name") values (6177, 56, 'Ершичи');
insert into "Cities"("Id", "RegionId", "Name") values (6178, 56, 'Издешково');
insert into "Cities"("Id", "RegionId", "Name") values (6179, 56, 'Кардымово');
insert into "Cities"("Id", "RegionId", "Name") values (6180, 56, 'Красный');
insert into "Cities"("Id", "RegionId", "Name") values (6181, 56, 'Монастырщина');
insert into "Cities"("Id", "RegionId", "Name") values (6182, 56, 'Новодугино');
insert into "Cities"("Id", "RegionId", "Name") values (6183, 56, 'Починок');
insert into "Cities"("Id", "RegionId", "Name") values (6184, 56, 'Рославль');
insert into "Cities"("Id", "RegionId", "Name") values (6185, 56, 'Рудня');
insert into "Cities"("Id", "RegionId", "Name") values (6186, 56, 'Сафоново');
insert into "Cities"("Id", "RegionId", "Name") values (6187, 56, 'Смоленск');
insert into "Cities"("Id", "RegionId", "Name") values (6188, 56, 'Сычевка');
insert into "Cities"("Id", "RegionId", "Name") values (6189, 56, 'Угра');
insert into "Cities"("Id", "RegionId", "Name") values (6190, 56, 'Хиславичи');
insert into "Cities"("Id", "RegionId", "Name") values (6191, 56, 'Холм-Жирковский');
insert into "Cities"("Id", "RegionId", "Name") values (6192, 56, 'Шумячи');
insert into "Cities"("Id", "RegionId", "Name") values (6193, 56, 'Ярцево');
insert into "Cities"("Id", "RegionId", "Name") values (6194, 316, 'Kisvrda');
insert into "Cities"("Id", "RegionId", "Name") values (6195, 316, 'Mtszalka');
insert into "Cities"("Id", "RegionId", "Name") values (6196, 316, 'Nyregyhza');
insert into "Cities"("Id", "RegionId", "Name") values (6197, 338, 'La Brea');
insert into "Cities"("Id", "RegionId", "Name") values (6198, 371, 'Can');
insert into "Cities"("Id", "RegionId", "Name") values (6199, 381, 'Bremen');
insert into "Cities"("Id", "RegionId", "Name") values (6200, 381, 'Bremerhaven');
insert into "Cities"("Id", "RegionId", "Name") values (6201, 396, 'Гонконг');
insert into "Regions"("Id", "CountryId", "Name") values (397, 57, 'Сент-Джорджес');
insert into "Cities"("Id", "RegionId", "Name") values (6202, 57, 'Александровское (Ставрополь.)');
insert into "Cities"("Id", "RegionId", "Name") values (6203, 57, 'Арзгир');
insert into "Cities"("Id", "RegionId", "Name") values (6204, 57, 'Благодарный');
insert into "Cities"("Id", "RegionId", "Name") values (6205, 57, 'Буденновск');
insert into "Cities"("Id", "RegionId", "Name") values (6206, 57, 'Георгиевск');
insert into "Cities"("Id", "RegionId", "Name") values (6207, 57, 'Дивное (Ставропольский край)');
insert into "Cities"("Id", "RegionId", "Name") values (6208, 57, 'Домбай');
insert into "Cities"("Id", "RegionId", "Name") values (6209, 57, 'Донское');
insert into "Cities"("Id", "RegionId", "Name") values (6210, 57, 'Ессентуки');
insert into "Cities"("Id", "RegionId", "Name") values (6211, 57, 'Железноводск(Ставропольский)');
insert into "Cities"("Id", "RegionId", "Name") values (6212, 57, 'Зеленокумск');
insert into "Cities"("Id", "RegionId", "Name") values (6213, 57, 'Изобильный');
insert into "Cities"("Id", "RegionId", "Name") values (6214, 57, 'Иноземцево');
insert into "Cities"("Id", "RegionId", "Name") values (6215, 57, 'Ипатово');
insert into "Cities"("Id", "RegionId", "Name") values (6216, 57, 'Карачаевск');
insert into "Cities"("Id", "RegionId", "Name") values (6217, 57, 'Кисловодск');
insert into "Cities"("Id", "RegionId", "Name") values (6218, 57, 'Кочубеевское');
insert into "Cities"("Id", "RegionId", "Name") values (6219, 57, 'Красногвардейское (Ставрополь.)');
insert into "Cities"("Id", "RegionId", "Name") values (6220, 57, 'Курсавка');
insert into "Cities"("Id", "RegionId", "Name") values (6221, 57, 'Левокумское');
insert into "Cities"("Id", "RegionId", "Name") values (6222, 57, 'Лермонтов');
insert into "Cities"("Id", "RegionId", "Name") values (6223, 57, 'Минеральные Воды');
insert into "Cities"("Id", "RegionId", "Name") values (6224, 57, 'Михайловск');
insert into "Cities"("Id", "RegionId", "Name") values (6225, 57, 'Невинномысск');
insert into "Cities"("Id", "RegionId", "Name") values (6226, 57, 'Нефтекумск');
insert into "Cities"("Id", "RegionId", "Name") values (6227, 57, 'Новоалександровск');
insert into "Cities"("Id", "RegionId", "Name") values (6228, 57, 'Новоалександровская');
insert into "Cities"("Id", "RegionId", "Name") values (6229, 57, 'Новопавловск');
insert into "Cities"("Id", "RegionId", "Name") values (6230, 57, 'Новоселицкое');
insert into "Cities"("Id", "RegionId", "Name") values (6231, 57, 'Преградная');
insert into "Cities"("Id", "RegionId", "Name") values (6232, 57, 'Пятигорск');
insert into "Cities"("Id", "RegionId", "Name") values (6233, 57, 'Светлоград');
insert into "Cities"("Id", "RegionId", "Name") values (6234, 57, 'Солнечнодольск');
insert into "Cities"("Id", "RegionId", "Name") values (6235, 57, 'Ставрополь');
insert into "Cities"("Id", "RegionId", "Name") values (6236, 57, 'Степное (Ставропольский край)');
insert into "Cities"("Id", "RegionId", "Name") values (6237, 57, 'Теберда');
insert into "Cities"("Id", "RegionId", "Name") values (6238, 57, 'Усть-Джегута');
insert into "Cities"("Id", "RegionId", "Name") values (6239, 57, 'Хабез');
insert into "Cities"("Id", "RegionId", "Name") values (6240, 57, 'Черкесск');
insert into "Cities"("Id", "RegionId", "Name") values (6241, 317, 'Kiskundorozsma');
insert into "Cities"("Id", "RegionId", "Name") values (6242, 317, 'Szeged');
insert into "Cities"("Id", "RegionId", "Name") values (6243, 339, 'Agua de Vaca');
insert into "Cities"("Id", "RegionId", "Name") values (6244, 339, 'Bella Vista');
insert into "Cities"("Id", "RegionId", "Name") values (6245, 339, 'El Agua');
insert into "Cities"("Id", "RegionId", "Name") values (6246, 339, 'El Pilar');
insert into "Cities"("Id", "RegionId", "Name") values (6247, 339, 'El Valle');
insert into "Cities"("Id", "RegionId", "Name") values (6248, 339, 'Porlamar');
insert into "Cities"("Id", "RegionId", "Name") values (6249, 372, 'Quetzaltenango');
insert into "Cities"("Id", "RegionId", "Name") values (6250, 382, 'Hamburg');
insert into "Cities"("Id", "RegionId", "Name") values (6251, 397, 'Сент-Джорджес');
insert into "Regions"("Id", "CountryId", "Name") values (398, 58, 'Гренландия');
insert into "Cities"("Id", "RegionId", "Name") values (6252, 58, 'Бондари');
insert into "Cities"("Id", "RegionId", "Name") values (6253, 58, 'Гавриловка Вторая');
insert into "Cities"("Id", "RegionId", "Name") values (6254, 58, 'Жердевка');
insert into "Cities"("Id", "RegionId", "Name") values (6255, 58, 'Знаменка');
insert into "Cities"("Id", "RegionId", "Name") values (6256, 58, 'Инжавино');
insert into "Cities"("Id", "RegionId", "Name") values (6257, 58, 'Кирсанов');
insert into "Cities"("Id", "RegionId", "Name") values (6258, 58, 'Котовск');
insert into "Cities"("Id", "RegionId", "Name") values (6259, 58, 'Мичуринск');
insert into "Cities"("Id", "RegionId", "Name") values (6260, 58, 'Мордово');
insert into "Cities"("Id", "RegionId", "Name") values (6261, 58, 'Моршанск');
insert into "Cities"("Id", "RegionId", "Name") values (6262, 58, 'Мучкапский');
insert into "Cities"("Id", "RegionId", "Name") values (6263, 58, 'Первомайский (Тамбовская обл.)');
insert into "Cities"("Id", "RegionId", "Name") values (6264, 58, 'Петровское');
insert into "Cities"("Id", "RegionId", "Name") values (6265, 58, 'Пичаево');
insert into "Cities"("Id", "RegionId", "Name") values (6266, 58, 'Рассказово');
insert into "Cities"("Id", "RegionId", "Name") values (6267, 58, 'Ржакса');
insert into "Cities"("Id", "RegionId", "Name") values (6268, 58, 'Сосновка');
insert into "Cities"("Id", "RegionId", "Name") values (6269, 58, 'Староюрьево');
insert into "Cities"("Id", "RegionId", "Name") values (6270, 58, 'Тамбов');
insert into "Cities"("Id", "RegionId", "Name") values (6271, 58, 'Токаревка');
insert into "Cities"("Id", "RegionId", "Name") values (6272, 58, 'Уварово');
insert into "Cities"("Id", "RegionId", "Name") values (6273, 58, 'Умет');
insert into "Cities"("Id", "RegionId", "Name") values (6274, 318, 'Alshdvg');
insert into "Cities"("Id", "RegionId", "Name") values (6275, 318, 'Bonyhd');
insert into "Cities"("Id", "RegionId", "Name") values (6276, 318, 'Dombvr');
insert into "Cities"("Id", "RegionId", "Name") values (6277, 318, 'Szekszrd');
insert into "Cities"("Id", "RegionId", "Name") values (6278, 340, 'Acarigua');
insert into "Cities"("Id", "RegionId", "Name") values (6279, 373, 'Cinaga');
insert into "Cities"("Id", "RegionId", "Name") values (6280, 373, 'San Cristbal');
insert into "Cities"("Id", "RegionId", "Name") values (6281, 373, 'Totonicapn');
insert into "Cities"("Id", "RegionId", "Name") values (6282, 383, 'Ahnatal');
insert into "Cities"("Id", "RegionId", "Name") values (6283, 383, 'Alheim');
insert into "Cities"("Id", "RegionId", "Name") values (6284, 383, 'Allendorf (Eder)');
insert into "Cities"("Id", "RegionId", "Name") values (6285, 383, 'Allendorf (Lumda)');
insert into "Cities"("Id", "RegionId", "Name") values (6286, 383, 'Alsbach-Hhnlein');
insert into "Cities"("Id", "RegionId", "Name") values (6287, 383, 'Alsfeld');
insert into "Cities"("Id", "RegionId", "Name") values (6288, 383, 'Altenstadt');
insert into "Cities"("Id", "RegionId", "Name") values (6289, 383, 'Angelburg');
insert into "Cities"("Id", "RegionId", "Name") values (6290, 383, 'Antrifttal');
insert into "Cities"("Id", "RegionId", "Name") values (6291, 383, 'Alar');
insert into "Cities"("Id", "RegionId", "Name") values (6292, 383, 'Babenhausen');
insert into "Cities"("Id", "RegionId", "Name") values (6293, 383, 'Bad Arolsen');
insert into "Cities"("Id", "RegionId", "Name") values (6294, 383, 'Bad Camberg');
insert into "Cities"("Id", "RegionId", "Name") values (6295, 383, 'Bad Emstal');
insert into "Cities"("Id", "RegionId", "Name") values (6296, 383, 'Bad Endbach');
insert into "Cities"("Id", "RegionId", "Name") values (6297, 383, 'Bad Hersfeld');
insert into "Cities"("Id", "RegionId", "Name") values (6298, 383, 'Bad Homburg vor der Hhe');
insert into "Cities"("Id", "RegionId", "Name") values (6299, 383, 'Bad Knig');
insert into "Cities"("Id", "RegionId", "Name") values (6300, 383, 'Bad Nauheim');
insert into "Cities"("Id", "RegionId", "Name") values (6301, 383, 'Bad Orb');
insert into "Cities"("Id", "RegionId", "Name") values (6302, 383, 'Bad Schwalbach');
insert into "Cities"("Id", "RegionId", "Name") values (6303, 383, 'Bad Soden am Taunus');
insert into "Cities"("Id", "RegionId", "Name") values (6304, 383, 'Bad Soden-Salmnster');
insert into "Cities"("Id", "RegionId", "Name") values (6305, 383, 'Bad Sooden-Allendorf');
insert into "Cities"("Id", "RegionId", "Name") values (6306, 383, 'Bad Vilbel');
insert into "Cities"("Id", "RegionId", "Name") values (6307, 383, 'Bad Wildungen');
insert into "Cities"("Id", "RegionId", "Name") values (6308, 383, 'Bad Zwesten');
insert into "Cities"("Id", "RegionId", "Name") values (6309, 383, 'Battenberg (Eder)');
insert into "Cities"("Id", "RegionId", "Name") values (6310, 383, 'Baunatal');
insert into "Cities"("Id", "RegionId", "Name") values (6311, 383, 'Bebra');
insert into "Cities"("Id", "RegionId", "Name") values (6312, 383, 'Bensheim');
insert into "Cities"("Id", "RegionId", "Name") values (6313, 383, 'Berkatal');
insert into "Cities"("Id", "RegionId", "Name") values (6314, 383, 'Beselich');
insert into "Cities"("Id", "RegionId", "Name") values (6315, 383, 'Biblis');
insert into "Cities"("Id", "RegionId", "Name") values (6316, 383, 'Biebergemnd');
insert into "Cities"("Id", "RegionId", "Name") values (6317, 383, 'Biebesheim am Rhein');
insert into "Cities"("Id", "RegionId", "Name") values (6318, 383, 'Biedenkopf');
insert into "Cities"("Id", "RegionId", "Name") values (6319, 383, 'Birkenau');
insert into "Cities"("Id", "RegionId", "Name") values (6320, 383, 'Birstein');
insert into "Cities"("Id", "RegionId", "Name") values (6321, 383, 'Bischofsheim');
insert into "Cities"("Id", "RegionId", "Name") values (6322, 383, 'Borken');
insert into "Cities"("Id", "RegionId", "Name") values (6323, 383, 'Brachttal');
insert into "Cities"("Id", "RegionId", "Name") values (6324, 383, 'Braunfels');
insert into "Cities"("Id", "RegionId", "Name") values (6325, 383, 'BrIdenbach');
insert into "Cities"("Id", "RegionId", "Name") values (6326, 383, 'Bruchkbel');
insert into "Cities"("Id", "RegionId", "Name") values (6327, 383, 'Bdingen');
insert into "Cities"("Id", "RegionId", "Name") values (6328, 383, 'Brstadt');
insert into "Cities"("Id", "RegionId", "Name") values (6329, 383, 'Buseck');
insert into "Cities"("Id", "RegionId", "Name") values (6330, 383, 'Butzbach');
insert into "Cities"("Id", "RegionId", "Name") values (6331, 383, 'Clbe');
insert into "Cities"("Id", "RegionId", "Name") values (6332, 383, 'Darmstadt');
insert into "Cities"("Id", "RegionId", "Name") values (6333, 383, 'Dieburg');
insert into "Cities"("Id", "RegionId", "Name") values (6334, 383, 'Dietzenbach');
insert into "Cities"("Id", "RegionId", "Name") values (6335, 383, 'Dillenburg');
insert into "Cities"("Id", "RegionId", "Name") values (6336, 383, 'Dipperz');
insert into "Cities"("Id", "RegionId", "Name") values (6337, 383, 'Dornburg');
insert into "Cities"("Id", "RegionId", "Name") values (6338, 383, 'Edertal');
insert into "Cities"("Id", "RegionId", "Name") values (6339, 383, 'Ehringshausen');
insert into "Cities"("Id", "RegionId", "Name") values (6340, 383, 'Elbtal');
insert into "Cities"("Id", "RegionId", "Name") values (6341, 383, 'Eltville am Rhein');
insert into "Cities"("Id", "RegionId", "Name") values (6342, 383, 'Elz');
insert into "Cities"("Id", "RegionId", "Name") values (6343, 383, 'Erbach');
insert into "Cities"("Id", "RegionId", "Name") values (6344, 383, 'Erlensee');
insert into "Cities"("Id", "RegionId", "Name") values (6345, 383, 'Eschborn');
insert into "Cities"("Id", "RegionId", "Name") values (6346, 383, 'Eschwege');
insert into "Cities"("Id", "RegionId", "Name") values (6347, 383, 'Felsberg');
insert into "Cities"("Id", "RegionId", "Name") values (6348, 383, 'Flieden');
insert into "Cities"("Id", "RegionId", "Name") values (6349, 383, 'Flrsheim');
insert into "Cities"("Id", "RegionId", "Name") values (6350, 383, 'Florstadt');
insert into "Cities"("Id", "RegionId", "Name") values (6351, 383, 'Frankenau');
insert into "Cities"("Id", "RegionId", "Name") values (6352, 383, 'Frankenberg (Eder)');
insert into "Cities"("Id", "RegionId", "Name") values (6353, 383, 'Frankfurt am Main');
insert into "Cities"("Id", "RegionId", "Name") values (6354, 383, 'Friedberg');
insert into "Cities"("Id", "RegionId", "Name") values (6355, 383, 'Friedrichsdorf');
insert into "Cities"("Id", "RegionId", "Name") values (6356, 383, 'Fritzlar');
insert into "Cities"("Id", "RegionId", "Name") values (6357, 383, 'Fulda');
insert into "Cities"("Id", "RegionId", "Name") values (6358, 383, 'Fuldabrck');
insert into "Cities"("Id", "RegionId", "Name") values (6359, 383, 'Fuldatal');
insert into "Cities"("Id", "RegionId", "Name") values (6360, 383, 'Frth');
insert into "Cities"("Id", "RegionId", "Name") values (6361, 383, 'Gedern');
insert into "Cities"("Id", "RegionId", "Name") values (6362, 383, 'Geisenheim');
insert into "Cities"("Id", "RegionId", "Name") values (6363, 383, 'Gelnhausen');
insert into "Cities"("Id", "RegionId", "Name") values (6364, 383, 'Gemnden (Wohra)');
insert into "Cities"("Id", "RegionId", "Name") values (6365, 383, 'Gernsheim');
insert into "Cities"("Id", "RegionId", "Name") values (6366, 383, 'Gersfeld');
insert into "Cities"("Id", "RegionId", "Name") values (6367, 383, 'Gieen');
insert into "Cities"("Id", "RegionId", "Name") values (6368, 383, 'Ginsheim-Gustavsburg');
insert into "Cities"("Id", "RegionId", "Name") values (6369, 383, 'Gladenbach');
insert into "Cities"("Id", "RegionId", "Name") values (6370, 383, 'Grvenwiesbach');
insert into "Cities"("Id", "RegionId", "Name") values (6371, 383, 'Grebenstein');
insert into "Cities"("Id", "RegionId", "Name") values (6372, 383, 'Greifenstein');
insert into "Cities"("Id", "RegionId", "Name") values (6373, 383, 'Gro-Gerau');
insert into "Cities"("Id", "RegionId", "Name") values (6374, 383, 'Groalmerode');
insert into "Cities"("Id", "RegionId", "Name") values (6375, 383, 'Grnberg');
insert into "Cities"("Id", "RegionId", "Name") values (6376, 383, 'Grndau');
insert into "Cities"("Id", "RegionId", "Name") values (6377, 383, 'Hadamar');
insert into "Cities"("Id", "RegionId", "Name") values (6378, 383, 'Haiger');
insert into "Cities"("Id", "RegionId", "Name") values (6379, 383, 'Hainburg');
insert into "Cities"("Id", "RegionId", "Name") values (6380, 383, 'Hanau');
insert into "Cities"("Id", "RegionId", "Name") values (6381, 383, 'Hattersheim');
insert into "Cities"("Id", "RegionId", "Name") values (6382, 383, 'Helsa');
insert into "Cities"("Id", "RegionId", "Name") values (6383, 383, 'Heppenheim (Bergstrae)');
insert into "Cities"("Id", "RegionId", "Name") values (6384, 383, 'Herborn');
insert into "Cities"("Id", "RegionId", "Name") values (6385, 383, 'Herbstein');
insert into "Cities"("Id", "RegionId", "Name") values (6386, 383, 'Heuchelheim');
insert into "Cities"("Id", "RegionId", "Name") values (6387, 383, 'Hilders');
insert into "Cities"("Id", "RegionId", "Name") values (6388, 383, 'Hochheim am Main');
insert into "Cities"("Id", "RegionId", "Name") values (6389, 383, 'Hofgeismar');
insert into "Cities"("Id", "RegionId", "Name") values (6390, 383, 'Hofheim am Taunus');
insert into "Cities"("Id", "RegionId", "Name") values (6391, 383, 'Homberg (Efze)');
insert into "Cities"("Id", "RegionId", "Name") values (6392, 383, 'Homberg (Ohm)');
insert into "Cities"("Id", "RegionId", "Name") values (6393, 383, 'Hnfeld');
insert into "Cities"("Id", "RegionId", "Name") values (6394, 383, 'Httenberg');
insert into "Cities"("Id", "RegionId", "Name") values (6395, 383, '"Id"stein');
insert into "Cities"("Id", "RegionId", "Name") values (6396, 383, 'Immenhausen');
insert into "Cities"("Id", "RegionId", "Name") values (6397, 383, 'Kassel');
insert into "Cities"("Id", "RegionId", "Name") values (6398, 383, 'Kaufungen');
insert into "Cities"("Id", "RegionId", "Name") values (6399, 383, 'Kelkheim (Taunus)');
insert into "Cities"("Id", "RegionId", "Name") values (6400, 383, 'Kirchhain');
insert into "Cities"("Id", "RegionId", "Name") values (6401, 383, 'Kirchheim');
insert into "Cities"("Id", "RegionId", "Name") values (6402, 383, 'Knigstein im Taunus');
insert into "Cities"("Id", "RegionId", "Name") values (6403, 383, 'Korbach');
insert into "Cities"("Id", "RegionId", "Name") values (6404, 383, 'Krle');
insert into "Cities"("Id", "RegionId", "Name") values (6405, 383, 'Kriftel');
insert into "Cities"("Id", "RegionId", "Name") values (6406, 383, 'Kronberg im Taunus');
insert into "Cities"("Id", "RegionId", "Name") values (6407, 383, 'Lahnau');
insert into "Cities"("Id", "RegionId", "Name") values (6408, 383, 'Lampertheim');
insert into "Cities"("Id", "RegionId", "Name") values (6409, 383, 'Langen');
insert into "Cities"("Id", "RegionId", "Name") values (6410, 383, 'Langgns');
insert into "Cities"("Id", "RegionId", "Name") values (6411, 383, 'Lauterbach');
insert into "Cities"("Id", "RegionId", "Name") values (6412, 383, 'Leun');
insert into "Cities"("Id", "RegionId", "Name") values (6413, 383, 'Lich');
insert into "Cities"("Id", "RegionId", "Name") values (6414, 383, 'Limburg an der Lahn');
insert into "Cities"("Id", "RegionId", "Name") values (6415, 383, 'Linden');
insert into "Cities"("Id", "RegionId", "Name") values (6416, 383, 'Lindenfels');
insert into "Cities"("Id", "RegionId", "Name") values (6417, 383, 'Lollar');
insert into "Cities"("Id", "RegionId", "Name") values (6418, 383, 'Lorch');
insert into "Cities"("Id", "RegionId", "Name") values (6419, 383, 'Marburg');
insert into "Cities"("Id", "RegionId", "Name") values (6420, 383, 'Melsungen');
insert into "Cities"("Id", "RegionId", "Name") values (6421, 383, 'Michelstadt');
insert into "Cities"("Id", "RegionId", "Name") values (6422, 383, 'Mrfelden-Walldorf');
insert into "Cities"("Id", "RegionId", "Name") values (6423, 383, 'Mrlenbach');
insert into "Cities"("Id", "RegionId", "Name") values (6424, 383, 'Mcke');
insert into "Cities"("Id", "RegionId", "Name") values (6425, 383, 'Mhlheim');
insert into "Cities"("Id", "RegionId", "Name") values (6426, 383, 'Mnster');
insert into "Cities"("Id", "RegionId", "Name") values (6427, 383, 'Neu-Isenburg');
insert into "Cities"("Id", "RegionId", "Name") values (6428, 383, 'Neuenstein');
insert into "Cities"("Id", "RegionId", "Name") values (6429, 383, 'Neuhof');
insert into "Cities"("Id", "RegionId", "Name") values (6430, 383, 'Neukirchen');
insert into "Cities"("Id", "RegionId", "Name") values (6431, 383, 'Neustadt (Hessen)');
insert into "Cities"("Id", "RegionId", "Name") values (6432, 383, 'Idda');
insert into "Cities"("Id", "RegionId", "Name") values (6433, 383, 'Ober-Ramstadt');
insert into "Cities"("Id", "RegionId", "Name") values (6434, 383, 'Oberaula');
insert into "Cities"("Id", "RegionId", "Name") values (6435, 383, 'Obertshausen');
insert into "Cities"("Id", "RegionId", "Name") values (6436, 383, 'Oberursel');
insert into "Cities"("Id", "RegionId", "Name") values (6437, 383, 'Oestrich-Winkel');
insert into "Cities"("Id", "RegionId", "Name") values (6438, 383, 'Offenbach');
insert into "Cities"("Id", "RegionId", "Name") values (6439, 383, 'Petersberg');
insert into "Cities"("Id", "RegionId", "Name") values (6440, 383, 'Pfungstadt');
insert into "Cities"("Id", "RegionId", "Name") values (6441, 383, 'Ranstadt');
insert into "Cities"("Id", "RegionId", "Name") values (6442, 383, 'Raunheim');
insert into "Cities"("Id", "RegionId", "Name") values (6443, 383, 'Rauschenberg');
insert into "Cities"("Id", "RegionId", "Name") values (6444, 383, 'Reiskirchen');
insert into "Cities"("Id", "RegionId", "Name") values (6445, 383, 'Rimbach');
insert into "Cities"("Id", "RegionId", "Name") values (6446, 383, 'Rdermark');
insert into "Cities"("Id", "RegionId", "Name") values (6447, 383, 'Rodgau');
insert into "Cities"("Id", "RegionId", "Name") values (6448, 383, 'Rotenburg an der Fulda');
insert into "Cities"("Id", "RegionId", "Name") values (6449, 383, 'Rdesheim am Rhein');
insert into "Cities"("Id", "RegionId", "Name") values (6450, 383, 'Rsselsheim');
insert into "Cities"("Id", "RegionId", "Name") values (6451, 383, 'Schlitz');
insert into "Cities"("Id", "RegionId", "Name") values (6452, 383, 'Schlchtern');
insert into "Cities"("Id", "RegionId", "Name") values (6453, 383, 'Schffengrund');
insert into "Cities"("Id", "RegionId", "Name") values (6454, 383, 'Schotten');
insert into "Cities"("Id", "RegionId", "Name") values (6455, 383, 'Schwalbach am Taunus');
insert into "Cities"("Id", "RegionId", "Name") values (6456, 383, 'Schwalmstadt');
insert into "Cities"("Id", "RegionId", "Name") values (6457, 383, 'Seligenstadt');
insert into "Cities"("Id", "RegionId", "Name") values (6458, 383, 'Sinn');
insert into "Cities"("Id", "RegionId", "Name") values (6459, 383, 'Solms');
insert into "Cities"("Id", "RegionId", "Name") values (6460, 383, 'Stadtallendorf');
insert into "Cities"("Id", "RegionId", "Name") values (6461, 383, 'Steinau an der Strae');
insert into "Cities"("Id", "RegionId", "Name") values (6462, 383, 'Sulzbach');
insert into "Cities"("Id", "RegionId", "Name") values (6463, 383, 'Tann');
insert into "Cities"("Id", "RegionId", "Name") values (6464, 383, 'Taunusstein');
insert into "Cities"("Id", "RegionId", "Name") values (6465, 383, 'Trebur');
insert into "Cities"("Id", "RegionId", "Name") values (6466, 383, 'Usingen');
insert into "Cities"("Id", "RegionId", "Name") values (6467, 383, 'Vellmar');
insert into "Cities"("Id", "RegionId", "Name") values (6468, 383, 'Viernheim');
insert into "Cities"("Id", "RegionId", "Name") values (6469, 383, 'Villmar');
insert into "Cities"("Id", "RegionId", "Name") values (6470, 383, 'Wchtersbach');
insert into "Cities"("Id", "RegionId", "Name") values (6471, 383, 'Waldbrunn (Westerwald)');
insert into "Cities"("Id", "RegionId", "Name") values (6472, 383, 'Wehrheim');
insert into "Cities"("Id", "RegionId", "Name") values (6473, 383, 'Weilburg');
insert into "Cities"("Id", "RegionId", "Name") values (6474, 383, 'Wettenberg');
insert into "Cities"("Id", "RegionId", "Name") values (6475, 383, 'Wetter');
insert into "Cities"("Id", "RegionId", "Name") values (6476, 383, 'Wetzlar');
insert into "Cities"("Id", "RegionId", "Name") values (6477, 383, 'Wiesbaden');
insert into "Cities"("Id", "RegionId", "Name") values (6478, 383, 'Witzenhausen');
insert into "Cities"("Id", "RegionId", "Name") values (6479, 383, 'Wlfersheim');
insert into "Cities"("Id", "RegionId", "Name") values (6480, 383, 'Wolfhagen');
insert into "Cities"("Id", "RegionId", "Name") values (6481, 383, 'Zierenberg');
insert into "Cities"("Id", "RegionId", "Name") values (6482, 398, 'Нуука');
insert into "Regions"("Id", "CountryId", "Name") values (399, 59, 'Aitolia kai Akarnania');
insert into "Regions"("Id", "CountryId", "Name") values (400, 59, 'Akhaia');
insert into "Regions"("Id", "CountryId", "Name") values (401, 59, 'Argolis');
insert into "Regions"("Id", "CountryId", "Name") values (402, 59, 'Arkadhia');
insert into "Regions"("Id", "CountryId", "Name") values (403, 59, 'Arta');
insert into "Regions"("Id", "CountryId", "Name") values (404, 59, 'Attiki');
insert into "Regions"("Id", "CountryId", "Name") values (405, 59, 'Dhodhekanisos');
insert into "Regions"("Id", "CountryId", "Name") values (406, 59, 'Drama');
insert into "Regions"("Id", "CountryId", "Name") values (407, 59, 'Evritania');
insert into "Regions"("Id", "CountryId", "Name") values (408, 59, 'Evros');
insert into "Regions"("Id", "CountryId", "Name") values (409, 59, 'Evvoia');
insert into "Regions"("Id", "CountryId", "Name") values (410, 59, 'Florina');
insert into "Regions"("Id", "CountryId", "Name") values (411, 59, 'Fthiotis');
insert into "Regions"("Id", "CountryId", "Name") values (412, 59, 'Grevena');
insert into "Regions"("Id", "CountryId", "Name") values (413, 59, 'Ilia');
insert into "Regions"("Id", "CountryId", "Name") values (414, 59, 'Imathia');
insert into "Regions"("Id", "CountryId", "Name") values (415, 59, 'Ioannina');
insert into "Regions"("Id", "CountryId", "Name") values (416, 59, 'Iraklion');
insert into "Regions"("Id", "CountryId", "Name") values (417, 59, 'Kardhitsa');
insert into "Regions"("Id", "CountryId", "Name") values (418, 59, 'Kastoria');
insert into "Regions"("Id", "CountryId", "Name") values (419, 59, 'Kavala');
insert into "Regions"("Id", "CountryId", "Name") values (420, 59, 'Kefallinia');
insert into "Regions"("Id", "CountryId", "Name") values (421, 59, 'Kerkira');
insert into "Regions"("Id", "CountryId", "Name") values (422, 59, 'KhalIdhiki');
insert into "Regions"("Id", "CountryId", "Name") values (423, 59, 'Khania');
insert into "Regions"("Id", "CountryId", "Name") values (424, 59, 'Khios');
insert into "Regions"("Id", "CountryId", "Name") values (425, 59, 'Kikladhes');
insert into "Regions"("Id", "CountryId", "Name") values (426, 59, 'Kilkis');
insert into "Regions"("Id", "CountryId", "Name") values (427, 59, 'Korinthia');
insert into "Regions"("Id", "CountryId", "Name") values (428, 59, 'Kozani');
insert into "Regions"("Id", "CountryId", "Name") values (429, 59, 'Lakonia');
insert into "Regions"("Id", "CountryId", "Name") values (430, 59, 'Larisa');
insert into "Regions"("Id", "CountryId", "Name") values (431, 59, 'Lasithi');
insert into "Regions"("Id", "CountryId", "Name") values (432, 59, 'Lesvos');
insert into "Regions"("Id", "CountryId", "Name") values (433, 59, 'Levkas');
insert into "Regions"("Id", "CountryId", "Name") values (434, 59, 'Magnisia');
insert into "Regions"("Id", "CountryId", "Name") values (435, 59, 'Messinia');
insert into "Regions"("Id", "CountryId", "Name") values (436, 59, 'None');
insert into "Regions"("Id", "CountryId", "Name") values (437, 59, 'Pella');
insert into "Regions"("Id", "CountryId", "Name") values (438, 59, 'Pieria');
insert into "Regions"("Id", "CountryId", "Name") values (439, 59, 'Preveza');
insert into "Regions"("Id", "CountryId", "Name") values (440, 59, 'Rethimni');
insert into "Regions"("Id", "CountryId", "Name") values (441, 59, 'Rodhopi');
insert into "Regions"("Id", "CountryId", "Name") values (442, 59, 'Samos');
insert into "Regions"("Id", "CountryId", "Name") values (443, 59, 'Serrai');
insert into "Regions"("Id", "CountryId", "Name") values (444, 59, 'Thesprotia');
insert into "Regions"("Id", "CountryId", "Name") values (445, 59, 'Thessaloniki');
insert into "Regions"("Id", "CountryId", "Name") values (446, 59, 'Trikala');
insert into "Regions"("Id", "CountryId", "Name") values (447, 59, 'Voiotia');
insert into "Regions"("Id", "CountryId", "Name") values (448, 59, 'Xanthi');
insert into "Regions"("Id", "CountryId", "Name") values (449, 59, 'Zakinthos');
insert into "Cities"("Id", "RegionId", "Name") values (6483, 59, 'Агрыз');
insert into "Cities"("Id", "RegionId", "Name") values (6484, 59, 'Азнакаево');
insert into "Cities"("Id", "RegionId", "Name") values (6485, 59, 'Аксубаево');
insert into "Cities"("Id", "RegionId", "Name") values (6486, 59, 'Актаныш');
insert into "Cities"("Id", "RegionId", "Name") values (6487, 59, 'Актюбинский');
insert into "Cities"("Id", "RegionId", "Name") values (6488, 59, 'Алексеевское');
insert into "Cities"("Id", "RegionId", "Name") values (6489, 59, 'Альметьевск');
insert into "Cities"("Id", "RegionId", "Name") values (6490, 59, 'Апастово');
insert into "Cities"("Id", "RegionId", "Name") values (6491, 59, 'Арск');
insert into "Cities"("Id", "RegionId", "Name") values (6492, 59, 'Бавлы');
insert into "Cities"("Id", "RegionId", "Name") values (6493, 59, 'Базарные Матаки');
insert into "Cities"("Id", "RegionId", "Name") values (6494, 59, 'Балтаси');
insert into "Cities"("Id", "RegionId", "Name") values (6495, 59, 'Богатые Сабы');
insert into "Cities"("Id", "RegionId", "Name") values (6496, 59, 'Брежнев');
insert into "Cities"("Id", "RegionId", "Name") values (6497, 59, 'Бугульма');
insert into "Cities"("Id", "RegionId", "Name") values (6498, 59, 'Буинск');
insert into "Cities"("Id", "RegionId", "Name") values (6499, 59, 'Васильево');
insert into "Cities"("Id", "RegionId", "Name") values (6500, 59, 'Верхний Услон');
insert into "Cities"("Id", "RegionId", "Name") values (6501, 59, 'Высокая Гора');
insert into "Cities"("Id", "RegionId", "Name") values (6502, 59, 'Дербешкинский');
insert into "Cities"("Id", "RegionId", "Name") values (6503, 59, 'Елабуга');
insert into "Cities"("Id", "RegionId", "Name") values (6504, 59, 'Заинск');
insert into "Cities"("Id", "RegionId", "Name") values (6505, 59, 'Зеленодольск');
insert into "Cities"("Id", "RegionId", "Name") values (6506, 59, 'Казань');
insert into "Cities"("Id", "RegionId", "Name") values (6507, 59, 'Камское Устье');
insert into "Cities"("Id", "RegionId", "Name") values (6508, 59, 'Карабаш (Татарстан)');
insert into "Cities"("Id", "RegionId", "Name") values (6509, 59, 'Куйбышев (Татарстан)');
insert into "Cities"("Id", "RegionId", "Name") values (6510, 59, 'Кукмод');
insert into "Cities"("Id", "RegionId", "Name") values (6511, 59, 'Кукмор');
insert into "Cities"("Id", "RegionId", "Name") values (6512, 59, 'Лаишево');
insert into "Cities"("Id", "RegionId", "Name") values (6513, 59, 'Лениногорск');
insert into "Cities"("Id", "RegionId", "Name") values (6514, 59, 'Мамадыш');
insert into "Cities"("Id", "RegionId", "Name") values (6515, 59, 'Менделеевск');
insert into "Cities"("Id", "RegionId", "Name") values (6516, 59, 'Мензелинск');
insert into "Cities"("Id", "RegionId", "Name") values (6517, 59, 'Муслюмово');
insert into "Cities"("Id", "RegionId", "Name") values (6518, 59, 'Набережные Челны');
insert into "Cities"("Id", "RegionId", "Name") values (6519, 59, 'Нижнекамск');
insert into "Cities"("Id", "RegionId", "Name") values (6520, 59, 'Новошешминск');
insert into "Cities"("Id", "RegionId", "Name") values (6521, 59, 'Нурлат');
insert into "Cities"("Id", "RegionId", "Name") values (6522, 59, 'Пестрецы');
insert into "Cities"("Id", "RegionId", "Name") values (6523, 59, 'Рыбная Слобода');
insert into "Cities"("Id", "RegionId", "Name") values (6524, 59, 'Сарманово');
insert into "Cities"("Id", "RegionId", "Name") values (6525, 59, 'Старое Дрожжаное');
insert into "Cities"("Id", "RegionId", "Name") values (6526, 59, 'Тетюши');
insert into "Cities"("Id", "RegionId", "Name") values (6527, 59, 'Черемшан');
insert into "Cities"("Id", "RegionId", "Name") values (6528, 59, 'Чистополь');
insert into "Cities"("Id", "RegionId", "Name") values (6529, 319, 'Alsnyrvrimajor');
insert into "Cities"("Id", "RegionId", "Name") values (6530, 319, 'Srvr');
insert into "Cities"("Id", "RegionId", "Name") values (6531, 319, 'Szombathely');
insert into "Cities"("Id", "RegionId", "Name") values (6532, 319, 'Zanat');
insert into "Cities"("Id", "RegionId", "Name") values (6533, 341, 'Carpano');
insert into "Cities"("Id", "RegionId", "Name") values (6534, 341, 'Cuman');
insert into "Cities"("Id", "RegionId", "Name") values (6535, 374, 'Casas de Pinto');
insert into "Cities"("Id", "RegionId", "Name") values (6536, 384, 'Adamshoffnung');
insert into "Cities"("Id", "RegionId", "Name") values (6537, 384, 'Ahrenshoop');
insert into "Cities"("Id", "RegionId", "Name") values (6538, 384, 'Alt Krenzlin');
insert into "Cities"("Id", "RegionId", "Name") values (6539, 384, 'Alt Schwerin');
insert into "Cities"("Id", "RegionId", "Name") values (6540, 384, 'Alt Tellin');
insert into "Cities"("Id", "RegionId", "Name") values (6541, 384, 'Altefhr');
insert into "Cities"("Id", "RegionId", "Name") values (6542, 384, 'Altenhagen (18236)');
insert into "Cities"("Id", "RegionId", "Name") values (6543, 384, 'Altenhof');
insert into "Cities"("Id", "RegionId", "Name") values (6544, 384, 'Altentreptow');
insert into "Cities"("Id", "RegionId", "Name") values (6545, 384, 'Anklam');
insert into "Cities"("Id", "RegionId", "Name") values (6546, 384, 'Bad Doberan');
insert into "Cities"("Id", "RegionId", "Name") values (6547, 384, 'Bad Slze');
insert into "Cities"("Id", "RegionId", "Name") values (6548, 384, 'Balow');
insert into "Cities"("Id", "RegionId", "Name") values (6549, 384, 'Barth');
insert into "Cities"("Id", "RegionId", "Name") values (6550, 384, 'Bellin');
insert into "Cities"("Id", "RegionId", "Name") values (6551, 384, 'Bergen auf Rgen');
insert into "Cities"("Id", "RegionId", "Name") values (6552, 384, 'Binz');
insert into "Cities"("Id", "RegionId", "Name") values (6553, 384, 'Boizenburg');
insert into "Cities"("Id", "RegionId", "Name") values (6554, 384, 'Brzow');
insert into "Cities"("Id", "RegionId", "Name") values (6555, 384, 'Demmin');
insert into "Cities"("Id", "RegionId", "Name") values (6556, 384, 'Eggesin');
insert into "Cities"("Id", "RegionId", "Name") values (6557, 384, 'Friedland');
insert into "Cities"("Id", "RegionId", "Name") values (6558, 384, 'Gadebusch');
insert into "Cities"("Id", "RegionId", "Name") values (6559, 384, 'Greifswald');
insert into "Cities"("Id", "RegionId", "Name") values (6560, 384, 'Grevesmhlen');
insert into "Cities"("Id", "RegionId", "Name") values (6561, 384, 'Gstrow');
insert into "Cities"("Id", "RegionId", "Name") values (6562, 384, 'Hagenow');
insert into "Cities"("Id", "RegionId", "Name") values (6563, 384, 'Hohen Sprenz');
insert into "Cities"("Id", "RegionId", "Name") values (6564, 384, 'Koblentz');
insert into "Cities"("Id", "RegionId", "Name") values (6565, 384, 'Krakow am See');
insert into "Cities"("Id", "RegionId", "Name") values (6566, 384, 'Lcknitz');
insert into "Cities"("Id", "RegionId", "Name") values (6567, 384, 'Lbz');
insert into "Cities"("Id", "RegionId", "Name") values (6568, 384, 'Ludwigslust');
insert into "Cities"("Id", "RegionId", "Name") values (6569, 384, 'Malchow');
insert into "Cities"("Id", "RegionId", "Name") values (6570, 384, 'Matgendorf');
insert into "Cities"("Id", "RegionId", "Name") values (6571, 384, 'Mnkebude');
insert into "Cities"("Id", "RegionId", "Name") values (6572, 384, 'Neu Gaarz');
insert into "Cities"("Id", "RegionId", "Name") values (6573, 384, 'Neubrandenburg');
insert into "Cities"("Id", "RegionId", "Name") values (6574, 384, 'Neustrelitz');
insert into "Cities"("Id", "RegionId", "Name") values (6575, 384, 'Parchim');
insert into "Cities"("Id", "RegionId", "Name") values (6576, 384, 'Reuterstadt Stavenhagen');
insert into "Cities"("Id", "RegionId", "Name") values (6577, 384, 'Ribnitz-Damgarten');
insert into "Cities"("Id", "RegionId", "Name") values (6578, 384, 'Ritzerow');
insert into "Cities"("Id", "RegionId", "Name") values (6579, 384, 'Rbel/Mritz');
insert into "Cities"("Id", "RegionId", "Name") values (6580, 384, 'Rostock');
insert into "Cities"("Id", "RegionId", "Name") values (6581, 384, 'Schnbeck');
insert into "Cities"("Id", "RegionId", "Name") values (6582, 384, 'Schnberg');
insert into "Cities"("Id", "RegionId", "Name") values (6583, 384, 'Schwerin');
insert into "Cities"("Id", "RegionId", "Name") values (6584, 384, 'Sponholz');
insert into "Cities"("Id", "RegionId", "Name") values (6585, 384, 'Stralsund');
insert into "Cities"("Id", "RegionId", "Name") values (6586, 384, 'Tessin');
insert into "Cities"("Id", "RegionId", "Name") values (6587, 384, 'Teterow');
insert into "Cities"("Id", "RegionId", "Name") values (6588, 384, 'Torgelow');
insert into "Cities"("Id", "RegionId", "Name") values (6589, 384, 'Waren (Mritz)');
insert into "Cities"("Id", "RegionId", "Name") values (6590, 384, 'Wilmshagen');
insert into "Cities"("Id", "RegionId", "Name") values (6591, 384, 'Wismar');
insert into "Cities"("Id", "RegionId", "Name") values (6592, 384, 'Wolgast');
insert into "Cities"("Id", "RegionId", "Name") values (6593, 384, 'Zarrendorf');
insert into "Cities"("Id", "RegionId", "Name") values (6594, 399, 'Aga Sotra');
insert into "Cities"("Id", "RegionId", "Name") values (6595, 399, 'Aga TIda');
insert into "Cities"("Id", "RegionId", "Name") values (6596, 399, 'Agrnio');
insert into "Cities"("Id", "RegionId", "Name") values (6597, 399, 'Aspropili');
insert into "Cities"("Id", "RegionId", "Name") values (6598, 399, 'Astako');
insert into "Cities"("Id", "RegionId", "Name") values (6599, 399, 'Avlki');
insert into "Cities"("Id", "RegionId", "Name") values (6600, 399, 'Nvpaktos');
insert into "Cities"("Id", "RegionId", "Name") values (6601, 399, 'Provan');
insert into "Regions"("Id", "CountryId", "Name") values (450, 60, 'Аджария');
insert into "Regions"("Id", "CountryId", "Name") values (451, 60, 'Грузия');
insert into "Cities"("Id", "RegionId", "Name") values (6602, 60, 'Андреаполь');
insert into "Cities"("Id", "RegionId", "Name") values (6603, 60, 'Бежецк');
insert into "Cities"("Id", "RegionId", "Name") values (6604, 60, 'Белый');
insert into "Cities"("Id", "RegionId", "Name") values (6605, 60, 'Белый Городок');
insert into "Cities"("Id", "RegionId", "Name") values (6606, 60, 'Березайка');
insert into "Cities"("Id", "RegionId", "Name") values (6607, 60, 'Бологое');
insert into "Cities"("Id", "RegionId", "Name") values (6608, 60, 'Васильевский Мох');
insert into "Cities"("Id", "RegionId", "Name") values (6609, 60, 'Весьегонск');
insert into "Cities"("Id", "RegionId", "Name") values (6610, 60, 'Выползово');
insert into "Cities"("Id", "RegionId", "Name") values (6611, 60, 'Вышний Волочек');
insert into "Cities"("Id", "RegionId", "Name") values (6612, 60, 'Жарковский');
insert into "Cities"("Id", "RegionId", "Name") values (6613, 60, 'Западная Двина');
insert into "Cities"("Id", "RegionId", "Name") values (6614, 60, 'Зубцов');
insert into "Cities"("Id", "RegionId", "Name") values (6615, 60, 'Изоплит');
insert into "Cities"("Id", "RegionId", "Name") values (6616, 60, 'Калашниково');
insert into "Cities"("Id", "RegionId", "Name") values (6617, 60, 'Калинин');
insert into "Cities"("Id", "RegionId", "Name") values (6618, 60, 'Калязин');
insert into "Cities"("Id", "RegionId", "Name") values (6619, 60, 'Кашин');
insert into "Cities"("Id", "RegionId", "Name") values (6620, 60, 'Кесова Гора');
insert into "Cities"("Id", "RegionId", "Name") values (6621, 60, 'Кимры');
insert into "Cities"("Id", "RegionId", "Name") values (6622, 60, 'Конаково');
insert into "Cities"("Id", "RegionId", "Name") values (6623, 60, 'Красный Холм');
insert into "Cities"("Id", "RegionId", "Name") values (6624, 60, 'Кувшиново');
insert into "Cities"("Id", "RegionId", "Name") values (6625, 60, 'Лесное');
insert into "Cities"("Id", "RegionId", "Name") values (6626, 60, 'Лихославль');
insert into "Cities"("Id", "RegionId", "Name") values (6627, 60, 'Максатиха');
insert into "Cities"("Id", "RegionId", "Name") values (6628, 60, 'Молоково');
insert into "Cities"("Id", "RegionId", "Name") values (6629, 60, 'Нелидово');
insert into "Cities"("Id", "RegionId", "Name") values (6630, 60, 'Оленино');
insert into "Cities"("Id", "RegionId", "Name") values (6631, 60, 'Осташков');
insert into "Cities"("Id", "RegionId", "Name") values (6632, 60, 'Пено');
insert into "Cities"("Id", "RegionId", "Name") values (6633, 60, 'Рамешки');
insert into "Cities"("Id", "RegionId", "Name") values (6634, 60, 'Ржев');
insert into "Cities"("Id", "RegionId", "Name") values (6635, 60, 'Сандово');
insert into "Cities"("Id", "RegionId", "Name") values (6636, 60, 'Селижарово');
insert into "Cities"("Id", "RegionId", "Name") values (6637, 60, 'Сонково');
insert into "Cities"("Id", "RegionId", "Name") values (6638, 60, 'Спирово');
insert into "Cities"("Id", "RegionId", "Name") values (6639, 60, 'Старица');
insert into "Cities"("Id", "RegionId", "Name") values (6640, 60, 'Тверь');
insert into "Cities"("Id", "RegionId", "Name") values (6641, 60, 'Торжок');
insert into "Cities"("Id", "RegionId", "Name") values (6642, 60, 'Торопец');
insert into "Cities"("Id", "RegionId", "Name") values (6643, 60, 'Удомля');
insert into "Cities"("Id", "RegionId", "Name") values (6644, 60, 'Фирово');
insert into "Cities"("Id", "RegionId", "Name") values (6645, 320, 'Ajka');
insert into "Cities"("Id", "RegionId", "Name") values (6646, 320, 'Balatonalmdi');
insert into "Cities"("Id", "RegionId", "Name") values (6647, 320, 'Balatonfred');
insert into "Cities"("Id", "RegionId", "Name") values (6648, 320, 'Szentkirlyszabadja');
insert into "Cities"("Id", "RegionId", "Name") values (6649, 320, 'Vrpalota');
insert into "Cities"("Id", "RegionId", "Name") values (6650, 320, 'Veszprm');
insert into "Cities"("Id", "RegionId", "Name") values (6651, 342, 'Rubio');
insert into "Cities"("Id", "RegionId", "Name") values (6652, 342, 'San Antonio del Tchira');
insert into "Cities"("Id", "RegionId", "Name") values (6653, 342, 'San Cristbal');
insert into "Cities"("Id", "RegionId", "Name") values (6654, 400, 'Aegion');
insert into "Cities"("Id", "RegionId", "Name") values (6655, 400, 'Aighion');
insert into "Cities"("Id", "RegionId", "Name") values (6656, 400, 'Agio');
insert into "Cities"("Id", "RegionId", "Name") values (6657, 400, 'Agion');
insert into "Cities"("Id", "RegionId", "Name") values (6658, 400, 'Ayion');
insert into "Cities"("Id", "RegionId", "Name") values (6659, 400, 'Egion');
insert into "Cities"("Id", "RegionId", "Name") values (6660, 400, 'Kalvrita');
insert into "Cities"("Id", "RegionId", "Name") values (6661, 400, 'Ptra');
insert into "Cities"("Id", "RegionId", "Name") values (6662, 400, 'Patras');
insert into "Cities"("Id", "RegionId", "Name") values (6663, 450, 'Батуми');
insert into "Cities"("Id", "RegionId", "Name") values (6664, 450, 'Кобулети');
insert into "Cities"("Id", "RegionId", "Name") values (6665, 450, 'Хуло');
insert into "Regions"("Id", "CountryId", "Name") values (452, 61, 'Arhus');
insert into "Regions"("Id", "CountryId", "Name") values (453, 61, 'Bornholm');
insert into "Regions"("Id", "CountryId", "Name") values (454, 61, 'Frederiksborg');
insert into "Regions"("Id", "CountryId", "Name") values (455, 61, 'Fyn');
insert into "Regions"("Id", "CountryId", "Name") values (456, 61, 'Kobenhavn');
insert into "Regions"("Id", "CountryId", "Name") values (457, 61, 'None');
insert into "Regions"("Id", "CountryId", "Name") values (458, 61, 'Nordjylland');
insert into "Regions"("Id", "CountryId", "Name") values (459, 61, 'Ribe');
insert into "Regions"("Id", "CountryId", "Name") values (460, 61, 'Ringkobing');
insert into "Regions"("Id", "CountryId", "Name") values (461, 61, 'Roskilde');
insert into "Regions"("Id", "CountryId", "Name") values (462, 61, 'Sonderjylland');
insert into "Regions"("Id", "CountryId", "Name") values (463, 61, 'Staden Kobenhavn');
insert into "Regions"("Id", "CountryId", "Name") values (464, 61, 'Storstrom');
insert into "Regions"("Id", "CountryId", "Name") values (465, 61, 'Vejle');
insert into "Regions"("Id", "CountryId", "Name") values (466, 61, 'Vestsjalland');
insert into "Regions"("Id", "CountryId", "Name") values (467, 61, 'Viborg');
insert into "Cities"("Id", "RegionId", "Name") values (6666, 61, 'Александровское (Томская обл.)');
insert into "Cities"("Id", "RegionId", "Name") values (6667, 61, 'Асино');
insert into "Cities"("Id", "RegionId", "Name") values (6668, 61, 'Бакчар');
insert into "Cities"("Id", "RegionId", "Name") values (6669, 61, 'Батурино');
insert into "Cities"("Id", "RegionId", "Name") values (6670, 61, 'Белый Яр');
insert into "Cities"("Id", "RegionId", "Name") values (6671, 61, 'Зырянское');
insert into "Cities"("Id", "RegionId", "Name") values (6672, 61, 'Итатка');
insert into "Cities"("Id", "RegionId", "Name") values (6673, 61, 'Каргасок');
insert into "Cities"("Id", "RegionId", "Name") values (6674, 61, 'Катайга');
insert into "Cities"("Id", "RegionId", "Name") values (6675, 61, 'Кожевниково');
insert into "Cities"("Id", "RegionId", "Name") values (6676, 61, 'Колпашево');
insert into "Cities"("Id", "RegionId", "Name") values (6677, 61, 'Кривошеино');
insert into "Cities"("Id", "RegionId", "Name") values (6678, 61, 'Мельниково');
insert into "Cities"("Id", "RegionId", "Name") values (6679, 61, 'Молчаново');
insert into "Cities"("Id", "RegionId", "Name") values (6680, 61, 'Парабель');
insert into "Cities"("Id", "RegionId", "Name") values (6681, 61, 'Первомайское');
insert into "Cities"("Id", "RegionId", "Name") values (6682, 61, 'Подгорное');
insert into "Cities"("Id", "RegionId", "Name") values (6683, 61, 'Северск');
insert into "Cities"("Id", "RegionId", "Name") values (6684, 61, 'Стрежевой');
insert into "Cities"("Id", "RegionId", "Name") values (6685, 61, 'Томск');
insert into "Cities"("Id", "RegionId", "Name") values (6686, 61, 'Тымск');
insert into "Cities"("Id", "RegionId", "Name") values (6687, 321, 'Zalaegerszeg');
insert into "Cities"("Id", "RegionId", "Name") values (6688, 343, 'Banco Bonito');
insert into "Cities"("Id", "RegionId", "Name") values (6689, 343, 'Cocorote');
insert into "Cities"("Id", "RegionId", "Name") values (6690, 343, 'San Felipe');
insert into "Cities"("Id", "RegionId", "Name") values (6691, 343, 'Tamboral');
insert into "Cities"("Id", "RegionId", "Name") values (6692, 386, 'Aachen');
insert into "Cities"("Id", "RegionId", "Name") values (6693, 386, 'Ahaus');
insert into "Cities"("Id", "RegionId", "Name") values (6694, 386, 'Ahlen');
insert into "Cities"("Id", "RegionId", "Name") values (6695, 386, 'Aldenhoven');
insert into "Cities"("Id", "RegionId", "Name") values (6696, 386, 'Alfter');
insert into "Cities"("Id", "RegionId", "Name") values (6697, 386, 'Alpen');
insert into "Cities"("Id", "RegionId", "Name") values (6698, 386, 'Alsdorf');
insert into "Cities"("Id", "RegionId", "Name") values (6699, 386, 'Altena');
insert into "Cities"("Id", "RegionId", "Name") values (6700, 386, 'Altenbeken');
insert into "Cities"("Id", "RegionId", "Name") values (6701, 386, 'Altenberge');
insert into "Cities"("Id", "RegionId", "Name") values (6702, 386, 'Anrchte');
insert into "Cities"("Id", "RegionId", "Name") values (6703, 386, 'Arnsberg');
insert into "Cities"("Id", "RegionId", "Name") values (6704, 386, 'Ascheberg');
insert into "Cities"("Id", "RegionId", "Name") values (6705, 386, 'Attendorn');
insert into "Cities"("Id", "RegionId", "Name") values (6706, 386, 'Augustdorf');
insert into "Cities"("Id", "RegionId", "Name") values (6707, 386, 'Bad Berleburg');
insert into "Cities"("Id", "RegionId", "Name") values (6708, 386, 'Bad Driburg');
insert into "Cities"("Id", "RegionId", "Name") values (6709, 386, 'Bad Honnef');
insert into "Cities"("Id", "RegionId", "Name") values (6710, 386, 'Bad Laasphe');
insert into "Cities"("Id", "RegionId", "Name") values (6711, 386, 'Bad Lippspringe');
insert into "Cities"("Id", "RegionId", "Name") values (6712, 386, 'Bad Mnstereifel');
insert into "Cities"("Id", "RegionId", "Name") values (6713, 386, 'Bad Oeynhausen');
insert into "Cities"("Id", "RegionId", "Name") values (6714, 386, 'Bad Salzuflen');
insert into "Cities"("Id", "RegionId", "Name") values (6715, 386, 'Bad Sassendorf');
insert into "Cities"("Id", "RegionId", "Name") values (6716, 386, 'Bad Wnnenberg');
insert into "Cities"("Id", "RegionId", "Name") values (6717, 386, 'Baesweiler');
insert into "Cities"("Id", "RegionId", "Name") values (6718, 386, 'Balve');
insert into "Cities"("Id", "RegionId", "Name") values (6719, 386, 'Barntrup');
insert into "Cities"("Id", "RegionId", "Name") values (6720, 386, 'Beckum');
insert into "Cities"("Id", "RegionId", "Name") values (6721, 386, 'Beelen');
insert into "Cities"("Id", "RegionId", "Name") values (6722, 386, 'Bergheim');
insert into "Cities"("Id", "RegionId", "Name") values (6723, 386, 'Bergisch Gladbach');
insert into "Cities"("Id", "RegionId", "Name") values (6724, 386, 'Bergkamen');
insert into "Cities"("Id", "RegionId", "Name") values (6725, 386, 'Bergneustadt');
insert into "Cities"("Id", "RegionId", "Name") values (6726, 386, 'Bestwig');
insert into "Cities"("Id", "RegionId", "Name") values (6727, 386, 'Beverungen');
insert into "Cities"("Id", "RegionId", "Name") values (6728, 386, 'Bielefeld');
insert into "Cities"("Id", "RegionId", "Name") values (6729, 386, 'Billerbeck');
insert into "Cities"("Id", "RegionId", "Name") values (6730, 386, 'Blomberg');
insert into "Cities"("Id", "RegionId", "Name") values (6731, 386, 'Bocholt');
insert into "Cities"("Id", "RegionId", "Name") values (6732, 386, 'Bochum');
insert into "Cities"("Id", "RegionId", "Name") values (6733, 386, 'Bnen');
insert into "Cities"("Id", "RegionId", "Name") values (6734, 386, 'Bonn');
insert into "Cities"("Id", "RegionId", "Name") values (6735, 386, 'Borchen');
insert into "Cities"("Id", "RegionId", "Name") values (6736, 386, 'Borgentreich');
insert into "Cities"("Id", "RegionId", "Name") values (6737, 386, 'Borgholzhausen');
insert into "Cities"("Id", "RegionId", "Name") values (6738, 386, 'Borken');
insert into "Cities"("Id", "RegionId", "Name") values (6739, 386, 'Bornheim');
insert into "Cities"("Id", "RegionId", "Name") values (6740, 386, 'Bottrop');
insert into "Cities"("Id", "RegionId", "Name") values (6741, 386, 'Brakel');
insert into "Cities"("Id", "RegionId", "Name") values (6742, 386, 'Breckerfeld');
insert into "Cities"("Id", "RegionId", "Name") values (6743, 386, 'Brilon');
insert into "Cities"("Id", "RegionId", "Name") values (6744, 386, 'Brggen');
insert into "Cities"("Id", "RegionId", "Name") values (6745, 386, 'Brhl');
insert into "Cities"("Id", "RegionId", "Name") values (6746, 386, 'Bnde');
insert into "Cities"("Id", "RegionId", "Name") values (6747, 386, 'Burbach');
insert into "Cities"("Id", "RegionId", "Name") values (6748, 386, 'Bren');
insert into "Cities"("Id", "RegionId", "Name") values (6749, 386, 'BurschId');
insert into "Cities"("Id", "RegionId", "Name") values (6750, 386, 'Castrop-Rauxel');
insert into "Cities"("Id", "RegionId", "Name") values (6751, 386, 'Coesfeld');
insert into "Cities"("Id", "RegionId", "Name") values (6752, 386, 'Datteln');
insert into "Cities"("Id", "RegionId", "Name") values (6753, 386, 'Delbrck');
insert into "Cities"("Id", "RegionId", "Name") values (6754, 386, 'Detmold');
insert into "Cities"("Id", "RegionId", "Name") values (6755, 386, 'Dinslaken');
insert into "Cities"("Id", "RegionId", "Name") values (6756, 386, 'Drentrup');
insert into "Cities"("Id", "RegionId", "Name") values (6757, 386, 'Dormagen');
insert into "Cities"("Id", "RegionId", "Name") values (6758, 386, 'Dorsten');
insert into "Cities"("Id", "RegionId", "Name") values (6759, 386, 'Dortmund');
insert into "Cities"("Id", "RegionId", "Name") values (6760, 386, 'Drensteinfurt');
insert into "Cities"("Id", "RegionId", "Name") values (6761, 386, 'Drolshagen');
insert into "Cities"("Id", "RegionId", "Name") values (6762, 386, 'Duisburg');
insert into "Cities"("Id", "RegionId", "Name") values (6763, 386, 'Dlmen');
insert into "Cities"("Id", "RegionId", "Name") values (6764, 386, 'Dren');
insert into "Cities"("Id", "RegionId", "Name") values (6765, 386, 'Dsseldorf');
insert into "Cities"("Id", "RegionId", "Name") values (6766, 386, 'Eitorf');
insert into "Cities"("Id", "RegionId", "Name") values (6767, 386, 'Elsdorf');
insert into "Cities"("Id", "RegionId", "Name") values (6768, 386, 'Emmerich');
insert into "Cities"("Id", "RegionId", "Name") values (6769, 386, 'Emsdetten');
insert into "Cities"("Id", "RegionId", "Name") values (6770, 386, 'Engelskirchen');
insert into "Cities"("Id", "RegionId", "Name") values (6771, 386, 'Enger');
insert into "Cities"("Id", "RegionId", "Name") values (6772, 386, 'Ennepetal');
insert into "Cities"("Id", "RegionId", "Name") values (6773, 386, 'Ennigerloh');
insert into "Cities"("Id", "RegionId", "Name") values (6774, 386, 'Erftstadt');
insert into "Cities"("Id", "RegionId", "Name") values (6775, 386, 'Erkelenz');
insert into "Cities"("Id", "RegionId", "Name") values (6776, 386, 'Erkrath');
insert into "Cities"("Id", "RegionId", "Name") values (6777, 386, 'Erwitte');
insert into "Cities"("Id", "RegionId", "Name") values (6778, 386, 'Eschweiler');
insert into "Cities"("Id", "RegionId", "Name") values (6779, 386, 'Espelkamp');
insert into "Cities"("Id", "RegionId", "Name") values (6780, 386, 'Essen');
insert into "Cities"("Id", "RegionId", "Name") values (6781, 386, 'Euskirchen');
insert into "Cities"("Id", "RegionId", "Name") values (6782, 386, 'Everswinkel');
insert into "Cities"("Id", "RegionId", "Name") values (6783, 386, 'Extertal');
insert into "Cities"("Id", "RegionId", "Name") values (6784, 386, 'Finnentrop');
insert into "Cities"("Id", "RegionId", "Name") values (6785, 386, 'Frechen');
insert into "Cities"("Id", "RegionId", "Name") values (6786, 386, 'Freudenberg');
insert into "Cities"("Id", "RegionId", "Name") values (6787, 386, 'Frndenberg');
insert into "Cities"("Id", "RegionId", "Name") values (6788, 386, 'Gangelt');
insert into "Cities"("Id", "RegionId", "Name") values (6789, 386, 'Geilenkirchen');
insert into "Cities"("Id", "RegionId", "Name") values (6790, 386, 'Geldern');
insert into "Cities"("Id", "RegionId", "Name") values (6791, 386, 'Gelsenkirchen');
insert into "Cities"("Id", "RegionId", "Name") values (6792, 386, 'Gescher');
insert into "Cities"("Id", "RegionId", "Name") values (6793, 386, 'Geseke');
insert into "Cities"("Id", "RegionId", "Name") values (6794, 386, 'Gevelsberg');
insert into "Cities"("Id", "RegionId", "Name") values (6795, 386, 'Gladbeck');
insert into "Cities"("Id", "RegionId", "Name") values (6796, 386, 'Goch');
insert into "Cities"("Id", "RegionId", "Name") values (6797, 386, 'Greven');
insert into "Cities"("Id", "RegionId", "Name") values (6798, 386, 'Grevenbroich');
insert into "Cities"("Id", "RegionId", "Name") values (6799, 386, 'Gronau (Westfalen)');
insert into "Cities"("Id", "RegionId", "Name") values (6800, 386, 'Gummersbach');
insert into "Cities"("Id", "RegionId", "Name") values (6801, 386, 'Gtersloh');
insert into "Cities"("Id", "RegionId", "Name") values (6802, 386, 'Haan');
insert into "Cities"("Id", "RegionId", "Name") values (6803, 386, 'Hagen');
insert into "Cities"("Id", "RegionId", "Name") values (6804, 386, 'Halle');
insert into "Cities"("Id", "RegionId", "Name") values (6805, 386, 'Haltern am See');
insert into "Cities"("Id", "RegionId", "Name") values (6806, 386, 'Halver');
insert into "Cities"("Id", "RegionId", "Name") values (6807, 386, 'Hamm');
insert into "Cities"("Id", "RegionId", "Name") values (6808, 386, 'Hamminkeln');
insert into "Cities"("Id", "RegionId", "Name") values (6809, 386, 'Harsewinkel');
insert into "Cities"("Id", "RegionId", "Name") values (6810, 386, 'Hattingen');
insert into "Cities"("Id", "RegionId", "Name") values (6811, 386, 'Havixbeck');
insert into "Cities"("Id", "RegionId", "Name") values (6812, 386, 'HIden');
insert into "Cities"("Id", "RegionId", "Name") values (6813, 386, 'Heiligenhaus');
insert into "Cities"("Id", "RegionId", "Name") values (6814, 386, 'Heimbach');
insert into "Cities"("Id", "RegionId", "Name") values (6815, 386, 'Heinsberg');
insert into "Cities"("Id", "RegionId", "Name") values (6816, 386, 'Hemer');
insert into "Cities"("Id", "RegionId", "Name") values (6817, 386, 'Hennef');
insert into "Cities"("Id", "RegionId", "Name") values (6818, 386, 'Herdecke');
insert into "Cities"("Id", "RegionId", "Name") values (6819, 386, 'Herford');
insert into "Cities"("Id", "RegionId", "Name") values (6820, 386, 'Herne');
insert into "Cities"("Id", "RegionId", "Name") values (6821, 386, 'HerschId');
insert into "Cities"("Id", "RegionId", "Name") values (6822, 386, 'Herten');
insert into "Cities"("Id", "RegionId", "Name") values (6823, 386, 'Herzebrock-Clarholz');
insert into "Cities"("Id", "RegionId", "Name") values (6824, 386, 'Herzogenrath');
insert into "Cities"("Id", "RegionId", "Name") values (6825, 386, 'Iddenhausen');
insert into "Cities"("Id", "RegionId", "Name") values (6826, 386, 'Hilden');
insert into "Cities"("Id", "RegionId", "Name") values (6827, 386, 'Hille');
insert into "Cities"("Id", "RegionId", "Name") values (6828, 386, 'Holzwickede');
insert into "Cities"("Id", "RegionId", "Name") values (6829, 386, 'Hopsten');
insert into "Cities"("Id", "RegionId", "Name") values (6830, 386, 'Horn-Bad Meinberg');
insert into "Cities"("Id", "RegionId", "Name") values (6831, 386, 'Hrstel');
insert into "Cities"("Id", "RegionId", "Name") values (6832, 386, 'Hvelhof');
insert into "Cities"("Id", "RegionId", "Name") values (6833, 386, 'Hxter');
insert into "Cities"("Id", "RegionId", "Name") values (6834, 386, 'Hckelhoven');
insert into "Cities"("Id", "RegionId", "Name") values (6835, 386, 'Hckeswagen');
insert into "Cities"("Id", "RegionId", "Name") values (6836, 386, 'Hllhorst');
insert into "Cities"("Id", "RegionId", "Name") values (6837, 386, 'Hrth');
insert into "Cities"("Id", "RegionId", "Name") values (6838, 386, 'Ibbenbren');
insert into "Cities"("Id", "RegionId", "Name") values (6839, 386, 'Iserlohn');
insert into "Cities"("Id", "RegionId", "Name") values (6840, 386, 'Jchen');
insert into "Cities"("Id", "RegionId", "Name") values (6841, 386, 'Jlich');
insert into "Cities"("Id", "RegionId", "Name") values (6842, 386, 'Kaarst');
insert into "Cities"("Id", "RegionId", "Name") values (6843, 386, 'Kalkar');
insert into "Cities"("Id", "RegionId", "Name") values (6844, 386, 'Kall');
insert into "Cities"("Id", "RegionId", "Name") values (6845, 386, 'Kalletal');
insert into "Cities"("Id", "RegionId", "Name") values (6846, 386, 'Kamen');
insert into "Cities"("Id", "RegionId", "Name") values (6847, 386, 'Kamp-Lintfort');
insert into "Cities"("Id", "RegionId", "Name") values (6848, 386, 'Kempen');
insert into "Cities"("Id", "RegionId", "Name") values (6849, 386, 'Kerpen');
insert into "Cities"("Id", "RegionId", "Name") values (6850, 386, 'Kevelaer');
insert into "Cities"("Id", "RegionId", "Name") values (6851, 386, 'Kierspe');
insert into "Cities"("Id", "RegionId", "Name") values (6852, 386, 'Kirchlengern');
insert into "Cities"("Id", "RegionId", "Name") values (6853, 386, 'Kleve');
insert into "Cities"("Id", "RegionId", "Name") values (6854, 386, 'Kln');
insert into "Cities"("Id", "RegionId", "Name") values (6855, 386, 'Knigswinter');
insert into "Cities"("Id", "RegionId", "Name") values (6856, 386, 'Korschenbroich');
insert into "Cities"("Id", "RegionId", "Name") values (6857, 386, 'Krefeld');
insert into "Cities"("Id", "RegionId", "Name") values (6858, 386, 'Kreuztal');
insert into "Cities"("Id", "RegionId", "Name") values (6859, 386, 'Ladbergen');
insert into "Cities"("Id", "RegionId", "Name") values (6860, 386, 'Lage');
insert into "Cities"("Id", "RegionId", "Name") values (6861, 386, 'Langenberg');
insert into "Cities"("Id", "RegionId", "Name") values (6862, 386, 'Langenfeld');
insert into "Cities"("Id", "RegionId", "Name") values (6863, 386, 'Langerwehe');
insert into "Cities"("Id", "RegionId", "Name") values (6864, 386, 'Legden');
insert into "Cities"("Id", "RegionId", "Name") values (6865, 386, 'Leichlingen');
insert into "Cities"("Id", "RegionId", "Name") values (6866, 386, 'Lemgo');
insert into "Cities"("Id", "RegionId", "Name") values (6867, 386, 'Lengerich');
insert into "Cities"("Id", "RegionId", "Name") values (6868, 386, 'Lennestadt');
insert into "Cities"("Id", "RegionId", "Name") values (6869, 386, 'Leopoldshhe');
insert into "Cities"("Id", "RegionId", "Name") values (6870, 386, 'Leverkusen');
insert into "Cities"("Id", "RegionId", "Name") values (6871, 386, 'Lienen');
insert into "Cities"("Id", "RegionId", "Name") values (6872, 386, 'Lindlar');
insert into "Cities"("Id", "RegionId", "Name") values (6873, 386, 'Linnich');
insert into "Cities"("Id", "RegionId", "Name") values (6874, 386, 'Lippetal');
insert into "Cities"("Id", "RegionId", "Name") values (6875, 386, 'Lippstadt');
insert into "Cities"("Id", "RegionId", "Name") values (6876, 386, 'Lohmar');
insert into "Cities"("Id", "RegionId", "Name") values (6877, 386, 'Lhne');
insert into "Cities"("Id", "RegionId", "Name") values (6878, 386, 'Lotte');
insert into "Cities"("Id", "RegionId", "Name") values (6879, 386, 'Lbbecke');
insert into "Cities"("Id", "RegionId", "Name") values (6880, 386, 'LdenschId');
insert into "Cities"("Id", "RegionId", "Name") values (6881, 386, 'Ldinghausen');
insert into "Cities"("Id", "RegionId", "Name") values (6882, 386, 'Lgde');
insert into "Cities"("Id", "RegionId", "Name") values (6883, 386, 'Lnen');
insert into "Cities"("Id", "RegionId", "Name") values (6884, 386, 'MarienhIde');
insert into "Cities"("Id", "RegionId", "Name") values (6885, 386, 'Marienmnster');
insert into "Cities"("Id", "RegionId", "Name") values (6886, 386, 'Marl');
insert into "Cities"("Id", "RegionId", "Name") values (6887, 386, 'Marsberg');
insert into "Cities"("Id", "RegionId", "Name") values (6888, 386, 'Mechernich');
insert into "Cities"("Id", "RegionId", "Name") values (6889, 386, 'Meckenheim');
insert into "Cities"("Id", "RegionId", "Name") values (6890, 386, 'Medebach');
insert into "Cities"("Id", "RegionId", "Name") values (6891, 386, 'Meerbusch');
insert into "Cities"("Id", "RegionId", "Name") values (6892, 386, 'Meinerzhagen');
insert into "Cities"("Id", "RegionId", "Name") values (6893, 386, 'Menden');
insert into "Cities"("Id", "RegionId", "Name") values (6894, 386, 'Meschede');
insert into "Cities"("Id", "RegionId", "Name") values (6895, 386, 'Mettingen');
insert into "Cities"("Id", "RegionId", "Name") values (6896, 386, 'Mettmann');
insert into "Cities"("Id", "RegionId", "Name") values (6897, 386, 'Minden');
insert into "Cities"("Id", "RegionId", "Name") values (6898, 386, 'Moers');
insert into "Cities"("Id", "RegionId", "Name") values (6899, 386, 'Mhnesee');
insert into "Cities"("Id", "RegionId", "Name") values (6900, 386, 'Mnchengladbach');
insert into "Cities"("Id", "RegionId", "Name") values (6901, 386, 'Monheim am Rhein');
insert into "Cities"("Id", "RegionId", "Name") values (6902, 386, 'Morsbach');
insert into "Cities"("Id", "RegionId", "Name") values (6903, 386, 'Much');
insert into "Cities"("Id", "RegionId", "Name") values (6904, 386, 'Mlheim an der Ruhr');
insert into "Cities"("Id", "RegionId", "Name") values (6905, 386, 'Mnster');
insert into "Cities"("Id", "RegionId", "Name") values (6906, 386, 'Netphen');
insert into "Cities"("Id", "RegionId", "Name") values (6907, 386, 'Nettetal');
insert into "Cities"("Id", "RegionId", "Name") values (6908, 386, 'Neuenkirchen');
insert into "Cities"("Id", "RegionId", "Name") values (6909, 386, 'Neuenrade');
insert into "Cities"("Id", "RegionId", "Name") values (6910, 386, 'Neukirchen-Vluyn');
insert into "Cities"("Id", "RegionId", "Name") values (6911, 386, 'Neunkirchen');
insert into "Cities"("Id", "RegionId", "Name") values (6912, 386, 'Neunkirchen-SeelschId');
insert into "Cities"("Id", "RegionId", "Name") values (6913, 386, 'Neuss');
insert into "Cities"("Id", "RegionId", "Name") values (6914, 386, 'Ideggen');
insert into "Cities"("Id", "RegionId", "Name") values (6915, 386, 'Niederkassel');
insert into "Cities"("Id", "RegionId", "Name") values (6916, 386, 'Niederkrchten');
insert into "Cities"("Id", "RegionId", "Name") values (6917, 386, 'Nieheim');
insert into "Cities"("Id", "RegionId", "Name") values (6918, 386, 'Nordwalde');
insert into "Cities"("Id", "RegionId", "Name") values (6919, 386, 'Nmbrecht');
insert into "Cities"("Id", "RegionId", "Name") values (6920, 386, 'Oberhausen');
insert into "Cities"("Id", "RegionId", "Name") values (6921, 386, 'Ochtrup');
insert into "Cities"("Id", "RegionId", "Name") values (6922, 386, 'Oelde');
insert into "Cities"("Id", "RegionId", "Name") values (6923, 386, 'Oer-Erkenschwick');
insert into "Cities"("Id", "RegionId", "Name") values (6924, 386, 'Oerlinghausen');
insert into "Cities"("Id", "RegionId", "Name") values (6925, 386, 'Olfen');
insert into "Cities"("Id", "RegionId", "Name") values (6926, 386, 'Olpe');
insert into "Cities"("Id", "RegionId", "Name") values (6927, 386, 'Olsberg');
insert into "Cities"("Id", "RegionId", "Name") values (6928, 386, 'Ostbevern');
insert into "Cities"("Id", "RegionId", "Name") values (6929, 386, 'Overath');
insert into "Cities"("Id", "RegionId", "Name") values (6930, 386, 'Paderborn');
insert into "Cities"("Id", "RegionId", "Name") values (6931, 386, 'Petershagen');
insert into "Cities"("Id", "RegionId", "Name") values (6932, 386, 'Plettenberg');
insert into "Cities"("Id", "RegionId", "Name") values (6933, 386, 'Porta Westfalica');
insert into "Cities"("Id", "RegionId", "Name") values (6934, 386, 'Preuisch Oldendorf');
insert into "Cities"("Id", "RegionId", "Name") values (6935, 386, 'Pulheim');
insert into "Cities"("Id", "RegionId", "Name") values (6936, 386, 'Radevormwald');
insert into "Cities"("Id", "RegionId", "Name") values (6937, 386, 'Rahden');
insert into "Cities"("Id", "RegionId", "Name") values (6938, 386, 'Ratingen');
insert into "Cities"("Id", "RegionId", "Name") values (6939, 386, 'Recke');
insert into "Cities"("Id", "RegionId", "Name") values (6940, 386, 'Recklinghausen');
insert into "Cities"("Id", "RegionId", "Name") values (6941, 386, 'Rees');
insert into "Cities"("Id", "RegionId", "Name") values (6942, 386, 'Reichshof');
insert into "Cities"("Id", "RegionId", "Name") values (6943, 386, 'RemschId');
insert into "Cities"("Id", "RegionId", "Name") values (6944, 386, 'Rheda-Wiedenbrck');
insert into "Cities"("Id", "RegionId", "Name") values (6945, 386, 'Rhede');
insert into "Cities"("Id", "RegionId", "Name") values (6946, 386, 'Rheinbach');
insert into "Cities"("Id", "RegionId", "Name") values (6947, 386, 'Rheinberg');
insert into "Cities"("Id", "RegionId", "Name") values (6948, 386, 'Rheine');
insert into "Cities"("Id", "RegionId", "Name") values (6949, 386, 'Rietberg');
insert into "Cities"("Id", "RegionId", "Name") values (6950, 386, 'Rdinghausen');
insert into "Cities"("Id", "RegionId", "Name") values (6951, 386, 'Rosendahl');
insert into "Cities"("Id", "RegionId", "Name") values (6952, 386, 'Rsrath');
insert into "Cities"("Id", "RegionId", "Name") values (6953, 386, 'Ruppichteroth');
insert into "Cities"("Id", "RegionId", "Name") values (6954, 386, 'Rthen');
insert into "Cities"("Id", "RegionId", "Name") values (6955, 386, 'Saerbeck');
insert into "Cities"("Id", "RegionId", "Name") values (6956, 386, 'Salzkotten');
insert into "Cities"("Id", "RegionId", "Name") values (6957, 386, 'Sankt Augustin');
insert into "Cities"("Id", "RegionId", "Name") values (6958, 386, 'Sassenberg');
insert into "Cities"("Id", "RegionId", "Name") values (6959, 386, 'Schalksmhle');
insert into "Cities"("Id", "RegionId", "Name") values (6960, 386, 'Schieder-Schwalenberg');
insert into "Cities"("Id", "RegionId", "Name") values (6961, 386, 'Schlangen');
insert into "Cities"("Id", "RegionId", "Name") values (6962, 386, 'Schlo Holte-Stukenbrock');
insert into "Cities"("Id", "RegionId", "Name") values (6963, 386, 'Schmallenberg');
insert into "Cities"("Id", "RegionId", "Name") values (6964, 386, 'Schwelm');
insert into "Cities"("Id", "RegionId", "Name") values (6965, 386, 'Schwerte');
insert into "Cities"("Id", "RegionId", "Name") values (6966, 386, 'Selfkant');
insert into "Cities"("Id", "RegionId", "Name") values (6967, 386, 'Selm');
insert into "Cities"("Id", "RegionId", "Name") values (6968, 386, 'Senden');
insert into "Cities"("Id", "RegionId", "Name") values (6969, 386, 'Sendenhorst');
insert into "Cities"("Id", "RegionId", "Name") values (6970, 386, 'Siegburg');
insert into "Cities"("Id", "RegionId", "Name") values (6971, 386, 'Siegen');
insert into "Cities"("Id", "RegionId", "Name") values (6972, 386, 'Simmerath');
insert into "Cities"("Id", "RegionId", "Name") values (6973, 386, 'Soest');
insert into "Cities"("Id", "RegionId", "Name") values (6974, 386, 'Solingen');
insert into "Cities"("Id", "RegionId", "Name") values (6975, 386, 'Spenge');
insert into "Cities"("Id", "RegionId", "Name") values (6976, 386, 'Sprockhvel');
insert into "Cities"("Id", "RegionId", "Name") values (6977, 386, 'Stadtlohn');
insert into "Cities"("Id", "RegionId", "Name") values (6978, 386, 'Steinfurt');
insert into "Cities"("Id", "RegionId", "Name") values (6979, 386, 'Steinhagen');
insert into "Cities"("Id", "RegionId", "Name") values (6980, 386, 'Steinheim');
insert into "Cities"("Id", "RegionId", "Name") values (6981, 386, 'Stemwede');
insert into "Cities"("Id", "RegionId", "Name") values (6982, 386, 'Stolberg (Rheinland)');
insert into "Cities"("Id", "RegionId", "Name") values (6983, 386, 'Straelen');
insert into "Cities"("Id", "RegionId", "Name") values (6984, 386, 'Sundern');
insert into "Cities"("Id", "RegionId", "Name") values (6985, 386, 'Telgte');
insert into "Cities"("Id", "RegionId", "Name") values (6986, 386, 'Tnisvorst');
insert into "Cities"("Id", "RegionId", "Name") values (6987, 386, 'Troisdorf');
insert into "Cities"("Id", "RegionId", "Name") values (6988, 386, 'bach-Palenberg');
insert into "Cities"("Id", "RegionId", "Name") values (6989, 386, 'Uedem');
insert into "Cities"("Id", "RegionId", "Name") values (6990, 386, 'Unna');
insert into "Cities"("Id", "RegionId", "Name") values (6991, 386, 'Velbert');
insert into "Cities"("Id", "RegionId", "Name") values (6992, 386, 'Verl');
insert into "Cities"("Id", "RegionId", "Name") values (6993, 386, 'Versmold');
insert into "Cities"("Id", "RegionId", "Name") values (6994, 386, 'Viersen');
insert into "Cities"("Id", "RegionId", "Name") values (6995, 386, 'Vlotho');
insert into "Cities"("Id", "RegionId", "Name") values (6996, 386, 'Voerde');
insert into "Cities"("Id", "RegionId", "Name") values (6997, 386, 'Vreden');
insert into "Cities"("Id", "RegionId", "Name") values (6998, 386, 'Waldbrl');
insert into "Cities"("Id", "RegionId", "Name") values (6999, 386, 'Waldfeucht');
insert into "Cities"("Id", "RegionId", "Name") values (7000, 386, 'Waltrop');
insert into "Cities"("Id", "RegionId", "Name") values (7001, 386, 'Warburg');
insert into "Cities"("Id", "RegionId", "Name") values (7002, 386, 'Warendorf');
insert into "Cities"("Id", "RegionId", "Name") values (7003, 386, 'Warstein');
insert into "Cities"("Id", "RegionId", "Name") values (7004, 386, 'Wassenberg');
insert into "Cities"("Id", "RegionId", "Name") values (7005, 386, 'Weeze');
insert into "Cities"("Id", "RegionId", "Name") values (7006, 386, 'Wegberg');
insert into "Cities"("Id", "RegionId", "Name") values (7007, 386, 'Weilerswist');
insert into "Cities"("Id", "RegionId", "Name") values (7008, 386, 'Werdohl');
insert into "Cities"("Id", "RegionId", "Name") values (7009, 386, 'Werl');
insert into "Cities"("Id", "RegionId", "Name") values (7010, 386, 'Wermelskirchen');
insert into "Cities"("Id", "RegionId", "Name") values (7011, 386, 'Werne');
insert into "Cities"("Id", "RegionId", "Name") values (7012, 386, 'Wesel');
insert into "Cities"("Id", "RegionId", "Name") values (7013, 386, 'Wesseling');
insert into "Cities"("Id", "RegionId", "Name") values (7014, 386, 'Westerkappeln');
insert into "Cities"("Id", "RegionId", "Name") values (7015, 386, 'Wetter (Ruhr)');
insert into "Cities"("Id", "RegionId", "Name") values (7016, 386, 'Wettringen');
insert into "Cities"("Id", "RegionId", "Name") values (7017, 386, 'Wickede');
insert into "Cities"("Id", "RegionId", "Name") values (7018, 386, 'Wiehl');
insert into "Cities"("Id", "RegionId", "Name") values (7019, 386, 'Willebadessen');
insert into "Cities"("Id", "RegionId", "Name") values (7020, 386, 'Willich');
insert into "Cities"("Id", "RegionId", "Name") values (7021, 386, 'Wilnsdorf');
insert into "Cities"("Id", "RegionId", "Name") values (7022, 386, 'Winterberg');
insert into "Cities"("Id", "RegionId", "Name") values (7023, 386, 'Wipperfrth');
insert into "Cities"("Id", "RegionId", "Name") values (7024, 386, 'Witten');
insert into "Cities"("Id", "RegionId", "Name") values (7025, 386, 'Wlfrath');
insert into "Cities"("Id", "RegionId", "Name") values (7026, 386, 'Wuppertal');
insert into "Cities"("Id", "RegionId", "Name") values (7027, 386, 'Wrselen');
insert into "Cities"("Id", "RegionId", "Name") values (7028, 386, 'Xanten');
insert into "Cities"("Id", "RegionId", "Name") values (7029, 386, 'Zlpich');
insert into "Cities"("Id", "RegionId", "Name") values (7030, 401, 'rgos');
insert into "Cities"("Id", "RegionId", "Name") values (7031, 401, 'Ermini');
insert into "Cities"("Id", "RegionId", "Name") values (7032, 401, 'Krandi');
insert into "Cities"("Id", "RegionId", "Name") values (7033, 401, 'Nfplio');
insert into "Cities"("Id", "RegionId", "Name") values (7034, 401, 'Nfplion');
insert into "Cities"("Id", "RegionId", "Name") values (7035, 401, 'Nauplion');
insert into "Cities"("Id", "RegionId", "Name") values (7036, 401, 'Nvplio');
insert into "Cities"("Id", "RegionId", "Name") values (7037, 401, 'Nvplion');
insert into "Cities"("Id", "RegionId", "Name") values (7038, 401, 'Prto-Khli');
insert into "Cities"("Id", "RegionId", "Name") values (7039, 451, 'Абастумани');
insert into "Cities"("Id", "RegionId", "Name") values (7040, 451, 'Абаша');
insert into "Cities"("Id", "RegionId", "Name") values (7041, 451, 'Агара');
insert into "Cities"("Id", "RegionId", "Name") values (7042, 451, 'Амбролаури');
insert into "Cities"("Id", "RegionId", "Name") values (7043, 451, 'Аспиндза');
insert into "Cities"("Id", "RegionId", "Name") values (7044, 451, 'Ахалкалаки');
insert into "Cities"("Id", "RegionId", "Name") values (7045, 451, 'Ахалцихе');
insert into "Cities"("Id", "RegionId", "Name") values (7046, 451, 'Ахмета');
insert into "Cities"("Id", "RegionId", "Name") values (7047, 451, 'Бакуриани');
insert into "Cities"("Id", "RegionId", "Name") values (7048, 451, 'Богдановка');
insert into "Cities"("Id", "RegionId", "Name") values (7049, 451, 'Болниси');
insert into "Cities"("Id", "RegionId", "Name") values (7050, 451, 'Боржоми');
insert into "Cities"("Id", "RegionId", "Name") values (7051, 451, 'Вани');
insert into "Cities"("Id", "RegionId", "Name") values (7052, 451, 'Гардабани');
insert into "Cities"("Id", "RegionId", "Name") values (7053, 451, 'Гегечкори');
insert into "Cities"("Id", "RegionId", "Name") values (7054, 451, 'Гори');
insert into "Cities"("Id", "RegionId", "Name") values (7055, 451, 'Гурджаани');
insert into "Cities"("Id", "RegionId", "Name") values (7056, 451, 'Джвари');
insert into "Cities"("Id", "RegionId", "Name") values (7057, 451, 'Дманиси');
insert into "Cities"("Id", "RegionId", "Name") values (7058, 451, 'Душети');
insert into "Cities"("Id", "RegionId", "Name") values (7059, 451, 'Зестафони');
insert into "Cities"("Id", "RegionId", "Name") values (7060, 451, 'Зугдиди');
insert into "Cities"("Id", "RegionId", "Name") values (7061, 451, 'Казбеги');
insert into "Cities"("Id", "RegionId", "Name") values (7062, 451, 'Карели');
insert into "Cities"("Id", "RegionId", "Name") values (7063, 451, 'Каспи');
insert into "Cities"("Id", "RegionId", "Name") values (7064, 451, 'Кваиси');
insert into "Cities"("Id", "RegionId", "Name") values (7065, 451, 'Кварели');
insert into "Cities"("Id", "RegionId", "Name") values (7066, 451, 'Коджори');
insert into "Cities"("Id", "RegionId", "Name") values (7067, 451, 'Кутаиси');
insert into "Cities"("Id", "RegionId", "Name") values (7068, 451, 'Лагодехи');
insert into "Cities"("Id", "RegionId", "Name") values (7069, 451, 'Ланчхути');
insert into "Cities"("Id", "RegionId", "Name") values (7070, 451, 'Ленингори');
insert into "Cities"("Id", "RegionId", "Name") values (7071, 451, 'Лентехи');
insert into "Cities"("Id", "RegionId", "Name") values (7072, 451, 'Марнеули');
insert into "Cities"("Id", "RegionId", "Name") values (7073, 451, 'Махарадзе');
insert into "Cities"("Id", "RegionId", "Name") values (7074, 451, 'Маяковский');
insert into "Cities"("Id", "RegionId", "Name") values (7075, 451, 'Местиа');
insert into "Cities"("Id", "RegionId", "Name") values (7076, 451, 'Они');
insert into "Cities"("Id", "RegionId", "Name") values (7077, 451, 'Орджоникидзе');
insert into "Cities"("Id", "RegionId", "Name") values (7078, 451, 'Поти');
insert into "Cities"("Id", "RegionId", "Name") values (7079, 451, 'Рустави');
insert into "Cities"("Id", "RegionId", "Name") values (7080, 451, 'Сагареджо');
insert into "Cities"("Id", "RegionId", "Name") values (7081, 451, 'Самтредиа');
insert into "Cities"("Id", "RegionId", "Name") values (7082, 451, 'Сачхере');
insert into "Cities"("Id", "RegionId", "Name") values (7083, 451, 'Сигнахи');
insert into "Cities"("Id", "RegionId", "Name") values (7084, 451, 'Тбилиси');
insert into "Cities"("Id", "RegionId", "Name") values (7085, 451, 'Телави');
insert into "Cities"("Id", "RegionId", "Name") values (7086, 451, 'Тержола');
insert into "Cities"("Id", "RegionId", "Name") values (7087, 451, 'Тетри-Цкаро');
insert into "Cities"("Id", "RegionId", "Name") values (7088, 451, 'Тианети');
insert into "Cities"("Id", "RegionId", "Name") values (7089, 451, 'Ткибули');
insert into "Cities"("Id", "RegionId", "Name") values (7090, 451, 'Хашури');
insert into "Cities"("Id", "RegionId", "Name") values (7091, 451, 'Хоби');
insert into "Cities"("Id", "RegionId", "Name") values (7092, 451, 'Цагери');
insert into "Cities"("Id", "RegionId", "Name") values (7093, 451, 'Цаленджиха');
insert into "Cities"("Id", "RegionId", "Name") values (7094, 451, 'Цалка');
insert into "Cities"("Id", "RegionId", "Name") values (7095, 451, 'Цители-Цкаро');
insert into "Cities"("Id", "RegionId", "Name") values (7096, 451, 'Цнори');
insert into "Cities"("Id", "RegionId", "Name") values (7097, 451, 'Цхакая');
insert into "Cities"("Id", "RegionId", "Name") values (7098, 451, 'Цхалтубо');
insert into "Cities"("Id", "RegionId", "Name") values (7099, 451, 'Чиатура');
insert into "Cities"("Id", "RegionId", "Name") values (7100, 451, 'Чохатаури');
insert into "Cities"("Id", "RegionId", "Name") values (7101, 451, 'Чхороцку');
insert into "Cities"("Id", "RegionId", "Name") values (7102, 452, 'Aabo');
insert into "Cities"("Id", "RegionId", "Name") values (7103, 452, 'Aaby');
insert into "Cities"("Id", "RegionId", "Name") values (7104, 452, 'Aalum');
insert into "Cities"("Id", "RegionId", "Name") values (7105, 452, 'Aarhus');
insert into "Cities"("Id", "RegionId", "Name") values (7106, 452, 'Adslev');
insert into "Cities"("Id", "RegionId", "Name") values (7107, 452, 'Albge');
insert into "Cities"("Id", "RegionId", "Name") values (7108, 452, 'Alling');
insert into "Cities"("Id", "RegionId", "Name") values (7109, 452, 'rhus');
insert into "Cities"("Id", "RegionId", "Name") values (7110, 452, 'Auning');
insert into "Cities"("Id", "RegionId", "Name") values (7111, 452, 'Brabrand');
insert into "Cities"("Id", "RegionId", "Name") values (7112, 452, 'Ebeltoft');
insert into "Cities"("Id", "RegionId", "Name") values (7113, 452, 'Gram');
insert into "Cities"("Id", "RegionId", "Name") values (7114, 452, 'Gren');
insert into "Cities"("Id", "RegionId", "Name") values (7115, 452, 'Grenaa');
insert into "Cities"("Id", "RegionId", "Name") values (7116, 452, 'Gylling');
insert into "Cities"("Id", "RegionId", "Name") values (7117, 452, 'Hadsten');
insert into "Cities"("Id", "RegionId", "Name") values (7118, 452, 'Krajbjrg');
insert into "Cities"("Id", "RegionId", "Name") values (7119, 452, 'Lang');
insert into "Cities"("Id", "RegionId", "Name") values (7120, 452, 'Nimtofte');
insert into "Cities"("Id", "RegionId", "Name") values (7121, 452, 'Norup');
insert into "Cities"("Id", "RegionId", "Name") values (7122, 452, 'Nrbk');
insert into "Cities"("Id", "RegionId", "Name") values (7123, 452, 'Odder');
insert into "Cities"("Id", "RegionId", "Name") values (7124, 452, 'rsted');
insert into "Cities"("Id", "RegionId", "Name") values (7125, 452, 'Randers');
insert into "Cities"("Id", "RegionId", "Name") values (7126, 452, 'Risskov');
insert into "Cities"("Id", "RegionId", "Name") values (7127, 452, 'Rnde');
insert into "Cities"("Id", "RegionId", "Name") values (7128, 452, 'Rye');
insert into "Cities"("Id", "RegionId", "Name") values (7129, 452, 'Silkeborg');
insert into "Cities"("Id", "RegionId", "Name") values (7130, 452, 'Skanderborg');
insert into "Cities"("Id", "RegionId", "Name") values (7131, 452, 'Thors');
insert into "Cities"("Id", "RegionId", "Name") values (7132, 452, 'Ulstrup');
insert into "Regions"("Id", "CountryId", "Name") values (468, 62, 'Сент-Элье');
insert into "Cities"("Id", "RegionId", "Name") values (7133, 62, 'Ак-Довурак');
insert into "Cities"("Id", "RegionId", "Name") values (7134, 62, 'Бай Хаак');
insert into "Cities"("Id", "RegionId", "Name") values (7135, 62, 'Кызыл');
insert into "Cities"("Id", "RegionId", "Name") values (7136, 62, 'Самагалтай');
insert into "Cities"("Id", "RegionId", "Name") values (7137, 62, 'Сарыг-Сеп');
insert into "Cities"("Id", "RegionId", "Name") values (7138, 62, 'Суть-Холь');
insert into "Cities"("Id", "RegionId", "Name") values (7139, 62, 'Тоора-Хем');
insert into "Cities"("Id", "RegionId", "Name") values (7140, 62, 'Туран');
insert into "Cities"("Id", "RegionId", "Name") values (7141, 62, 'Тээли');
insert into "Cities"("Id", "RegionId", "Name") values (7142, 62, 'Хову-Аксы');
insert into "Cities"("Id", "RegionId", "Name") values (7143, 62, 'Чадан');
insert into "Cities"("Id", "RegionId", "Name") values (7144, 62, 'Шагонар');
insert into "Cities"("Id", "RegionId", "Name") values (7145, 62, 'Эрзин');
insert into "Cities"("Id", "RegionId", "Name") values (7146, 344, 'Cabimas');
insert into "Cities"("Id", "RegionId", "Name") values (7147, 344, 'Ciudad Ojeda');
insert into "Cities"("Id", "RegionId", "Name") values (7148, 344, 'Fundo El Len');
insert into "Cities"("Id", "RegionId", "Name") values (7149, 344, 'Maracaibo');
insert into "Cities"("Id", "RegionId", "Name") values (7150, 344, 'Santa Rita');
insert into "Cities"("Id", "RegionId", "Name") values (7151, 387, 'Aach');
insert into "Cities"("Id", "RegionId", "Name") values (7152, 387, 'Abentheuer');
insert into "Cities"("Id", "RegionId", "Name") values (7153, 387, 'Abtweiler');
insert into "Cities"("Id", "RegionId", "Name") values (7154, 387, 'Adenau');
insert into "Cities"("Id", "RegionId", "Name") values (7155, 387, 'Adenbach');
insert into "Cities"("Id", "RegionId", "Name") values (7156, 387, 'Ailertchen');
insert into "Cities"("Id", "RegionId", "Name") values (7157, 387, 'Albig');
insert into "Cities"("Id", "RegionId", "Name") values (7158, 387, 'Albisheim (Pfrimm)');
insert into "Cities"("Id", "RegionId", "Name") values (7159, 387, 'Alf');
insert into "Cities"("Id", "RegionId", "Name") values (7160, 387, 'Allenbach');
insert into "Cities"("Id", "RegionId", "Name") values (7161, 387, 'Allendorf');
insert into "Cities"("Id", "RegionId", "Name") values (7162, 387, 'Alpenrod');
insert into "Cities"("Id", "RegionId", "Name") values (7163, 387, 'Alsdorf (54668)');
insert into "Cities"("Id", "RegionId", "Name") values (7164, 387, 'Alsenz');
insert into "Cities"("Id", "RegionId", "Name") values (7165, 387, 'Alsheim');
insert into "Cities"("Id", "RegionId", "Name") values (7166, 387, 'Altenkirchen (57610)');
insert into "Cities"("Id", "RegionId", "Name") values (7167, 387, 'Altenkirchen (66903)');
insert into "Cities"("Id", "RegionId", "Name") values (7168, 387, 'Alterklz');
insert into "Cities"("Id", "RegionId", "Name") values (7169, 387, 'Altleiningen');
insert into "Cities"("Id", "RegionId", "Name") values (7170, 387, 'Alzey');
insert into "Cities"("Id", "RegionId", "Name") values (7171, 387, 'Andernach');
insert into "Cities"("Id", "RegionId", "Name") values (7172, 387, 'Annweiler am Trifels');
insert into "Cities"("Id", "RegionId", "Name") values (7173, 387, 'Asbach (53567)');
insert into "Cities"("Id", "RegionId", "Name") values (7174, 387, 'Auderath');
insert into "Cities"("Id", "RegionId", "Name") values (7175, 387, 'Ayl');
insert into "Cities"("Id", "RegionId", "Name") values (7176, 387, 'Baar');
insert into "Cities"("Id", "RegionId", "Name") values (7177, 387, 'Bad Bergzabern');
insert into "Cities"("Id", "RegionId", "Name") values (7178, 387, 'Bad Breisig');
insert into "Cities"("Id", "RegionId", "Name") values (7179, 387, 'Bad Drkheim');
insert into "Cities"("Id", "RegionId", "Name") values (7180, 387, 'Bad Ems');
insert into "Cities"("Id", "RegionId", "Name") values (7181, 387, 'Bad Hnningen');
insert into "Cities"("Id", "RegionId", "Name") values (7182, 387, 'Bad Kreuznach');
insert into "Cities"("Id", "RegionId", "Name") values (7183, 387, 'Bad Marienberg');
insert into "Cities"("Id", "RegionId", "Name") values (7184, 387, 'Bad Mnster am Stein-Ebernburg');
insert into "Cities"("Id", "RegionId", "Name") values (7185, 387, 'Bad Neuenahr-Ahrweiler');
insert into "Cities"("Id", "RegionId", "Name") values (7186, 387, 'Bad Sobernheim');
insert into "Cities"("Id", "RegionId", "Name") values (7187, 387, 'Brenbach (55483)');
insert into "Cities"("Id", "RegionId", "Name") values (7188, 387, 'Baumholder');
insert into "Cities"("Id", "RegionId", "Name") values (7189, 387, 'Bausendorf');
insert into "Cities"("Id", "RegionId", "Name") values (7190, 387, 'Bell (56288)');
insert into "Cities"("Id", "RegionId", "Name") values (7191, 387, 'Bellheim');
insert into "Cities"("Id", "RegionId", "Name") values (7192, 387, 'Bendorf');
insert into "Cities"("Id", "RegionId", "Name") values (7193, 387, 'Berlingen');
insert into "Cities"("Id", "RegionId", "Name") values (7194, 387, 'Bernkastel-Kues');
insert into "Cities"("Id", "RegionId", "Name") values (7195, 387, 'Berzhahn');
insert into "Cities"("Id", "RegionId", "Name") values (7196, 387, 'Betzdorf');
insert into "Cities"("Id", "RegionId", "Name") values (7197, 387, 'Bingen am Rhein');
insert into "Cities"("Id", "RegionId", "Name") values (7198, 387, 'Birkenfeld');
insert into "Cities"("Id", "RegionId", "Name") values (7199, 387, 'Birlenbach');
insert into "Cities"("Id", "RegionId", "Name") values (7200, 387, 'Bitburg');
insert into "Cities"("Id", "RegionId", "Name") values (7201, 387, 'Bitzen');
insert into "Cities"("Id", "RegionId", "Name") values (7202, 387, 'Blankenrath');
insert into "Cities"("Id", "RegionId", "Name") values (7203, 387, 'Bobenheim-Roxheim');
insert into "Cities"("Id", "RegionId", "Name") values (7204, 387, 'Bogel');
insert into "Cities"("Id", "RegionId", "Name") values (7205, 387, 'Bhl-Iggelheim');
insert into "Cities"("Id", "RegionId", "Name") values (7206, 387, 'Boppard');
insert into "Cities"("Id", "RegionId", "Name") values (7207, 387, 'Braubach');
insert into "Cities"("Id", "RegionId", "Name") values (7208, 387, 'Bruchmhlbach-Miesau');
insert into "Cities"("Id", "RegionId", "Name") values (7209, 387, 'Brcken (66904)');
insert into "Cities"("Id", "RegionId", "Name") values (7210, 387, 'Bchenbeuren');
insert into "Cities"("Id", "RegionId", "Name") values (7211, 387, 'Burgen (56332)');
insert into "Cities"("Id", "RegionId", "Name") values (7212, 387, 'Cochem');
insert into "Cities"("Id", "RegionId", "Name") values (7213, 387, 'Contwig');
insert into "Cities"("Id", "RegionId", "Name") values (7214, 387, 'Daaden');
insert into "Cities"("Id", "RegionId", "Name") values (7215, 387, 'Dahn');
insert into "Cities"("Id", "RegionId", "Name") values (7216, 387, 'Daun');
insert into "Cities"("Id", "RegionId", "Name") values (7217, 387, 'DIdesheim');
insert into "Cities"("Id", "RegionId", "Name") values (7218, 387, 'Dellfeld');
insert into "Cities"("Id", "RegionId", "Name") values (7219, 387, 'Dierbach');
insert into "Cities"("Id", "RegionId", "Name") values (7220, 387, 'Dierdorf');
insert into "Cities"("Id", "RegionId", "Name") values (7221, 387, 'Diez');
insert into "Cities"("Id", "RegionId", "Name") values (7222, 387, 'Dreisen');
insert into "Cities"("Id", "RegionId", "Name") values (7223, 387, 'Dudenhofen');
insert into "Cities"("Id", "RegionId", "Name") values (7224, 387, 'Eckfeld');
insert into "Cities"("Id", "RegionId", "Name") values (7225, 387, 'Edenkoben');
insert into "Cities"("Id", "RegionId", "Name") values (7226, 387, 'Eich');
insert into "Cities"("Id", "RegionId", "Name") values (7227, 387, 'Einig');
insert into "Cities"("Id", "RegionId", "Name") values (7228, 387, 'Einselthum');
insert into "Cities"("Id", "RegionId", "Name") values (7229, 387, 'Eisenberg');
insert into "Cities"("Id", "RegionId", "Name") values (7230, 387, 'Emmelshausen');
insert into "Cities"("Id", "RegionId", "Name") values (7231, 387, 'Enkenbach-Alsenborn');
insert into "Cities"("Id", "RegionId", "Name") values (7232, 387, 'Elingen');
insert into "Cities"("Id", "RegionId", "Name") values (7233, 387, 'Fell');
insert into "Cities"("Id", "RegionId", "Name") values (7234, 387, 'Fischbach (67693)');
insert into "Cities"("Id", "RegionId", "Name") values (7235, 387, 'Forst (Hunsrck)');
insert into "Cities"("Id", "RegionId", "Name") values (7236, 387, 'Forst an der Weinstrae');
insert into "Cities"("Id", "RegionId", "Name") values (7237, 387, 'Frankenthal (Pfalz)');
insert into "Cities"("Id", "RegionId", "Name") values (7238, 387, 'Gau-Algesheim');
insert into "Cities"("Id", "RegionId", "Name") values (7239, 387, 'Gensingen');
insert into "Cities"("Id", "RegionId", "Name") values (7240, 387, 'Germersheim');
insert into "Cities"("Id", "RegionId", "Name") values (7241, 387, 'Gerolstein');
insert into "Cities"("Id", "RegionId", "Name") values (7242, 387, 'Gillenfeld');
insert into "Cities"("Id", "RegionId", "Name") values (7243, 387, 'Glan-Mnchweiler');
insert into "Cities"("Id", "RegionId", "Name") values (7244, 387, 'Gleisweiler');
insert into "Cities"("Id", "RegionId", "Name") values (7245, 387, 'Groniedesheim');
insert into "Cities"("Id", "RegionId", "Name") values (7246, 387, 'Grnstadt');
insert into "Cities"("Id", "RegionId", "Name") values (7247, 387, 'Gundheim');
insert into "Cities"("Id", "RegionId", "Name") values (7248, 387, 'Hachenburg');
insert into "Cities"("Id", "RegionId", "Name") values (7249, 387, 'Hahn');
insert into "Cities"("Id", "RegionId", "Name") values (7250, 387, 'Hamm (57577)');
insert into "Cities"("Id", "RegionId", "Name") values (7251, 387, 'Hasselbach (56288)');
insert into "Cities"("Id", "RegionId", "Name") values (7252, 387, 'Haloch');
insert into "Cities"("Id", "RegionId", "Name") values (7253, 387, 'Heimbach');
insert into "Cities"("Id", "RegionId", "Name") values (7254, 387, 'Hermeskeil');
insert into "Cities"("Id", "RegionId", "Name") values (7255, 387, 'Herxheim bei Landau/Pfalz');
insert into "Cities"("Id", "RegionId", "Name") values (7256, 387, 'HettenlIdelheim');
insert into "Cities"("Id", "RegionId", "Name") values (7257, 387, 'Hochspeyer');
insert into "Cities"("Id", "RegionId", "Name") values (7258, 387, 'Hof');
insert into "Cities"("Id", "RegionId", "Name") values (7259, 387, 'Hhr-Grenzhausen');
insert into "Cities"("Id", "RegionId", "Name") values (7260, 387, 'Holzappel');
insert into "Cities"("Id", "RegionId", "Name") values (7261, 387, 'Homberg (67744)');
insert into "Cities"("Id", "RegionId", "Name") values (7262, 387, 'Horhausen (56593)');
insert into "Cities"("Id", "RegionId", "Name") values (7263, 387, '"Id"ar-Oberstein');
insert into "Cities"("Id", "RegionId", "Name") values (7264, 387, 'Ingelheim am Rhein');
insert into "Cities"("Id", "RegionId", "Name") values (7265, 387, 'Kaisersesch');
insert into "Cities"("Id", "RegionId", "Name") values (7266, 387, 'Kaiserslautern');
insert into "Cities"("Id", "RegionId", "Name") values (7267, 387, 'Kalt');
insert into "Cities"("Id", "RegionId", "Name") values (7268, 387, 'Kandel');
insert into "Cities"("Id", "RegionId", "Name") values (7269, 387, 'Karlshausen');
insert into "Cities"("Id", "RegionId", "Name") values (7270, 387, 'Kasel');
insert into "Cities"("Id", "RegionId", "Name") values (7271, 387, 'Kastellaun');
insert into "Cities"("Id", "RegionId", "Name") values (7272, 387, 'Kelberg');
insert into "Cities"("Id", "RegionId", "Name") values (7273, 387, 'Kestert');
insert into "Cities"("Id", "RegionId", "Name") values (7274, 387, 'Kirchberg');
insert into "Cities"("Id", "RegionId", "Name") values (7275, 387, 'Kirchen');
insert into "Cities"("Id", "RegionId", "Name") values (7276, 387, 'Kirchheimbolanden');
insert into "Cities"("Id", "RegionId", "Name") values (7277, 387, 'Kirn');
insert into "Cities"("Id", "RegionId", "Name") values (7278, 387, 'Koblenz');
insert into "Cities"("Id", "RegionId", "Name") values (7279, 387, 'Konz');
insert into "Cities"("Id", "RegionId", "Name") values (7280, 387, 'Krv');
insert into "Cities"("Id", "RegionId", "Name") values (7281, 387, 'Kruft');
insert into "Cities"("Id", "RegionId", "Name") values (7282, 387, 'Kusel');
insert into "Cities"("Id", "RegionId", "Name") values (7283, 387, 'Lahnstein');
insert into "Cities"("Id", "RegionId", "Name") values (7284, 387, 'Lambsheim');
insert into "Cities"("Id", "RegionId", "Name") values (7285, 387, 'Landau in der Pfalz');
insert into "Cities"("Id", "RegionId", "Name") values (7286, 387, 'Landstuhl');
insert into "Cities"("Id", "RegionId", "Name") values (7287, 387, 'Lemberg');
insert into "Cities"("Id", "RegionId", "Name") values (7288, 387, 'Limburgerhof');
insert into "Cities"("Id", "RegionId", "Name") values (7289, 387, 'Linz am Rhein');
insert into "Cities"("Id", "RegionId", "Name") values (7290, 387, 'Ludwigshafen am Rhein');
insert into "Cities"("Id", "RegionId", "Name") values (7291, 387, 'Ludwigshhe');
insert into "Cities"("Id", "RegionId", "Name") values (7292, 387, 'Lutzerath');
insert into "Cities"("Id", "RegionId", "Name") values (7293, 387, 'Mainz');
insert into "Cities"("Id", "RegionId", "Name") values (7294, 387, 'ManderschId (54531)');
insert into "Cities"("Id", "RegionId", "Name") values (7295, 387, 'Marnheim');
insert into "Cities"("Id", "RegionId", "Name") values (7296, 387, 'Mayen');
insert into "Cities"("Id", "RegionId", "Name") values (7297, 387, 'Meckenheim');
insert into "Cities"("Id", "RegionId", "Name") values (7298, 387, 'Meinborn');
insert into "Cities"("Id", "RegionId", "Name") values (7299, 387, 'Mendig');
insert into "Cities"("Id", "RegionId", "Name") values (7300, 387, 'Miellen');
insert into "Cities"("Id", "RegionId", "Name") values (7301, 387, 'Montabaur');
insert into "Cities"("Id", "RegionId", "Name") values (7302, 387, 'Morbach');
insert into "Cities"("Id", "RegionId", "Name") values (7303, 387, 'Mrsbach');
insert into "Cities"("Id", "RegionId", "Name") values (7304, 387, 'Mden');
insert into "Cities"("Id", "RegionId", "Name") values (7305, 387, 'Mlheim');
insert into "Cities"("Id", "RegionId", "Name") values (7306, 387, 'Mlheim-Krlich');
insert into "Cities"("Id", "RegionId", "Name") values (7307, 387, 'Mutterstadt');
insert into "Cities"("Id", "RegionId", "Name") values (7308, 387, 'Nassau');
insert into "Cities"("Id", "RegionId", "Name") values (7309, 387, 'Nasttten');
insert into "Cities"("Id", "RegionId", "Name") values (7310, 387, 'Neuerburg');
insert into "Cities"("Id", "RegionId", "Name") values (7311, 387, 'Neuerkirch');
insert into "Cities"("Id", "RegionId", "Name") values (7312, 387, 'Neuhofen');
insert into "Cities"("Id", "RegionId", "Name") values (7313, 387, 'Neustadt (Westerwald)');
insert into "Cities"("Id", "RegionId", "Name") values (7314, 387, 'Neustadt (Wied)');
insert into "Cities"("Id", "RegionId", "Name") values (7315, 387, 'Neustadt an der Weinstrae');
insert into "Cities"("Id", "RegionId", "Name") values (7316, 387, 'Neuwied');
insert into "Cities"("Id", "RegionId", "Name") values (7317, 387, 'Nieder-Olm');
insert into "Cities"("Id", "RegionId", "Name") values (7318, 387, 'Niedersohren');
insert into "Cities"("Id", "RegionId", "Name") values (7319, 387, 'Oberhonnefeld-Gierend');
insert into "Cities"("Id", "RegionId", "Name") values (7320, 387, 'Oberwesel');
insert into "Cities"("Id", "RegionId", "Name") values (7321, 387, 'Offenbach an der Queich');
insert into "Cities"("Id", "RegionId", "Name") values (7322, 387, 'Oppenheim');
insert into "Cities"("Id", "RegionId", "Name") values (7323, 387, 'Osthofen');
insert into "Cities"("Id", "RegionId", "Name") values (7324, 387, 'Otterberg');
insert into "Cities"("Id", "RegionId", "Name") values (7325, 387, 'Pirmasens');
insert into "Cities"("Id", "RegionId", "Name") values (7326, 387, 'Polch');
insert into "Cities"("Id", "RegionId", "Name") values (7327, 387, 'Prm');
insert into "Cities"("Id", "RegionId", "Name") values (7328, 387, 'Puderbach');
insert into "Cities"("Id", "RegionId", "Name") values (7329, 387, 'Ramstein-Miesenbach');
insert into "Cities"("Id", "RegionId", "Name") values (7330, 387, 'Ransbach-Baumbach');
insert into "Cities"("Id", "RegionId", "Name") values (7331, 387, 'Remagen');
insert into "Cities"("Id", "RegionId", "Name") values (7332, 387, 'Rennerod');
insert into "Cities"("Id", "RegionId", "Name") values (7333, 387, 'Rheinbrohl');
insert into "Cities"("Id", "RegionId", "Name") values (7334, 387, 'Rockenhausen');
insert into "Cities"("Id", "RegionId", "Name") values (7335, 387, 'Rosenheim');
insert into "Cities"("Id", "RegionId", "Name") values (7336, 387, 'Roth (57539)');
insert into "Cities"("Id", "RegionId", "Name") values (7337, 387, 'Rlzheim');
insert into "Cities"("Id", "RegionId", "Name") values (7338, 387, 'Saarburg');
insert into "Cities"("Id", "RegionId", "Name") values (7339, 387, 'Sankt Julian');
insert into "Cities"("Id", "RegionId", "Name") values (7340, 387, 'Schifferstadt');
insert into "Cities"("Id", "RegionId", "Name") values (7341, 387, 'Schnenberg-Kbelberg');
insert into "Cities"("Id", "RegionId", "Name") values (7342, 387, 'Schwegenheim');
insert into "Cities"("Id", "RegionId", "Name") values (7343, 387, 'Sellerich');
insert into "Cities"("Id", "RegionId", "Name") values (7344, 387, 'Selters');
insert into "Cities"("Id", "RegionId", "Name") values (7345, 387, 'Sessenhausen');
insert into "Cities"("Id", "RegionId", "Name") values (7346, 387, 'Simmern (55469)');
insert into "Cities"("Id", "RegionId", "Name") values (7347, 387, 'Simmertal');
insert into "Cities"("Id", "RegionId", "Name") values (7348, 387, 'Sinzig');
insert into "Cities"("Id", "RegionId", "Name") values (7349, 387, 'Sohren');
insert into "Cities"("Id", "RegionId", "Name") values (7350, 387, 'Speyer');
insert into "Cities"("Id", "RegionId", "Name") values (7351, 387, 'Trier');
insert into "Cities"("Id", "RegionId", "Name") values (7352, 387, 'Trimbs');
insert into "Cities"("Id", "RegionId", "Name") values (7353, 387, 'Ulmen');
insert into "Cities"("Id", "RegionId", "Name") values (7354, 387, 'Vallendar');
insert into "Cities"("Id", "RegionId", "Name") values (7355, 387, 'Waldmohr');
insert into "Cities"("Id", "RegionId", "Name") values (7356, 387, 'Wallmerod');
insert into "Cities"("Id", "RegionId", "Name") values (7357, 387, 'Walsdorf');
insert into "Cities"("Id", "RegionId", "Name") values (7358, 387, 'WIden');
insert into "Cities"("Id", "RegionId", "Name") values (7359, 387, 'Weilerbach');
insert into "Cities"("Id", "RegionId", "Name") values (7360, 387, 'Weienthurm');
insert into "Cities"("Id", "RegionId", "Name") values (7361, 387, 'Westerburg');
insert into "Cities"("Id", "RegionId", "Name") values (7362, 387, 'Windhagen');
insert into "Cities"("Id", "RegionId", "Name") values (7363, 387, 'Winnweiler');
insert into "Cities"("Id", "RegionId", "Name") values (7364, 387, 'Wirges');
insert into "Cities"("Id", "RegionId", "Name") values (7365, 387, 'Wissen');
insert into "Cities"("Id", "RegionId", "Name") values (7366, 387, 'Wittlich');
insert into "Cities"("Id", "RegionId", "Name") values (7367, 387, 'Worms');
insert into "Cities"("Id", "RegionId", "Name") values (7368, 387, 'Wrth am Rhein');
insert into "Cities"("Id", "RegionId", "Name") values (7369, 387, 'Zell');
insert into "Cities"("Id", "RegionId", "Name") values (7370, 387, 'Zerf');
insert into "Cities"("Id", "RegionId", "Name") values (7371, 387, 'Zweibrcken');
insert into "Cities"("Id", "RegionId", "Name") values (7372, 387, 'ZweifelschId');
insert into "Cities"("Id", "RegionId", "Name") values (7373, 402, 'stros');
insert into "Cities"("Id", "RegionId", "Name") values (7374, 402, 'Leondi');
insert into "Cities"("Id", "RegionId", "Name") values (7375, 402, 'Megalpolis');
insert into "Cities"("Id", "RegionId", "Name") values (7376, 402, 'Trpoli');
insert into "Cities"("Id", "RegionId", "Name") values (7377, 402, 'Trpolis');
insert into "Cities"("Id", "RegionId", "Name") values (7378, 453, 'Aakirkeby');
insert into "Cities"("Id", "RegionId", "Name") values (7379, 453, 'Aalse');
insert into "Cities"("Id", "RegionId", "Name") values (7380, 453, 'Aarsballe');
insert into "Cities"("Id", "RegionId", "Name") values (7381, 453, 'lse');
insert into "Cities"("Id", "RegionId", "Name") values (7382, 453, 'Bodilskirke');
insert into "Cities"("Id", "RegionId", "Name") values (7383, 453, 'Blshavn');
insert into "Cities"("Id", "RegionId", "Name") values (7384, 453, 'Brohuse');
insert into "Cities"("Id", "RegionId", "Name") values (7385, 453, 'Sletteenge');
insert into "Cities"("Id", "RegionId", "Name") values (7386, 453, 'Svaneke');
insert into "Cities"("Id", "RegionId", "Name") values (7387, 468, 'Сент-Элье');
insert into "Regions"("Id", "CountryId", "Name") values (469, 63, 'Джибути');
insert into "Cities"("Id", "RegionId", "Name") values (7388, 63, 'Агеево');
insert into "Cities"("Id", "RegionId", "Name") values (7389, 63, 'Алексин');
insert into "Cities"("Id", "RegionId", "Name") values (7390, 63, 'Арсеньево');
insert into "Cities"("Id", "RegionId", "Name") values (7391, 63, 'Барсуки');
insert into "Cities"("Id", "RegionId", "Name") values (7392, 63, 'Белев');
insert into "Cities"("Id", "RegionId", "Name") values (7393, 63, 'Богородицк');
insert into "Cities"("Id", "RegionId", "Name") values (7394, 63, 'Болохово');
insert into "Cities"("Id", "RegionId", "Name") values (7395, 63, 'Велегож');
insert into "Cities"("Id", "RegionId", "Name") values (7396, 63, 'Венев');
insert into "Cities"("Id", "RegionId", "Name") values (7397, 63, 'Волово');
insert into "Cities"("Id", "RegionId", "Name") values (7398, 63, 'Горелки');
insert into "Cities"("Id", "RegionId", "Name") values (7399, 63, 'Донской');
insert into "Cities"("Id", "RegionId", "Name") values (7400, 63, 'Дубна (Тульская обл.)');
insert into "Cities"("Id", "RegionId", "Name") values (7401, 63, 'Епифань');
insert into "Cities"("Id", "RegionId", "Name") values (7402, 63, 'Ефремов');
insert into "Cities"("Id", "RegionId", "Name") values (7403, 63, 'Заокский');
insert into "Cities"("Id", "RegionId", "Name") values (7404, 63, 'Казановка');
insert into "Cities"("Id", "RegionId", "Name") values (7405, 63, 'Кимовск');
insert into "Cities"("Id", "RegionId", "Name") values (7406, 63, 'Киреевск');
insert into "Cities"("Id", "RegionId", "Name") values (7407, 63, 'Куркино');
insert into "Cities"("Id", "RegionId", "Name") values (7408, 63, 'Ленинский');
insert into "Cities"("Id", "RegionId", "Name") values (7409, 63, 'Лянтор');
insert into "Cities"("Id", "RegionId", "Name") values (7410, 63, 'Новомосковск');
insert into "Cities"("Id", "RegionId", "Name") values (7411, 63, 'Одоев');
insert into "Cities"("Id", "RegionId", "Name") values (7412, 63, 'Плавск');
insert into "Cities"("Id", "RegionId", "Name") values (7413, 63, 'Советск (Тульская обл.)');
insert into "Cities"("Id", "RegionId", "Name") values (7414, 63, 'Суворов');
insert into "Cities"("Id", "RegionId", "Name") values (7415, 63, 'Тула');
insert into "Cities"("Id", "RegionId", "Name") values (7416, 63, 'Узловая');
insert into "Cities"("Id", "RegionId", "Name") values (7417, 63, 'Щекино');
insert into "Cities"("Id", "RegionId", "Name") values (7418, 63, 'Ясногорск');
insert into "Cities"("Id", "RegionId", "Name") values (7419, 388, 'Beckingen');
insert into "Cities"("Id", "RegionId", "Name") values (7420, 388, 'Bexbach');
insert into "Cities"("Id", "RegionId", "Name") values (7421, 388, 'Blieskastel');
insert into "Cities"("Id", "RegionId", "Name") values (7422, 388, 'Bous');
insert into "Cities"("Id", "RegionId", "Name") values (7423, 388, 'Dillingen');
insert into "Cities"("Id", "RegionId", "Name") values (7424, 388, 'Ensdorf');
insert into "Cities"("Id", "RegionId", "Name") values (7425, 388, 'Eppelborn');
insert into "Cities"("Id", "RegionId", "Name") values (7426, 388, 'Friedrichsthal');
insert into "Cities"("Id", "RegionId", "Name") values (7427, 388, 'Gersheim');
insert into "Cities"("Id", "RegionId", "Name") values (7428, 388, 'Heusweiler');
insert into "Cities"("Id", "RegionId", "Name") values (7429, 388, 'Homburg');
insert into "Cities"("Id", "RegionId", "Name") values (7430, 388, 'Illingen');
insert into "Cities"("Id", "RegionId", "Name") values (7431, 388, 'Kirkel');
insert into "Cities"("Id", "RegionId", "Name") values (7432, 388, 'Kleinblittersdorf');
insert into "Cities"("Id", "RegionId", "Name") values (7433, 388, 'Lebach');
insert into "Cities"("Id", "RegionId", "Name") values (7434, 388, 'Losheim am See');
insert into "Cities"("Id", "RegionId", "Name") values (7435, 388, 'Mandelbachtal');
insert into "Cities"("Id", "RegionId", "Name") values (7436, 388, 'Marpingen');
insert into "Cities"("Id", "RegionId", "Name") values (7437, 388, 'Merchweiler');
insert into "Cities"("Id", "RegionId", "Name") values (7438, 388, 'Merzig');
insert into "Cities"("Id", "RegionId", "Name") values (7439, 388, 'Mettlach');
insert into "Cities"("Id", "RegionId", "Name") values (7440, 388, 'Nalbach');
insert into "Cities"("Id", "RegionId", "Name") values (7441, 388, 'Namborn');
insert into "Cities"("Id", "RegionId", "Name") values (7442, 388, 'Neunkirchen/Saar');
insert into "Cities"("Id", "RegionId", "Name") values (7443, 388, 'Nonnweiler');
insert into "Cities"("Id", "RegionId", "Name") values (7444, 388, 'Oberthal');
insert into "Cities"("Id", "RegionId", "Name") values (7445, 388, 'Ottweiler');
insert into "Cities"("Id", "RegionId", "Name") values (7446, 388, 'Perl');
insert into "Cities"("Id", "RegionId", "Name") values (7447, 388, 'Pttlingen');
insert into "Cities"("Id", "RegionId", "Name") values (7448, 388, 'Quierschied');
insert into "Cities"("Id", "RegionId", "Name") values (7449, 388, 'Rehlingen-Siersburg');
insert into "Cities"("Id", "RegionId", "Name") values (7450, 388, 'Riegelsberg');
insert into "Cities"("Id", "RegionId", "Name") values (7451, 388, 'Saarbrcken');
insert into "Cities"("Id", "RegionId", "Name") values (7452, 388, 'Saarlouis');
insert into "Cities"("Id", "RegionId", "Name") values (7453, 388, 'Saarwellingen');
insert into "Cities"("Id", "RegionId", "Name") values (7454, 388, 'Sankt Ingbert');
insert into "Cities"("Id", "RegionId", "Name") values (7455, 388, 'Sankt Wendel');
insert into "Cities"("Id", "RegionId", "Name") values (7456, 388, 'Schmelz');
insert into "Cities"("Id", "RegionId", "Name") values (7457, 388, 'Schwalbach');
insert into "Cities"("Id", "RegionId", "Name") values (7458, 388, 'Spiesen-Elversberg');
insert into "Cities"("Id", "RegionId", "Name") values (7459, 388, 'Sulzbach/Saar');
insert into "Cities"("Id", "RegionId", "Name") values (7460, 388, 'Tholey');
insert into "Cities"("Id", "RegionId", "Name") values (7461, 388, 'berherrn');
insert into "Cities"("Id", "RegionId", "Name") values (7462, 388, 'Vlklingen');
insert into "Cities"("Id", "RegionId", "Name") values (7463, 388, 'Wadern');
insert into "Cities"("Id", "RegionId", "Name") values (7464, 388, 'Wadgassen');
insert into "Cities"("Id", "RegionId", "Name") values (7465, 388, 'Wallerfangen');
insert into "Cities"("Id", "RegionId", "Name") values (7466, 388, 'Weiskirchen');
insert into "Cities"("Id", "RegionId", "Name") values (7467, 403, 'Aga TIda');
insert into "Cities"("Id", "RegionId", "Name") values (7468, 403, 'Aga Tris');
insert into "Cities"("Id", "RegionId", "Name") values (7469, 403, 'gios Ionnis');
insert into "Cities"("Id", "RegionId", "Name") values (7470, 403, 'Alni');
insert into "Cities"("Id", "RegionId", "Name") values (7471, 403, 'rta');
insert into "Cities"("Id", "RegionId", "Name") values (7472, 403, 'Gianntsi');
insert into "Cities"("Id", "RegionId", "Name") values (7473, 403, 'Mlos Pap');
insert into "Cities"("Id", "RegionId", "Name") values (7474, 454, 'Allerd');
insert into "Cities"("Id", "RegionId", "Name") values (7475, 454, 'Bastrup');
insert into "Cities"("Id", "RegionId", "Name") values (7476, 454, 'Birkerd');
insert into "Cities"("Id", "RegionId", "Name") values (7477, 454, 'Dronningmlle');
insert into "Cities"("Id", "RegionId", "Name") values (7478, 454, 'Fredensborg');
insert into "Cities"("Id", "RegionId", "Name") values (7479, 454, 'Frederikssund');
insert into "Cities"("Id", "RegionId", "Name") values (7480, 454, 'Frederiksvrk');
insert into "Cities"("Id", "RegionId", "Name") values (7481, 454, 'Gilleleje');
insert into "Cities"("Id", "RegionId", "Name") values (7482, 454, 'Helsinge');
insert into "Cities"("Id", "RegionId", "Name") values (7483, 454, 'Helsingr');
insert into "Cities"("Id", "RegionId", "Name") values (7484, 454, 'Herlev');
insert into "Cities"("Id", "RegionId", "Name") values (7485, 454, 'Hillerd');
insert into "Cities"("Id", "RegionId", "Name") values (7486, 454, 'Hundested');
insert into "Cities"("Id", "RegionId", "Name") values (7487, 454, 'lstykke');
insert into "Cities"("Id", "RegionId", "Name") values (7488, 469, 'Джибути');
insert into "Regions"("Id", "CountryId", "Name") values (470, 64, 'Санто-доминго');
insert into "Cities"("Id", "RegionId", "Name") values (7489, 64, 'Яр-Сале');
insert into "Cities"("Id", "RegionId", "Name") values (7490, 64, 'Абатский');
insert into "Cities"("Id", "RegionId", "Name") values (7491, 64, 'Аган');
insert into "Cities"("Id", "RegionId", "Name") values (7492, 64, 'Аксарка');
insert into "Cities"("Id", "RegionId", "Name") values (7493, 64, 'Армизонское');
insert into "Cities"("Id", "RegionId", "Name") values (7494, 64, 'Аромашево');
insert into "Cities"("Id", "RegionId", "Name") values (7495, 64, 'Белоярский (Тюменская обл.)');
insert into "Cities"("Id", "RegionId", "Name") values (7496, 64, 'Бердюжье');
insert into "Cities"("Id", "RegionId", "Name") values (7497, 64, 'Березово');
insert into "Cities"("Id", "RegionId", "Name") values (7498, 64, 'Большое Сорокино');
insert into "Cities"("Id", "RegionId", "Name") values (7499, 64, 'Вагай');
insert into "Cities"("Id", "RegionId", "Name") values (7500, 64, 'Викулово');
insert into "Cities"("Id", "RegionId", "Name") values (7501, 64, 'Винзили');
insert into "Cities"("Id", "RegionId", "Name") values (7502, 64, 'Голышманово');
insert into "Cities"("Id", "RegionId", "Name") values (7503, 64, 'Губкинский (Тюменская обл.)');
insert into "Cities"("Id", "RegionId", "Name") values (7504, 64, 'Заводопетровский');
insert into "Cities"("Id", "RegionId", "Name") values (7505, 64, 'Заводоуковск');
insert into "Cities"("Id", "RegionId", "Name") values (7506, 64, 'Игрим');
insert into "Cities"("Id", "RegionId", "Name") values (7507, 64, 'Излучинск');
insert into "Cities"("Id", "RegionId", "Name") values (7508, 64, 'Исетское');
insert into "Cities"("Id", "RegionId", "Name") values (7509, 64, 'Ишим');
insert into "Cities"("Id", "RegionId", "Name") values (7510, 64, 'Казанское');
insert into "Cities"("Id", "RegionId", "Name") values (7511, 64, 'Казым-Мыс');
insert into "Cities"("Id", "RegionId", "Name") values (7512, 64, 'Когалым (Тюменская обл.)');
insert into "Cities"("Id", "RegionId", "Name") values (7513, 64, 'Кондинское');
insert into "Cities"("Id", "RegionId", "Name") values (7514, 64, 'Красноселькуп');
insert into "Cities"("Id", "RegionId", "Name") values (7515, 64, 'Лабытнанги');
insert into "Cities"("Id", "RegionId", "Name") values (7516, 64, 'Лангепас');
insert into "Cities"("Id", "RegionId", "Name") values (7517, 64, 'Ларьяк');
insert into "Cities"("Id", "RegionId", "Name") values (7518, 64, 'Лянторский');
insert into "Cities"("Id", "RegionId", "Name") values (7519, 64, 'Мегион');
insert into "Cities"("Id", "RegionId", "Name") values (7520, 64, 'Междуреченский');
insert into "Cities"("Id", "RegionId", "Name") values (7521, 64, 'Мужи');
insert into "Cities"("Id", "RegionId", "Name") values (7522, 64, 'Муравленко (Тюменская обл.)');
insert into "Cities"("Id", "RegionId", "Name") values (7523, 64, 'Надым (Тюменская обл.)');
insert into "Cities"("Id", "RegionId", "Name") values (7524, 64, 'Находка (Тюменская обл.)');
insert into "Cities"("Id", "RegionId", "Name") values (7525, 64, 'Нефтеюганск');
insert into "Cities"("Id", "RegionId", "Name") values (7526, 64, 'Нижневартовск');
insert into "Cities"("Id", "RegionId", "Name") values (7527, 64, 'Нижняя Тавда');
insert into "Cities"("Id", "RegionId", "Name") values (7528, 64, 'Новоаганск');
insert into "Cities"("Id", "RegionId", "Name") values (7529, 64, 'Новый Уренгой (Тюменская обл.)');
insert into "Cities"("Id", "RegionId", "Name") values (7530, 64, 'Ноябрьск (Тюменская обл.)');
insert into "Cities"("Id", "RegionId", "Name") values (7531, 64, 'Нягань');
insert into "Cities"("Id", "RegionId", "Name") values (7532, 64, 'Октябрьское (Тюменская обл.)');
insert into "Cities"("Id", "RegionId", "Name") values (7533, 64, 'Омутинский');
insert into "Cities"("Id", "RegionId", "Name") values (7534, 64, 'Покачи (Тюменская обл.)');
insert into "Cities"("Id", "RegionId", "Name") values (7535, 64, 'Приобье');
insert into "Cities"("Id", "RegionId", "Name") values (7536, 64, 'Пыть-Ях');
insert into "Cities"("Id", "RegionId", "Name") values (7537, 64, 'Радужный (Ханты-Мансийский АО)');
insert into "Cities"("Id", "RegionId", "Name") values (7538, 64, 'Салехард');
insert into "Cities"("Id", "RegionId", "Name") values (7539, 64, 'Сладково');
insert into "Cities"("Id", "RegionId", "Name") values (7540, 64, 'Советский (Тюменская обл.)');
insert into "Cities"("Id", "RegionId", "Name") values (7541, 64, 'Сургут');
insert into "Cities"("Id", "RegionId", "Name") values (7542, 64, 'Тазовский');
insert into "Cities"("Id", "RegionId", "Name") values (7543, 64, 'Тобольск');
insert into "Cities"("Id", "RegionId", "Name") values (7544, 64, 'Тюмень');
insert into "Cities"("Id", "RegionId", "Name") values (7545, 64, 'Уват');
insert into "Cities"("Id", "RegionId", "Name") values (7546, 64, 'Унъюган');
insert into "Cities"("Id", "RegionId", "Name") values (7547, 64, 'Упорово');
insert into "Cities"("Id", "RegionId", "Name") values (7548, 64, 'Урай');
insert into "Cities"("Id", "RegionId", "Name") values (7549, 64, 'Ханты-Мансийск');
insert into "Cities"("Id", "RegionId", "Name") values (7550, 64, 'Югорск');
insert into "Cities"("Id", "RegionId", "Name") values (7551, 64, 'Юрибей');
insert into "Cities"("Id", "RegionId", "Name") values (7552, 64, 'Ялуторовск');
insert into "Cities"("Id", "RegionId", "Name") values (7553, 64, 'Ярково');
insert into "Cities"("Id", "RegionId", "Name") values (7554, 389, 'Adorf');
insert into "Cities"("Id", "RegionId", "Name") values (7555, 389, 'Altenberg');
insert into "Cities"("Id", "RegionId", "Name") values (7556, 389, 'AltmittwIda');
insert into "Cities"("Id", "RegionId", "Name") values (7557, 389, 'Amtsberg');
insert into "Cities"("Id", "RegionId", "Name") values (7558, 389, 'Annaberg-Buchholz');
insert into "Cities"("Id", "RegionId", "Name") values (7559, 389, 'Aue');
insert into "Cities"("Id", "RegionId", "Name") values (7560, 389, 'Auerbach');
insert into "Cities"("Id", "RegionId", "Name") values (7561, 389, 'Auerbach/Vogtland');
insert into "Cities"("Id", "RegionId", "Name") values (7562, 389, 'Augustusburg');
insert into "Cities"("Id", "RegionId", "Name") values (7563, 389, 'Bad Dben');
insert into "Cities"("Id", "RegionId", "Name") values (7564, 389, 'Bad Elster');
insert into "Cities"("Id", "RegionId", "Name") values (7565, 389, 'Bad Muskau');
insert into "Cities"("Id", "RegionId", "Name") values (7566, 389, 'Bahretal');
insert into "Cities"("Id", "RegionId", "Name") values (7567, 389, 'Bannewitz');
insert into "Cities"("Id", "RegionId", "Name") values (7568, 389, 'Bautzen');
insert into "Cities"("Id", "RegionId", "Name") values (7569, 389, 'Beiersdorf');
insert into "Cities"("Id", "RegionId", "Name") values (7570, 389, 'Beilrode');
insert into "Cities"("Id", "RegionId", "Name") values (7571, 389, 'Belgershain');
insert into "Cities"("Id", "RegionId", "Name") values (7572, 389, 'Bischofswerda');
insert into "Cities"("Id", "RegionId", "Name") values (7573, 389, 'Bockelwitz');
insert into "Cities"("Id", "RegionId", "Name") values (7574, 389, 'Borna');
insert into "Cities"("Id", "RegionId", "Name") values (7575, 389, 'Brnichen/Erzgebirge');
insert into "Cities"("Id", "RegionId", "Name") values (7576, 389, 'Burgstdt');
insert into "Cities"("Id", "RegionId", "Name") values (7577, 389, 'Burkau');
insert into "Cities"("Id", "RegionId", "Name") values (7578, 389, 'Cavertitz');
insert into "Cities"("Id", "RegionId", "Name") values (7579, 389, 'Chemnitz');
insert into "Cities"("Id", "RegionId", "Name") values (7580, 389, 'Claunitz');
insert into "Cities"("Id", "RegionId", "Name") values (7581, 389, 'Coswig');
insert into "Cities"("Id", "RegionId", "Name") values (7582, 389, 'Crimmitschau');
insert into "Cities"("Id", "RegionId", "Name") values (7583, 389, 'Delitzsch');
insert into "Cities"("Id", "RegionId", "Name") values (7584, 389, 'Dennheritz');
insert into "Cities"("Id", "RegionId", "Name") values (7585, 389, 'Deutschneudorf');
insert into "Cities"("Id", "RegionId", "Name") values (7586, 389, 'Dippoldiswalde');
insert into "Cities"("Id", "RegionId", "Name") values (7587, 389, 'Dbeln');
insert into "Cities"("Id", "RegionId", "Name") values (7588, 389, 'Dresden');
insert into "Cities"("Id", "RegionId", "Name") values (7589, 389, 'Drrrhrsdorf-Dittersbach');
insert into "Cities"("Id", "RegionId", "Name") values (7590, 389, 'Falkenstein/Vogtland');
insert into "Cities"("Id", "RegionId", "Name") values (7591, 389, 'Flha');
insert into "Cities"("Id", "RegionId", "Name") values (7592, 389, 'Freiberg');
insert into "Cities"("Id", "RegionId", "Name") values (7593, 389, 'Freital');
insert into "Cities"("Id", "RegionId", "Name") values (7594, 389, 'Glauchau');
insert into "Cities"("Id", "RegionId", "Name") values (7595, 389, 'Grlitz');
insert into "Cities"("Id", "RegionId", "Name") values (7596, 389, 'Grimma');
insert into "Cities"("Id", "RegionId", "Name") values (7597, 389, 'Grditz');
insert into "Cities"("Id", "RegionId", "Name") values (7598, 389, 'Groenhain');
insert into "Cities"("Id", "RegionId", "Name") values (7599, 389, 'HIdenau');
insert into "Cities"("Id", "RegionId", "Name") values (7600, 389, 'Hoyerswerda');
insert into "Cities"("Id", "RegionId", "Name") values (7601, 389, 'Johanngeorgenstadt');
insert into "Cities"("Id", "RegionId", "Name") values (7602, 389, 'Jonsdorf');
insert into "Cities"("Id", "RegionId", "Name") values (7603, 389, 'Kamenz');
insert into "Cities"("Id", "RegionId", "Name") values (7604, 389, 'Klingenthal/Sachsen');
insert into "Cities"("Id", "RegionId", "Name") values (7605, 389, 'Lauig');
insert into "Cities"("Id", "RegionId", "Name") values (7606, 389, 'Leipzig');
insert into "Cities"("Id", "RegionId", "Name") values (7607, 389, 'Limbach-Oberfrohna');
insert into "Cities"("Id", "RegionId", "Name") values (7608, 389, 'Lbau');
insert into "Cities"("Id", "RegionId", "Name") values (7609, 389, 'Lnitz');
insert into "Cities"("Id", "RegionId", "Name") values (7610, 389, 'Lugau/Erzgebirge');
insert into "Cities"("Id", "RegionId", "Name") values (7611, 389, 'Marienberg');
insert into "Cities"("Id", "RegionId", "Name") values (7612, 389, 'Markkleeberg');
insert into "Cities"("Id", "RegionId", "Name") values (7613, 389, 'Meerane');
insert into "Cities"("Id", "RegionId", "Name") values (7614, 389, 'Meien');
insert into "Cities"("Id", "RegionId", "Name") values (7615, 389, 'MittwIda');
insert into "Cities"("Id", "RegionId", "Name") values (7616, 389, 'Neusalza-Spremberg');
insert into "Cities"("Id", "RegionId", "Name") values (7617, 389, 'Neustadt in Sachsen');
insert into "Cities"("Id", "RegionId", "Name") values (7618, 389, 'Niesky');
insert into "Cities"("Id", "RegionId", "Name") values (7619, 389, 'Oelsnitz');
insert into "Cities"("Id", "RegionId", "Name") values (7620, 389, 'Ohorn');
insert into "Cities"("Id", "RegionId", "Name") values (7621, 389, 'Otterwisch');
insert into "Cities"("Id", "RegionId", "Name") values (7622, 389, 'Pirna');
insert into "Cities"("Id", "RegionId", "Name") values (7623, 389, 'Plauen');
insert into "Cities"("Id", "RegionId", "Name") values (7624, 389, 'Pulsnitz');
insert into "Cities"("Id", "RegionId", "Name") values (7625, 389, 'Radeberg');
insert into "Cities"("Id", "RegionId", "Name") values (7626, 389, 'Radebeul');
insert into "Cities"("Id", "RegionId", "Name") values (7627, 389, 'Reichenbach/Vogtland');
insert into "Cities"("Id", "RegionId", "Name") values (7628, 389, 'Riesa');
insert into "Cities"("Id", "RegionId", "Name") values (7629, 389, 'Rodewisch');
insert into "Cities"("Id", "RegionId", "Name") values (7630, 389, 'Rothenburg/Oberlausitz');
insert into "Cities"("Id", "RegionId", "Name") values (7631, 389, 'Schlema');
insert into "Cities"("Id", "RegionId", "Name") values (7632, 389, 'Schneeberg');
insert into "Cities"("Id", "RegionId", "Name") values (7633, 389, 'Stollberg/Erzgebirge');
insert into "Cities"("Id", "RegionId", "Name") values (7634, 389, 'Syrau');
insert into "Cities"("Id", "RegionId", "Name") values (7635, 389, 'Torgau');
insert into "Cities"("Id", "RegionId", "Name") values (7636, 389, 'Treuen');
insert into "Cities"("Id", "RegionId", "Name") values (7637, 389, 'Waldheim');
insert into "Cities"("Id", "RegionId", "Name") values (7638, 389, 'Weiwasser');
insert into "Cities"("Id", "RegionId", "Name") values (7639, 389, 'Werdau');
insert into "Cities"("Id", "RegionId", "Name") values (7640, 389, 'Wilkau-Halau');
insert into "Cities"("Id", "RegionId", "Name") values (7641, 389, 'Wurzen');
insert into "Cities"("Id", "RegionId", "Name") values (7642, 389, 'Zittau');
insert into "Cities"("Id", "RegionId", "Name") values (7643, 389, 'Zschopau');
insert into "Cities"("Id", "RegionId", "Name") values (7644, 389, 'Zwickau');
insert into "Cities"("Id", "RegionId", "Name") values (7645, 404, 'Aegina');
insert into "Cities"("Id", "RegionId", "Name") values (7646, 404, 'Afini');
insert into "Cities"("Id", "RegionId", "Name") values (7647, 404, 'gioi');
insert into "Cities"("Id", "RegionId", "Name") values (7648, 404, 'Agina');
insert into "Cities"("Id", "RegionId", "Name") values (7649, 404, 'Arpis');
insert into "Cities"("Id", "RegionId", "Name") values (7650, 404, 'Atene');
insert into "Cities"("Id", "RegionId", "Name") values (7651, 404, 'Athen');
insert into "Cities"("Id", "RegionId", "Name") values (7652, 404, 'Athenai');
insert into "Cities"("Id", "RegionId", "Name") values (7653, 404, 'Athnes');
insert into "Cities"("Id", "RegionId", "Name") values (7654, 404, 'Athens');
insert into "Cities"("Id", "RegionId", "Name") values (7655, 404, 'Athna');
insert into "Cities"("Id", "RegionId", "Name") values (7656, 404, 'Athnai');
insert into "Cities"("Id", "RegionId", "Name") values (7657, 404, 'Athinia');
insert into "Cities"("Id", "RegionId", "Name") values (7658, 404, 'Elefsna');
insert into "Cities"("Id", "RegionId", "Name") values (7659, 404, 'Elefss');
insert into "Cities"("Id", "RegionId", "Name") values (7660, 404, 'Eleusis');
insert into "Cities"("Id", "RegionId", "Name") values (7661, 404, 'Glifdha');
insert into "Cities"("Id", "RegionId", "Name") values (7662, 404, 'Glyfda');
insert into "Cities"("Id", "RegionId", "Name") values (7663, 404, 'kalithea');
insert into "Cities"("Id", "RegionId", "Name") values (7664, 404, 'Keratsni');
insert into "Cities"("Id", "RegionId", "Name") values (7665, 404, 'Keratsinou');
insert into "Cities"("Id", "RegionId", "Name") values (7666, 404, 'Palokia');
insert into "Cities"("Id", "RegionId", "Name") values (7667, 404, 'Peiraeus');
insert into "Cities"("Id", "RegionId", "Name") values (7668, 404, 'Peirai');
insert into "Cities"("Id", "RegionId", "Name") values (7669, 404, 'Prama');
insert into "Cities"("Id", "RegionId", "Name") values (7670, 404, 'Piraeus');
insert into "Cities"("Id", "RegionId", "Name") values (7671, 404, 'Pireo');
insert into "Cities"("Id", "RegionId", "Name") values (7672, 404, 'Pros');
insert into "Cities"("Id", "RegionId", "Name") values (7673, 404, 'Potams');
insert into "Cities"("Id", "RegionId", "Name") values (7674, 455, '');
insert into "Cities"("Id", "RegionId", "Name") values (7675, 455, 'Aarslev');
insert into "Cities"("Id", "RegionId", "Name") values (7676, 455, 'rslev');
insert into "Cities"("Id", "RegionId", "Name") values (7677, 455, 'Assens');
insert into "Cities"("Id", "RegionId", "Name") values (7678, 455, 'sum');
insert into "Cities"("Id", "RegionId", "Name") values (7679, 455, 'Bogense');
insert into "Cities"("Id", "RegionId", "Name") values (7680, 455, 'Brenderup');
insert into "Cities"("Id", "RegionId", "Name") values (7681, 455, 'Faaborg');
insert into "Cities"("Id", "RegionId", "Name") values (7682, 455, 'Gislev Holme');
insert into "Cities"("Id", "RegionId", "Name") values (7683, 455, 'Horne');
insert into "Cities"("Id", "RegionId", "Name") values (7684, 455, 'Korinth');
insert into "Cities"("Id", "RegionId", "Name") values (7685, 455, 'Iddelfart');
insert into "Cities"("Id", "RegionId", "Name") values (7686, 455, 'Nyborg');
insert into "Cities"("Id", "RegionId", "Name") values (7687, 455, 'Odense');
insert into "Cities"("Id", "RegionId", "Name") values (7688, 455, 'rsted');
insert into "Cities"("Id", "RegionId", "Name") values (7689, 455, 'Ringe');
insert into "Cities"("Id", "RegionId", "Name") values (7690, 455, 'Rudkbing');
insert into "Cities"("Id", "RegionId", "Name") values (7691, 455, 'Svendborg');
insert into "Cities"("Id", "RegionId", "Name") values (7692, 455, 'Svindinge');
insert into "Cities"("Id", "RegionId", "Name") values (7693, 455, 'Tommerup');
insert into "Cities"("Id", "RegionId", "Name") values (7694, 455, 'Vester Hsinge');
insert into "Cities"("Id", "RegionId", "Name") values (7695, 470, 'Санто-доминго');
insert into "Regions"("Id", "CountryId", "Name") values (471, 65, 'Аль-Кахира');
insert into "Regions"("Id", "CountryId", "Name") values (472, 65, 'Асуан');
insert into "Regions"("Id", "CountryId", "Name") values (473, 65, 'Асьют');
insert into "Regions"("Id", "CountryId", "Name") values (474, 65, 'Бени-Суэйф');
insert into "Regions"("Id", "CountryId", "Name") values (475, 65, 'Гарбия');
insert into "Regions"("Id", "CountryId", "Name") values (476, 65, 'Думьят');
insert into "Regions"("Id", "CountryId", "Name") values (477, 65, 'Египет');
insert into "Regions"("Id", "CountryId", "Name") values (478, 65, 'Синай');
insert into "Cities"("Id", "RegionId", "Name") values (7696, 65, 'Алнаши');
insert into "Cities"("Id", "RegionId", "Name") values (7697, 65, 'Балезино');
insert into "Cities"("Id", "RegionId", "Name") values (7698, 65, 'Вавож');
insert into "Cities"("Id", "RegionId", "Name") values (7699, 65, 'Воткинск');
insert into "Cities"("Id", "RegionId", "Name") values (7700, 65, 'Глазов');
insert into "Cities"("Id", "RegionId", "Name") values (7701, 65, 'Грахово');
insert into "Cities"("Id", "RegionId", "Name") values (7702, 65, 'Дебесы');
insert into "Cities"("Id", "RegionId", "Name") values (7703, 65, 'Завьялово');
insert into "Cities"("Id", "RegionId", "Name") values (7704, 65, 'Игра');
insert into "Cities"("Id", "RegionId", "Name") values (7705, 65, 'Ижевск');
insert into "Cities"("Id", "RegionId", "Name") values (7706, 65, 'Кама');
insert into "Cities"("Id", "RegionId", "Name") values (7707, 65, 'Камбарка');
insert into "Cities"("Id", "RegionId", "Name") values (7708, 65, 'Каракулино');
insert into "Cities"("Id", "RegionId", "Name") values (7709, 65, 'Кез');
insert into "Cities"("Id", "RegionId", "Name") values (7710, 65, 'Кизнер');
insert into "Cities"("Id", "RegionId", "Name") values (7711, 65, 'Киясово');
insert into "Cities"("Id", "RegionId", "Name") values (7712, 65, 'Красногорское (Удмуртия)');
insert into "Cities"("Id", "RegionId", "Name") values (7713, 65, 'Можга');
insert into "Cities"("Id", "RegionId", "Name") values (7714, 65, 'Сарапул');
insert into "Cities"("Id", "RegionId", "Name") values (7715, 65, 'Селты');
insert into "Cities"("Id", "RegionId", "Name") values (7716, 65, 'Сюмси');
insert into "Cities"("Id", "RegionId", "Name") values (7717, 65, 'Ува');
insert into "Cities"("Id", "RegionId", "Name") values (7718, 65, 'Устинов');
insert into "Cities"("Id", "RegionId", "Name") values (7719, 65, 'Шаркан');
insert into "Cities"("Id", "RegionId", "Name") values (7720, 65, 'Юкаменское');
insert into "Cities"("Id", "RegionId", "Name") values (7721, 65, 'Якшур-Бодья');
insert into "Cities"("Id", "RegionId", "Name") values (7722, 65, 'Яр');
insert into "Cities"("Id", "RegionId", "Name") values (7723, 390, 'Abbenrode');
insert into "Cities"("Id", "RegionId", "Name") values (7724, 390, 'Ahlsdorf');
insert into "Cities"("Id", "RegionId", "Name") values (7725, 390, 'Allrode');
insert into "Cities"("Id", "RegionId", "Name") values (7726, 390, 'Alterode');
insert into "Cities"("Id", "RegionId", "Name") values (7727, 390, 'Aschersleben');
insert into "Cities"("Id", "RegionId", "Name") values (7728, 390, 'Bad Drrenberg');
insert into "Cities"("Id", "RegionId", "Name") values (7729, 390, 'Bad Ksen');
insert into "Cities"("Id", "RegionId", "Name") values (7730, 390, 'Barby');
insert into "Cities"("Id", "RegionId", "Name") values (7731, 390, 'Beelitz');
insert into "Cities"("Id", "RegionId", "Name") values (7732, 390, 'Bernburg');
insert into "Cities"("Id", "RegionId", "Name") values (7733, 390, 'Bitterfeld');
insert into "Cities"("Id", "RegionId", "Name") values (7734, 390, 'Blankenburg');
insert into "Cities"("Id", "RegionId", "Name") values (7735, 390, 'Born');
insert into "Cities"("Id", "RegionId", "Name") values (7736, 390, 'Braunsbedra');
insert into "Cities"("Id", "RegionId", "Name") values (7737, 390, 'Burg');
insert into "Cities"("Id", "RegionId", "Name") values (7738, 390, 'Dessau');
insert into "Cities"("Id", "RegionId", "Name") values (7739, 390, 'Ditfurt');
insert into "Cities"("Id", "RegionId", "Name") values (7740, 390, 'Domnitz');
insert into "Cities"("Id", "RegionId", "Name") values (7741, 390, 'Eilsleben');
insert into "Cities"("Id", "RegionId", "Name") values (7742, 390, 'Gardelegen');
insert into "Cities"("Id", "RegionId", "Name") values (7743, 390, 'Genthin');
insert into "Cities"("Id", "RegionId", "Name") values (7744, 390, 'Grfenhainichen');
insert into "Cities"("Id", "RegionId", "Name") values (7745, 390, 'Grana');
insert into "Cities"("Id", "RegionId", "Name") values (7746, 390, 'Gsten');
insert into "Cities"("Id", "RegionId", "Name") values (7747, 390, 'Halberstadt');
insert into "Cities"("Id", "RegionId", "Name") values (7748, 390, 'Haldensleben');
insert into "Cities"("Id", "RegionId", "Name") values (7749, 390, 'Halle');
insert into "Cities"("Id", "RegionId", "Name") values (7750, 390, 'Hettstedt');
insert into "Cities"("Id", "RegionId", "Name") values (7751, 390, 'Hohenmlsen');
insert into "Cities"("Id", "RegionId", "Name") values (7752, 390, 'Hohenthurm');
insert into "Cities"("Id", "RegionId", "Name") values (7753, 390, 'Htensleben');
insert into "Cities"("Id", "RegionId", "Name") values (7754, 390, 'Jessen (Elster)');
insert into "Cities"("Id", "RegionId", "Name") values (7755, 390, 'Jenitz');
insert into "Cities"("Id", "RegionId", "Name") values (7756, 390, 'Kthen');
insert into "Cities"("Id", "RegionId", "Name") values (7757, 390, 'Kthen');
insert into "Cities"("Id", "RegionId", "Name") values (7758, 390, 'Leuna');
insert into "Cities"("Id", "RegionId", "Name") values (7759, 390, 'Luso');
insert into "Cities"("Id", "RegionId", "Name") values (7760, 390, 'Lutherstadt Eisleben');
insert into "Cities"("Id", "RegionId", "Name") values (7761, 390, 'Lutherstadt Wittenberg');
insert into "Cities"("Id", "RegionId", "Name") values (7762, 390, 'Magdeburg');
insert into "Cities"("Id", "RegionId", "Name") values (7763, 390, 'Menz');
insert into "Cities"("Id", "RegionId", "Name") values (7764, 390, 'Merseburg');
insert into "Cities"("Id", "RegionId", "Name") values (7765, 390, 'Milzau');
insert into "Cities"("Id", "RegionId", "Name") values (7766, 390, 'Naumburg');
insert into "Cities"("Id", "RegionId", "Name") values (7767, 390, 'Nessa');
insert into "Cities"("Id", "RegionId", "Name") values (7768, 390, 'Oschersleben');
insert into "Cities"("Id", "RegionId", "Name") values (7769, 390, 'Quedlinburg');
insert into "Cities"("Id", "RegionId", "Name") values (7770, 390, 'Salzwedel');
insert into "Cities"("Id", "RegionId", "Name") values (7771, 390, 'Sangerhausen');
insert into "Cities"("Id", "RegionId", "Name") values (7772, 390, 'Schnebeck (Elbe)');
insert into "Cities"("Id", "RegionId", "Name") values (7773, 390, 'Stafurt');
insert into "Cities"("Id", "RegionId", "Name") values (7774, 390, 'Stendal');
insert into "Cities"("Id", "RegionId", "Name") values (7775, 390, 'Sten');
insert into "Cities"("Id", "RegionId", "Name") values (7776, 390, 'Thale');
insert into "Cities"("Id", "RegionId", "Name") values (7777, 390, 'Weienfels');
insert into "Cities"("Id", "RegionId", "Name") values (7778, 390, 'Wernigerode');
insert into "Cities"("Id", "RegionId", "Name") values (7779, 390, 'Wohlmirstedt');
insert into "Cities"("Id", "RegionId", "Name") values (7780, 390, 'Wolfen');
insert into "Cities"("Id", "RegionId", "Name") values (7781, 390, 'Wolmirstedt');
insert into "Cities"("Id", "RegionId", "Name") values (7782, 390, 'Zeitz');
insert into "Cities"("Id", "RegionId", "Name") values (7783, 390, 'Zerbst');
insert into "Cities"("Id", "RegionId", "Name") values (7784, 390, 'Zrbig');
insert into "Cities"("Id", "RegionId", "Name") values (7785, 405, 'Afntou');
insert into "Cities"("Id", "RegionId", "Name") values (7786, 405, 'Krpathos');
insert into "Cities"("Id", "RegionId", "Name") values (7787, 405, 'Kos');
insert into "Cities"("Id", "RegionId", "Name") values (7788, 405, 'Rdhos');
insert into "Cities"("Id", "RegionId", "Name") values (7789, 405, 'Rdos');
insert into "Cities"("Id", "RegionId", "Name") values (7790, 405, 'Smi');
insert into "Cities"("Id", "RegionId", "Name") values (7791, 456, 'Aagerup');
insert into "Cities"("Id", "RegionId", "Name") values (7792, 456, 'gerup');
insert into "Cities"("Id", "RegionId", "Name") values (7793, 456, 'Avedre');
insert into "Cities"("Id", "RegionId", "Name") values (7794, 456, 'Ballerup');
insert into "Cities"("Id", "RegionId", "Name") values (7795, 456, 'Brndby Strand');
insert into "Cities"("Id", "RegionId", "Name") values (7796, 456, 'Buddinge');
insert into "Cities"("Id", "RegionId", "Name") values (7797, 456, 'Charlottenlund');
insert into "Cities"("Id", "RegionId", "Name") values (7798, 456, 'Dragr');
insert into "Cities"("Id", "RegionId", "Name") values (7799, 456, 'Gentofte');
insert into "Cities"("Id", "RegionId", "Name") values (7800, 456, 'Gladsakse');
insert into "Cities"("Id", "RegionId", "Name") values (7801, 456, 'Gladsaxe');
insert into "Cities"("Id", "RegionId", "Name") values (7802, 456, 'Glostrup');
insert into "Cities"("Id", "RegionId", "Name") values (7803, 456, 'Hedehusene');
insert into "Cities"("Id", "RegionId", "Name") values (7804, 456, 'Hellerup');
insert into "Cities"("Id", "RegionId", "Name") values (7805, 456, 'Holte');
insert into "Cities"("Id", "RegionId", "Name") values (7806, 456, 'Hje Tstrup');
insert into "Cities"("Id", "RegionId", "Name") values (7807, 456, 'HIdovre');
insert into "Cities"("Id", "RegionId", "Name") values (7808, 456, 'Ishj');
insert into "Cities"("Id", "RegionId", "Name") values (7809, 456, 'Jgersborg');
insert into "Cities"("Id", "RegionId", "Name") values (7810, 456, 'Kallerup');
insert into "Cities"("Id", "RegionId", "Name") values (7811, 456, 'Kastrup');
insert into "Cities"("Id", "RegionId", "Name") values (7812, 456, 'Klampenborg');
insert into "Cities"("Id", "RegionId", "Name") values (7813, 456, 'Kongens Lyngby');
insert into "Cities"("Id", "RegionId", "Name") values (7814, 456, 'Lyngby');
insert into "Cities"("Id", "RegionId", "Name") values (7815, 456, 'Risby');
insert into "Cities"("Id", "RegionId", "Name") values (7816, 456, 'Rdovre');
insert into "Cities"("Id", "RegionId", "Name") values (7817, 456, 'Skodsborg');
insert into "Cities"("Id", "RegionId", "Name") values (7818, 456, 'Sborg');
insert into "Cities"("Id", "RegionId", "Name") values (7819, 456, 'Taastrup');
insert into "Cities"("Id", "RegionId", "Name") values (7820, 456, 'Taastrup Valby');
insert into "Cities"("Id", "RegionId", "Name") values (7821, 456, 'Torslunde');
insert into "Cities"("Id", "RegionId", "Name") values (7822, 456, 'Vrlse');
insert into "Cities"("Id", "RegionId", "Name") values (7823, 456, 'West Brndby');
insert into "Cities"("Id", "RegionId", "Name") values (7824, 471, 'Каир');
insert into "Regions"("Id", "CountryId", "Name") values (479, 66, 'Замбия');
insert into "Cities"("Id", "RegionId", "Name") values (7825, 66, 'Базарный Сызган');
insert into "Cities"("Id", "RegionId", "Name") values (7826, 66, 'Барыш');
insert into "Cities"("Id", "RegionId", "Name") values (7827, 66, 'Большое Нагаткино');
insert into "Cities"("Id", "RegionId", "Name") values (7828, 66, 'Вешкайма');
insert into "Cities"("Id", "RegionId", "Name") values (7829, 66, 'Глотовка');
insert into "Cities"("Id", "RegionId", "Name") values (7830, 66, 'Димитровград');
insert into "Cities"("Id", "RegionId", "Name") values (7831, 66, 'Игнатовка');
insert into "Cities"("Id", "RegionId", "Name") values (7832, 66, 'Измайлово');
insert into "Cities"("Id", "RegionId", "Name") values (7833, 66, 'Инза');
insert into "Cities"("Id", "RegionId", "Name") values (7834, 66, 'Ишеевка');
insert into "Cities"("Id", "RegionId", "Name") values (7835, 66, 'Канадей');
insert into "Cities"("Id", "RegionId", "Name") values (7836, 66, 'Карсун');
insert into "Cities"("Id", "RegionId", "Name") values (7837, 66, 'Кузоватово');
insert into "Cities"("Id", "RegionId", "Name") values (7838, 66, 'Майна');
insert into "Cities"("Id", "RegionId", "Name") values (7839, 66, 'Новая Малыкла');
insert into "Cities"("Id", "RegionId", "Name") values (7840, 66, 'Новоспасское');
insert into "Cities"("Id", "RegionId", "Name") values (7841, 66, 'Новоульяновск');
insert into "Cities"("Id", "RegionId", "Name") values (7842, 66, 'Павловка');
insert into "Cities"("Id", "RegionId", "Name") values (7843, 66, 'Радищево');
insert into "Cities"("Id", "RegionId", "Name") values (7844, 66, 'Сенгилей');
insert into "Cities"("Id", "RegionId", "Name") values (7845, 66, 'Старая Кулатка');
insert into "Cities"("Id", "RegionId", "Name") values (7846, 66, 'Старая Майна');
insert into "Cities"("Id", "RegionId", "Name") values (7847, 66, 'Сурское');
insert into "Cities"("Id", "RegionId", "Name") values (7848, 66, 'Тереньга');
insert into "Cities"("Id", "RegionId", "Name") values (7849, 66, 'Ульяновск');
insert into "Cities"("Id", "RegionId", "Name") values (7850, 66, 'Чердаклы');
insert into "Cities"("Id", "RegionId", "Name") values (7851, 391, 'Ahneby');
insert into "Cities"("Id", "RegionId", "Name") values (7852, 391, 'Ahrensbk');
insert into "Cities"("Id", "RegionId", "Name") values (7853, 391, 'Ahrensburg');
insert into "Cities"("Id", "RegionId", "Name") values (7854, 391, 'Albersdorf');
insert into "Cities"("Id", "RegionId", "Name") values (7855, 391, 'Almdorf');
insert into "Cities"("Id", "RegionId", "Name") values (7856, 391, 'Alt Duvenstedt');
insert into "Cities"("Id", "RegionId", "Name") values (7857, 391, 'Alt Mlln');
insert into "Cities"("Id", "RegionId", "Name") values (7858, 391, 'Altenholz');
insert into "Cities"("Id", "RegionId", "Name") values (7859, 391, 'Averlak');
insert into "Cities"("Id", "RegionId", "Name") values (7860, 391, 'Bad Bramstedt');
insert into "Cities"("Id", "RegionId", "Name") values (7861, 391, 'Bad Oldesloe');
insert into "Cities"("Id", "RegionId", "Name") values (7862, 391, 'Bad Schwartau');
insert into "Cities"("Id", "RegionId", "Name") values (7863, 391, 'Bad Segeberg');
insert into "Cities"("Id", "RegionId", "Name") values (7864, 391, 'Bk');
insert into "Cities"("Id", "RegionId", "Name") values (7865, 391, 'Barmstedt');
insert into "Cities"("Id", "RegionId", "Name") values (7866, 391, 'Blunk');
insert into "Cities"("Id", "RegionId", "Name") values (7867, 391, 'Bokel (24802)');
insert into "Cities"("Id", "RegionId", "Name") values (7868, 391, 'Bklund');
insert into "Cities"("Id", "RegionId", "Name") values (7869, 391, 'Bordesholm');
insert into "Cities"("Id", "RegionId", "Name") values (7870, 391, 'Bornhved');
insert into "Cities"("Id", "RegionId", "Name") values (7871, 391, 'Breiholz');
insert into "Cities"("Id", "RegionId", "Name") values (7872, 391, 'Brunsbttel');
insert into "Cities"("Id", "RegionId", "Name") values (7873, 391, 'Bdelsdorf');
insert into "Cities"("Id", "RegionId", "Name") values (7874, 391, 'Burg (Dithmarschen)');
insert into "Cities"("Id", "RegionId", "Name") values (7875, 391, 'Bsum');
insert into "Cities"("Id", "RegionId", "Name") values (7876, 391, 'Dagebll');
insert into "Cities"("Id", "RegionId", "Name") values (7877, 391, 'Dgeling');
insert into "Cities"("Id", "RegionId", "Name") values (7878, 391, 'Dannewerk');
insert into "Cities"("Id", "RegionId", "Name") values (7879, 391, 'Dchelsdorf');
insert into "Cities"("Id", "RegionId", "Name") values (7880, 391, 'Eckernfrde');
insert into "Cities"("Id", "RegionId", "Name") values (7881, 391, 'Elmenhorst (23869)');
insert into "Cities"("Id", "RegionId", "Name") values (7882, 391, 'Elmshorn');
insert into "Cities"("Id", "RegionId", "Name") values (7883, 391, 'Eutin');
insert into "Cities"("Id", "RegionId", "Name") values (7884, 391, 'Fahrdorf');
insert into "Cities"("Id", "RegionId", "Name") values (7885, 391, 'Flensburg');
insert into "Cities"("Id", "RegionId", "Name") values (7886, 391, 'Glcksburg');
insert into "Cities"("Id", "RegionId", "Name") values (7887, 391, 'Glckstadt');
insert into "Cities"("Id", "RegionId", "Name") values (7888, 391, 'Grmitz');
insert into "Cities"("Id", "RegionId", "Name") values (7889, 391, 'Gro Grnau');
insert into "Cities"("Id", "RegionId", "Name") values (7890, 391, 'Handewitt');
insert into "Cities"("Id", "RegionId", "Name") values (7891, 391, 'Harrislee');
insert into "Cities"("Id", "RegionId", "Name") values (7892, 391, 'HIde');
insert into "Cities"("Id", "RegionId", "Name") values (7893, 391, 'Heiligenhafen');
insert into "Cities"("Id", "RegionId", "Name") values (7894, 391, 'Henstedt-Ulzburg');
insert into "Cities"("Id", "RegionId", "Name") values (7895, 391, 'Hohenwestedt');
insert into "Cities"("Id", "RegionId", "Name") values (7896, 391, 'Hohn');
insert into "Cities"("Id", "RegionId", "Name") values (7897, 391, 'Husum');
insert into "Cities"("Id", "RegionId", "Name") values (7898, 391, 'Itzehoe');
insert into "Cities"("Id", "RegionId", "Name") values (7899, 391, 'Kaltenkirchen');
insert into "Cities"("Id", "RegionId", "Name") values (7900, 391, 'Kampen');
insert into "Cities"("Id", "RegionId", "Name") values (7901, 391, 'Kappeln');
insert into "Cities"("Id", "RegionId", "Name") values (7902, 391, 'Kiel');
insert into "Cities"("Id", "RegionId", "Name") values (7903, 391, 'Krempe');
insert into "Cities"("Id", "RegionId", "Name") values (7904, 391, 'Kropp');
insert into "Cities"("Id", "RegionId", "Name") values (7905, 391, 'Leck');
insert into "Cities"("Id", "RegionId", "Name") values (7906, 391, 'Lbeck');
insert into "Cities"("Id", "RegionId", "Name") values (7907, 391, 'Ltjenburg');
insert into "Cities"("Id", "RegionId", "Name") values (7908, 391, 'Malente');
insert into "Cities"("Id", "RegionId", "Name") values (7909, 391, 'Marne');
insert into "Cities"("Id", "RegionId", "Name") values (7910, 391, 'Meldorf');
insert into "Cities"("Id", "RegionId", "Name") values (7911, 391, 'Mlln');
insert into "Cities"("Id", "RegionId", "Name") values (7912, 391, 'Neukirchen (23779)');
insert into "Cities"("Id", "RegionId", "Name") values (7913, 391, 'Neumnster');
insert into "Cities"("Id", "RegionId", "Name") values (7914, 391, 'Neustadt in Holstein');
insert into "Cities"("Id", "RegionId", "Name") values (7915, 391, 'Niebll');
insert into "Cities"("Id", "RegionId", "Name") values (7916, 391, 'Norderstedt');
insert into "Cities"("Id", "RegionId", "Name") values (7917, 391, 'Nortorf (24589)');
insert into "Cities"("Id", "RegionId", "Name") values (7918, 391, 'Oldenburg in Holstein');
insert into "Cities"("Id", "RegionId", "Name") values (7919, 391, 'Padenstedt');
insert into "Cities"("Id", "RegionId", "Name") values (7920, 391, 'Pinneberg');
insert into "Cities"("Id", "RegionId", "Name") values (7921, 391, 'Pln');
insert into "Cities"("Id", "RegionId", "Name") values (7922, 391, 'Preetz');
insert into "Cities"("Id", "RegionId", "Name") values (7923, 391, 'Raisdorf');
insert into "Cities"("Id", "RegionId", "Name") values (7924, 391, 'Ratekau');
insert into "Cities"("Id", "RegionId", "Name") values (7925, 391, 'Ratzeburg');
insert into "Cities"("Id", "RegionId", "Name") values (7926, 391, 'Reinbek');
insert into "Cities"("Id", "RegionId", "Name") values (7927, 391, 'Reinfeld (Holstein)');
insert into "Cities"("Id", "RegionId", "Name") values (7928, 391, 'Rendsburg');
insert into "Cities"("Id", "RegionId", "Name") values (7929, 391, 'Satrup');
insert into "Cities"("Id", "RegionId", "Name") values (7930, 391, 'Schacht-Audorf');
insert into "Cities"("Id", "RegionId", "Name") values (7931, 391, 'Scharbeutz');
insert into "Cities"("Id", "RegionId", "Name") values (7932, 391, 'Schierensee');
insert into "Cities"("Id", "RegionId", "Name") values (7933, 391, 'Schleswig');
insert into "Cities"("Id", "RegionId", "Name") values (7934, 391, 'Schwarzenbek');
insert into "Cities"("Id", "RegionId", "Name") values (7935, 391, 'Sterup');
insert into "Cities"("Id", "RegionId", "Name") values (7936, 391, 'Stockelsdorf');
insert into "Cities"("Id", "RegionId", "Name") values (7937, 391, 'Sderbrarup');
insert into "Cities"("Id", "RegionId", "Name") values (7938, 391, 'Tarp');
insert into "Cities"("Id", "RegionId", "Name") values (7939, 391, 'Timmendorfer Strand');
insert into "Cities"("Id", "RegionId", "Name") values (7940, 391, 'Tornesch');
insert into "Cities"("Id", "RegionId", "Name") values (7941, 391, 'Trappenkamp');
insert into "Cities"("Id", "RegionId", "Name") values (7942, 391, 'Uetersen');
insert into "Cities"("Id", "RegionId", "Name") values (7943, 391, 'Wahlstedt');
insert into "Cities"("Id", "RegionId", "Name") values (7944, 391, 'Warnau');
insert into "Cities"("Id", "RegionId", "Name") values (7945, 391, 'Wedel');
insert into "Cities"("Id", "RegionId", "Name") values (7946, 391, 'Westerland');
insert into "Cities"("Id", "RegionId", "Name") values (7947, 391, 'Wilster');
insert into "Cities"("Id", "RegionId", "Name") values (7948, 391, 'Wyk auf Fhr');
insert into "Cities"("Id", "RegionId", "Name") values (7949, 406, 'Dhrma');
insert into "Cities"("Id", "RegionId", "Name") values (7950, 406, 'Drma');
insert into "Cities"("Id", "RegionId", "Name") values (7951, 406, 'Exoch');
insert into "Cities"("Id", "RegionId", "Name") values (7952, 406, 'Exokh');
insert into "Cities"("Id", "RegionId", "Name") values (7953, 457, 'SIdstrup');
insert into "Cities"("Id", "RegionId", "Name") values (7954, 472, 'Асуан');
insert into "Cities"("Id", "RegionId", "Name") values (7955, 479, 'Китве-Нкана');
insert into "Cities"("Id", "RegionId", "Name") values (7956, 479, 'Лусака');
insert into "Cities"("Id", "RegionId", "Name") values (7957, 479, 'Ндола');
insert into "Regions"("Id", "CountryId", "Name") values (480, 67, 'Западная Сахара');
insert into "Cities"("Id", "RegionId", "Name") values (7958, 67, 'Аксай (Уральская обл.)');
insert into "Cities"("Id", "RegionId", "Name") values (7959, 67, 'Дарьинское');
insert into "Cities"("Id", "RegionId", "Name") values (7960, 67, 'Деркул');
insert into "Cities"("Id", "RegionId", "Name") values (7961, 67, 'Джамбейты');
insert into "Cities"("Id", "RegionId", "Name") values (7962, 67, 'Переметное');
insert into "Cities"("Id", "RegionId", "Name") values (7963, 67, 'Уральск');
insert into "Cities"("Id", "RegionId", "Name") values (7964, 67, 'Федоровка (Уральская обл.)');
insert into "Cities"("Id", "RegionId", "Name") values (7965, 67, 'Фурманово');
insert into "Cities"("Id", "RegionId", "Name") values (7966, 67, 'Чапаев');
insert into "Cities"("Id", "RegionId", "Name") values (7967, 392, 'Abtsbessingen');
insert into "Cities"("Id", "RegionId", "Name") values (7968, 392, 'Ahlstdt');
insert into "Cities"("Id", "RegionId", "Name") values (7969, 392, 'Albersdorf');
insert into "Cities"("Id", "RegionId", "Name") values (7970, 392, 'Allendorf');
insert into "Cities"("Id", "RegionId", "Name") values (7971, 392, 'Altenburg');
insert into "Cities"("Id", "RegionId", "Name") values (7972, 392, 'Altkirchen');
insert into "Cities"("Id", "RegionId", "Name") values (7973, 392, 'Anrode');
insert into "Cities"("Id", "RegionId", "Name") values (7974, 392, 'Apolda');
insert into "Cities"("Id", "RegionId", "Name") values (7975, 392, 'Arnsgereuth');
insert into "Cities"("Id", "RegionId", "Name") values (7976, 392, 'Arnstadt');
insert into "Cities"("Id", "RegionId", "Name") values (7977, 392, 'Artern');
insert into "Cities"("Id", "RegionId", "Name") values (7978, 392, 'Aspach');
insert into "Cities"("Id", "RegionId", "Name") values (7979, 392, 'Auleben');
insert into "Cities"("Id", "RegionId", "Name") values (7980, 392, 'Bachfeld');
insert into "Cities"("Id", "RegionId", "Name") values (7981, 392, 'Bad Berka');
insert into "Cities"("Id", "RegionId", "Name") values (7982, 392, 'Bad Blankenburg');
insert into "Cities"("Id", "RegionId", "Name") values (7983, 392, 'Bad Langensalza');
insert into "Cities"("Id", "RegionId", "Name") values (7984, 392, 'Bad Liebenstein');
insert into "Cities"("Id", "RegionId", "Name") values (7985, 392, 'Bad Salzungen');
insert into "Cities"("Id", "RegionId", "Name") values (7986, 392, 'Bad Sulza');
insert into "Cities"("Id", "RegionId", "Name") values (7987, 392, 'Ballstdt');
insert into "Cities"("Id", "RegionId", "Name") values (7988, 392, 'Ballstedt');
insert into "Cities"("Id", "RegionId", "Name") values (7989, 392, 'Bischofferode');
insert into "Cities"("Id", "RegionId", "Name") values (7990, 392, 'Creuzburg');
insert into "Cities"("Id", "RegionId", "Name") values (7991, 392, 'Dingelstdt');
insert into "Cities"("Id", "RegionId", "Name") values (7992, 392, 'Drogen');
insert into "Cities"("Id", "RegionId", "Name") values (7993, 392, 'Eisenach');
insert into "Cities"("Id", "RegionId", "Name") values (7994, 392, 'Eisenberg');
insert into "Cities"("Id", "RegionId", "Name") values (7995, 392, 'Eisfeld');
insert into "Cities"("Id", "RegionId", "Name") values (7996, 392, 'Erbenhausen');
insert into "Cities"("Id", "RegionId", "Name") values (7997, 392, 'Erfurt');
insert into "Cities"("Id", "RegionId", "Name") values (7998, 392, 'Gera');
insert into "Cities"("Id", "RegionId", "Name") values (7999, 392, 'Gotha');
insert into "Cities"("Id", "RegionId", "Name") values (8000, 392, 'Greiz');
insert into "Cities"("Id", "RegionId", "Name") values (8001, 392, 'Hausen');
insert into "Cities"("Id", "RegionId", "Name") values (8002, 392, 'Heilbad Heiligenstadt');
insert into "Cities"("Id", "RegionId", "Name") values (8003, 392, 'Hermsdorf');
insert into "Cities"("Id", "RegionId", "Name") values (8004, 392, 'Hildburghausen');
insert into "Cities"("Id", "RegionId", "Name") values (8005, 392, 'Ilmenau');
insert into "Cities"("Id", "RegionId", "Name") values (8006, 392, 'Jena');
insert into "Cities"("Id", "RegionId", "Name") values (8007, 392, 'Kahla');
insert into "Cities"("Id", "RegionId", "Name") values (8008, 392, 'Kamsdorf');
insert into "Cities"("Id", "RegionId", "Name") values (8009, 392, 'Klleda');
insert into "Cities"("Id", "RegionId", "Name") values (8010, 392, 'Krlpa');
insert into "Cities"("Id", "RegionId", "Name") values (8011, 392, 'Leinefelde');
insert into "Cities"("Id", "RegionId", "Name") values (8012, 392, 'Leutenberg');
insert into "Cities"("Id", "RegionId", "Name") values (8013, 392, 'Lobenstein');
insert into "Cities"("Id", "RegionId", "Name") values (8014, 392, 'Meiningen');
insert into "Cities"("Id", "RegionId", "Name") values (8015, 392, 'Meuselwitz');
insert into "Cities"("Id", "RegionId", "Name") values (8016, 392, 'Mhlberg');
insert into "Cities"("Id", "RegionId", "Name") values (8017, 392, 'Mhlhausen');
insert into "Cities"("Id", "RegionId", "Name") values (8018, 392, 'Mlverstedt');
insert into "Cities"("Id", "RegionId", "Name") values (8019, 392, 'Nordhausen');
insert into "Cities"("Id", "RegionId", "Name") values (8020, 392, 'Pneck');
insert into "Cities"("Id", "RegionId", "Name") values (8021, 392, 'Ringleben (99189)');
insert into "Cities"("Id", "RegionId", "Name") values (8022, 392, 'Rosendorf');
insert into "Cities"("Id", "RegionId", "Name") values (8023, 392, 'Rudolstadt');
insert into "Cities"("Id", "RegionId", "Name") values (8024, 392, 'Ruhla');
insert into "Cities"("Id", "RegionId", "Name") values (8025, 392, 'Saalfeld/Saale');
insert into "Cities"("Id", "RegionId", "Name") values (8026, 392, 'Schklen');
insert into "Cities"("Id", "RegionId", "Name") values (8027, 392, 'Schleiz');
insert into "Cities"("Id", "RegionId", "Name") values (8028, 392, 'Schmalkalden');
insert into "Cities"("Id", "RegionId", "Name") values (8029, 392, 'Schmlln');
insert into "Cities"("Id", "RegionId", "Name") values (8030, 392, 'Sitzendorf');
insert into "Cities"("Id", "RegionId", "Name") values (8031, 392, 'Smmerda');
insert into "Cities"("Id", "RegionId", "Name") values (8032, 392, 'Sondershausen');
insert into "Cities"("Id", "RegionId", "Name") values (8033, 392, 'Sonneberg');
insert into "Cities"("Id", "RegionId", "Name") values (8034, 392, 'Stadtilm');
insert into "Cities"("Id", "RegionId", "Name") values (8035, 392, 'Steinbach-Hallenberg');
insert into "Cities"("Id", "RegionId", "Name") values (8036, 392, 'Suhl');
insert into "Cities"("Id", "RegionId", "Name") values (8037, 392, 'Vachdorf');
insert into "Cities"("Id", "RegionId", "Name") values (8038, 392, 'Veilsdorf');
insert into "Cities"("Id", "RegionId", "Name") values (8039, 392, 'WIda');
insert into "Cities"("Id", "RegionId", "Name") values (8040, 392, 'Weimar');
insert into "Cities"("Id", "RegionId", "Name") values (8041, 392, 'Zella');
insert into "Cities"("Id", "RegionId", "Name") values (8042, 392, 'Zella-Mehlis');
insert into "Cities"("Id", "RegionId", "Name") values (8043, 392, 'Zeulenroda');
insert into "Cities"("Id", "RegionId", "Name") values (8044, 392, 'Zimmern');
insert into "Cities"("Id", "RegionId", "Name") values (8045, 392, 'Zwinge');
insert into "Cities"("Id", "RegionId", "Name") values (8046, 407, 'gios Antnios');
insert into "Cities"("Id", "RegionId", "Name") values (8047, 407, 'grafa');
insert into "Cities"("Id", "RegionId", "Name") values (8048, 458, 'Aalbk');
insert into "Cities"("Id", "RegionId", "Name") values (8049, 458, 'Aalborg');
insert into "Cities"("Id", "RegionId", "Name") values (8050, 458, 'Aars');
insert into "Cities"("Id", "RegionId", "Name") values (8051, 458, 'lborg');
insert into "Cities"("Id", "RegionId", "Name") values (8052, 458, 'Arden');
insert into "Cities"("Id", "RegionId", "Name") values (8053, 458, 'rs');
insert into "Cities"("Id", "RegionId", "Name") values (8054, 458, 'Brovst');
insert into "Cities"("Id", "RegionId", "Name") values (8055, 458, 'Brnderslev');
insert into "Cities"("Id", "RegionId", "Name") values (8056, 458, 'Fars');
insert into "Cities"("Id", "RegionId", "Name") values (8057, 458, 'Fjerritslev');
insert into "Cities"("Id", "RegionId", "Name") values (8058, 458, 'Frederikshavn');
insert into "Cities"("Id", "RegionId", "Name") values (8059, 458, 'Grindsted');
insert into "Cities"("Id", "RegionId", "Name") values (8060, 458, 'Hadsund');
insert into "Cities"("Id", "RegionId", "Name") values (8061, 458, 'Hirtshals');
insert into "Cities"("Id", "RegionId", "Name") values (8062, 458, 'Hjrring');
insert into "Cities"("Id", "RegionId", "Name") values (8063, 458, 'Hobro');
insert into "Cities"("Id", "RegionId", "Name") values (8064, 458, 'Hornum');
insert into "Cities"("Id", "RegionId", "Name") values (8065, 458, 'Horsens');
insert into "Cities"("Id", "RegionId", "Name") values (8066, 458, 'Hurup');
insert into "Cities"("Id", "RegionId", "Name") values (8067, 458, 'Jerslev');
insert into "Cities"("Id", "RegionId", "Name") values (8068, 458, 'Lgstr');
insert into "Cities"("Id", "RegionId", "Name") values (8069, 458, 'Lkken');
insert into "Cities"("Id", "RegionId", "Name") values (8070, 458, 'Nibe');
insert into "Cities"("Id", "RegionId", "Name") values (8071, 458, 'Rebild');
insert into "Cities"("Id", "RegionId", "Name") values (8072, 458, 'Saltum');
insert into "Cities"("Id", "RegionId", "Name") values (8073, 458, 'Sby');
insert into "Cities"("Id", "RegionId", "Name") values (8074, 458, 'Skagen');
insert into "Cities"("Id", "RegionId", "Name") values (8075, 458, 'Tisted');
insert into "Cities"("Id", "RegionId", "Name") values (8076, 458, 'Vegger');
insert into "Cities"("Id", "RegionId", "Name") values (8077, 473, 'Асыут');
insert into "Cities"("Id", "RegionId", "Name") values (8078, 480, 'Нуадибу');
insert into "Cities"("Id", "RegionId", "Name") values (8079, 480, 'Эль-Аюн');
insert into "Regions"("Id", "CountryId", "Name") values (481, 68, 'Зимбабве');
insert into "Cities"("Id", "RegionId", "Name") values (8080, 68, 'Амурск');
insert into "Cities"("Id", "RegionId", "Name") values (8081, 68, 'Аян');
insert into "Cities"("Id", "RegionId", "Name") values (8082, 68, 'Березовый');
insert into "Cities"("Id", "RegionId", "Name") values (8083, 68, 'Бикин');
insert into "Cities"("Id", "RegionId", "Name") values (8084, 68, 'Бира');
insert into "Cities"("Id", "RegionId", "Name") values (8085, 68, 'Биракан');
insert into "Cities"("Id", "RegionId", "Name") values (8086, 68, 'Богородское (Хабаровский край)');
insert into "Cities"("Id", "RegionId", "Name") values (8087, 68, 'Ванино');
insert into "Cities"("Id", "RegionId", "Name") values (8088, 68, 'Волочаевка Вторая');
insert into "Cities"("Id", "RegionId", "Name") values (8089, 68, 'Высокогорный');
insert into "Cities"("Id", "RegionId", "Name") values (8090, 68, 'Вяземский');
insert into "Cities"("Id", "RegionId", "Name") values (8091, 68, 'Горный');
insert into "Cities"("Id", "RegionId", "Name") values (8092, 68, 'Гурское');
insert into "Cities"("Id", "RegionId", "Name") values (8093, 68, 'Дормидонтовка');
insert into "Cities"("Id", "RegionId", "Name") values (8094, 68, 'Заветы Ильича');
insert into "Cities"("Id", "RegionId", "Name") values (8095, 68, 'Известковый');
insert into "Cities"("Id", "RegionId", "Name") values (8096, 68, 'Иннокентьевка');
insert into "Cities"("Id", "RegionId", "Name") values (8097, 68, 'Комсомольск-на-Амуре');
insert into "Cities"("Id", "RegionId", "Name") values (8098, 68, 'Ленинское');
insert into "Cities"("Id", "RegionId", "Name") values (8099, 68, 'Нелькан');
insert into "Cities"("Id", "RegionId", "Name") values (8100, 68, 'Николаевск-на-Амуре');
insert into "Cities"("Id", "RegionId", "Name") values (8101, 68, 'Облучье');
insert into "Cities"("Id", "RegionId", "Name") values (8102, 68, 'Охотск');
insert into "Cities"("Id", "RegionId", "Name") values (8103, 68, 'Переяславка');
insert into "Cities"("Id", "RegionId", "Name") values (8104, 68, 'Смидович');
insert into "Cities"("Id", "RegionId", "Name") values (8105, 68, 'Советская Гавань');
insert into "Cities"("Id", "RegionId", "Name") values (8106, 68, 'Софийск');
insert into "Cities"("Id", "RegionId", "Name") values (8107, 68, 'Троицкое');
insert into "Cities"("Id", "RegionId", "Name") values (8108, 68, 'Тугур');
insert into "Cities"("Id", "RegionId", "Name") values (8109, 68, 'Хабаровск');
insert into "Cities"("Id", "RegionId", "Name") values (8110, 68, 'Чегдомын');
insert into "Cities"("Id", "RegionId", "Name") values (8111, 68, 'Чумикан');
insert into "Cities"("Id", "RegionId", "Name") values (8112, 408, 'Alexandhropolis');
insert into "Cities"("Id", "RegionId", "Name") values (8113, 408, 'Alexandropoli');
insert into "Cities"("Id", "RegionId", "Name") values (8114, 408, 'Alexandropolis');
insert into "Cities"("Id", "RegionId", "Name") values (8115, 408, 'DIdhimtikhon');
insert into "Cities"("Id", "RegionId", "Name") values (8116, 408, 'Idymteicho');
insert into "Cities"("Id", "RegionId", "Name") values (8117, 408, 'Dlofos');
insert into "Cities"("Id", "RegionId", "Name") values (8118, 408, 'Fres');
insert into "Cities"("Id", "RegionId", "Name") values (8119, 408, 'OresIda');
insert into "Cities"("Id", "RegionId", "Name") values (8120, 408, 'Soufl');
insert into "Cities"("Id", "RegionId", "Name") values (8121, 459, 'dal');
insert into "Cities"("Id", "RegionId", "Name") values (8122, 459, 'rre');
insert into "Cities"("Id", "RegionId", "Name") values (8123, 459, 'Astrup');
insert into "Cities"("Id", "RegionId", "Name") values (8124, 459, 'Billund');
insert into "Cities"("Id", "RegionId", "Name") values (8125, 459, 'Bramming');
insert into "Cities"("Id", "RegionId", "Name") values (8126, 459, 'Bryndumdam');
insert into "Cities"("Id", "RegionId", "Name") values (8127, 459, 'Donslund');
insert into "Cities"("Id", "RegionId", "Name") values (8128, 459, 'Esbjrg');
insert into "Cities"("Id", "RegionId", "Name") values (8129, 459, 'Esbjerg');
insert into "Cities"("Id", "RegionId", "Name") values (8130, 459, 'Grding');
insert into "Cities"("Id", "RegionId", "Name") values (8131, 459, 'Grindsted');
insert into "Cities"("Id", "RegionId", "Name") values (8132, 459, 'Holsted');
insert into "Cities"("Id", "RegionId", "Name") values (8133, 459, 'Hovborg');
insert into "Cities"("Id", "RegionId", "Name") values (8134, 459, 'Lintrup');
insert into "Cities"("Id", "RegionId", "Name") values (8135, 459, 'Lunde');
insert into "Cities"("Id", "RegionId", "Name") values (8136, 459, 'Nrre Nebel');
insert into "Cities"("Id", "RegionId", "Name") values (8137, 459, 'lgod');
insert into "Cities"("Id", "RegionId", "Name") values (8138, 459, 'Ribe');
insert into "Cities"("Id", "RegionId", "Name") values (8139, 459, 'Roager');
insert into "Cities"("Id", "RegionId", "Name") values (8140, 459, 'Store Darum');
insert into "Cities"("Id", "RegionId", "Name") values (8141, 459, 'Varde');
insert into "Cities"("Id", "RegionId", "Name") values (8142, 459, 'Vejen');
insert into "Cities"("Id", "RegionId", "Name") values (8143, 459, 'Vester Vejrup');
insert into "Cities"("Id", "RegionId", "Name") values (8144, 474, 'Бени Суэф');
insert into "Cities"("Id", "RegionId", "Name") values (8145, 481, 'Булавайо');
insert into "Cities"("Id", "RegionId", "Name") values (8146, 481, 'Хараре');
insert into "Regions"("Id", "CountryId", "Name") values (482, 69, 'Вади-Ара');
insert into "Regions"("Id", "CountryId", "Name") values (483, 69, 'Иерусалим');
insert into "Regions"("Id", "CountryId", "Name") values (484, 69, 'Рамат ХаГолан');
insert into "Regions"("Id", "CountryId", "Name") values (485, 69, 'Тель-Авив');
insert into "Regions"("Id", "CountryId", "Name") values (486, 69, 'Хадаром');
insert into "Regions"("Id", "CountryId", "Name") values (487, 69, 'Хайфа');
insert into "Regions"("Id", "CountryId", "Name") values (488, 69, 'Хамерказ');
insert into "Regions"("Id", "CountryId", "Name") values (489, 69, 'Хацафон');
insert into "Cities"("Id", "RegionId", "Name") values (8147, 69, 'Абакан');
insert into "Cities"("Id", "RegionId", "Name") values (8148, 69, 'Саяногорск');
insert into "Cities"("Id", "RegionId", "Name") values (8149, 69, 'Черногорск');
insert into "Cities"("Id", "RegionId", "Name") values (8150, 409, 'Chalkda');
insert into "Cities"("Id", "RegionId", "Name") values (8151, 409, 'Chalks');
insert into "Cities"("Id", "RegionId", "Name") values (8152, 409, 'Istiaa');
insert into "Cities"("Id", "RegionId", "Name") values (8153, 409, 'Kristos');
insert into "Cities"("Id", "RegionId", "Name") values (8154, 409, 'Mantodion');
insert into "Cities"("Id", "RegionId", "Name") values (8155, 460, 'dum');
insert into "Cities"("Id", "RegionId", "Name") values (8156, 460, 'Agerskov');
insert into "Cities"("Id", "RegionId", "Name") values (8157, 460, 'Aulum');
insert into "Cities"("Id", "RegionId", "Name") values (8158, 460, 'Barde');
insert into "Cities"("Id", "RegionId", "Name") values (8159, 460, 'Borris');
insert into "Cities"("Id", "RegionId", "Name") values (8160, 460, 'Bvlingbjerg');
insert into "Cities"("Id", "RegionId", "Name") values (8161, 460, 'Brande');
insert into "Cities"("Id", "RegionId", "Name") values (8162, 460, 'Brorstrup');
insert into "Cities"("Id", "RegionId", "Name") values (8163, 460, 'Finderup');
insert into "Cities"("Id", "RegionId", "Name") values (8164, 460, 'Herborg');
insert into "Cities"("Id", "RegionId", "Name") values (8165, 460, 'Herning');
insert into "Cities"("Id", "RegionId", "Name") values (8166, 460, 'Holstebro');
insert into "Cities"("Id", "RegionId", "Name") values (8167, 460, 'Hoven');
insert into "Cities"("Id", "RegionId", "Name") values (8168, 460, 'HIde Sande');
insert into "Cities"("Id", "RegionId", "Name") values (8169, 460, 'Kibk');
insert into "Cities"("Id", "RegionId", "Name") values (8170, 460, 'Lem');
insert into "Cities"("Id", "RegionId", "Name") values (8171, 460, 'Lemvig');
insert into "Cities"("Id", "RegionId", "Name") values (8172, 460, 'Lind');
insert into "Cities"("Id", "RegionId", "Name") values (8173, 460, 'Lnborg');
insert into "Cities"("Id", "RegionId", "Name") values (8174, 460, 'Mborg');
insert into "Cities"("Id", "RegionId", "Name") values (8175, 460, 'rnhj');
insert into "Cities"("Id", "RegionId", "Name") values (8176, 460, 'Ringkjbing');
insert into "Cities"("Id", "RegionId", "Name") values (8177, 460, 'Ringkbing');
insert into "Cities"("Id", "RegionId", "Name") values (8178, 460, 'Skern');
insert into "Cities"("Id", "RegionId", "Name") values (8179, 460, 'Skjern');
insert into "Cities"("Id", "RegionId", "Name") values (8180, 460, 'Struer');
insert into "Cities"("Id", "RegionId", "Name") values (8181, 460, 'Tarm');
insert into "Cities"("Id", "RegionId", "Name") values (8182, 460, 'Tim');
insert into "Cities"("Id", "RegionId", "Name") values (8183, 460, 'Ulfborg');
insert into "Cities"("Id", "RegionId", "Name") values (8184, 460, 'Idebk');
insert into "Cities"("Id", "RegionId", "Name") values (8185, 460, 'Vilbjerg');
insert into "Cities"("Id", "RegionId", "Name") values (8186, 460, 'Vildbjerg');
insert into "Cities"("Id", "RegionId", "Name") values (8187, 460, 'Vinderup');
insert into "Cities"("Id", "RegionId", "Name") values (8188, 475, 'Танта');
insert into "Cities"("Id", "RegionId", "Name") values (8189, 482, 'Хариш');
insert into "Cities"("Id", "RegionId", "Name") values (8190, 482, 'Кацир');
insert into "Regions"("Id", "CountryId", "Name") values (490, 70, 'Bangla');
insert into "Regions"("Id", "CountryId", "Name") values (491, 70, 'Chhattisgarh');
insert into "Regions"("Id", "CountryId", "Name") values (492, 70, 'Karnataka');
insert into "Regions"("Id", "CountryId", "Name") values (493, 70, 'Андхра-Прадеш');
insert into "Regions"("Id", "CountryId", "Name") values (494, 70, 'Ассам');
insert into "Regions"("Id", "CountryId", "Name") values (495, 70, 'Бихар');
insert into "Regions"("Id", "CountryId", "Name") values (496, 70, 'Гуджарат');
insert into "Regions"("Id", "CountryId", "Name") values (497, 70, 'Джамму и Кашмир');
insert into "Regions"("Id", "CountryId", "Name") values (498, 70, 'Индия');
insert into "Regions"("Id", "CountryId", "Name") values (499, 70, 'Керала');
insert into "Regions"("Id", "CountryId", "Name") values (500, 70, 'Мадхья-Прадеш');
insert into "Regions"("Id", "CountryId", "Name") values (501, 70, 'Манипур');
insert into "Regions"("Id", "CountryId", "Name") values (502, 70, 'Махараштра');
insert into "Regions"("Id", "CountryId", "Name") values (503, 70, 'Орисса');
insert into "Regions"("Id", "CountryId", "Name") values (504, 70, 'Пенджаб');
insert into "Regions"("Id", "CountryId", "Name") values (505, 70, 'Пондишери');
insert into "Regions"("Id", "CountryId", "Name") values (506, 70, 'Раджастхан');
insert into "Regions"("Id", "CountryId", "Name") values (507, 70, 'Тамилнад');
insert into "Regions"("Id", "CountryId", "Name") values (508, 70, 'Трипура');
insert into "Regions"("Id", "CountryId", "Name") values (509, 70, 'Уттар-Прадеш');
insert into "Regions"("Id", "CountryId", "Name") values (510, 70, 'Харьяна');
insert into "Regions"("Id", "CountryId", "Name") values (511, 70, 'Чандигарх');
insert into "Cities"("Id", "RegionId", "Name") values (8191, 70, 'Агаповка');
insert into "Cities"("Id", "RegionId", "Name") values (8192, 70, 'Аргаяш');
insert into "Cities"("Id", "RegionId", "Name") values (8193, 70, 'Аша');
insert into "Cities"("Id", "RegionId", "Name") values (8194, 70, 'Бакал');
insert into "Cities"("Id", "RegionId", "Name") values (8195, 70, 'Бреды');
insert into "Cities"("Id", "RegionId", "Name") values (8196, 70, 'Варна');
insert into "Cities"("Id", "RegionId", "Name") values (8197, 70, 'Верхнеуральск');
insert into "Cities"("Id", "RegionId", "Name") values (8198, 70, 'Верхний Уфалей');
insert into "Cities"("Id", "RegionId", "Name") values (8199, 70, 'Еманжелинск');
insert into "Cities"("Id", "RegionId", "Name") values (8200, 70, 'Златоуст');
insert into "Cities"("Id", "RegionId", "Name") values (8201, 70, 'Карабаш');
insert into "Cities"("Id", "RegionId", "Name") values (8202, 70, 'Карталы');
insert into "Cities"("Id", "RegionId", "Name") values (8203, 70, 'Касли');
insert into "Cities"("Id", "RegionId", "Name") values (8204, 70, 'Катав-Ивановск');
insert into "Cities"("Id", "RegionId", "Name") values (8205, 70, 'Копейск');
insert into "Cities"("Id", "RegionId", "Name") values (8206, 70, 'Коркино');
insert into "Cities"("Id", "RegionId", "Name") values (8207, 70, 'Красногорский');
insert into "Cities"("Id", "RegionId", "Name") values (8208, 70, 'Кунашак');
insert into "Cities"("Id", "RegionId", "Name") values (8209, 70, 'Куса');
insert into "Cities"("Id", "RegionId", "Name") values (8210, 70, 'Кыштым');
insert into "Cities"("Id", "RegionId", "Name") values (8211, 70, 'Магнитогорск');
insert into "Cities"("Id", "RegionId", "Name") values (8212, 70, 'Миасс');
insert into "Cities"("Id", "RegionId", "Name") values (8213, 70, 'Миньяр');
insert into "Cities"("Id", "RegionId", "Name") values (8214, 70, 'Озерск(Челябинская обл.)');
insert into "Cities"("Id", "RegionId", "Name") values (8215, 70, 'Октябрьское (Челябинская обл.)');
insert into "Cities"("Id", "RegionId", "Name") values (8216, 70, 'Пласт');
insert into "Cities"("Id", "RegionId", "Name") values (8217, 70, 'Сатка');
insert into "Cities"("Id", "RegionId", "Name") values (8218, 70, 'Сим');
insert into "Cities"("Id", "RegionId", "Name") values (8219, 70, 'Снежинск (Челябинская обл.)');
insert into "Cities"("Id", "RegionId", "Name") values (8220, 70, 'Трехгорный');
insert into "Cities"("Id", "RegionId", "Name") values (8221, 70, 'Троицк');
insert into "Cities"("Id", "RegionId", "Name") values (8222, 70, 'Увельский');
insert into "Cities"("Id", "RegionId", "Name") values (8223, 70, 'Уйское');
insert into "Cities"("Id", "RegionId", "Name") values (8224, 70, 'Усть-Катав');
insert into "Cities"("Id", "RegionId", "Name") values (8225, 70, 'Фершампенуаз');
insert into "Cities"("Id", "RegionId", "Name") values (8226, 70, 'Чебаркуль');
insert into "Cities"("Id", "RegionId", "Name") values (8227, 70, 'Челябинск');
insert into "Cities"("Id", "RegionId", "Name") values (8228, 70, 'Чесма');
insert into "Cities"("Id", "RegionId", "Name") values (8229, 70, 'Южно-Уральск');
insert into "Cities"("Id", "RegionId", "Name") values (8230, 70, 'Юрюзань');
insert into "Cities"("Id", "RegionId", "Name") values (8231, 410, 'Flrina');
insert into "Cities"("Id", "RegionId", "Name") values (8232, 410, 'Nvista');
insert into "Cities"("Id", "RegionId", "Name") values (8233, 410, 'Opa');
insert into "Cities"("Id", "RegionId", "Name") values (8234, 410, 'Plorina');
insert into "Cities"("Id", "RegionId", "Name") values (8235, 410, 'Vvani');
insert into "Cities"("Id", "RegionId", "Name") values (8236, 461, 'Algestrup');
insert into "Cities"("Id", "RegionId", "Name") values (8237, 461, 'Assendlse');
insert into "Cities"("Id", "RegionId", "Name") values (8238, 461, 'Gadstrup');
insert into "Cities"("Id", "RegionId", "Name") values (8239, 461, 'Hvals');
insert into "Cities"("Id", "RegionId", "Name") values (8240, 461, 'Kirke Sonnerup');
insert into "Cities"("Id", "RegionId", "Name") values (8241, 461, 'Kge');
insert into "Cities"("Id", "RegionId", "Name") values (8242, 461, 'Idemark');
insert into "Cities"("Id", "RegionId", "Name") values (8243, 461, 'Lyngby');
insert into "Cities"("Id", "RegionId", "Name") values (8244, 461, 'Roskilde');
insert into "Cities"("Id", "RegionId", "Name") values (8245, 461, 'Solrd Strand');
insert into "Cities"("Id", "RegionId", "Name") values (8246, 461, 'Viby');
insert into "Cities"("Id", "RegionId", "Name") values (8247, 476, 'Думият');
insert into "Cities"("Id", "RegionId", "Name") values (8248, 483, 'Бейт-шемеш');
insert into "Cities"("Id", "RegionId", "Name") values (8249, 483, 'Иерусалим');
insert into "Cities"("Id", "RegionId", "Name") values (8250, 483, 'Модиин');
insert into "Cities"("Id", "RegionId", "Name") values (8251, 490, 'Асансол');
insert into "Cities"("Id", "RegionId", "Name") values (8252, 490, 'Байдьябати');
insert into "Cities"("Id", "RegionId", "Name") values (8253, 490, 'Даржилинг');
insert into "Cities"("Id", "RegionId", "Name") values (8254, 490, 'Дум-Дум');
insert into "Cities"("Id", "RegionId", "Name") values (8255, 490, 'Кришнанагар');
insert into "Regions"("Id", "CountryId", "Name") values (512, 71, 'Индонезия');
insert into "Cities"("Id", "RegionId", "Name") values (8256, 71, 'Аргун');
insert into "Cities"("Id", "RegionId", "Name") values (8257, 71, 'Грозный');
insert into "Cities"("Id", "RegionId", "Name") values (8258, 71, 'Гудермес');
insert into "Cities"("Id", "RegionId", "Name") values (8259, 71, 'Знаменское');
insert into "Cities"("Id", "RegionId", "Name") values (8260, 71, 'Малгобек');
insert into "Cities"("Id", "RegionId", "Name") values (8261, 71, 'Назрань');
insert into "Cities"("Id", "RegionId", "Name") values (8262, 71, 'Наурская');
insert into "Cities"("Id", "RegionId", "Name") values (8263, 71, 'Ножай-Юрт');
insert into "Cities"("Id", "RegionId", "Name") values (8264, 71, 'Орджоникидзевская');
insert into "Cities"("Id", "RegionId", "Name") values (8265, 71, 'Советское (Чечено-Ингушетия)');
insert into "Cities"("Id", "RegionId", "Name") values (8266, 71, 'Урус-Мартан');
insert into "Cities"("Id", "RegionId", "Name") values (8267, 71, 'Шали');
insert into "Cities"("Id", "RegionId", "Name") values (8268, 411, 'Atalnti');
insert into "Cities"("Id", "RegionId", "Name") values (8269, 411, 'Lama');
insert into "Cities"("Id", "RegionId", "Name") values (8270, 462, 'Aabenraa');
insert into "Cities"("Id", "RegionId", "Name") values (8271, 462, 'benr');
insert into "Cities"("Id", "RegionId", "Name") values (8272, 462, 'Aller');
insert into "Cities"("Id", "RegionId", "Name") values (8273, 462, 'Ballum');
insert into "Cities"("Id", "RegionId", "Name") values (8274, 462, 'Bevtoft');
insert into "Cities"("Id", "RegionId", "Name") values (8275, 462, 'Branderup');
insert into "Cities"("Id", "RegionId", "Name") values (8276, 462, 'Bredebro');
insert into "Cities"("Id", "RegionId", "Name") values (8277, 462, 'Drengsted');
insert into "Cities"("Id", "RegionId", "Name") values (8278, 462, 'Grsten');
insert into "Cities"("Id", "RegionId", "Name") values (8279, 462, 'Haderslev');
insert into "Cities"("Id", "RegionId", "Name") values (8280, 462, 'Hjrup');
insert into "Cities"("Id", "RegionId", "Name") values (8281, 462, 'Kliplev');
insert into "Cities"("Id", "RegionId", "Name") values (8282, 462, 'Magstrup');
insert into "Cities"("Id", "RegionId", "Name") values (8283, 462, 'Nordborg');
insert into "Cities"("Id", "RegionId", "Name") values (8284, 462, 'Padborg');
insert into "Cities"("Id", "RegionId", "Name") values (8285, 462, 'Randerup');
insert into "Cities"("Id", "RegionId", "Name") values (8286, 462, 'Rangstrup');
insert into "Cities"("Id", "RegionId", "Name") values (8287, 462, 'Rdding');
insert into "Cities"("Id", "RegionId", "Name") values (8288, 462, 'Rdekro');
insert into "Cities"("Id", "RegionId", "Name") values (8289, 462, 'Snderborg');
insert into "Cities"("Id", "RegionId", "Name") values (8290, 462, 'Tinglev');
insert into "Cities"("Id", "RegionId", "Name") values (8291, 462, 'Toftlund');
insert into "Cities"("Id", "RegionId", "Name") values (8292, 462, 'Tnder');
insert into "Cities"("Id", "RegionId", "Name") values (8293, 462, 'Visby');
insert into "Cities"("Id", "RegionId", "Name") values (8294, 462, 'Vojens');
insert into "Cities"("Id", "RegionId", "Name") values (8295, 477, 'Александрия');
insert into "Cities"("Id", "RegionId", "Name") values (8296, 477, 'Хургада');
insert into "Cities"("Id", "RegionId", "Name") values (8297, 484, 'Невве-Атив');
insert into "Cities"("Id", "RegionId", "Name") values (8298, 491, 'Биласпур');
insert into "Cities"("Id", "RegionId", "Name") values (8299, 491, 'Раипур');
insert into "Cities"("Id", "RegionId", "Name") values (8300, 512, 'Джакарта');
insert into "Regions"("Id", "CountryId", "Name") values (513, 72, 'Иордания');
insert into "Cities"("Id", "RegionId", "Name") values (8301, 72, 'Агинское');
insert into "Cities"("Id", "RegionId", "Name") values (8302, 72, 'Аксеново-Зиловское');
insert into "Cities"("Id", "RegionId", "Name") values (8303, 72, 'Акша');
insert into "Cities"("Id", "RegionId", "Name") values (8304, 72, 'Арбагар');
insert into "Cities"("Id", "RegionId", "Name") values (8305, 72, 'Атамановка');
insert into "Cities"("Id", "RegionId", "Name") values (8306, 72, 'Балей');
insert into "Cities"("Id", "RegionId", "Name") values (8307, 72, 'Борзя');
insert into "Cities"("Id", "RegionId", "Name") values (8308, 72, 'Букачача');
insert into "Cities"("Id", "RegionId", "Name") values (8309, 72, 'Газимурский Завод');
insert into "Cities"("Id", "RegionId", "Name") values (8310, 72, 'Давенда');
insert into "Cities"("Id", "RegionId", "Name") values (8311, 72, 'Дарасун');
insert into "Cities"("Id", "RegionId", "Name") values (8312, 72, 'Домна');
insert into "Cities"("Id", "RegionId", "Name") values (8313, 72, 'Дровяная');
insert into "Cities"("Id", "RegionId", "Name") values (8314, 72, 'Дульдурга');
insert into "Cities"("Id", "RegionId", "Name") values (8315, 72, 'Забайкальск');
insert into "Cities"("Id", "RegionId", "Name") values (8316, 72, 'Карымское');
insert into "Cities"("Id", "RegionId", "Name") values (8317, 72, 'Ключевский');
insert into "Cities"("Id", "RegionId", "Name") values (8318, 72, 'Кокуй');
insert into "Cities"("Id", "RegionId", "Name") values (8319, 72, 'Краснокаменск');
insert into "Cities"("Id", "RegionId", "Name") values (8320, 72, 'Красный Чикой');
insert into "Cities"("Id", "RegionId", "Name") values (8321, 72, 'Кыра');
insert into "Cities"("Id", "RegionId", "Name") values (8322, 72, 'Моготуй');
insert into "Cities"("Id", "RegionId", "Name") values (8323, 72, 'Могоча');
insert into "Cities"("Id", "RegionId", "Name") values (8324, 72, 'Нерчинск');
insert into "Cities"("Id", "RegionId", "Name") values (8325, 72, 'Нерчинский Завод');
insert into "Cities"("Id", "RegionId", "Name") values (8326, 72, 'Нижний Цасучей');
insert into "Cities"("Id", "RegionId", "Name") values (8327, 72, 'Оловянная');
insert into "Cities"("Id", "RegionId", "Name") values (8328, 72, 'Первомайский (Читинская обл.)');
insert into "Cities"("Id", "RegionId", "Name") values (8329, 72, 'Петровск-Забайкальский');
insert into "Cities"("Id", "RegionId", "Name") values (8330, 72, 'Приаргунск');
insert into "Cities"("Id", "RegionId", "Name") values (8331, 72, 'Сретенск');
insert into "Cities"("Id", "RegionId", "Name") values (8332, 72, 'Тупик');
insert into "Cities"("Id", "RegionId", "Name") values (8333, 72, 'Улеты');
insert into "Cities"("Id", "RegionId", "Name") values (8334, 72, 'Хилок');
insert into "Cities"("Id", "RegionId", "Name") values (8335, 72, 'Чара');
insert into "Cities"("Id", "RegionId", "Name") values (8336, 72, 'Чернышевск');
insert into "Cities"("Id", "RegionId", "Name") values (8337, 72, 'Чита');
insert into "Cities"("Id", "RegionId", "Name") values (8338, 72, 'Шелопугино');
insert into "Cities"("Id", "RegionId", "Name") values (8339, 72, 'Шилка');
insert into "Cities"("Id", "RegionId", "Name") values (8340, 412, 'Arpi');
insert into "Cities"("Id", "RegionId", "Name") values (8341, 412, 'Georgtsa');
insert into "Cities"("Id", "RegionId", "Name") values (8342, 412, 'Greven');
insert into "Cities"("Id", "RegionId", "Name") values (8343, 463, 'Amager Flled');
insert into "Cities"("Id", "RegionId", "Name") values (8344, 463, 'Amagerbro');
insert into "Cities"("Id", "RegionId", "Name") values (8345, 463, 'Copenhagen');
insert into "Cities"("Id", "RegionId", "Name") values (8346, 463, 'Kjobenhavn');
insert into "Cities"("Id", "RegionId", "Name") values (8347, 463, 'Kbenhavn');
insert into "Cities"("Id", "RegionId", "Name") values (8348, 463, 'Vanlse');
insert into "Cities"("Id", "RegionId", "Name") values (8349, 478, 'Дахаб');
insert into "Cities"("Id", "RegionId", "Name") values (8350, 478, 'Шарм эль шейх');
insert into "Cities"("Id", "RegionId", "Name") values (8351, 485, 'Бат-Ям');
insert into "Cities"("Id", "RegionId", "Name") values (8352, 485, 'Герцелия');
insert into "Cities"("Id", "RegionId", "Name") values (8353, 485, 'Гиватаим');
insert into "Cities"("Id", "RegionId", "Name") values (8354, 485, 'Кирьят-Оно');
insert into "Cities"("Id", "RegionId", "Name") values (8355, 485, 'Лод');
insert into "Cities"("Id", "RegionId", "Name") values (8356, 485, 'Петах Тиква');
insert into "Cities"("Id", "RegionId", "Name") values (8357, 485, 'Рамат-Ган');
insert into "Cities"("Id", "RegionId", "Name") values (8358, 485, 'Рамат-Хашарон');
insert into "Cities"("Id", "RegionId", "Name") values (8359, 485, 'Тель-Авив');
insert into "Cities"("Id", "RegionId", "Name") values (8360, 485, 'Холон');
insert into "Cities"("Id", "RegionId", "Name") values (8361, 492, 'Багалкот');
insert into "Cities"("Id", "RegionId", "Name") values (8362, 492, 'Банглори');
insert into "Cities"("Id", "RegionId", "Name") values (8363, 492, 'Мангалор');
insert into "Cities"("Id", "RegionId", "Name") values (8364, 513, 'Амман');
insert into "Regions"("Id", "CountryId", "Name") values (514, 73, 'Багдад');
insert into "Regions"("Id", "CountryId", "Name") values (515, 73, 'Басра');
insert into "Regions"("Id", "CountryId", "Name") values (516, 73, 'Мосул');
insert into "Cities"("Id", "RegionId", "Name") values (8365, 73, 'Алатырь');
insert into "Cities"("Id", "RegionId", "Name") values (8366, 73, 'Аликово');
insert into "Cities"("Id", "RegionId", "Name") values (8367, 73, 'Батырева');
insert into "Cities"("Id", "RegionId", "Name") values (8368, 73, 'Буинск');
insert into "Cities"("Id", "RegionId", "Name") values (8369, 73, 'Вурнары');
insert into "Cities"("Id", "RegionId", "Name") values (8370, 73, 'Ибреси');
insert into "Cities"("Id", "RegionId", "Name") values (8371, 73, 'Канаш');
insert into "Cities"("Id", "RegionId", "Name") values (8372, 73, 'Киря');
insert into "Cities"("Id", "RegionId", "Name") values (8373, 73, 'Комсомольское');
insert into "Cities"("Id", "RegionId", "Name") values (8374, 73, 'Красноармейское (Чувашия)');
insert into "Cities"("Id", "RegionId", "Name") values (8375, 73, 'Красные Четаи');
insert into "Cities"("Id", "RegionId", "Name") values (8376, 73, 'Кугеси');
insert into "Cities"("Id", "RegionId", "Name") values (8377, 73, 'Мариинский Посад');
insert into "Cities"("Id", "RegionId", "Name") values (8378, 73, 'Моргауши');
insert into "Cities"("Id", "RegionId", "Name") values (8379, 73, 'Новочебоксарск');
insert into "Cities"("Id", "RegionId", "Name") values (8380, 73, 'Порецкое');
insert into "Cities"("Id", "RegionId", "Name") values (8381, 73, 'Урмары');
insert into "Cities"("Id", "RegionId", "Name") values (8382, 73, 'Цивильск');
insert into "Cities"("Id", "RegionId", "Name") values (8383, 73, 'Чебоксары');
insert into "Cities"("Id", "RegionId", "Name") values (8384, 73, 'Шемурша');
insert into "Cities"("Id", "RegionId", "Name") values (8385, 73, 'Шумерля');
insert into "Cities"("Id", "RegionId", "Name") values (8386, 73, 'Ядрин');
insert into "Cities"("Id", "RegionId", "Name") values (8387, 73, 'Яльчики');
insert into "Cities"("Id", "RegionId", "Name") values (8388, 73, 'Янтиково');
insert into "Cities"("Id", "RegionId", "Name") values (8389, 413, 'AmaIda');
insert into "Cities"("Id", "RegionId", "Name") values (8390, 413, 'no Manols');
insert into "Cities"("Id", "RegionId", "Name") values (8391, 413, 'Katkolon');
insert into "Cities"("Id", "RegionId", "Name") values (8392, 413, 'Killni');
insert into "Cities"("Id", "RegionId", "Name") values (8393, 413, 'Kyllni');
insert into "Cities"("Id", "RegionId", "Name") values (8394, 413, 'Manolda');
insert into "Cities"("Id", "RegionId", "Name") values (8395, 413, 'Prgos');
insert into "Cities"("Id", "RegionId", "Name") values (8396, 464, 'geby');
insert into "Cities"("Id", "RegionId", "Name") values (8397, 464, 'Dannemare');
insert into "Cities"("Id", "RegionId", "Name") values (8398, 464, 'Eskilstrup');
insert into "Cities"("Id", "RegionId", "Name") values (8399, 464, 'Maribo');
insert into "Cities"("Id", "RegionId", "Name") values (8400, 464, 'Nakskov');
insert into "Cities"("Id", "RegionId", "Name") values (8401, 464, 'Nstved');
insert into "Cities"("Id", "RegionId", "Name") values (8402, 464, 'Nrre Alslev');
insert into "Cities"("Id", "RegionId", "Name") values (8403, 464, 'Nykjobing');
insert into "Cities"("Id", "RegionId", "Name") values (8404, 464, 'Nykbing');
insert into "Cities"("Id", "RegionId", "Name") values (8405, 464, 'Stege');
insert into "Cities"("Id", "RegionId", "Name") values (8406, 464, 'Stokkemarke');
insert into "Cities"("Id", "RegionId", "Name") values (8407, 464, 'Vinderup');
insert into "Cities"("Id", "RegionId", "Name") values (8408, 464, 'Vordingborg');
insert into "Cities"("Id", "RegionId", "Name") values (8409, 486, 'Арад');
insert into "Cities"("Id", "RegionId", "Name") values (8410, 486, 'Ашдод');
insert into "Cities"("Id", "RegionId", "Name") values (8411, 486, 'Ашкелон');
insert into "Cities"("Id", "RegionId", "Name") values (8412, 486, 'Бээр-Шева');
insert into "Cities"("Id", "RegionId", "Name") values (8413, 486, 'Димона');
insert into "Cities"("Id", "RegionId", "Name") values (8414, 486, 'Кирьят-Гат');
insert into "Cities"("Id", "RegionId", "Name") values (8415, 486, 'Кирьят-Малахи');
insert into "Cities"("Id", "RegionId", "Name") values (8416, 486, 'Нетивот');
insert into "Cities"("Id", "RegionId", "Name") values (8417, 486, 'Сдерот');
insert into "Cities"("Id", "RegionId", "Name") values (8418, 486, 'Эйлат');
insert into "Cities"("Id", "RegionId", "Name") values (8419, 493, 'Анакапал');
insert into "Cities"("Id", "RegionId", "Name") values (8420, 493, 'Анантапур');
insert into "Cities"("Id", "RegionId", "Name") values (8421, 493, 'Визианагарам');
insert into "Cities"("Id", "RegionId", "Name") values (8422, 493, 'Вияиавада');
insert into "Cities"("Id", "RegionId", "Name") values (8423, 493, 'Гунтур');
insert into "Cities"("Id", "RegionId", "Name") values (8424, 493, 'Элуру');
insert into "Cities"("Id", "RegionId", "Name") values (8425, 514, 'Багдад');
insert into "Regions"("Id", "CountryId", "Name") values (517, 74, 'Azarbayjan-e Khavari');
insert into "Regions"("Id", "CountryId", "Name") values (518, 74, 'Esfahan');
insert into "Regions"("Id", "CountryId", "Name") values (519, 74, 'Hamadan');
insert into "Regions"("Id", "CountryId", "Name") values (520, 74, 'Kordestan');
insert into "Regions"("Id", "CountryId", "Name") values (521, 74, 'Yazd');
insert into "Regions"("Id", "CountryId", "Name") values (522, 74, 'Керман');
insert into "Regions"("Id", "CountryId", "Name") values (523, 74, 'Керманшахан');
insert into "Regions"("Id", "CountryId", "Name") values (524, 74, 'Мазендеран');
insert into "Regions"("Id", "CountryId", "Name") values (525, 74, 'Тегеран');
insert into "Regions"("Id", "CountryId", "Name") values (526, 74, 'Фарс');
insert into "Regions"("Id", "CountryId", "Name") values (527, 74, 'Хорасан');
insert into "Regions"("Id", "CountryId", "Name") values (528, 74, 'Хузистан');
insert into "Cities"("Id", "RegionId", "Name") values (8426, 74, 'Анадырь (Чукотский АО)');
insert into "Cities"("Id", "RegionId", "Name") values (8427, 74, 'Билибино');
insert into "Cities"("Id", "RegionId", "Name") values (8428, 74, 'ПЕВЕК');
insert into "Cities"("Id", "RegionId", "Name") values (8429, 414, 'Alexndreia');
insert into "Cities"("Id", "RegionId", "Name") values (8430, 414, 'Alexndria');
insert into "Cities"("Id", "RegionId", "Name") values (8431, 414, 'rachos');
insert into "Cities"("Id", "RegionId", "Name") values (8432, 414, 'Kra Vrsi');
insert into "Cities"("Id", "RegionId", "Name") values (8433, 414, 'Makrokhri');
insert into "Cities"("Id", "RegionId", "Name") values (8434, 414, 'Nousa');
insert into "Cities"("Id", "RegionId", "Name") values (8435, 414, 'Veria');
insert into "Cities"("Id", "RegionId", "Name") values (8436, 414, 'Vroia');
insert into "Cities"("Id", "RegionId", "Name") values (8437, 465, 'Aadal');
insert into "Cities"("Id", "RegionId", "Name") values (8438, 465, 'Aagaard');
insert into "Cities"("Id", "RegionId", "Name") values (8439, 465, 'Agtrup');
insert into "Cities"("Id", "RegionId", "Name") values (8440, 465, 'Barrit');
insert into "Cities"("Id", "RegionId", "Name") values (8441, 465, 'Blling');
insert into "Cities"("Id", "RegionId", "Name") values (8442, 465, 'Brkop');
insert into "Cities"("Id", "RegionId", "Name") values (8443, 465, 'Brunde');
insert into "Cities"("Id", "RegionId", "Name") values (8444, 465, 'Egtved');
insert into "Cities"("Id", "RegionId", "Name") values (8445, 465, 'Ejstrupholm');
insert into "Cities"("Id", "RegionId", "Name") values (8446, 465, 'Fredericia');
insert into "Cities"("Id", "RegionId", "Name") values (8447, 465, 'Give');
insert into "Cities"("Id", "RegionId", "Name") values (8448, 465, 'Herslev');
insert into "Cities"("Id", "RegionId", "Name") values (8449, 465, 'Horsens');
insert into "Cities"("Id", "RegionId", "Name") values (8450, 465, 'Hosby');
insert into "Cities"("Id", "RegionId", "Name") values (8451, 465, 'Jelling');
insert into "Cities"("Id", "RegionId", "Name") values (8452, 465, 'Kolding');
insert into "Cities"("Id", "RegionId", "Name") values (8453, 465, 'Thyregod');
insert into "Cities"("Id", "RegionId", "Name") values (8454, 465, 'Vamdrup');
insert into "Cities"("Id", "RegionId", "Name") values (8455, 465, 'Vejle');
insert into "Cities"("Id", "RegionId", "Name") values (8456, 465, 'Viv');
insert into "Cities"("Id", "RegionId", "Name") values (8457, 487, 'Далият-Эль-Кармэль');
insert into "Cities"("Id", "RegionId", "Name") values (8458, 487, 'Зихрон-Яаков');
insert into "Cities"("Id", "RegionId", "Name") values (8459, 487, 'Кирьят-Бялик');
insert into "Cities"("Id", "RegionId", "Name") values (8460, 487, 'Кирьят-Моцкин');
insert into "Cities"("Id", "RegionId", "Name") values (8461, 487, 'Кирьят-Ям');
insert into "Cities"("Id", "RegionId", "Name") values (8462, 487, 'Наария');
insert into "Cities"("Id", "RegionId", "Name") values (8463, 487, 'Нэшэр');
insert into "Cities"("Id", "RegionId", "Name") values (8464, 487, 'Ор-Акива');
insert into "Cities"("Id", "RegionId", "Name") values (8465, 487, 'Пардэс-Ханна');
insert into "Cities"("Id", "RegionId", "Name") values (8466, 487, 'Тират-Кармэль');
insert into "Cities"("Id", "RegionId", "Name") values (8467, 487, 'Хайфа');
insert into "Cities"("Id", "RegionId", "Name") values (8468, 487, 'Хефа-Хариш');
insert into "Cities"("Id", "RegionId", "Name") values (8469, 487, 'Хэдэра');
insert into "Cities"("Id", "RegionId", "Name") values (8470, 494, 'Дибругарх');
insert into "Cities"("Id", "RegionId", "Name") values (8471, 494, 'Силчар');
insert into "Cities"("Id", "RegionId", "Name") values (8472, 515, 'Басра');
insert into "Cities"("Id", "RegionId", "Name") values (8473, 517, 'Марагех');
insert into "Cities"("Id", "RegionId", "Name") values (8474, 517, 'Тебриз');
insert into "Regions"("Id", "CountryId", "Name") values (529, 75, 'Carlow');
insert into "Regions"("Id", "CountryId", "Name") values (530, 75, 'Cavan');
insert into "Regions"("Id", "CountryId", "Name") values (531, 75, 'Clare');
insert into "Regions"("Id", "CountryId", "Name") values (532, 75, 'Cork');
insert into "Regions"("Id", "CountryId", "Name") values (533, 75, 'Donegal');
insert into "Regions"("Id", "CountryId", "Name") values (534, 75, 'Dublin');
insert into "Regions"("Id", "CountryId", "Name") values (535, 75, 'Galway');
insert into "Regions"("Id", "CountryId", "Name") values (536, 75, 'Kerry');
insert into "Regions"("Id", "CountryId", "Name") values (537, 75, 'Kildare');
insert into "Regions"("Id", "CountryId", "Name") values (538, 75, 'Kilkenny');
insert into "Regions"("Id", "CountryId", "Name") values (539, 75, 'Laois');
insert into "Regions"("Id", "CountryId", "Name") values (540, 75, 'Leitrim');
insert into "Regions"("Id", "CountryId", "Name") values (541, 75, 'Limerick');
insert into "Regions"("Id", "CountryId", "Name") values (542, 75, 'Longford');
insert into "Regions"("Id", "CountryId", "Name") values (543, 75, 'Louth');
insert into "Regions"("Id", "CountryId", "Name") values (544, 75, 'Mayo');
insert into "Regions"("Id", "CountryId", "Name") values (545, 75, 'Meath');
insert into "Regions"("Id", "CountryId", "Name") values (546, 75, 'Monaghan');
insert into "Regions"("Id", "CountryId", "Name") values (547, 75, 'Offaly');
insert into "Regions"("Id", "CountryId", "Name") values (548, 75, 'Roscommon');
insert into "Regions"("Id", "CountryId", "Name") values (549, 75, 'Sligo');
insert into "Regions"("Id", "CountryId", "Name") values (550, 75, 'Tipperary');
insert into "Regions"("Id", "CountryId", "Name") values (551, 75, 'Waterford');
insert into "Regions"("Id", "CountryId", "Name") values (552, 75, 'Westmeath');
insert into "Regions"("Id", "CountryId", "Name") values (553, 75, 'Wexford');
insert into "Regions"("Id", "CountryId", "Name") values (554, 75, 'Wicklow');
insert into "Cities"("Id", "RegionId", "Name") values (8475, 75, 'Губкинский (Ямало-Ненецкий АО)');
insert into "Cities"("Id", "RegionId", "Name") values (8476, 75, 'Заполярный (Ямало-Ненецкий АО)');
insert into "Cities"("Id", "RegionId", "Name") values (8477, 75, 'Муравленко');
insert into "Cities"("Id", "RegionId", "Name") values (8478, 75, 'Надым');
insert into "Cities"("Id", "RegionId", "Name") values (8479, 75, 'Новый Уренгой');
insert into "Cities"("Id", "RegionId", "Name") values (8480, 75, 'Ноябрьск');
insert into "Cities"("Id", "RegionId", "Name") values (8481, 75, 'Пангоды');
insert into "Cities"("Id", "RegionId", "Name") values (8482, 75, 'Пуровск');
insert into "Cities"("Id", "RegionId", "Name") values (8483, 75, 'Салехард');
insert into "Cities"("Id", "RegionId", "Name") values (8484, 75, 'Тазовский');
insert into "Cities"("Id", "RegionId", "Name") values (8485, 75, 'Тарко-Сале');
insert into "Cities"("Id", "RegionId", "Name") values (8486, 415, 'Iliokhrion');
insert into "Cities"("Id", "RegionId", "Name") values (8487, 415, 'Ionnina');
insert into "Cities"("Id", "RegionId", "Name") values (8488, 466, 'Dalby');
insert into "Cities"("Id", "RegionId", "Name") values (8489, 466, 'Godthaab');
insert into "Cities"("Id", "RegionId", "Name") values (8490, 466, 'Holbk');
insert into "Cities"("Id", "RegionId", "Name") values (8491, 466, 'Hollbk');
insert into "Cities"("Id", "RegionId", "Name") values (8492, 466, 'Hng');
insert into "Cities"("Id", "RegionId", "Name") values (8493, 466, 'Jyderup');
insert into "Cities"("Id", "RegionId", "Name") values (8494, 466, 'Kallundborg');
insert into "Cities"("Id", "RegionId", "Name") values (8495, 466, 'Kalundborg');
insert into "Cities"("Id", "RegionId", "Name") values (8496, 466, 'Kastrup');
insert into "Cities"("Id", "RegionId", "Name") values (8497, 466, 'Korsr');
insert into "Cities"("Id", "RegionId", "Name") values (8498, 466, 'rslev');
insert into "Cities"("Id", "RegionId", "Name") values (8499, 466, 'Ringsted');
insert into "Cities"("Id", "RegionId", "Name") values (8500, 466, 'Slagelse');
insert into "Cities"("Id", "RegionId", "Name") values (8501, 466, 'Sor');
insert into "Cities"("Id", "RegionId", "Name") values (8502, 466, 'Uglerup');
insert into "Cities"("Id", "RegionId", "Name") values (8503, 488, 'Ариэль');
insert into "Cities"("Id", "RegionId", "Name") values (8504, 488, 'Бнэй-Брак');
insert into "Cities"("Id", "RegionId", "Name") values (8505, 488, 'Гэдера');
insert into "Cities"("Id", "RegionId", "Name") values (8506, 488, 'Кфар Саба');
insert into "Cities"("Id", "RegionId", "Name") values (8507, 488, 'Лод');
insert into "Cities"("Id", "RegionId", "Name") values (8508, 488, 'Натания');
insert into "Cities"("Id", "RegionId", "Name") values (8509, 488, 'Нэс-Циона');
insert into "Cities"("Id", "RegionId", "Name") values (8510, 488, 'Од-а Шарон');
insert into "Cities"("Id", "RegionId", "Name") values (8511, 488, 'Пэтах-Тиква');
insert into "Cities"("Id", "RegionId", "Name") values (8512, 488, 'Раанана');
insert into "Cities"("Id", "RegionId", "Name") values (8513, 488, 'Рамла');
insert into "Cities"("Id", "RegionId", "Name") values (8514, 488, 'Реховот');
insert into "Cities"("Id", "RegionId", "Name") values (8515, 488, 'Ришон-ЛеЦион');
insert into "Cities"("Id", "RegionId", "Name") values (8516, 488, 'Рош-ха-Аин');
insert into "Cities"("Id", "RegionId", "Name") values (8517, 488, 'Явне');
insert into "Cities"("Id", "RegionId", "Name") values (8518, 495, 'Патна');
insert into "Cities"("Id", "RegionId", "Name") values (8519, 516, 'Мосул');
insert into "Cities"("Id", "RegionId", "Name") values (8520, 518, 'Кашан');
insert into "Cities"("Id", "RegionId", "Name") values (8521, 529, 'Carlow');
insert into "Cities"("Id", "RegionId", "Name") values (8522, 529, 'Muine Bheag');
insert into "Cities"("Id", "RegionId", "Name") values (8523, 529, 'Tullow');
insert into "Regions"("Id", "CountryId", "Name") values (555, 76, 'Arnessysla');
insert into "Regions"("Id", "CountryId", "Name") values (556, 76, 'Austur-Hunavatnssysla');
insert into "Regions"("Id", "CountryId", "Name") values (557, 76, 'Borgarfjardarsysla');
insert into "Regions"("Id", "CountryId", "Name") values (558, 76, 'Eyjafjardarsysla');
insert into "Regions"("Id", "CountryId", "Name") values (559, 76, 'Gullbringusysla');
insert into "Regions"("Id", "CountryId", "Name") values (560, 76, 'Myrasysla');
insert into "Regions"("Id", "CountryId", "Name") values (561, 76, 'None');
insert into "Regions"("Id", "CountryId", "Name") values (562, 76, 'Nordur-Tingeyjarsysla');
insert into "Regions"("Id", "CountryId", "Name") values (563, 76, 'Strandasysla');
insert into "Regions"("Id", "CountryId", "Name") values (564, 76, 'Sudur-Mulasysla');
insert into "Regions"("Id", "CountryId", "Name") values (565, 76, 'Vestur-Bardastrandarsysla');
insert into "Cities"("Id", "RegionId", "Name") values (8524, 76, 'Андропов');
insert into "Cities"("Id", "RegionId", "Name") values (8525, 76, 'Берендеево');
insert into "Cities"("Id", "RegionId", "Name") values (8526, 76, 'Большое Село');
insert into "Cities"("Id", "RegionId", "Name") values (8527, 76, 'Борисоглебский');
insert into "Cities"("Id", "RegionId", "Name") values (8528, 76, 'Брейтово');
insert into "Cities"("Id", "RegionId", "Name") values (8529, 76, 'Бурмакино');
insert into "Cities"("Id", "RegionId", "Name") values (8530, 76, 'Варегово');
insert into "Cities"("Id", "RegionId", "Name") values (8531, 76, 'Волга');
insert into "Cities"("Id", "RegionId", "Name") values (8532, 76, 'Гаврилов Ям');
insert into "Cities"("Id", "RegionId", "Name") values (8533, 76, 'Данилов');
insert into "Cities"("Id", "RegionId", "Name") values (8534, 76, 'Любим');
insert into "Cities"("Id", "RegionId", "Name") values (8535, 76, 'Мышкин');
insert into "Cities"("Id", "RegionId", "Name") values (8536, 76, 'Некрасовское');
insert into "Cities"("Id", "RegionId", "Name") values (8537, 76, 'Новый Некоуз');
insert into "Cities"("Id", "RegionId", "Name") values (8538, 76, 'Переславль-Залесский');
insert into "Cities"("Id", "RegionId", "Name") values (8539, 76, 'Пошехонье-Володарск');
insert into "Cities"("Id", "RegionId", "Name") values (8540, 76, 'Ростов');
insert into "Cities"("Id", "RegionId", "Name") values (8541, 76, 'Рыбинск');
insert into "Cities"("Id", "RegionId", "Name") values (8542, 76, 'Тутаев');
insert into "Cities"("Id", "RegionId", "Name") values (8543, 76, 'Углич');
insert into "Cities"("Id", "RegionId", "Name") values (8544, 76, 'Ярославль');
insert into "Cities"("Id", "RegionId", "Name") values (8545, 416, 'Alikarnasss');
insert into "Cities"("Id", "RegionId", "Name") values (8546, 416, 'Erakleion');
insert into "Cities"("Id", "RegionId", "Name") values (8547, 416, 'Govai');
insert into "Cities"("Id", "RegionId", "Name") values (8548, 416, 'Herkleion');
insert into "Cities"("Id", "RegionId", "Name") values (8549, 416, 'Heraklion');
insert into "Cities"("Id", "RegionId", "Name") values (8550, 416, 'Iraclion');
insert into "Cities"("Id", "RegionId", "Name") values (8551, 416, 'Irkleio');
insert into "Cities"("Id", "RegionId", "Name") values (8552, 416, 'Irkleion');
insert into "Cities"("Id", "RegionId", "Name") values (8553, 416, 'Irklion');
insert into "Cities"("Id", "RegionId", "Name") values (8554, 416, 'Mores');
insert into "Cities"("Id", "RegionId", "Name") values (8555, 467, 'Agerskov');
insert into "Cities"("Id", "RegionId", "Name") values (8556, 467, 'lestrup');
insert into "Cities"("Id", "RegionId", "Name") values (8557, 467, 'Balling');
insert into "Cities"("Id", "RegionId", "Name") values (8558, 467, 'Bjerregrav');
insert into "Cities"("Id", "RegionId", "Name") values (8559, 467, 'Bjerringbro');
insert into "Cities"("Id", "RegionId", "Name") values (8560, 467, 'Bodum');
insert into "Cities"("Id", "RegionId", "Name") values (8561, 467, 'Dover');
insert into "Cities"("Id", "RegionId", "Name") values (8562, 467, 'Durup');
insert into "Cities"("Id", "RegionId", "Name") values (8563, 467, 'Foulum');
insert into "Cities"("Id", "RegionId", "Name") values (8564, 467, 'Frederiks');
insert into "Cities"("Id", "RegionId", "Name") values (8565, 467, 'Frstrup');
insert into "Cities"("Id", "RegionId", "Name") values (8566, 467, 'Glyngre');
insert into "Cities"("Id", "RegionId", "Name") values (8567, 467, 'Grnhj');
insert into "Cities"("Id", "RegionId", "Name") values (8568, 467, 'HIdding');
insert into "Cities"("Id", "RegionId", "Name") values (8569, 467, 'Jebjerg');
insert into "Cities"("Id", "RegionId", "Name") values (8570, 467, 'Karup');
insert into "Cities"("Id", "RegionId", "Name") values (8571, 467, 'Kjellerup');
insert into "Cities"("Id", "RegionId", "Name") values (8572, 467, 'Lvskal');
insert into "Cities"("Id", "RegionId", "Name") values (8573, 467, 'Nykbing');
insert into "Cities"("Id", "RegionId", "Name") values (8574, 467, 'Nykbing Mors');
insert into "Cities"("Id", "RegionId", "Name") values (8575, 467, 'Oddense');
insert into "Cities"("Id", "RegionId", "Name") values (8576, 467, 'ster Assels');
insert into "Cities"("Id", "RegionId", "Name") values (8577, 467, 'Ravnstrup');
insert into "Cities"("Id", "RegionId", "Name") values (8578, 467, 'Simested');
insert into "Cities"("Id", "RegionId", "Name") values (8579, 467, 'Sjrup');
insert into "Cities"("Id", "RegionId", "Name") values (8580, 467, 'Skals');
insert into "Cities"("Id", "RegionId", "Name") values (8581, 467, 'Skive');
insert into "Cities"("Id", "RegionId", "Name") values (8582, 467, 'Solbjerg');
insert into "Cities"("Id", "RegionId", "Name") values (8583, 467, 'Stoholm');
insert into "Cities"("Id", "RegionId", "Name") values (8584, 467, 'Thisted');
insert into "Cities"("Id", "RegionId", "Name") values (8585, 467, 'Tisted');
insert into "Cities"("Id", "RegionId", "Name") values (8586, 467, 'Ulstrup');
insert into "Cities"("Id", "RegionId", "Name") values (8587, 467, 'Vellev');
insert into "Cities"("Id", "RegionId", "Name") values (8588, 467, 'Viborg');
insert into "Cities"("Id", "RegionId", "Name") values (8589, 489, 'Акко');
insert into "Cities"("Id", "RegionId", "Name") values (8590, 489, 'Акко (порт)');
insert into "Cities"("Id", "RegionId", "Name") values (8591, 489, 'Афула');
insert into "Cities"("Id", "RegionId", "Name") values (8592, 489, 'Кармиэль');
insert into "Cities"("Id", "RegionId", "Name") values (8593, 489, 'Кацрин');
insert into "Cities"("Id", "RegionId", "Name") values (8594, 489, 'Кирьят-Ата');
insert into "Cities"("Id", "RegionId", "Name") values (8595, 489, 'Кирьят-Ата');
insert into "Cities"("Id", "RegionId", "Name") values (8596, 489, 'Кирьят-Тивон');
insert into "Cities"("Id", "RegionId", "Name") values (8597, 489, 'Кирьят-Шмона');
insert into "Cities"("Id", "RegionId", "Name") values (8598, 489, 'Мигдаль аЭмек');
insert into "Cities"("Id", "RegionId", "Name") values (8599, 489, 'Нагария');
insert into "Cities"("Id", "RegionId", "Name") values (8600, 489, 'Нацэрэт');
insert into "Cities"("Id", "RegionId", "Name") values (8601, 489, 'Сахнин');
insert into "Cities"("Id", "RegionId", "Name") values (8602, 489, 'Тверия');
insert into "Cities"("Id", "RegionId", "Name") values (8603, 489, 'Хадера');
insert into "Cities"("Id", "RegionId", "Name") values (8604, 489, 'Хайфа');
insert into "Cities"("Id", "RegionId", "Name") values (8605, 489, 'Цфат');
insert into "Cities"("Id", "RegionId", "Name") values (8606, 496, 'Ахмадабад');
insert into "Cities"("Id", "RegionId", "Name") values (8607, 496, 'Сурат');
insert into "Cities"("Id", "RegionId", "Name") values (8608, 496, 'Сурендранагар');
insert into "Cities"("Id", "RegionId", "Name") values (8609, 519, 'Хамадан');
insert into "Cities"("Id", "RegionId", "Name") values (8610, 530, 'Bailieborough');
insert into "Cities"("Id", "RegionId", "Name") values (8611, 530, 'Belturbet');
insert into "Cities"("Id", "RegionId", "Name") values (8612, 530, 'Cavan');
insert into "Cities"("Id", "RegionId", "Name") values (8613, 530, 'Cootehill');
insert into "Cities"("Id", "RegionId", "Name") values (8614, 530, 'Kingscourt');
insert into "Cities"("Id", "RegionId", "Name") values (8615, 555, 'Brfell');
insert into "Cities"("Id", "RegionId", "Name") values (8616, 555, 'Selfoss');
insert into "Regions"("Id", "CountryId", "Name") values (566, 77, 'A Corua');
insert into "Regions"("Id", "CountryId", "Name") values (567, 77, 'lava');
insert into "Regions"("Id", "CountryId", "Name") values (568, 77, 'Albacete');
insert into "Regions"("Id", "CountryId", "Name") values (569, 77, 'Alicante/Alacant');
insert into "Regions"("Id", "CountryId", "Name") values (570, 77, 'Almera');
insert into "Regions"("Id", "CountryId", "Name") values (571, 77, 'Asturias');
insert into "Regions"("Id", "CountryId", "Name") values (572, 77, 'vila');
insert into "Regions"("Id", "CountryId", "Name") values (573, 77, 'Badajoz');
insert into "Regions"("Id", "CountryId", "Name") values (574, 77, 'Barcelona');
insert into "Regions"("Id", "CountryId", "Name") values (575, 77, 'Burgos');
insert into "Regions"("Id", "CountryId", "Name") values (576, 77, 'Cceres');
insert into "Regions"("Id", "CountryId", "Name") values (577, 77, 'Cdiz');
insert into "Regions"("Id", "CountryId", "Name") values (578, 77, 'Cantabria');
insert into "Regions"("Id", "CountryId", "Name") values (579, 77, 'Castelln/Castell');
insert into "Regions"("Id", "CountryId", "Name") values (580, 77, 'Ceuta');
insert into "Regions"("Id", "CountryId", "Name") values (581, 77, 'Ciudad Real');
insert into "Regions"("Id", "CountryId", "Name") values (582, 77, 'Crdoba');
insert into "Regions"("Id", "CountryId", "Name") values (583, 77, 'Cuenca');
insert into "Regions"("Id", "CountryId", "Name") values (584, 77, 'Girona');
insert into "Regions"("Id", "CountryId", "Name") values (585, 77, 'Granada');
insert into "Regions"("Id", "CountryId", "Name") values (586, 77, 'Guadalajara');
insert into "Regions"("Id", "CountryId", "Name") values (587, 77, 'Guipzcoa');
insert into "Regions"("Id", "CountryId", "Name") values (588, 77, 'Huelva');
insert into "Regions"("Id", "CountryId", "Name") values (589, 77, 'Huesca');
insert into "Regions"("Id", "CountryId", "Name") values (590, 77, 'Illes Balears');
insert into "Regions"("Id", "CountryId", "Name") values (591, 77, 'Jan');
insert into "Regions"("Id", "CountryId", "Name") values (592, 77, 'La Rioja');
insert into "Regions"("Id", "CountryId", "Name") values (593, 77, 'Las Palmas');
insert into "Regions"("Id", "CountryId", "Name") values (594, 77, 'Len');
insert into "Regions"("Id", "CountryId", "Name") values (595, 77, 'LlIda');
insert into "Regions"("Id", "CountryId", "Name") values (596, 77, 'Lugo');
insert into "Regions"("Id", "CountryId", "Name") values (597, 77, 'MadId');
insert into "Regions"("Id", "CountryId", "Name") values (598, 77, 'Mlaga');
insert into "Regions"("Id", "CountryId", "Name") values (599, 77, 'Melilla');
insert into "Regions"("Id", "CountryId", "Name") values (600, 77, 'Murcia');
insert into "Regions"("Id", "CountryId", "Name") values (601, 77, 'Navarra');
insert into "Regions"("Id", "CountryId", "Name") values (602, 77, 'Ourense');
insert into "Regions"("Id", "CountryId", "Name") values (603, 77, 'Palencia');
insert into "Regions"("Id", "CountryId", "Name") values (604, 77, 'Pontevedra');
insert into "Regions"("Id", "CountryId", "Name") values (605, 77, 'Salamanca');
insert into "Regions"("Id", "CountryId", "Name") values (606, 77, 'Santa Cruz de Tenerife');
insert into "Regions"("Id", "CountryId", "Name") values (607, 77, 'Segovia');
insert into "Regions"("Id", "CountryId", "Name") values (608, 77, 'Sevilla');
insert into "Regions"("Id", "CountryId", "Name") values (609, 77, 'Soria');
insert into "Regions"("Id", "CountryId", "Name") values (610, 77, 'Tarragona');
insert into "Regions"("Id", "CountryId", "Name") values (611, 77, 'Teruel');
insert into "Regions"("Id", "CountryId", "Name") values (612, 77, 'Toledo');
insert into "Regions"("Id", "CountryId", "Name") values (613, 77, 'Valncia');
insert into "Regions"("Id", "CountryId", "Name") values (614, 77, 'ValladoId');
insert into "Regions"("Id", "CountryId", "Name") values (615, 77, 'Vizcaya');
insert into "Regions"("Id", "CountryId", "Name") values (616, 77, 'Zamora');
insert into "Regions"("Id", "CountryId", "Name") values (617, 77, 'Zaragoza');
insert into "Cities"("Id", "RegionId", "Name") values (8617, 77, 'Черкесск');
insert into "Cities"("Id", "RegionId", "Name") values (8618, 417, 'Kardtsa');
insert into "Cities"("Id", "RegionId", "Name") values (8619, 417, 'Kotsouron');
insert into "Cities"("Id", "RegionId", "Name") values (8620, 497, 'Ранчи');
insert into "Cities"("Id", "RegionId", "Name") values (8621, 497, 'Сринагар');
insert into "Cities"("Id", "RegionId", "Name") values (8622, 497, 'Ямму');
insert into "Cities"("Id", "RegionId", "Name") values (8623, 497, 'Ямшедпур');
insert into "Cities"("Id", "RegionId", "Name") values (8624, 520, 'Санандай');
insert into "Cities"("Id", "RegionId", "Name") values (8625, 531, 'Ennis');
insert into "Cities"("Id", "RegionId", "Name") values (8626, 531, 'Shannon');
insert into "Cities"("Id", "RegionId", "Name") values (8627, 556, 'Hof');
insert into "Cities"("Id", "RegionId", "Name") values (8628, 566, 'A Baa');
insert into "Cities"("Id", "RegionId", "Name") values (8629, 566, 'A Barqueira');
insert into "Cities"("Id", "RegionId", "Name") values (8630, 566, 'A Brea');
insert into "Cities"("Id", "RegionId", "Name") values (8631, 566, 'A Corua');
insert into "Cities"("Id", "RegionId", "Name") values (8632, 566, 'A Via');
insert into "Cities"("Id", "RegionId", "Name") values (8633, 566, 'Carballo');
insert into "Cities"("Id", "RegionId", "Name") values (8634, 566, 'Cario');
insert into "Cities"("Id", "RegionId", "Name") values (8635, 566, 'Ferrol');
insert into "Cities"("Id", "RegionId", "Name") values (8636, 566, 'Padrn');
insert into "Cities"("Id", "RegionId", "Name") values (8637, 566, 'Rois');
insert into "Cities"("Id", "RegionId", "Name") values (8638, 566, 'San Marcos');
insert into "Cities"("Id", "RegionId", "Name") values (8639, 566, 'Santiago de Compostela');
insert into "Cities"("Id", "RegionId", "Name") values (8640, 566, 'Vigo');
insert into "Cities"("Id", "RegionId", "Name") values (8641, 566, 'Vimianzo');
insert into "Regions"("Id", "CountryId", "Name") values (618, 78, 'Abruzzo - Chieti');
insert into "Regions"("Id", "CountryId", "Name") values (619, 78, 'Abruzzo - L''''Aquila');
insert into "Regions"("Id", "CountryId", "Name") values (620, 78, 'Abruzzo - Pescara');
insert into "Regions"("Id", "CountryId", "Name") values (621, 78, 'Abruzzo - Teramo');
insert into "Regions"("Id", "CountryId", "Name") values (622, 78, 'Basilicata - Matera');
insert into "Regions"("Id", "CountryId", "Name") values (623, 78, 'Basilicata - Potenza');
insert into "Regions"("Id", "CountryId", "Name") values (624, 78, 'Calabria - Catanzaro');
insert into "Regions"("Id", "CountryId", "Name") values (625, 78, 'Calabria - Cosenza');
insert into "Regions"("Id", "CountryId", "Name") values (626, 78, 'Calabria - Crotone');
insert into "Regions"("Id", "CountryId", "Name") values (627, 78, 'Calabria - Reggio Calabria');
insert into "Regions"("Id", "CountryId", "Name") values (628, 78, 'Calabria - Vibo Valentia');
insert into "Regions"("Id", "CountryId", "Name") values (629, 78, 'Campania - Avellino');
insert into "Regions"("Id", "CountryId", "Name") values (630, 78, 'Campania - Benevento');
insert into "Regions"("Id", "CountryId", "Name") values (631, 78, 'Campania - Caserta');
insert into "Regions"("Id", "CountryId", "Name") values (632, 78, 'Campania - Napoli');
insert into "Regions"("Id", "CountryId", "Name") values (633, 78, 'Campania - Salerno');
insert into "Regions"("Id", "CountryId", "Name") values (634, 78, 'Emilia Romagna - Bologna');
insert into "Regions"("Id", "CountryId", "Name") values (635, 78, 'Emilia Romagna - Ferrara');
insert into "Regions"("Id", "CountryId", "Name") values (636, 78, 'Emilia Romagna - Forl-Cesena');
insert into "Regions"("Id", "CountryId", "Name") values (637, 78, 'Emilia Romagna - Modena');
insert into "Regions"("Id", "CountryId", "Name") values (638, 78, 'Emilia Romagna - Parma');
insert into "Regions"("Id", "CountryId", "Name") values (639, 78, 'Emilia Romagna - Piacenza');
insert into "Regions"("Id", "CountryId", "Name") values (640, 78, 'Emilia Romagna - Ravenna');
insert into "Regions"("Id", "CountryId", "Name") values (641, 78, 'Emilia Romagna - Reggio Emilia');
insert into "Regions"("Id", "CountryId", "Name") values (642, 78, 'Emilia Romagna - Rimini');
insert into "Regions"("Id", "CountryId", "Name") values (643, 78, 'Friuli Venezia Giulia - Gorizia');
insert into "Regions"("Id", "CountryId", "Name") values (644, 78, 'Friuli Venezia Giulia - Pordenone');
insert into "Regions"("Id", "CountryId", "Name") values (645, 78, 'Friuli Venezia Giulia - Trieste');
insert into "Regions"("Id", "CountryId", "Name") values (646, 78, 'Friuli Venezia Giulia - Udine');
insert into "Regions"("Id", "CountryId", "Name") values (647, 78, 'Lazio - Frosinone');
insert into "Regions"("Id", "CountryId", "Name") values (648, 78, 'Lazio - Latina');
insert into "Regions"("Id", "CountryId", "Name") values (649, 78, 'Lazio - Rieti');
insert into "Regions"("Id", "CountryId", "Name") values (650, 78, 'Lazio - Roma');
insert into "Regions"("Id", "CountryId", "Name") values (651, 78, 'Lazio - Viterbo');
insert into "Regions"("Id", "CountryId", "Name") values (652, 78, 'Liguria - Genova');
insert into "Regions"("Id", "CountryId", "Name") values (653, 78, 'Liguria - Imperia');
insert into "Regions"("Id", "CountryId", "Name") values (654, 78, 'Liguria - La Spezia');
insert into "Regions"("Id", "CountryId", "Name") values (655, 78, 'Liguria - Savona');
insert into "Regions"("Id", "CountryId", "Name") values (656, 78, 'Lombardia - Bergamo');
insert into "Regions"("Id", "CountryId", "Name") values (657, 78, 'Lombardia - Brescia');
insert into "Regions"("Id", "CountryId", "Name") values (658, 78, 'Lombardia - Como');
insert into "Regions"("Id", "CountryId", "Name") values (659, 78, 'Lombardia - Cremona');
insert into "Regions"("Id", "CountryId", "Name") values (660, 78, 'Lombardia - Lecco');
insert into "Regions"("Id", "CountryId", "Name") values (661, 78, 'Lombardia - Lodi');
insert into "Regions"("Id", "CountryId", "Name") values (662, 78, 'Lombardia - Mantova');
insert into "Regions"("Id", "CountryId", "Name") values (663, 78, 'Lombardia - Milano');
insert into "Regions"("Id", "CountryId", "Name") values (664, 78, 'Lombardia - Pavia');
insert into "Regions"("Id", "CountryId", "Name") values (665, 78, 'Lombardia - Sondrio');
insert into "Regions"("Id", "CountryId", "Name") values (666, 78, 'Lombardia - Varese');
insert into "Regions"("Id", "CountryId", "Name") values (667, 78, 'Marche - Ancona');
insert into "Regions"("Id", "CountryId", "Name") values (668, 78, 'Marche - Ascoli Piceno');
insert into "Regions"("Id", "CountryId", "Name") values (669, 78, 'Marche - Macerata');
insert into "Regions"("Id", "CountryId", "Name") values (670, 78, 'Marche - Pesaro - Urbino');
insert into "Regions"("Id", "CountryId", "Name") values (671, 78, 'Molise - Campobasso');
insert into "Regions"("Id", "CountryId", "Name") values (672, 78, 'Molise - Isernia');
insert into "Regions"("Id", "CountryId", "Name") values (673, 78, 'Piemonte - Alessandria');
insert into "Regions"("Id", "CountryId", "Name") values (674, 78, 'Piemonte - Biella');
insert into "Regions"("Id", "CountryId", "Name") values (675, 78, 'Piemonte - Cuneo');
insert into "Regions"("Id", "CountryId", "Name") values (676, 78, 'Piemonte - Novara');
insert into "Regions"("Id", "CountryId", "Name") values (677, 78, 'Piemonte - Torino');
insert into "Regions"("Id", "CountryId", "Name") values (678, 78, 'Piemonte - Verbania');
insert into "Regions"("Id", "CountryId", "Name") values (679, 78, 'Piemonte - Vercelli');
insert into "Regions"("Id", "CountryId", "Name") values (680, 78, 'Puglia - Bari');
insert into "Regions"("Id", "CountryId", "Name") values (681, 78, 'Puglia - Brindisi');
insert into "Regions"("Id", "CountryId", "Name") values (682, 78, 'Puglia - Foggia');
insert into "Regions"("Id", "CountryId", "Name") values (683, 78, 'Puglia - Lecce');
insert into "Regions"("Id", "CountryId", "Name") values (684, 78, 'Puglia - Taranto');
insert into "Regions"("Id", "CountryId", "Name") values (685, 78, 'Sardegna - Cagliari');
insert into "Regions"("Id", "CountryId", "Name") values (686, 78, 'Sardegna - Nuoro');
insert into "Regions"("Id", "CountryId", "Name") values (687, 78, 'Sardegna - Oristano');
insert into "Regions"("Id", "CountryId", "Name") values (688, 78, 'Sardegna - Sassari');
insert into "Regions"("Id", "CountryId", "Name") values (689, 78, 'Sicilia - Agrigento');
insert into "Regions"("Id", "CountryId", "Name") values (690, 78, 'Sicilia - Catania');
insert into "Regions"("Id", "CountryId", "Name") values (691, 78, 'Sicilia - Messina');
insert into "Regions"("Id", "CountryId", "Name") values (692, 78, 'Sicilia - Palermo');
insert into "Regions"("Id", "CountryId", "Name") values (693, 78, 'Sicilia - Ragusa');
insert into "Regions"("Id", "CountryId", "Name") values (694, 78, 'Sicilia - Siracusa');
insert into "Regions"("Id", "CountryId", "Name") values (695, 78, 'Sicilia - Trapani');
insert into "Regions"("Id", "CountryId", "Name") values (696, 78, 'Toscana - Arezzo');
insert into "Regions"("Id", "CountryId", "Name") values (697, 78, 'Toscana - Firenze');
insert into "Regions"("Id", "CountryId", "Name") values (698, 78, 'Toscana - Grosseto');
insert into "Regions"("Id", "CountryId", "Name") values (699, 78, 'Toscana - Livorno');
insert into "Regions"("Id", "CountryId", "Name") values (700, 78, 'Toscana - Lucca');
insert into "Regions"("Id", "CountryId", "Name") values (701, 78, 'Toscana - Massa Carrara');
insert into "Regions"("Id", "CountryId", "Name") values (702, 78, 'Toscana - Pisa');
insert into "Regions"("Id", "CountryId", "Name") values (703, 78, 'Toscana - Pistoia');
insert into "Regions"("Id", "CountryId", "Name") values (704, 78, 'Toscana - Prato');
insert into "Regions"("Id", "CountryId", "Name") values (705, 78, 'Toscana - Siena');
insert into "Regions"("Id", "CountryId", "Name") values (706, 78, 'Trentino Alto Adige - Bolzano');
insert into "Regions"("Id", "CountryId", "Name") values (707, 78, 'Trentino Alto Adige - Trento');
insert into "Regions"("Id", "CountryId", "Name") values (708, 78, 'Umbria - Perugia');
insert into "Regions"("Id", "CountryId", "Name") values (709, 78, 'Umbria - Terni');
insert into "Regions"("Id", "CountryId", "Name") values (710, 78, 'Valle d''''Aosta - Aosta');
insert into "Regions"("Id", "CountryId", "Name") values (711, 78, 'Veneto - Belluno');
insert into "Regions"("Id", "CountryId", "Name") values (712, 78, 'Veneto - Padova');
insert into "Regions"("Id", "CountryId", "Name") values (713, 78, 'Veneto - Rovigo');
insert into "Regions"("Id", "CountryId", "Name") values (714, 78, 'Veneto - Treviso');
insert into "Regions"("Id", "CountryId", "Name") values (715, 78, 'Veneto - Venezia');
insert into "Regions"("Id", "CountryId", "Name") values (716, 78, 'Veneto - Verona');
insert into "Regions"("Id", "CountryId", "Name") values (717, 78, 'Veneto - Vicenza');
insert into "Cities"("Id", "RegionId", "Name") values (8642, 418, 'Aga nna');
insert into "Cities"("Id", "RegionId", "Name") values (8643, 418, 'Fteli');
insert into "Cities"("Id", "RegionId", "Name") values (8644, 418, 'Kastori');
insert into "Cities"("Id", "RegionId", "Name") values (8645, 418, 'Nki');
insert into "Cities"("Id", "RegionId", "Name") values (8646, 498, 'Бангалор');
insert into "Cities"("Id", "RegionId", "Name") values (8647, 498, 'Бомбей');
insert into "Cities"("Id", "RegionId", "Name") values (8648, 498, 'Дели');
insert into "Cities"("Id", "RegionId", "Name") values (8649, 498, 'Калькутта');
insert into "Cities"("Id", "RegionId", "Name") values (8650, 498, 'Мадрас');
insert into "Cities"("Id", "RegionId", "Name") values (8651, 498, 'Пуна');
insert into "Cities"("Id", "RegionId", "Name") values (8652, 498, 'Хайдарабад');
insert into "Cities"("Id", "RegionId", "Name") values (8653, 521, 'Иезд');
insert into "Cities"("Id", "RegionId", "Name") values (8654, 532, 'Bandon');
insert into "Cities"("Id", "RegionId", "Name") values (8655, 532, 'Bantry');
insert into "Cities"("Id", "RegionId", "Name") values (8656, 532, 'Blarney');
insert into "Cities"("Id", "RegionId", "Name") values (8657, 532, 'Clonakilty');
insert into "Cities"("Id", "RegionId", "Name") values (8658, 532, 'Cork');
insert into "Cities"("Id", "RegionId", "Name") values (8659, 532, 'Dunmanway');
insert into "Cities"("Id", "RegionId", "Name") values (8660, 532, 'Fermoy');
insert into "Cities"("Id", "RegionId", "Name") values (8661, 532, 'Kinsale');
insert into "Cities"("Id", "RegionId", "Name") values (8662, 532, 'Mallow');
insert into "Cities"("Id", "RegionId", "Name") values (8663, 532, 'Idleton');
insert into "Cities"("Id", "RegionId", "Name") values (8664, 532, 'Mitchelstown');
insert into "Cities"("Id", "RegionId", "Name") values (8665, 532, 'Skibbereen');
insert into "Cities"("Id", "RegionId", "Name") values (8666, 532, 'Youghal');
insert into "Cities"("Id", "RegionId", "Name") values (8667, 557, 'Akranes');
insert into "Cities"("Id", "RegionId", "Name") values (8668, 567, 'Abechuco');
insert into "Cities"("Id", "RegionId", "Name") values (8669, 567, 'Llodio');
insert into "Cities"("Id", "RegionId", "Name") values (8670, 567, 'Salvatierra');
insert into "Cities"("Id", "RegionId", "Name") values (8671, 567, 'Viloria');
insert into "Cities"("Id", "RegionId", "Name") values (8672, 567, 'Vitoria');
insert into "Cities"("Id", "RegionId", "Name") values (8673, 618, 'Altino');
insert into "Cities"("Id", "RegionId", "Name") values (8674, 618, 'Archi');
insert into "Cities"("Id", "RegionId", "Name") values (8675, 618, 'Ari');
insert into "Cities"("Id", "RegionId", "Name") values (8676, 618, 'Atessa');
insert into "Cities"("Id", "RegionId", "Name") values (8677, 618, 'Borrello');
insert into "Cities"("Id", "RegionId", "Name") values (8678, 618, 'Casalincontrada');
insert into "Cities"("Id", "RegionId", "Name") values (8679, 618, 'Casoli');
insert into "Cities"("Id", "RegionId", "Name") values (8680, 618, 'Chieti');
insert into "Cities"("Id", "RegionId", "Name") values (8681, 618, 'Lanciano');
insert into "Cities"("Id", "RegionId", "Name") values (8682, 618, 'Rosello');
insert into "Cities"("Id", "RegionId", "Name") values (8683, 618, 'San Buono');
insert into "Cities"("Id", "RegionId", "Name") values (8684, 618, 'San Salvo');
insert into "Cities"("Id", "RegionId", "Name") values (8685, 618, 'Vasto');
insert into "Regions"("Id", "CountryId", "Name") values (718, 79, 'Йемен');
insert into "Cities"("Id", "RegionId", "Name") values (8686, 419, 'Agasma');
insert into "Cities"("Id", "RegionId", "Name") values (8687, 419, 'Cavalla');
insert into "Cities"("Id", "RegionId", "Name") values (8688, 419, 'Chrysopoli');
insert into "Cities"("Id", "RegionId", "Name") values (8689, 419, 'Kaballa');
insert into "Cities"("Id", "RegionId", "Name") values (8690, 419, 'Kalvai');
insert into "Cities"("Id", "RegionId", "Name") values (8691, 419, 'Kavla');
insert into "Cities"("Id", "RegionId", "Name") values (8692, 419, 'Kavlla');
insert into "Cities"("Id", "RegionId", "Name") values (8693, 419, 'Na Pramos');
insert into "Cities"("Id", "RegionId", "Name") values (8694, 419, 'Thsos');
insert into "Cities"("Id", "RegionId", "Name") values (8695, 499, 'Кожикод');
insert into "Cities"("Id", "RegionId", "Name") values (8696, 499, 'Коттэйам');
insert into "Cities"("Id", "RegionId", "Name") values (8697, 522, 'Керман');
insert into "Cities"("Id", "RegionId", "Name") values (8698, 533, 'Ballybofey');
insert into "Cities"("Id", "RegionId", "Name") values (8699, 533, 'Ballyshannon');
insert into "Cities"("Id", "RegionId", "Name") values (8700, 533, 'Buncrana');
insert into "Cities"("Id", "RegionId", "Name") values (8701, 533, 'Carndonagh');
insert into "Cities"("Id", "RegionId", "Name") values (8702, 533, 'Donegal');
insert into "Cities"("Id", "RegionId", "Name") values (8703, 533, 'Killybegs');
insert into "Cities"("Id", "RegionId", "Name") values (8704, 533, 'Letterkenny');
insert into "Cities"("Id", "RegionId", "Name") values (8705, 533, 'Lifford');
insert into "Cities"("Id", "RegionId", "Name") values (8706, 558, 'Akureyri');
insert into "Cities"("Id", "RegionId", "Name") values (8707, 558, 'Migarar');
insert into "Cities"("Id", "RegionId", "Name") values (8708, 568, 'Aguas Nuevas');
insert into "Cities"("Id", "RegionId", "Name") values (8709, 568, 'Albacete');
insert into "Cities"("Id", "RegionId", "Name") values (8710, 568, 'Almansa');
insert into "Cities"("Id", "RegionId", "Name") values (8711, 568, 'Helln');
insert into "Cities"("Id", "RegionId", "Name") values (8712, 568, 'Turilla');
insert into "Cities"("Id", "RegionId", "Name") values (8713, 568, 'Villamalea');
insert into "Cities"("Id", "RegionId", "Name") values (8714, 568, 'Villarrobledo');
insert into "Cities"("Id", "RegionId", "Name") values (8715, 619, 'Avezzano');
insert into "Cities"("Id", "RegionId", "Name") values (8716, 619, 'Canistro');
insert into "Cities"("Id", "RegionId", "Name") values (8717, 619, 'Celano');
insert into "Cities"("Id", "RegionId", "Name") values (8718, 619, 'L''''Aquila');
insert into "Cities"("Id", "RegionId", "Name") values (8719, 718, 'Аден');
insert into "Cities"("Id", "RegionId", "Name") values (8720, 718, 'Сана');
insert into "Regions"("Id", "CountryId", "Name") values (719, 80, 'Кабо-Верде');
insert into "Cities"("Id", "RegionId", "Name") values (8721, 420, 'Argostli');
insert into "Cities"("Id", "RegionId", "Name") values (8722, 420, 'Argostlion');
insert into "Cities"("Id", "RegionId", "Name") values (8723, 500, 'Бхопал');
insert into "Cities"("Id", "RegionId", "Name") values (8724, 500, 'Мау');
insert into "Cities"("Id", "RegionId", "Name") values (8725, 523, 'Керманшах');
insert into "Cities"("Id", "RegionId", "Name") values (8726, 534, 'Balbriggan');
insert into "Cities"("Id", "RegionId", "Name") values (8727, 534, 'Dublin');
insert into "Cities"("Id", "RegionId", "Name") values (8728, 534, 'Dun Laoghaire');
insert into "Cities"("Id", "RegionId", "Name") values (8729, 534, 'Lucan');
insert into "Cities"("Id", "RegionId", "Name") values (8730, 534, 'Lusk');
insert into "Cities"("Id", "RegionId", "Name") values (8731, 534, 'MalaIde');
insert into "Cities"("Id", "RegionId", "Name") values (8732, 534, 'Newcastle');
insert into "Cities"("Id", "RegionId", "Name") values (8733, 534, 'Portmarnock');
insert into "Cities"("Id", "RegionId", "Name") values (8734, 534, 'Rush');
insert into "Cities"("Id", "RegionId", "Name") values (8735, 534, 'Skerries');
insert into "Cities"("Id", "RegionId", "Name") values (8736, 534, 'Swords');
insert into "Cities"("Id", "RegionId", "Name") values (8737, 559, 'Kpavogur');
insert into "Cities"("Id", "RegionId", "Name") values (8738, 559, 'Reykjavk');
insert into "Cities"("Id", "RegionId", "Name") values (8739, 569, 'Abio');
insert into "Cities"("Id", "RegionId", "Name") values (8740, 569, 'Agost');
insert into "Cities"("Id", "RegionId", "Name") values (8741, 569, 'Agres');
insert into "Cities"("Id", "RegionId", "Name") values (8742, 569, 'Albatera');
insert into "Cities"("Id", "RegionId", "Name") values (8743, 569, 'Albir');
insert into "Cities"("Id", "RegionId", "Name") values (8744, 569, 'Alborada');
insert into "Cities"("Id", "RegionId", "Name") values (8745, 569, 'Albufereta');
insert into "Cities"("Id", "RegionId", "Name") values (8746, 569, 'Alcoy');
insert into "Cities"("Id", "RegionId", "Name") values (8747, 569, 'Alicante');
insert into "Cities"("Id", "RegionId", "Name") values (8748, 569, 'Almorad');
insert into "Cities"("Id", "RegionId", "Name") values (8749, 569, 'Altabix');
insert into "Cities"("Id", "RegionId", "Name") values (8750, 569, 'Altea');
insert into "Cities"("Id", "RegionId", "Name") values (8751, 569, 'Aspe');
insert into "Cities"("Id", "RegionId", "Name") values (8752, 569, 'Benejzar');
insert into "Cities"("Id", "RegionId", "Name") values (8753, 569, 'BeIdorm');
insert into "Cities"("Id", "RegionId", "Name") values (8754, 569, 'Benitachell');
insert into "Cities"("Id", "RegionId", "Name") values (8755, 569, 'Calpe');
insert into "Cities"("Id", "RegionId", "Name") values (8756, 569, 'Casas del Seor');
insert into "Cities"("Id", "RegionId", "Name") values (8757, 569, 'Castalla');
insert into "Cities"("Id", "RegionId", "Name") values (8758, 569, 'Dnia');
insert into "Cities"("Id", "RegionId", "Name") values (8759, 569, 'Dolores');
insert into "Cities"("Id", "RegionId", "Name") values (8760, 569, 'Elche');
insert into "Cities"("Id", "RegionId", "Name") values (8761, 569, 'Elda');
insert into "Cities"("Id", "RegionId", "Name") values (8762, 569, 'Guardamar del Segura');
insert into "Cities"("Id", "RegionId", "Name") values (8763, 569, 'Jvea');
insert into "Cities"("Id", "RegionId", "Name") values (8764, 569, 'La Zenia');
insert into "Cities"("Id", "RegionId", "Name") values (8765, 569, 'Los Montesinos');
insert into "Cities"("Id", "RegionId", "Name") values (8766, 569, 'Ondara');
insert into "Cities"("Id", "RegionId", "Name") values (8767, 569, 'Onil');
insert into "Cities"("Id", "RegionId", "Name") values (8768, 569, 'Orihuela');
insert into "Cities"("Id", "RegionId", "Name") values (8769, 569, 'Pilar de la Horadada');
insert into "Cities"("Id", "RegionId", "Name") values (8770, 569, 'San Juan de Alicante');
insert into "Cities"("Id", "RegionId", "Name") values (8771, 569, 'Santa Pola');
insert into "Cities"("Id", "RegionId", "Name") values (8772, 569, 'Torrevieja');
insert into "Cities"("Id", "RegionId", "Name") values (8773, 620, 'Abbateggio');
insert into "Cities"("Id", "RegionId", "Name") values (8774, 620, 'Citt Sant''''Angelo');
insert into "Cities"("Id", "RegionId", "Name") values (8775, 620, 'Cugnoli');
insert into "Cities"("Id", "RegionId", "Name") values (8776, 620, 'Loreto Aprutino');
insert into "Cities"("Id", "RegionId", "Name") values (8777, 620, 'Montesilvano');
insert into "Cities"("Id", "RegionId", "Name") values (8778, 620, 'Penne');
insert into "Cities"("Id", "RegionId", "Name") values (8779, 620, 'Pescara');
insert into "Cities"("Id", "RegionId", "Name") values (8780, 620, 'Pianella');
insert into "Cities"("Id", "RegionId", "Name") values (8781, 719, 'Прая');
insert into "Regions"("Id", "CountryId", "Name") values (720, 81, 'Акмолинская обл. (Целиноградская обл.)');
insert into "Regions"("Id", "CountryId", "Name") values (721, 81, 'Актюбинская обл.');
insert into "Regions"("Id", "CountryId", "Name") values (722, 81, 'Алма-Атинская обл.');
insert into "Regions"("Id", "CountryId", "Name") values (723, 81, 'Восточно-Казахстанская обл.');
insert into "Regions"("Id", "CountryId", "Name") values (724, 81, 'Гурьевская обл.');
insert into "Regions"("Id", "CountryId", "Name") values (725, 81, 'Джезказганская обл.');
insert into "Regions"("Id", "CountryId", "Name") values (726, 81, 'Жамбылская обл. (Джамбулская обл.)');
insert into "Regions"("Id", "CountryId", "Name") values (727, 81, 'Западно-Казахстанская обл.');
insert into "Regions"("Id", "CountryId", "Name") values (728, 81, 'Казахстан');
insert into "Regions"("Id", "CountryId", "Name") values (729, 81, 'Карагандинская обл.');
insert into "Regions"("Id", "CountryId", "Name") values (730, 81, 'Кзылординская обл.');
insert into "Regions"("Id", "CountryId", "Name") values (731, 81, 'Кокчетавская обл.');
insert into "Regions"("Id", "CountryId", "Name") values (732, 81, 'Кустанайская обл.');
insert into "Regions"("Id", "CountryId", "Name") values (733, 81, 'Мангыстауская (Мангышлакская обл.)');
insert into "Regions"("Id", "CountryId", "Name") values (734, 81, 'Павлодарская обл.');
insert into "Regions"("Id", "CountryId", "Name") values (735, 81, 'Северо-Казахстанская обл.');
insert into "Regions"("Id", "CountryId", "Name") values (736, 81, 'Талды-Курганская обл.');
insert into "Regions"("Id", "CountryId", "Name") values (737, 81, 'Тургайская обл.');
insert into "Regions"("Id", "CountryId", "Name") values (738, 81, 'Чимкентская обл.');
insert into "Cities"("Id", "RegionId", "Name") values (8782, 421, 'Achlleion');
insert into "Cities"("Id", "RegionId", "Name") values (8783, 421, 'fra');
insert into "Cities"("Id", "RegionId", "Name") values (8784, 421, 'Athinio');
insert into "Cities"("Id", "RegionId", "Name") values (8785, 421, 'Corfu');
insert into "Cities"("Id", "RegionId", "Name") values (8786, 421, 'Krkira');
insert into "Cities"("Id", "RegionId", "Name") values (8787, 421, 'Krkyra');
insert into "Cities"("Id", "RegionId", "Name") values (8788, 421, 'Korfu');
insert into "Cities"("Id", "RegionId", "Name") values (8789, 501, 'Имфал');
insert into "Cities"("Id", "RegionId", "Name") values (8790, 524, 'Бабол');
insert into "Cities"("Id", "RegionId", "Name") values (8791, 524, 'Сари');
insert into "Cities"("Id", "RegionId", "Name") values (8792, 535, 'Athenry');
insert into "Cities"("Id", "RegionId", "Name") values (8793, 535, 'Ballinasloe');
insert into "Cities"("Id", "RegionId", "Name") values (8794, 535, 'Galway');
insert into "Cities"("Id", "RegionId", "Name") values (8795, 535, 'Gort');
insert into "Cities"("Id", "RegionId", "Name") values (8796, 535, 'Oranmore');
insert into "Cities"("Id", "RegionId", "Name") values (8797, 535, 'Tuam');
insert into "Cities"("Id", "RegionId", "Name") values (8798, 560, 'Alttanes');
insert into "Cities"("Id", "RegionId", "Name") values (8799, 570, 'Adra');
insert into "Cities"("Id", "RegionId", "Name") values (8800, 570, 'Aguadulce');
insert into "Cities"("Id", "RegionId", "Name") values (8801, 570, 'Albox');
insert into "Cities"("Id", "RegionId", "Name") values (8802, 570, 'Alcaudique');
insert into "Cities"("Id", "RegionId", "Name") values (8803, 570, 'Alhama de Almera');
insert into "Cities"("Id", "RegionId", "Name") values (8804, 570, 'Almera');
insert into "Cities"("Id", "RegionId", "Name") values (8805, 570, 'Almerimar');
insert into "Cities"("Id", "RegionId", "Name") values (8806, 570, 'Arboleas');
insert into "Cities"("Id", "RegionId", "Name") values (8807, 570, 'Balanegra');
insert into "Cities"("Id", "RegionId", "Name") values (8808, 570, 'Balerma');
insert into "Cities"("Id", "RegionId", "Name") values (8809, 570, 'Campohermoso');
insert into "Cities"("Id", "RegionId", "Name") values (8810, 570, 'Cuevas de Almanzora');
insert into "Cities"("Id", "RegionId", "Name") values (8811, 570, 'El Alquian');
insert into "Cities"("Id", "RegionId", "Name") values (8812, 570, 'El Cabo de Gata');
insert into "Cities"("Id", "RegionId", "Name") values (8813, 570, 'El EIdo');
insert into "Cities"("Id", "RegionId", "Name") values (8814, 570, 'El Parador');
insert into "Cities"("Id", "RegionId", "Name") values (8815, 570, 'Garrucha');
insert into "Cities"("Id", "RegionId", "Name") values (8816, 570, 'La Caada de San Urbano');
insert into "Cities"("Id", "RegionId", "Name") values (8817, 570, 'Mojcar');
insert into "Cities"("Id", "RegionId", "Name") values (8818, 570, 'Olula del Ro');
insert into "Cities"("Id", "RegionId", "Name") values (8819, 570, 'Roquetas de Mar');
insert into "Cities"("Id", "RegionId", "Name") values (8820, 570, 'San IIdro de Njar');
insert into "Cities"("Id", "RegionId", "Name") values (8821, 570, 'Vera');
insert into "Cities"("Id", "RegionId", "Name") values (8822, 570, 'Vcar');
insert into "Cities"("Id", "RegionId", "Name") values (8823, 621, 'Alba Adriatica');
insert into "Cities"("Id", "RegionId", "Name") values (8824, 621, 'Ancarano');
insert into "Cities"("Id", "RegionId", "Name") values (8825, 621, 'Bellante');
insert into "Cities"("Id", "RegionId", "Name") values (8826, 621, 'Castellalto');
insert into "Cities"("Id", "RegionId", "Name") values (8827, 621, 'Giulianova');
insert into "Cities"("Id", "RegionId", "Name") values (8828, 621, 'Martinsicuro');
insert into "Cities"("Id", "RegionId", "Name") values (8829, 621, 'Montefino');
insert into "Cities"("Id", "RegionId", "Name") values (8830, 621, 'Nereto');
insert into "Cities"("Id", "RegionId", "Name") values (8831, 621, 'Silvi');
insert into "Cities"("Id", "RegionId", "Name") values (8832, 621, 'Teramo');
insert into "Cities"("Id", "RegionId", "Name") values (8833, 621, 'Tortoreto');
insert into "Cities"("Id", "RegionId", "Name") values (8834, 720, 'Акбеит');
insert into "Cities"("Id", "RegionId", "Name") values (8835, 720, 'Аксу');
insert into "Cities"("Id", "RegionId", "Name") values (8836, 720, 'Алексеевка');
insert into "Cities"("Id", "RegionId", "Name") values (8837, 720, 'Астана');
insert into "Cities"("Id", "RegionId", "Name") values (8838, 720, 'Астраханка');
insert into "Cities"("Id", "RegionId", "Name") values (8839, 720, 'Атбасар');
insert into "Cities"("Id", "RegionId", "Name") values (8840, 720, 'Балкашино');
insert into "Cities"("Id", "RegionId", "Name") values (8841, 720, 'Бестобе');
insert into "Cities"("Id", "RegionId", "Name") values (8842, 720, 'Вишневка');
insert into "Cities"("Id", "RegionId", "Name") values (8843, 720, 'Ерментау');
insert into "Cities"("Id", "RegionId", "Name") values (8844, 720, 'Жалтыр');
insert into "Cities"("Id", "RegionId", "Name") values (8845, 720, 'Жолымбет');
insert into "Cities"("Id", "RegionId", "Name") values (8846, 720, 'Кургальджинский');
insert into "Cities"("Id", "RegionId", "Name") values (8847, 720, 'Макинск');
insert into "Cities"("Id", "RegionId", "Name") values (8848, 720, 'Степногорск');
insert into "Cities"("Id", "RegionId", "Name") values (8849, 720, 'Шортанды');
insert into "Regions"("Id", "CountryId", "Name") values (739, 82, 'Камбоджа');
insert into "Cities"("Id", "RegionId", "Name") values (8850, 422, 'Arnaa');
insert into "Cities"("Id", "RegionId", "Name") values (8851, 422, 'Dfni');
insert into "Cities"("Id", "RegionId", "Name") values (8852, 422, 'Hierissos');
insert into "Cities"("Id", "RegionId", "Name") values (8853, 422, 'Laringvi');
insert into "Cities"("Id", "RegionId", "Name") values (8854, 422, 'Pilyiros');
insert into "Cities"("Id", "RegionId", "Name") values (8855, 422, 'Polyiros');
insert into "Cities"("Id", "RegionId", "Name") values (8856, 422, 'Polgyros');
insert into "Cities"("Id", "RegionId", "Name") values (8857, 502, 'Акола');
insert into "Cities"("Id", "RegionId", "Name") values (8858, 502, 'Ахмаднагар');
insert into "Cities"("Id", "RegionId", "Name") values (8859, 502, 'Вардха');
insert into "Cities"("Id", "RegionId", "Name") values (8860, 502, 'Колхапур');
insert into "Cities"("Id", "RegionId", "Name") values (8861, 502, 'Нагпур');
insert into "Cities"("Id", "RegionId", "Name") values (8862, 502, 'Тана');
insert into "Cities"("Id", "RegionId", "Name") values (8863, 525, 'Тегеран');
insert into "Cities"("Id", "RegionId", "Name") values (8864, 536, 'Ballybunion');
insert into "Cities"("Id", "RegionId", "Name") values (8865, 536, 'Dingle');
insert into "Cities"("Id", "RegionId", "Name") values (8866, 536, 'Killarney');
insert into "Cities"("Id", "RegionId", "Name") values (8867, 536, 'Killorglin');
insert into "Cities"("Id", "RegionId", "Name") values (8868, 536, 'Listowel');
insert into "Cities"("Id", "RegionId", "Name") values (8869, 536, 'Tralee');
insert into "Cities"("Id", "RegionId", "Name") values (8870, 561, 'br');
insert into "Cities"("Id", "RegionId", "Name") values (8871, 561, 'gur');
insert into "Cities"("Id", "RegionId", "Name") values (8872, 571, 'Armada');
insert into "Cities"("Id", "RegionId", "Name") values (8873, 571, 'Avils');
insert into "Cities"("Id", "RegionId", "Name") values (8874, 571, 'Cedemonio');
insert into "Cities"("Id", "RegionId", "Name") values (8875, 571, 'Gijn');
insert into "Cities"("Id", "RegionId", "Name") values (8876, 571, 'Luanco');
insert into "Cities"("Id", "RegionId", "Name") values (8877, 571, 'Lugones');
insert into "Cities"("Id", "RegionId", "Name") values (8878, 571, 'Mieres');
insert into "Cities"("Id", "RegionId", "Name") values (8879, 571, 'Oviedo');
insert into "Cities"("Id", "RegionId", "Name") values (8880, 571, 'Pravia');
insert into "Cities"("Id", "RegionId", "Name") values (8881, 571, 'Villaviciosa');
insert into "Cities"("Id", "RegionId", "Name") values (8882, 622, 'Colobraro');
insert into "Cities"("Id", "RegionId", "Name") values (8883, 622, 'Ferrandina');
insert into "Cities"("Id", "RegionId", "Name") values (8884, 622, 'Matera');
insert into "Cities"("Id", "RegionId", "Name") values (8885, 622, 'Policoro');
insert into "Cities"("Id", "RegionId", "Name") values (8886, 622, 'Salandra');
insert into "Cities"("Id", "RegionId", "Name") values (8887, 721, 'Актобе (Актюбинск)');
insert into "Cities"("Id", "RegionId", "Name") values (8888, 721, 'Акшам');
insert into "Cities"("Id", "RegionId", "Name") values (8889, 721, 'Алга');
insert into "Cities"("Id", "RegionId", "Name") values (8890, 721, 'Байганин');
insert into "Cities"("Id", "RegionId", "Name") values (8891, 721, 'Батамшинский');
insert into "Cities"("Id", "RegionId", "Name") values (8892, 721, 'Иргиз');
insert into "Cities"("Id", "RegionId", "Name") values (8893, 721, 'Карабутак');
insert into "Cities"("Id", "RegionId", "Name") values (8894, 721, 'Мартук');
insert into "Cities"("Id", "RegionId", "Name") values (8895, 721, 'Новоалексеевка');
insert into "Cities"("Id", "RegionId", "Name") values (8896, 721, 'Октябрьск');
insert into "Cities"("Id", "RegionId", "Name") values (8897, 721, 'Уил');
insert into "Cities"("Id", "RegionId", "Name") values (8898, 721, 'Хромтау');
insert into "Cities"("Id", "RegionId", "Name") values (8899, 721, 'Челкар');
insert into "Cities"("Id", "RegionId", "Name") values (8900, 721, 'Шубаркудук');
insert into "Cities"("Id", "RegionId", "Name") values (8901, 721, 'Эмба');
insert into "Cities"("Id", "RegionId", "Name") values (8902, 739, 'Пномпень');
insert into "Regions"("Id", "CountryId", "Name") values (740, 83, 'Littoral');
insert into "Regions"("Id", "CountryId", "Name") values (741, 83, 'Sudouest');
insert into "Regions"("Id", "CountryId", "Name") values (742, 83, 'Северная');
insert into "Regions"("Id", "CountryId", "Name") values (743, 83, 'Центральная');
insert into "Cities"("Id", "RegionId", "Name") values (8903, 423, 'Canea');
insert into "Cities"("Id", "RegionId", "Name") values (8904, 423, 'Chani');
insert into "Cities"("Id", "RegionId", "Name") values (8905, 423, 'Khani');
insert into "Cities"("Id", "RegionId", "Name") values (8906, 423, 'Kssamos');
insert into "Cities"("Id", "RegionId", "Name") values (8907, 423, 'Loutr');
insert into "Cities"("Id", "RegionId", "Name") values (8908, 423, 'Palaiochra');
insert into "Cities"("Id", "RegionId", "Name") values (8909, 423, 'Sphinari');
insert into "Cities"("Id", "RegionId", "Name") values (8910, 503, 'Пури');
insert into "Cities"("Id", "RegionId", "Name") values (8911, 503, 'Рауркела');
insert into "Cities"("Id", "RegionId", "Name") values (8912, 526, 'Абадан');
insert into "Cities"("Id", "RegionId", "Name") values (8913, 526, 'Шираз');
insert into "Cities"("Id", "RegionId", "Name") values (8914, 537, 'Athy');
insert into "Cities"("Id", "RegionId", "Name") values (8915, 537, 'CelbIdge');
insert into "Cities"("Id", "RegionId", "Name") values (8916, 537, 'Clane');
insert into "Cities"("Id", "RegionId", "Name") values (8917, 537, 'Kilcullen');
insert into "Cities"("Id", "RegionId", "Name") values (8918, 537, 'Kildare');
insert into "Cities"("Id", "RegionId", "Name") values (8919, 537, 'Leixlip');
insert into "Cities"("Id", "RegionId", "Name") values (8920, 537, 'Maynooth');
insert into "Cities"("Id", "RegionId", "Name") values (8921, 537, 'Naas');
insert into "Cities"("Id", "RegionId", "Name") values (8922, 537, 'NewbIdge');
insert into "Cities"("Id", "RegionId", "Name") values (8923, 562, 'Saudhanes');
insert into "Cities"("Id", "RegionId", "Name") values (8924, 572, 'vila');
insert into "Cities"("Id", "RegionId", "Name") values (8925, 572, 'El Tiemblo');
insert into "Cities"("Id", "RegionId", "Name") values (8926, 623, 'Baragiano');
insert into "Cities"("Id", "RegionId", "Name") values (8927, 623, 'Bella');
insert into "Cities"("Id", "RegionId", "Name") values (8928, 623, 'Calvera');
insert into "Cities"("Id", "RegionId", "Name") values (8929, 623, 'Maratea');
insert into "Cities"("Id", "RegionId", "Name") values (8930, 623, 'Melfi');
insert into "Cities"("Id", "RegionId", "Name") values (8931, 623, 'Potenza');
insert into "Cities"("Id", "RegionId", "Name") values (8932, 623, 'Rapolla');
insert into "Cities"("Id", "RegionId", "Name") values (8933, 623, 'Sant''''Arcangelo');
insert into "Cities"("Id", "RegionId", "Name") values (8934, 623, 'Venosa');
insert into "Cities"("Id", "RegionId", "Name") values (8935, 722, 'Алматы (Алма-Ата)');
insert into "Cities"("Id", "RegionId", "Name") values (8936, 722, 'Баканас');
insert into "Cities"("Id", "RegionId", "Name") values (8937, 722, 'Бурундай');
insert into "Cities"("Id", "RegionId", "Name") values (8938, 722, 'Иссык');
insert into "Cities"("Id", "RegionId", "Name") values (8939, 722, 'Капчагай');
insert into "Cities"("Id", "RegionId", "Name") values (8940, 722, 'Каскелен');
insert into "Cities"("Id", "RegionId", "Name") values (8941, 722, 'Нарынкол');
insert into "Cities"("Id", "RegionId", "Name") values (8942, 722, 'Талгар');
insert into "Cities"("Id", "RegionId", "Name") values (8943, 722, 'Узунагач');
insert into "Cities"("Id", "RegionId", "Name") values (8944, 722, 'Чилик');
insert into "Cities"("Id", "RegionId", "Name") values (8945, 722, 'Чунджа');
insert into "Cities"("Id", "RegionId", "Name") values (8946, 740, 'Дуала');
insert into "Regions"("Id", "CountryId", "Name") values (744, 84, 'Alberta');
insert into "Regions"("Id", "CountryId", "Name") values (745, 84, 'British Columbia');
insert into "Regions"("Id", "CountryId", "Name") values (746, 84, 'Manitoba');
insert into "Regions"("Id", "CountryId", "Name") values (747, 84, 'New Brunswick');
insert into "Regions"("Id", "CountryId", "Name") values (748, 84, 'Newfoundland');
insert into "Regions"("Id", "CountryId", "Name") values (749, 84, 'Northwest Territories');
insert into "Regions"("Id", "CountryId", "Name") values (750, 84, 'Nova Scotia');
insert into "Regions"("Id", "CountryId", "Name") values (751, 84, 'Nunavut');
insert into "Regions"("Id", "CountryId", "Name") values (752, 84, 'Ontario');
insert into "Regions"("Id", "CountryId", "Name") values (753, 84, 'Prince Edward Island');
insert into "Regions"("Id", "CountryId", "Name") values (754, 84, 'Quebec');
insert into "Regions"("Id", "CountryId", "Name") values (755, 84, 'Saskatchewan');
insert into "Regions"("Id", "CountryId", "Name") values (756, 84, 'Yukon Territory');
insert into "Cities"("Id", "RegionId", "Name") values (8947, 424, 'Afrodsia');
insert into "Cities"("Id", "RegionId", "Name") values (8948, 424, 'Chalkein');
insert into "Cities"("Id", "RegionId", "Name") values (8949, 424, 'Hios');
insert into "Cities"("Id", "RegionId", "Name") values (8950, 424, 'Karfs');
insert into "Cities"("Id", "RegionId", "Name") values (8951, 424, 'Karia');
insert into "Cities"("Id", "RegionId", "Name") values (8952, 504, 'Амритсар');
insert into "Cities"("Id", "RegionId", "Name") values (8953, 504, 'Лудхиана');
insert into "Cities"("Id", "RegionId", "Name") values (8954, 527, 'Бендер-Аббас');
insert into "Cities"("Id", "RegionId", "Name") values (8955, 538, 'Kilkenny');
insert into "Cities"("Id", "RegionId", "Name") values (8956, 563, 'rnes');
insert into "Cities"("Id", "RegionId", "Name") values (8957, 563, 'Norurfjrur');
insert into "Cities"("Id", "RegionId", "Name") values (8958, 563, 'Reykjarnes');
insert into "Cities"("Id", "RegionId", "Name") values (8959, 573, 'Almendralejo');
insert into "Cities"("Id", "RegionId", "Name") values (8960, 573, 'Badajoz');
insert into "Cities"("Id", "RegionId", "Name") values (8961, 573, 'Don Benito');
insert into "Cities"("Id", "RegionId", "Name") values (8962, 573, 'MIda');
insert into "Cities"("Id", "RegionId", "Name") values (8963, 573, 'Talarrubias');
insert into "Cities"("Id", "RegionId", "Name") values (8964, 624, 'Amaroni');
insert into "Cities"("Id", "RegionId", "Name") values (8965, 624, 'Catanzaro');
insert into "Cities"("Id", "RegionId", "Name") values (8966, 624, 'Jacurso');
insert into "Cities"("Id", "RegionId", "Name") values (8967, 624, 'Lamezia Terme');
insert into "Cities"("Id", "RegionId", "Name") values (8968, 624, 'Satriano');
insert into "Cities"("Id", "RegionId", "Name") values (8969, 624, 'Soverato');
insert into "Cities"("Id", "RegionId", "Name") values (8970, 624, 'Taverna');
insert into "Cities"("Id", "RegionId", "Name") values (8971, 723, 'Акжар');
insert into "Cities"("Id", "RegionId", "Name") values (8972, 723, 'Аксуат');
insert into "Cities"("Id", "RegionId", "Name") values (8973, 723, 'Асубулак');
insert into "Cities"("Id", "RegionId", "Name") values (8974, 723, 'Ауэзов');
insert into "Cities"("Id", "RegionId", "Name") values (8975, 723, 'Аягуз');
insert into "Cities"("Id", "RegionId", "Name") values (8976, 723, 'Баршатас');
insert into "Cities"("Id", "RegionId", "Name") values (8977, 723, 'Белогорский');
insert into "Cities"("Id", "RegionId", "Name") values (8978, 723, 'Боко');
insert into "Cities"("Id", "RegionId", "Name") values (8979, 723, 'Большая Владимировка');
insert into "Cities"("Id", "RegionId", "Name") values (8980, 723, 'Бородулиха');
insert into "Cities"("Id", "RegionId", "Name") values (8981, 723, 'Верхнеберезовский');
insert into "Cities"("Id", "RegionId", "Name") values (8982, 723, 'Георгиевка');
insert into "Cities"("Id", "RegionId", "Name") values (8983, 723, 'Глубокое');
insert into "Cities"("Id", "RegionId", "Name") values (8984, 723, 'Жангизтобе');
insert into "Cities"("Id", "RegionId", "Name") values (8985, 723, 'Жарма');
insert into "Cities"("Id", "RegionId", "Name") values (8986, 723, 'Жезкент');
insert into "Cities"("Id", "RegionId", "Name") values (8987, 723, 'Зайсан');
insert into "Cities"("Id", "RegionId", "Name") values (8988, 723, 'Зыряновск');
insert into "Cities"("Id", "RegionId", "Name") values (8989, 723, 'Катон-Карагай');
insert into "Cities"("Id", "RegionId", "Name") values (8990, 723, 'Кокпекты');
insert into "Cities"("Id", "RegionId", "Name") values (8991, 723, 'Курчум');
insert into "Cities"("Id", "RegionId", "Name") values (8992, 723, 'Маканчи');
insert into "Cities"("Id", "RegionId", "Name") values (8993, 723, 'Новая Шульба');
insert into "Cities"("Id", "RegionId", "Name") values (8994, 723, 'Риддер (Лениногорск)');
insert into "Cities"("Id", "RegionId", "Name") values (8995, 723, 'Самарское');
insert into "Cities"("Id", "RegionId", "Name") values (8996, 723, 'Семипалатинск');
insert into "Cities"("Id", "RegionId", "Name") values (8997, 723, 'Серебрянск');
insert into "Cities"("Id", "RegionId", "Name") values (8998, 723, 'Таскескен');
insert into "Cities"("Id", "RegionId", "Name") values (8999, 723, 'Урджар');
insert into "Cities"("Id", "RegionId", "Name") values (9000, 723, 'Усть-Каменогорск');
insert into "Cities"("Id", "RegionId", "Name") values (9001, 723, 'Чарск');
insert into "Cities"("Id", "RegionId", "Name") values (9002, 723, 'Шемонаиха');
insert into "Cities"("Id", "RegionId", "Name") values (9003, 723, 'Шульбинск');
insert into "Cities"("Id", "RegionId", "Name") values (9004, 741, 'Виктория');
insert into "Cities"("Id", "RegionId", "Name") values (9005, 744, 'Abee');
insert into "Cities"("Id", "RegionId", "Name") values (9006, 744, 'Acadia Valley');
insert into "Cities"("Id", "RegionId", "Name") values (9007, 744, 'Acme');
insert into "Cities"("Id", "RegionId", "Name") values (9008, 744, 'Aden');
insert into "Cities"("Id", "RegionId", "Name") values (9009, 744, 'Airdrie');
insert into "Cities"("Id", "RegionId", "Name") values (9010, 744, 'Alberta Beach');
insert into "Cities"("Id", "RegionId", "Name") values (9011, 744, 'Alix');
insert into "Cities"("Id", "RegionId", "Name") values (9012, 744, 'Alliance');
insert into "Cities"("Id", "RegionId", "Name") values (9013, 744, 'Andrew');
insert into "Cities"("Id", "RegionId", "Name") values (9014, 744, 'Athabasca');
insert into "Cities"("Id", "RegionId", "Name") values (9015, 744, 'Atikameg');
insert into "Cities"("Id", "RegionId", "Name") values (9016, 744, 'Atmore');
insert into "Cities"("Id", "RegionId", "Name") values (9017, 744, 'Balzac');
insert into "Cities"("Id", "RegionId", "Name") values (9018, 744, 'Barrhead');
insert into "Cities"("Id", "RegionId", "Name") values (9019, 744, 'Blueberry Mountain');
insert into "Cities"("Id", "RegionId", "Name") values (9020, 744, 'Brooks');
insert into "Cities"("Id", "RegionId", "Name") values (9021, 744, 'Buffalo');
insert into "Cities"("Id", "RegionId", "Name") values (9022, 744, 'Calgary');
insert into "Cities"("Id", "RegionId", "Name") values (9023, 744, 'Camrose');
insert into "Cities"("Id", "RegionId", "Name") values (9024, 744, 'Edmonton');
insert into "Cities"("Id", "RegionId", "Name") values (9025, 744, 'Eureka River');
insert into "Cities"("Id", "RegionId", "Name") values (9026, 744, 'Fort Mackay');
insert into "Cities"("Id", "RegionId", "Name") values (9027, 744, 'Fort McMurray');
insert into "Cities"("Id", "RegionId", "Name") values (9028, 744, 'Grande Prairie');
insert into "Cities"("Id", "RegionId", "Name") values (9029, 744, 'Hinton');
insert into "Cities"("Id", "RegionId", "Name") values (9030, 744, 'Jasper');
insert into "Cities"("Id", "RegionId", "Name") values (9031, 744, 'Leduc');
insert into "Cities"("Id", "RegionId", "Name") values (9032, 744, 'LethbIdge');
insert into "Cities"("Id", "RegionId", "Name") values (9033, 744, 'Medicine Hat');
insert into "Cities"("Id", "RegionId", "Name") values (9034, 744, 'Monarch');
insert into "Cities"("Id", "RegionId", "Name") values (9035, 744, 'Nevis');
insert into "Cities"("Id", "RegionId", "Name") values (9036, 744, 'Oyen');
insert into "Cities"("Id", "RegionId", "Name") values (9037, 744, 'Red Deer');
insert into "Cities"("Id", "RegionId", "Name") values (9038, 744, 'Robb');
insert into "Cities"("Id", "RegionId", "Name") values (9039, 744, 'Sherwood Park');
insert into "Cities"("Id", "RegionId", "Name") values (9040, 744, 'Torrington');
insert into "Cities"("Id", "RegionId", "Name") values (9041, 744, 'Vegreville');
insert into "Regions"("Id", "CountryId", "Name") values (757, 85, 'Доха');
insert into "Cities"("Id", "RegionId", "Name") values (9042, 425, 'Admas');
insert into "Cities"("Id", "RegionId", "Name") values (9043, 425, 'Fir');
insert into "Cities"("Id", "RegionId", "Name") values (9044, 425, 'Mkonos');
insert into "Cities"("Id", "RegionId", "Name") values (9045, 425, 'Mlos');
insert into "Cities"("Id", "RegionId", "Name") values (9046, 425, 'Mkonos');
insert into "Cities"("Id", "RegionId", "Name") values (9047, 425, 'Nxos');
insert into "Cities"("Id", "RegionId", "Name") values (9048, 425, 'Pros');
insert into "Cities"("Id", "RegionId", "Name") values (9049, 425, 'Thra');
insert into "Cities"("Id", "RegionId", "Name") values (9050, 505, 'Пондичерри');
insert into "Cities"("Id", "RegionId", "Name") values (9051, 528, 'Ахваз');
insert into "Cities"("Id", "RegionId", "Name") values (9052, 528, 'Хоррамшахр');
insert into "Cities"("Id", "RegionId", "Name") values (9053, 539, 'Abbeyleix');
insert into "Cities"("Id", "RegionId", "Name") values (9054, 539, 'Mountmellick');
insert into "Cities"("Id", "RegionId", "Name") values (9055, 539, 'Mountrath');
insert into "Cities"("Id", "RegionId", "Name") values (9056, 539, 'Portarlington');
insert into "Cities"("Id", "RegionId", "Name") values (9057, 539, 'Portlaoise');
insert into "Cities"("Id", "RegionId", "Name") values (9058, 539, 'Rathdowney');
insert into "Cities"("Id", "RegionId", "Name") values (9059, 539, 'Stradbally');
insert into "Cities"("Id", "RegionId", "Name") values (9060, 564, 'Reyarfjrur');
insert into "Cities"("Id", "RegionId", "Name") values (9061, 574, 'Abrera');
insert into "Cities"("Id", "RegionId", "Name") values (9062, 574, 'Aiguafreda (1)');
insert into "Cities"("Id", "RegionId", "Name") values (9063, 574, 'Alou');
insert into "Cities"("Id", "RegionId", "Name") values (9064, 574, 'Antius');
insert into "Cities"("Id", "RegionId", "Name") values (9065, 574, 'Arenys de Munt');
insert into "Cities"("Id", "RegionId", "Name") values (9066, 574, 'Avi');
insert into "Cities"("Id", "RegionId", "Name") values (9067, 574, 'Badalona');
insert into "Cities"("Id", "RegionId", "Name") values (9068, 574, 'Balsareny');
insert into "Cities"("Id", "RegionId", "Name") values (9069, 574, 'Barcelona');
insert into "Cities"("Id", "RegionId", "Name") values (9070, 574, 'Begues');
insert into "Cities"("Id", "RegionId", "Name") values (9071, 574, 'Berga');
insert into "Cities"("Id", "RegionId", "Name") values (9072, 574, 'Bergus');
insert into "Cities"("Id", "RegionId", "Name") values (9073, 574, 'Bonavista');
insert into "Cities"("Id", "RegionId", "Name") values (9074, 574, 'Cabrils');
insert into "Cities"("Id", "RegionId", "Name") values (9075, 574, 'Calaf');
insert into "Cities"("Id", "RegionId", "Name") values (9076, 574, 'Calella');
insert into "Cities"("Id", "RegionId", "Name") values (9077, 574, 'Camps');
insert into "Cities"("Id", "RegionId", "Name") values (9078, 574, 'Cardona');
insert into "Cities"("Id", "RegionId", "Name") values (9079, 574, 'Castellar de n''''hug');
insert into "Cities"("Id", "RegionId", "Name") values (9080, 574, 'Castelldefels');
insert into "Cities"("Id", "RegionId", "Name") values (9081, 574, 'Cerdanyola');
insert into "Cities"("Id", "RegionId", "Name") values (9082, 574, 'Clint el');
insert into "Cities"("Id", "RegionId", "Name") values (9083, 574, 'Granollers');
insert into "Cities"("Id", "RegionId", "Name") values (9084, 574, 'L'''' Hospitalet de Llobregat');
insert into "Cities"("Id", "RegionId", "Name") values (9085, 574, 'La Molina');
insert into "Cities"("Id", "RegionId", "Name") values (9086, 574, 'La Panadella');
insert into "Cities"("Id", "RegionId", "Name") values (9087, 574, 'Malgrat de Mar');
insert into "Cities"("Id", "RegionId", "Name") values (9088, 574, 'Manresa');
insert into "Cities"("Id", "RegionId", "Name") values (9089, 574, 'Matar');
insert into "Cities"("Id", "RegionId", "Name") values (9090, 574, 'Mollet');
insert into "Cities"("Id", "RegionId", "Name") values (9091, 574, 'Montcada i Reixac');
insert into "Cities"("Id", "RegionId", "Name") values (9092, 574, 'Poliny');
insert into "Cities"("Id", "RegionId", "Name") values (9093, 574, 'Sabadell');
insert into "Cities"("Id", "RegionId", "Name") values (9094, 574, 'Sant Boi de Llobregat');
insert into "Cities"("Id", "RegionId", "Name") values (9095, 574, 'Sant Juli de Vilatorta');
insert into "Cities"("Id", "RegionId", "Name") values (9096, 574, 'Sant Pol de Mar');
insert into "Cities"("Id", "RegionId", "Name") values (9097, 574, 'Santa Susanna');
insert into "Cities"("Id", "RegionId", "Name") values (9098, 574, 'Sitges');
insert into "Cities"("Id", "RegionId", "Name") values (9099, 574, 'Terrassa');
insert into "Cities"("Id", "RegionId", "Name") values (9100, 574, 'Vic');
insert into "Cities"("Id", "RegionId", "Name") values (9101, 574, 'Vilafranca del Peneds');
insert into "Cities"("Id", "RegionId", "Name") values (9102, 574, 'Vilanova i la Geltr');
insert into "Cities"("Id", "RegionId", "Name") values (9103, 574, 'Viver');
insert into "Cities"("Id", "RegionId", "Name") values (9104, 625, 'Acquappesa');
insert into "Cities"("Id", "RegionId", "Name") values (9105, 625, 'Acri');
insert into "Cities"("Id", "RegionId", "Name") values (9106, 625, 'Amantea');
insert into "Cities"("Id", "RegionId", "Name") values (9107, 625, 'Belvedere Marittimo');
insert into "Cities"("Id", "RegionId", "Name") values (9108, 625, 'Bocchigliero');
insert into "Cities"("Id", "RegionId", "Name") values (9109, 625, 'Cariati');
insert into "Cities"("Id", "RegionId", "Name") values (9110, 625, 'Corigliano Calabro');
insert into "Cities"("Id", "RegionId", "Name") values (9111, 625, 'Cosenza');
insert into "Cities"("Id", "RegionId", "Name") values (9112, 625, 'Crosia');
insert into "Cities"("Id", "RegionId", "Name") values (9113, 625, 'Fuscaldo');
insert into "Cities"("Id", "RegionId", "Name") values (9114, 625, 'Rende');
insert into "Cities"("Id", "RegionId", "Name") values (9115, 625, 'Rossano');
insert into "Cities"("Id", "RegionId", "Name") values (9116, 625, 'San LuIdo');
insert into "Cities"("Id", "RegionId", "Name") values (9117, 625, 'San Vincenzo La Costa');
insert into "Cities"("Id", "RegionId", "Name") values (9118, 625, 'Santa Maria del Cedro');
insert into "Cities"("Id", "RegionId", "Name") values (9119, 625, 'Scalea');
insert into "Cities"("Id", "RegionId", "Name") values (9120, 625, 'Tortora');
insert into "Cities"("Id", "RegionId", "Name") values (9121, 724, 'Атырау(Гурьев)');
insert into "Cities"("Id", "RegionId", "Name") values (9122, 724, 'Байчунас');
insert into "Cities"("Id", "RegionId", "Name") values (9123, 724, 'Балыкши');
insert into "Cities"("Id", "RegionId", "Name") values (9124, 724, 'Ганюшкино');
insert into "Cities"("Id", "RegionId", "Name") values (9125, 724, 'Доссор');
insert into "Cities"("Id", "RegionId", "Name") values (9126, 724, 'Индерборский');
insert into "Cities"("Id", "RegionId", "Name") values (9127, 724, 'Каратон');
insert into "Cities"("Id", "RegionId", "Name") values (9128, 724, 'Кульсары');
insert into "Cities"("Id", "RegionId", "Name") values (9129, 724, 'Макат');
insert into "Cities"("Id", "RegionId", "Name") values (9130, 724, 'Миялы');
insert into "Cities"("Id", "RegionId", "Name") values (9131, 742, 'Гаруа');
insert into "Cities"("Id", "RegionId", "Name") values (9132, 745, '100 Mile House');
insert into "Cities"("Id", "RegionId", "Name") values (9133, 745, 'Abbotsford');
insert into "Cities"("Id", "RegionId", "Name") values (9134, 745, 'Altona');
insert into "Cities"("Id", "RegionId", "Name") values (9135, 745, 'Anahim Lake');
insert into "Cities"("Id", "RegionId", "Name") values (9136, 745, 'Argenta');
insert into "Cities"("Id", "RegionId", "Name") values (9137, 745, 'Armstrong');
insert into "Cities"("Id", "RegionId", "Name") values (9138, 745, 'Belcarra');
insert into "Cities"("Id", "RegionId", "Name") values (9139, 745, 'Bella Bella');
insert into "Cities"("Id", "RegionId", "Name") values (9140, 745, 'Boston Bar');
insert into "Cities"("Id", "RegionId", "Name") values (9141, 745, 'Burnaby');
insert into "Cities"("Id", "RegionId", "Name") values (9142, 745, 'Burns Lake');
insert into "Cities"("Id", "RegionId", "Name") values (9143, 745, 'Campbell River');
insert into "Cities"("Id", "RegionId", "Name") values (9144, 745, 'Coquitlam');
insert into "Cities"("Id", "RegionId", "Name") values (9145, 745, 'Cranbrook');
insert into "Cities"("Id", "RegionId", "Name") values (9146, 745, 'Duncan');
insert into "Cities"("Id", "RegionId", "Name") values (9147, 745, 'Egmont');
insert into "Cities"("Id", "RegionId", "Name") values (9148, 745, 'Falkland');
insert into "Cities"("Id", "RegionId", "Name") values (9149, 745, 'Fort St John');
insert into "Cities"("Id", "RegionId", "Name") values (9150, 745, 'Kamloops');
insert into "Cities"("Id", "RegionId", "Name") values (9151, 745, 'Kelowna');
insert into "Cities"("Id", "RegionId", "Name") values (9152, 745, 'Kitimat');
insert into "Cities"("Id", "RegionId", "Name") values (9153, 745, 'Madeira Park');
insert into "Cities"("Id", "RegionId", "Name") values (9154, 745, 'Nanaimo');
insert into "Cities"("Id", "RegionId", "Name") values (9155, 745, 'Penticton');
insert into "Cities"("Id", "RegionId", "Name") values (9156, 745, 'Prince George');
insert into "Cities"("Id", "RegionId", "Name") values (9157, 745, 'Radium Hot Springs');
insert into "Cities"("Id", "RegionId", "Name") values (9158, 745, 'Revelstoke');
insert into "Cities"("Id", "RegionId", "Name") values (9159, 745, 'Richmond');
insert into "Cities"("Id", "RegionId", "Name") values (9160, 745, 'Idney');
insert into "Cities"("Id", "RegionId", "Name") values (9161, 745, 'Surrey');
insert into "Cities"("Id", "RegionId", "Name") values (9162, 745, 'Tofino');
insert into "Cities"("Id", "RegionId", "Name") values (9163, 745, 'Vancouver');
insert into "Cities"("Id", "RegionId", "Name") values (9164, 745, 'Victoria');
insert into "Cities"("Id", "RegionId", "Name") values (9165, 745, 'West Vancouver');
insert into "Cities"("Id", "RegionId", "Name") values (9166, 745, 'Whistler');
insert into "Cities"("Id", "RegionId", "Name") values (9167, 757, 'Доха');
insert into "Regions"("Id", "CountryId", "Name") values (758, 86, 'Central');
insert into "Regions"("Id", "CountryId", "Name") values (759, 86, 'Coast');
insert into "Regions"("Id", "CountryId", "Name") values (760, 86, 'Nairobi Area');
insert into "Regions"("Id", "CountryId", "Name") values (761, 86, 'North-Eastern');
insert into "Regions"("Id", "CountryId", "Name") values (762, 86, 'Western');
insert into "Cities"("Id", "RegionId", "Name") values (9168, 426, 'Atl');
insert into "Cities"("Id", "RegionId", "Name") values (9169, 426, 'Axiopoli');
insert into "Cities"("Id", "RegionId", "Name") values (9170, 426, 'Galliks');
insert into "Cities"("Id", "RegionId", "Name") values (9171, 426, 'Kalndhria');
insert into "Cities"("Id", "RegionId", "Name") values (9172, 426, 'Kilks');
insert into "Cities"("Id", "RegionId", "Name") values (9173, 426, 'Libhovon');
insert into "Cities"("Id", "RegionId", "Name") values (9174, 426, 'Polkastro');
insert into "Cities"("Id", "RegionId", "Name") values (9175, 426, 'Skhovon');
insert into "Cities"("Id", "RegionId", "Name") values (9176, 506, 'Аймер');
insert into "Cities"("Id", "RegionId", "Name") values (9177, 506, 'Альвар');
insert into "Cities"("Id", "RegionId", "Name") values (9178, 506, 'Кота');
insert into "Cities"("Id", "RegionId", "Name") values (9179, 506, 'Удаипур');
insert into "Cities"("Id", "RegionId", "Name") values (9180, 540, 'Carrick on Shannon');
insert into "Cities"("Id", "RegionId", "Name") values (9181, 565, 'Vatneyri');
insert into "Cities"("Id", "RegionId", "Name") values (9182, 575, 'Ages');
insert into "Cities"("Id", "RegionId", "Name") values (9183, 575, 'Alba');
insert into "Cities"("Id", "RegionId", "Name") values (9184, 575, 'Alcocero de mola');
insert into "Cities"("Id", "RegionId", "Name") values (9185, 575, 'Aranda de Duero');
insert into "Cities"("Id", "RegionId", "Name") values (9186, 575, 'Burgos');
insert into "Cities"("Id", "RegionId", "Name") values (9187, 575, 'Caizar de amaya');
insert into "Cities"("Id", "RegionId", "Name") values (9188, 575, 'Covarrubias');
insert into "Cities"("Id", "RegionId", "Name") values (9189, 575, 'Miranda de Ebro');
insert into "Cities"("Id", "RegionId", "Name") values (9190, 626, 'Crotone');
insert into "Cities"("Id", "RegionId", "Name") values (9191, 626, 'Crucoli');
insert into "Cities"("Id", "RegionId", "Name") values (9192, 626, 'Isola di Capo Rizzuto');
insert into "Cities"("Id", "RegionId", "Name") values (9193, 626, 'Melissa');
insert into "Cities"("Id", "RegionId", "Name") values (9194, 725, 'Агадырь');
insert into "Cities"("Id", "RegionId", "Name") values (9195, 725, 'Акжал');
insert into "Cities"("Id", "RegionId", "Name") values (9196, 725, 'Атасу');
insert into "Cities"("Id", "RegionId", "Name") values (9197, 725, 'Балхаш');
insert into "Cities"("Id", "RegionId", "Name") values (9198, 725, 'Гульшад');
insert into "Cities"("Id", "RegionId", "Name") values (9199, 725, 'Дарьинский');
insert into "Cities"("Id", "RegionId", "Name") values (9200, 725, 'Джамбул');
insert into "Cities"("Id", "RegionId", "Name") values (9201, 725, 'Джезды');
insert into "Cities"("Id", "RegionId", "Name") values (9202, 725, 'Джезказган');
insert into "Cities"("Id", "RegionId", "Name") values (9203, 725, 'Жарык');
insert into "Cities"("Id", "RegionId", "Name") values (9204, 725, 'Каражал');
insert into "Cities"("Id", "RegionId", "Name") values (9205, 725, 'Приозерск');
insert into "Cities"("Id", "RegionId", "Name") values (9206, 725, 'Сатпаев (Никольский)');
insert into "Cities"("Id", "RegionId", "Name") values (9207, 725, 'Тараз');
insert into "Cities"("Id", "RegionId", "Name") values (9208, 725, 'Улытау');
insert into "Cities"("Id", "RegionId", "Name") values (9209, 743, 'Яунде');
insert into "Cities"("Id", "RegionId", "Name") values (9210, 746, 'Alexander');
insert into "Cities"("Id", "RegionId", "Name") values (9211, 746, 'Alonsa');
insert into "Cities"("Id", "RegionId", "Name") values (9212, 746, 'Altona');
insert into "Cities"("Id", "RegionId", "Name") values (9213, 746, 'Austin');
insert into "Cities"("Id", "RegionId", "Name") values (9214, 746, 'Beaconia');
insert into "Cities"("Id", "RegionId", "Name") values (9215, 746, 'Belmont');
insert into "Cities"("Id", "RegionId", "Name") values (9216, 746, 'Brandon');
insert into "Cities"("Id", "RegionId", "Name") values (9217, 746, 'Kenton');
insert into "Cities"("Id", "RegionId", "Name") values (9218, 746, 'Manson');
insert into "Cities"("Id", "RegionId", "Name") values (9219, 746, 'Minitonas');
insert into "Cities"("Id", "RegionId", "Name") values (9220, 746, 'Morris');
insert into "Cities"("Id", "RegionId", "Name") values (9221, 746, 'Neepawa');
insert into "Cities"("Id", "RegionId", "Name") values (9222, 746, 'Roblin');
insert into "Cities"("Id", "RegionId", "Name") values (9223, 746, 'Steinbach');
insert into "Cities"("Id", "RegionId", "Name") values (9224, 746, 'Wanipigow');
insert into "Cities"("Id", "RegionId", "Name") values (9225, 746, 'Winkler');
insert into "Cities"("Id", "RegionId", "Name") values (9226, 746, 'Winnipeg');
insert into "Cities"("Id", "RegionId", "Name") values (9227, 758, 'Fort Hall');
insert into "Cities"("Id", "RegionId", "Name") values (9228, 758, 'Gatei');
insert into "Cities"("Id", "RegionId", "Name") values (9229, 758, 'Gatunguru');
insert into "Regions"("Id", "CountryId", "Name") values (763, 87, 'Government controlled area');
insert into "Regions"("Id", "CountryId", "Name") values (764, 87, 'Turkish controlled area');
insert into "Cities"("Id", "RegionId", "Name") values (9230, 427, 'Corinth');
insert into "Cities"("Id", "RegionId", "Name") values (9231, 427, 'Kito');
insert into "Cities"("Id", "RegionId", "Name") values (9232, 427, 'Kiton');
insert into "Cities"("Id", "RegionId", "Name") values (9233, 427, 'Krinthos');
insert into "Cities"("Id", "RegionId", "Name") values (9234, 507, 'Мадурай');
insert into "Cities"("Id", "RegionId", "Name") values (9235, 541, 'Croom');
insert into "Cities"("Id", "RegionId", "Name") values (9236, 541, 'Limerick');
insert into "Cities"("Id", "RegionId", "Name") values (9237, 541, 'Newcastle');
insert into "Cities"("Id", "RegionId", "Name") values (9238, 541, 'Patrickswell');
insert into "Cities"("Id", "RegionId", "Name") values (9239, 576, 'Cceres');
insert into "Cities"("Id", "RegionId", "Name") values (9240, 576, 'Coria');
insert into "Cities"("Id", "RegionId", "Name") values (9241, 627, 'Bianco');
insert into "Cities"("Id", "RegionId", "Name") values (9242, 627, 'Calanna');
insert into "Cities"("Id", "RegionId", "Name") values (9243, 627, 'Caulonia');
insert into "Cities"("Id", "RegionId", "Name") values (9244, 627, 'Gioia Tauro');
insert into "Cities"("Id", "RegionId", "Name") values (9245, 627, 'Gioiosa Ionica');
insert into "Cities"("Id", "RegionId", "Name") values (9246, 627, 'Monasterace');
insert into "Cities"("Id", "RegionId", "Name") values (9247, 627, 'Reggio di Calabria');
insert into "Cities"("Id", "RegionId", "Name") values (9248, 627, 'Rizziconi');
insert into "Cities"("Id", "RegionId", "Name") values (9249, 627, 'Roccella Ionica');
insert into "Cities"("Id", "RegionId", "Name") values (9250, 627, 'Rosarno');
insert into "Cities"("Id", "RegionId", "Name") values (9251, 627, 'Iderno');
insert into "Cities"("Id", "RegionId", "Name") values (9252, 726, 'Акколь');
insert into "Cities"("Id", "RegionId", "Name") values (9253, 726, 'Байкадам');
insert into "Cities"("Id", "RegionId", "Name") values (9254, 726, 'Бурное');
insert into "Cities"("Id", "RegionId", "Name") values (9255, 726, 'Георгиевка');
insert into "Cities"("Id", "RegionId", "Name") values (9256, 726, 'Гранитогорск');
insert into "Cities"("Id", "RegionId", "Name") values (9257, 726, 'Жанатас');
insert into "Cities"("Id", "RegionId", "Name") values (9258, 726, 'Каратау');
insert into "Cities"("Id", "RegionId", "Name") values (9259, 726, 'Коктал');
insert into "Cities"("Id", "RegionId", "Name") values (9260, 726, 'Луговое');
insert into "Cities"("Id", "RegionId", "Name") values (9261, 726, 'Мерке');
insert into "Cities"("Id", "RegionId", "Name") values (9262, 726, 'Михайловка');
insert into "Cities"("Id", "RegionId", "Name") values (9263, 726, 'Новотроицкое');
insert into "Cities"("Id", "RegionId", "Name") values (9264, 726, 'Отар');
insert into "Cities"("Id", "RegionId", "Name") values (9265, 726, 'Тараз (Джамбул)');
insert into "Cities"("Id", "RegionId", "Name") values (9266, 726, 'Фурмановка');
insert into "Cities"("Id", "RegionId", "Name") values (9267, 726, 'Чиганак');
insert into "Cities"("Id", "RegionId", "Name") values (9268, 726, 'Чу');
insert into "Cities"("Id", "RegionId", "Name") values (9269, 747, 'Acadieville');
insert into "Cities"("Id", "RegionId", "Name") values (9270, 747, 'Allainville');
insert into "Cities"("Id", "RegionId", "Name") values (9271, 747, 'Bas-Caraquet');
insert into "Cities"("Id", "RegionId", "Name") values (9272, 747, 'Forest City');
insert into "Cities"("Id", "RegionId", "Name") values (9273, 747, 'Moncton');
insert into "Cities"("Id", "RegionId", "Name") values (9274, 747, 'Saint John');
insert into "Cities"("Id", "RegionId", "Name") values (9275, 759, 'Balguda');
insert into "Cities"("Id", "RegionId", "Name") values (9276, 759, 'Mombasa');
insert into "Cities"("Id", "RegionId", "Name") values (9277, 759, 'Mombassa');
insert into "Cities"("Id", "RegionId", "Name") values (9278, 763, 'Ларнака');
insert into "Cities"("Id", "RegionId", "Name") values (9279, 763, 'Лимассол');
insert into "Cities"("Id", "RegionId", "Name") values (9280, 763, 'Пафос');
insert into "Regions"("Id", "CountryId", "Name") values (765, 88, 'None');
insert into "Cities"("Id", "RegionId", "Name") values (9281, 428, 'Kozni');
insert into "Cities"("Id", "RegionId", "Name") values (9282, 428, 'PtolemIda');
insert into "Cities"("Id", "RegionId", "Name") values (9283, 508, 'Агартала');
insert into "Cities"("Id", "RegionId", "Name") values (9284, 542, 'Granard');
insert into "Cities"("Id", "RegionId", "Name") values (9285, 542, 'Longford');
insert into "Cities"("Id", "RegionId", "Name") values (9286, 577, 'Algeciras');
insert into "Cities"("Id", "RegionId", "Name") values (9287, 577, 'Cdiz');
insert into "Cities"("Id", "RegionId", "Name") values (9288, 577, 'Chiclana de la Frontera');
insert into "Cities"("Id", "RegionId", "Name") values (9289, 577, 'El Puerto de Santa Mara');
insert into "Cities"("Id", "RegionId", "Name") values (9290, 577, 'Jerez de la Frontera');
insert into "Cities"("Id", "RegionId", "Name") values (9291, 577, 'La Lnea de la Concepcin');
insert into "Cities"("Id", "RegionId", "Name") values (9292, 577, 'Los Barrios');
insert into "Cities"("Id", "RegionId", "Name") values (9293, 577, 'Palmones');
insert into "Cities"("Id", "RegionId", "Name") values (9294, 577, 'Puerto Real');
insert into "Cities"("Id", "RegionId", "Name") values (9295, 577, 'Rota');
insert into "Cities"("Id", "RegionId", "Name") values (9296, 577, 'San Fernando');
insert into "Cities"("Id", "RegionId", "Name") values (9297, 577, 'San Roque');
insert into "Cities"("Id", "RegionId", "Name") values (9298, 577, 'Sanlcar de Barrameda');
insert into "Cities"("Id", "RegionId", "Name") values (9299, 577, 'Sotogrande');
insert into "Cities"("Id", "RegionId", "Name") values (9300, 577, 'Tarifa');
insert into "Cities"("Id", "RegionId", "Name") values (9301, 628, 'Das');
insert into "Cities"("Id", "RegionId", "Name") values (9302, 628, 'Fabrizia');
insert into "Cities"("Id", "RegionId", "Name") values (9303, 628, 'Pizzo');
insert into "Cities"("Id", "RegionId", "Name") values (9304, 628, 'Soriano Calabro');
insert into "Cities"("Id", "RegionId", "Name") values (9305, 628, 'Vibo Valentia');
insert into "Cities"("Id", "RegionId", "Name") values (9306, 727, 'Аксай');
insert into "Cities"("Id", "RegionId", "Name") values (9307, 727, 'Уральск');
insert into "Cities"("Id", "RegionId", "Name") values (9308, 748, 'Benton');
insert into "Cities"("Id", "RegionId", "Name") values (9309, 748, 'Churchill Falls');
insert into "Cities"("Id", "RegionId", "Name") values (9310, 748, 'Elliston');
insert into "Cities"("Id", "RegionId", "Name") values (9311, 748, 'St. John''''s');
insert into "Cities"("Id", "RegionId", "Name") values (9312, 760, 'Harambee');
insert into "Cities"("Id", "RegionId", "Name") values (9313, 760, 'Kilimani Estate');
insert into "Cities"("Id", "RegionId", "Name") values (9314, 760, 'Nairobi');
insert into "Cities"("Id", "RegionId", "Name") values (9315, 760, 'Shauri Moyo');
insert into "Cities"("Id", "RegionId", "Name") values (9316, 764, 'Гирне');
insert into "Cities"("Id", "RegionId", "Name") values (9317, 764, 'Никосия');
insert into "Cities"("Id", "RegionId", "Name") values (9318, 764, 'Фамагуста');
insert into "Cities"("Id", "RegionId", "Name") values (9319, 765, 'Aiaki');
insert into "Cities"("Id", "RegionId", "Name") values (9320, 765, 'Bairiki');
insert into "Cities"("Id", "RegionId", "Name") values (9321, 765, 'Baretoa');
insert into "Cities"("Id", "RegionId", "Name") values (9322, 765, 'King');
insert into "Cities"("Id", "RegionId", "Name") values (9323, 765, 'London');
insert into "Cities"("Id", "RegionId", "Name") values (9324, 765, 'Ooma');
insert into "Cities"("Id", "RegionId", "Name") values (9325, 765, 'Tenanoraoi');
insert into "Cities"("Id", "RegionId", "Name") values (9326, 765, 'Terikai');
insert into "Cities"("Id", "RegionId", "Name") values (9327, 765, 'Tetabuki');
insert into "Regions"("Id", "CountryId", "Name") values (766, 89, 'Anhui');
insert into "Regions"("Id", "CountryId", "Name") values (767, 89, 'Beijing');
insert into "Regions"("Id", "CountryId", "Name") values (768, 89, 'Chongqing');
insert into "Regions"("Id", "CountryId", "Name") values (769, 89, 'Fujian');
insert into "Regions"("Id", "CountryId", "Name") values (770, 89, 'Gansu');
insert into "Regions"("Id", "CountryId", "Name") values (771, 89, 'Guangdong');
insert into "Regions"("Id", "CountryId", "Name") values (772, 89, 'Guangxi');
insert into "Regions"("Id", "CountryId", "Name") values (773, 89, 'Guizhou');
insert into "Regions"("Id", "CountryId", "Name") values (774, 89, 'Hainan');
insert into "Regions"("Id", "CountryId", "Name") values (775, 89, 'Hebei');
insert into "Regions"("Id", "CountryId", "Name") values (776, 89, 'Heilongjiang');
insert into "Regions"("Id", "CountryId", "Name") values (777, 89, 'Henan');
insert into "Regions"("Id", "CountryId", "Name") values (778, 89, 'Hubei');
insert into "Regions"("Id", "CountryId", "Name") values (779, 89, 'Hunan');
insert into "Regions"("Id", "CountryId", "Name") values (780, 89, 'Jiangsu');
insert into "Regions"("Id", "CountryId", "Name") values (781, 89, 'Jiangxi');
insert into "Regions"("Id", "CountryId", "Name") values (782, 89, 'Jilin');
insert into "Regions"("Id", "CountryId", "Name") values (783, 89, 'Liaoning');
insert into "Regions"("Id", "CountryId", "Name") values (784, 89, 'Nei Mongol');
insert into "Regions"("Id", "CountryId", "Name") values (785, 89, 'Ningxia');
insert into "Regions"("Id", "CountryId", "Name") values (786, 89, 'Qinghai');
insert into "Regions"("Id", "CountryId", "Name") values (787, 89, 'Shaanxi');
insert into "Regions"("Id", "CountryId", "Name") values (788, 89, 'Shandong');
insert into "Regions"("Id", "CountryId", "Name") values (789, 89, 'Shanghai');
insert into "Regions"("Id", "CountryId", "Name") values (790, 89, 'Shanxi');
insert into "Regions"("Id", "CountryId", "Name") values (791, 89, 'Sichuan');
insert into "Regions"("Id", "CountryId", "Name") values (792, 89, 'Tianjin');
insert into "Regions"("Id", "CountryId", "Name") values (793, 89, 'Xinjiang');
insert into "Regions"("Id", "CountryId", "Name") values (794, 89, 'Yunnan');
insert into "Regions"("Id", "CountryId", "Name") values (795, 89, 'Zhejiang');
insert into "Cities"("Id", "RegionId", "Name") values (9328, 429, 'Arepolis');
insert into "Cities"("Id", "RegionId", "Name") values (9329, 429, 'Lacedaemon');
insert into "Cities"("Id", "RegionId", "Name") values (9330, 429, 'Nepolis');
insert into "Cities"("Id", "RegionId", "Name") values (9331, 429, 'Skla');
insert into "Cities"("Id", "RegionId", "Name") values (9332, 429, 'Sparta');
insert into "Cities"("Id", "RegionId", "Name") values (9333, 429, 'Sparte');
insert into "Cities"("Id", "RegionId", "Name") values (9334, 429, 'Sprti');
insert into "Cities"("Id", "RegionId", "Name") values (9335, 509, 'Агра');
insert into "Cities"("Id", "RegionId", "Name") values (9336, 509, 'Аллахабад');
insert into "Cities"("Id", "RegionId", "Name") values (9337, 509, 'Варанаси');
insert into "Cities"("Id", "RegionId", "Name") values (9338, 509, 'Гхазиабад');
insert into "Cities"("Id", "RegionId", "Name") values (9339, 509, 'Канпур');
insert into "Cities"("Id", "RegionId", "Name") values (9340, 543, 'Ardee');
insert into "Cities"("Id", "RegionId", "Name") values (9341, 543, 'Drogheda');
insert into "Cities"("Id", "RegionId", "Name") values (9342, 543, 'Dundalk');
insert into "Cities"("Id", "RegionId", "Name") values (9343, 543, 'Dunleer');
insert into "Cities"("Id", "RegionId", "Name") values (9344, 578, 'Agsero');
insert into "Cities"("Id", "RegionId", "Name") values (9345, 578, 'Ajanedo');
insert into "Cities"("Id", "RegionId", "Name") values (9346, 578, 'Alcomba');
insert into "Cities"("Id", "RegionId", "Name") values (9347, 578, 'Comillas');
insert into "Cities"("Id", "RegionId", "Name") values (9348, 578, 'Ganzo');
insert into "Cities"("Id", "RegionId", "Name") values (9349, 578, 'Lamedo');
insert into "Cities"("Id", "RegionId", "Name") values (9350, 578, 'Laredo');
insert into "Cities"("Id", "RegionId", "Name") values (9351, 578, 'Muriedas');
insert into "Cities"("Id", "RegionId", "Name") values (9352, 578, 'Potes');
insert into "Cities"("Id", "RegionId", "Name") values (9353, 578, 'Puente san miguel');
insert into "Cities"("Id", "RegionId", "Name") values (9354, 578, 'Reinosa');
insert into "Cities"("Id", "RegionId", "Name") values (9355, 578, 'San miguel');
insert into "Cities"("Id", "RegionId", "Name") values (9356, 578, 'Santa Cruz de Bezana');
insert into "Cities"("Id", "RegionId", "Name") values (9357, 578, 'Santander');
insert into "Cities"("Id", "RegionId", "Name") values (9358, 578, 'Santoa');
insert into "Cities"("Id", "RegionId", "Name") values (9359, 578, 'Solares');
insert into "Cities"("Id", "RegionId", "Name") values (9360, 578, 'Torrelavega');
insert into "Cities"("Id", "RegionId", "Name") values (9361, 629, 'Altavilla Irpina');
insert into "Cities"("Id", "RegionId", "Name") values (9362, 629, 'Avella');
insert into "Cities"("Id", "RegionId", "Name") values (9363, 629, 'Avellino');
insert into "Cities"("Id", "RegionId", "Name") values (9364, 629, 'Calabritto');
insert into "Cities"("Id", "RegionId", "Name") values (9365, 629, 'Fontanarosa');
insert into "Cities"("Id", "RegionId", "Name") values (9366, 629, 'Forino');
insert into "Cities"("Id", "RegionId", "Name") values (9367, 629, 'Frigento');
insert into "Cities"("Id", "RegionId", "Name") values (9368, 629, 'Gesualdo');
insert into "Cities"("Id", "RegionId", "Name") values (9369, 629, 'Lauro');
insert into "Cities"("Id", "RegionId", "Name") values (9370, 629, 'Mercogliano');
insert into "Cities"("Id", "RegionId", "Name") values (9371, 629, 'Mirabella Eclano');
insert into "Cities"("Id", "RegionId", "Name") values (9372, 629, 'San Michele di Serino');
insert into "Cities"("Id", "RegionId", "Name") values (9373, 728, 'Ак-Коль');
insert into "Cities"("Id", "RegionId", "Name") values (9374, 728, 'Акший');
insert into "Cities"("Id", "RegionId", "Name") values (9375, 728, 'Аршалы');
insert into "Cities"("Id", "RegionId", "Name") values (9376, 728, 'Атбасар');
insert into "Cities"("Id", "RegionId", "Name") values (9377, 728, 'Байконур');
insert into "Cities"("Id", "RegionId", "Name") values (9378, 728, 'Балкашино');
insert into "Cities"("Id", "RegionId", "Name") values (9379, 728, 'Жезказган');
insert into "Cities"("Id", "RegionId", "Name") values (9380, 728, 'Костанай');
insert into "Cities"("Id", "RegionId", "Name") values (9381, 728, 'Курчатов');
insert into "Cities"("Id", "RegionId", "Name") values (9382, 728, 'Кызылорда');
insert into "Cities"("Id", "RegionId", "Name") values (9383, 728, 'Махамбет');
insert into "Cities"("Id", "RegionId", "Name") values (9384, 749, 'Norman Wells');
insert into "Cities"("Id", "RegionId", "Name") values (9385, 749, 'Rae Edzo');
insert into "Cities"("Id", "RegionId", "Name") values (9386, 749, 'Yellowknife');
insert into "Cities"("Id", "RegionId", "Name") values (9387, 761, 'Arda Dadaja');
insert into "Cities"("Id", "RegionId", "Name") values (9388, 766, 'Aikou');
insert into "Cities"("Id", "RegionId", "Name") values (9389, 766, 'Changfeng');
insert into "Cities"("Id", "RegionId", "Name") values (9390, 766, 'Hefei');
insert into "Cities"("Id", "RegionId", "Name") values (9391, 766, 'Quanjiao');
insert into "Cities"("Id", "RegionId", "Name") values (9392, 766, 'Wuhu');
insert into "Regions"("Id", "CountryId", "Name") values (796, 90, 'Amazonas');
insert into "Regions"("Id", "CountryId", "Name") values (797, 90, 'Antioquia');
insert into "Regions"("Id", "CountryId", "Name") values (798, 90, 'Atlntico');
insert into "Regions"("Id", "CountryId", "Name") values (799, 90, 'Casanare');
insert into "Regions"("Id", "CountryId", "Name") values (800, 90, 'Cauca');
insert into "Regions"("Id", "CountryId", "Name") values (801, 90, 'Csar');
insert into "Regions"("Id", "CountryId", "Name") values (802, 90, 'Choc');
insert into "Regions"("Id", "CountryId", "Name") values (803, 90, 'Crdoba');
insert into "Regions"("Id", "CountryId", "Name") values (804, 90, 'Cundinamarca');
insert into "Regions"("Id", "CountryId", "Name") values (805, 90, 'Distrito Especial');
insert into "Regions"("Id", "CountryId", "Name") values (806, 90, 'Huila');
insert into "Regions"("Id", "CountryId", "Name") values (807, 90, 'La Guajira');
insert into "Regions"("Id", "CountryId", "Name") values (808, 90, 'Meta');
insert into "Regions"("Id", "CountryId", "Name") values (809, 90, 'Narino');
insert into "Regions"("Id", "CountryId", "Name") values (810, 90, 'Norte de Santander');
insert into "Regions"("Id", "CountryId", "Name") values (811, 90, 'Quindo');
insert into "Regions"("Id", "CountryId", "Name") values (812, 90, 'Risaralda');
insert into "Regions"("Id", "CountryId", "Name") values (813, 90, 'Santander');
insert into "Regions"("Id", "CountryId", "Name") values (814, 90, 'Tolima');
insert into "Cities"("Id", "RegionId", "Name") values (9393, 430, 'Anatol');
insert into "Cities"("Id", "RegionId", "Name") values (9394, 430, 'Asarlk');
insert into "Cities"("Id", "RegionId", "Name") values (9395, 430, 'Elassna');
insert into "Cities"("Id", "RegionId", "Name") values (9396, 430, 'Frsala');
insert into "Cities"("Id", "RegionId", "Name") values (9397, 430, 'Ita');
insert into "Cities"("Id", "RegionId", "Name") values (9398, 430, 'Kypselochri');
insert into "Cities"("Id", "RegionId", "Name") values (9399, 430, 'Lrisa');
insert into "Cities"("Id", "RegionId", "Name") values (9400, 430, 'Lrissa');
insert into "Cities"("Id", "RegionId", "Name") values (9401, 430, 'Livdi');
insert into "Cities"("Id", "RegionId", "Name") values (9402, 510, 'Амбала');
insert into "Cities"("Id", "RegionId", "Name") values (9403, 510, 'Gurgaon');
insert into "Cities"("Id", "RegionId", "Name") values (9404, 544, 'Ballina');
insert into "Cities"("Id", "RegionId", "Name") values (9405, 544, 'Ballinrobe');
insert into "Cities"("Id", "RegionId", "Name") values (9406, 544, 'Castlebar');
insert into "Cities"("Id", "RegionId", "Name") values (9407, 544, 'Claremorris');
insert into "Cities"("Id", "RegionId", "Name") values (9408, 544, 'Crossmolina');
insert into "Cities"("Id", "RegionId", "Name") values (9409, 544, 'Westport');
insert into "Cities"("Id", "RegionId", "Name") values (9410, 579, 'Ahin');
insert into "Cities"("Id", "RegionId", "Name") values (9411, 579, 'Albocacer');
insert into "Cities"("Id", "RegionId", "Name") values (9412, 579, 'Benicarl');
insert into "Cities"("Id", "RegionId", "Name") values (9413, 579, 'Castelln de la Plana');
insert into "Cities"("Id", "RegionId", "Name") values (9414, 579, 'La Vall d''''Uix');
insert into "Cities"("Id", "RegionId", "Name") values (9415, 579, 'Moncofar');
insert into "Cities"("Id", "RegionId", "Name") values (9416, 579, 'Nules');
insert into "Cities"("Id", "RegionId", "Name") values (9417, 579, 'Oropesa');
insert into "Cities"("Id", "RegionId", "Name") values (9418, 579, 'Pescola');
insert into "Cities"("Id", "RegionId", "Name") values (9419, 579, 'Segorbe');
insert into "Cities"("Id", "RegionId", "Name") values (9420, 579, 'Villarreal');
insert into "Cities"("Id", "RegionId", "Name") values (9421, 579, 'Vinars');
insert into "Cities"("Id", "RegionId", "Name") values (9422, 630, 'Amorosi');
insert into "Cities"("Id", "RegionId", "Name") values (9423, 630, 'Apice');
insert into "Cities"("Id", "RegionId", "Name") values (9424, 630, 'Benevento');
insert into "Cities"("Id", "RegionId", "Name") values (9425, 630, 'Calvi');
insert into "Cities"("Id", "RegionId", "Name") values (9426, 630, 'Faicchio');
insert into "Cities"("Id", "RegionId", "Name") values (9427, 630, 'San Giorgio La Molara');
insert into "Cities"("Id", "RegionId", "Name") values (9428, 729, 'Абай');
insert into "Cities"("Id", "RegionId", "Name") values (9429, 729, 'Актас');
insert into "Cities"("Id", "RegionId", "Name") values (9430, 729, 'Актау');
insert into "Cities"("Id", "RegionId", "Name") values (9431, 729, 'Егиндыбулак');
insert into "Cities"("Id", "RegionId", "Name") values (9432, 729, 'Карагайлы');
insert into "Cities"("Id", "RegionId", "Name") values (9433, 729, 'Караганда');
insert into "Cities"("Id", "RegionId", "Name") values (9434, 729, 'Каркаралинск');
insert into "Cities"("Id", "RegionId", "Name") values (9435, 729, 'Киевка');
insert into "Cities"("Id", "RegionId", "Name") values (9436, 729, 'Осакаровка');
insert into "Cities"("Id", "RegionId", "Name") values (9437, 729, 'Сарань');
insert into "Cities"("Id", "RegionId", "Name") values (9438, 729, 'Темиртау');
insert into "Cities"("Id", "RegionId", "Name") values (9439, 729, 'Токаревка');
insert into "Cities"("Id", "RegionId", "Name") values (9440, 729, 'Топар');
insert into "Cities"("Id", "RegionId", "Name") values (9441, 729, 'Ульяновский');
insert into "Cities"("Id", "RegionId", "Name") values (9442, 729, 'Шахтинск');
insert into "Cities"("Id", "RegionId", "Name") values (9443, 750, 'Arcadia');
insert into "Cities"("Id", "RegionId", "Name") values (9444, 750, 'Arichat');
insert into "Cities"("Id", "RegionId", "Name") values (9445, 750, 'Askilton');
insert into "Cities"("Id", "RegionId", "Name") values (9446, 750, 'Baddeck');
insert into "Cities"("Id", "RegionId", "Name") values (9447, 750, 'Barton');
insert into "Cities"("Id", "RegionId", "Name") values (9448, 750, 'Dartmouth');
insert into "Cities"("Id", "RegionId", "Name") values (9449, 750, 'Halifax');
insert into "Cities"("Id", "RegionId", "Name") values (9450, 750, 'Mira Road');
insert into "Cities"("Id", "RegionId", "Name") values (9451, 750, 'Sydney');
insert into "Cities"("Id", "RegionId", "Name") values (9452, 750, 'Trenton');
insert into "Cities"("Id", "RegionId", "Name") values (9453, 762, 'Busia');
insert into "Cities"("Id", "RegionId", "Name") values (9454, 767, 'Anding');
insert into "Cities"("Id", "RegionId", "Name") values (9455, 767, 'Anting');
insert into "Cities"("Id", "RegionId", "Name") values (9456, 767, 'Badalingzhen');
insert into "Cities"("Id", "RegionId", "Name") values (9457, 767, 'Badaohe');
insert into "Cities"("Id", "RegionId", "Name") values (9458, 767, 'BanIdian');
insert into "Cities"("Id", "RegionId", "Name") values (9459, 767, 'Banqiao');
insert into "Cities"("Id", "RegionId", "Name") values (9460, 767, 'Beijian');
insert into "Cities"("Id", "RegionId", "Name") values (9461, 767, 'Beijing');
insert into "Cities"("Id", "RegionId", "Name") values (9462, 767, 'Beijing Shi');
insert into "Cities"("Id", "RegionId", "Name") values (9463, 767, 'Beiling');
insert into "Cities"("Id", "RegionId", "Name") values (9464, 767, 'Bujiaying');
insert into "Cities"("Id", "RegionId", "Name") values (9465, 767, 'Fengtai');
insert into "Cities"("Id", "RegionId", "Name") values (9466, 767, 'HIdian');
insert into "Cities"("Id", "RegionId", "Name") values (9467, 767, 'Pekin');
insert into "Cities"("Id", "RegionId", "Name") values (9468, 767, 'Peking');
insert into "Cities"("Id", "RegionId", "Name") values (9469, 767, 'Shangyuan');
insert into "Cities"("Id", "RegionId", "Name") values (9470, 767, 'Tongzhou');
insert into "Cities"("Id", "RegionId", "Name") values (9471, 796, 'Abisinia');
insert into "Cities"("Id", "RegionId", "Name") values (9472, 796, 'Amacocha');
insert into "Regions"("Id", "CountryId", "Name") values (815, 91, 'Коморские');
insert into "Cities"("Id", "RegionId", "Name") values (9473, 431, 'gios Niklaos');
insert into "Cities"("Id", "RegionId", "Name") values (9474, 431, 'Lntas');
insert into "Cities"("Id", "RegionId", "Name") values (9475, 511, 'Чандигарх');
insert into "Cities"("Id", "RegionId", "Name") values (9476, 545, 'Ashbourne');
insert into "Cities"("Id", "RegionId", "Name") values (9477, 545, 'Athboy');
insert into "Cities"("Id", "RegionId", "Name") values (9478, 545, 'Dunboyne');
insert into "Cities"("Id", "RegionId", "Name") values (9479, 545, 'Julianstown');
insert into "Cities"("Id", "RegionId", "Name") values (9480, 545, 'Kells');
insert into "Cities"("Id", "RegionId", "Name") values (9481, 545, 'Navan');
insert into "Cities"("Id", "RegionId", "Name") values (9482, 545, 'Trim');
insert into "Cities"("Id", "RegionId", "Name") values (9483, 580, 'Ceuta');
insert into "Cities"("Id", "RegionId", "Name") values (9484, 631, 'Aversa');
insert into "Cities"("Id", "RegionId", "Name") values (9485, 631, 'Calvi Risorta');
insert into "Cities"("Id", "RegionId", "Name") values (9486, 631, 'Capua');
insert into "Cities"("Id", "RegionId", "Name") values (9487, 631, 'Casal di Principe');
insert into "Cities"("Id", "RegionId", "Name") values (9488, 631, 'Casapesenna');
insert into "Cities"("Id", "RegionId", "Name") values (9489, 631, 'Caserta');
insert into "Cities"("Id", "RegionId", "Name") values (9490, 631, 'Castel Volturno');
insert into "Cities"("Id", "RegionId", "Name") values (9491, 631, 'Cellole');
insert into "Cities"("Id", "RegionId", "Name") values (9492, 631, 'Maddaloni');
insert into "Cities"("Id", "RegionId", "Name") values (9493, 631, 'Mondragone');
insert into "Cities"("Id", "RegionId", "Name") values (9494, 631, 'San Gregorio Matese');
insert into "Cities"("Id", "RegionId", "Name") values (9495, 631, 'San Marcellino');
insert into "Cities"("Id", "RegionId", "Name") values (9496, 631, 'Sant''''Arpino');
insert into "Cities"("Id", "RegionId", "Name") values (9497, 631, 'Santa Maria Capua Vetere');
insert into "Cities"("Id", "RegionId", "Name") values (9498, 730, 'Аральск');
insert into "Cities"("Id", "RegionId", "Name") values (9499, 730, 'Байконур');
insert into "Cities"("Id", "RegionId", "Name") values (9500, 730, 'Джалагаш');
insert into "Cities"("Id", "RegionId", "Name") values (9501, 730, 'Джусалы');
insert into "Cities"("Id", "RegionId", "Name") values (9502, 730, 'Казалинск');
insert into "Cities"("Id", "RegionId", "Name") values (9503, 730, 'Кзылорда');
insert into "Cities"("Id", "RegionId", "Name") values (9504, 730, 'Новоказалинск');
insert into "Cities"("Id", "RegionId", "Name") values (9505, 730, 'Тасбугет');
insert into "Cities"("Id", "RegionId", "Name") values (9506, 730, 'Чиили');
insert into "Cities"("Id", "RegionId", "Name") values (9507, 730, 'Яныкурган');
insert into "Cities"("Id", "RegionId", "Name") values (9508, 751, 'Hall Beach');
insert into "Cities"("Id", "RegionId", "Name") values (9509, 768, 'Aba');
insert into "Cities"("Id", "RegionId", "Name") values (9510, 768, 'Anfuzhen');
insert into "Cities"("Id", "RegionId", "Name") values (9511, 768, 'Baoshi');
insert into "Cities"("Id", "RegionId", "Name") values (9512, 768, 'Chongning');
insert into "Cities"("Id", "RegionId", "Name") values (9513, 768, 'Guoluo');
insert into "Cities"("Id", "RegionId", "Name") values (9514, 768, 'Hanwangchang');
insert into "Cities"("Id", "RegionId", "Name") values (9515, 768, 'Jiangbei');
insert into "Cities"("Id", "RegionId", "Name") values (9516, 768, 'Luyang');
insert into "Cities"("Id", "RegionId", "Name") values (9517, 797, 'Abejorral');
insert into "Cities"("Id", "RegionId", "Name") values (9518, 797, 'Aguamuerta');
insert into "Cities"("Id", "RegionId", "Name") values (9519, 797, 'Caucasia');
insert into "Cities"("Id", "RegionId", "Name") values (9520, 797, 'La Mesenia');
insert into "Cities"("Id", "RegionId", "Name") values (9521, 797, 'Medelln');
insert into "Cities"("Id", "RegionId", "Name") values (9522, 797, 'Sabaneta');
insert into "Cities"("Id", "RegionId", "Name") values (9523, 797, 'San Vicente');
insert into "Cities"("Id", "RegionId", "Name") values (9524, 815, 'Морони');
insert into "Regions"("Id", "CountryId", "Name") values (816, 92, 'Конго (Brazzaville)');
insert into "Cities"("Id", "RegionId", "Name") values (9525, 432, 'Kallon');
insert into "Cities"("Id", "RegionId", "Name") values (9526, 432, 'Loutr');
insert into "Cities"("Id", "RegionId", "Name") values (9527, 432, 'Mrina');
insert into "Cities"("Id", "RegionId", "Name") values (9528, 432, 'Mthymna');
insert into "Cities"("Id", "RegionId", "Name") values (9529, 432, 'Mitilni');
insert into "Cities"("Id", "RegionId", "Name") values (9530, 432, 'Mitylene');
insert into "Cities"("Id", "RegionId", "Name") values (9531, 546, 'Ballybay');
insert into "Cities"("Id", "RegionId", "Name") values (9532, 546, 'Carrickmacross');
insert into "Cities"("Id", "RegionId", "Name") values (9533, 546, 'Castleblayney');
insert into "Cities"("Id", "RegionId", "Name") values (9534, 546, 'Clones');
insert into "Cities"("Id", "RegionId", "Name") values (9535, 546, 'Monaghan');
insert into "Cities"("Id", "RegionId", "Name") values (9536, 581, 'Alczar de San Juan');
insert into "Cities"("Id", "RegionId", "Name") values (9537, 581, 'Calzada de Calatrava');
insert into "Cities"("Id", "RegionId", "Name") values (9538, 581, 'Ciudad Real');
insert into "Cities"("Id", "RegionId", "Name") values (9539, 581, 'Puertollano');
insert into "Cities"("Id", "RegionId", "Name") values (9540, 581, 'Socullamos');
insert into "Cities"("Id", "RegionId", "Name") values (9541, 581, 'Tomelloso');
insert into "Cities"("Id", "RegionId", "Name") values (9542, 581, 'Valdepeas');
insert into "Cities"("Id", "RegionId", "Name") values (9543, 632, 'Acerra');
insert into "Cities"("Id", "RegionId", "Name") values (9544, 632, 'Afragola');
insert into "Cities"("Id", "RegionId", "Name") values (9545, 632, 'Bacoli');
insert into "Cities"("Id", "RegionId", "Name") values (9546, 632, 'Boscoreale');
insert into "Cities"("Id", "RegionId", "Name") values (9547, 632, 'Brusciano');
insert into "Cities"("Id", "RegionId", "Name") values (9548, 632, 'Caivano');
insert into "Cities"("Id", "RegionId", "Name") values (9549, 632, 'Camposano');
insert into "Cities"("Id", "RegionId", "Name") values (9550, 632, 'Capri');
insert into "Cities"("Id", "RegionId", "Name") values (9551, 632, 'Casalnuovo di Napoli');
insert into "Cities"("Id", "RegionId", "Name") values (9552, 632, 'Casola di Napoli');
insert into "Cities"("Id", "RegionId", "Name") values (9553, 632, 'Castellammare di Stabia');
insert into "Cities"("Id", "RegionId", "Name") values (9554, 632, 'Forio');
insert into "Cities"("Id", "RegionId", "Name") values (9555, 632, 'Ischia');
insert into "Cities"("Id", "RegionId", "Name") values (9556, 632, 'Marano di Napoli');
insert into "Cities"("Id", "RegionId", "Name") values (9557, 632, 'Marigliano');
insert into "Cities"("Id", "RegionId", "Name") values (9558, 632, 'Meta');
insert into "Cities"("Id", "RegionId", "Name") values (9559, 632, 'Monte di ProIda');
insert into "Cities"("Id", "RegionId", "Name") values (9560, 632, 'Mugnano di Napoli');
insert into "Cities"("Id", "RegionId", "Name") values (9561, 632, 'Napoli');
insert into "Cities"("Id", "RegionId", "Name") values (9562, 632, 'Nola');
insert into "Cities"("Id", "RegionId", "Name") values (9563, 632, 'Ottaviano');
insert into "Cities"("Id", "RegionId", "Name") values (9564, 632, 'Palma Campania');
insert into "Cities"("Id", "RegionId", "Name") values (9565, 632, 'Poggiomarino');
insert into "Cities"("Id", "RegionId", "Name") values (9566, 632, 'Pompei');
insert into "Cities"("Id", "RegionId", "Name") values (9567, 632, 'Pozzuoli');
insert into "Cities"("Id", "RegionId", "Name") values (9568, 632, 'San Gennaro Vesuviano');
insert into "Cities"("Id", "RegionId", "Name") values (9569, 632, 'San Giuseppe Vesuviano');
insert into "Cities"("Id", "RegionId", "Name") values (9570, 632, 'Sant''''Antonio Abate');
insert into "Cities"("Id", "RegionId", "Name") values (9571, 632, 'Santa Maria la Carit');
insert into "Cities"("Id", "RegionId", "Name") values (9572, 632, 'Saviano');
insert into "Cities"("Id", "RegionId", "Name") values (9573, 632, 'Somma Vesuviana');
insert into "Cities"("Id", "RegionId", "Name") values (9574, 632, 'Sorrento');
insert into "Cities"("Id", "RegionId", "Name") values (9575, 632, 'Torre del Greco');
insert into "Cities"("Id", "RegionId", "Name") values (9576, 632, 'Vico Equense');
insert into "Cities"("Id", "RegionId", "Name") values (9577, 731, 'Айдабул');
insert into "Cities"("Id", "RegionId", "Name") values (9578, 731, 'Алексеевка');
insert into "Cities"("Id", "RegionId", "Name") values (9579, 731, 'Боровое');
insert into "Cities"("Id", "RegionId", "Name") values (9580, 731, 'Володарское');
insert into "Cities"("Id", "RegionId", "Name") values (9581, 731, 'Зеренда');
insert into "Cities"("Id", "RegionId", "Name") values (9582, 731, 'Келлеровка');
insert into "Cities"("Id", "RegionId", "Name") values (9583, 731, 'Кзылту');
insert into "Cities"("Id", "RegionId", "Name") values (9584, 731, 'Кокчетав');
insert into "Cities"("Id", "RegionId", "Name") values (9585, 731, 'Красноармейск');
insert into "Cities"("Id", "RegionId", "Name") values (9586, 731, 'Красный Яр');
insert into "Cities"("Id", "RegionId", "Name") values (9587, 731, 'Куйбышевский');
insert into "Cities"("Id", "RegionId", "Name") values (9588, 731, 'Ленинградское');
insert into "Cities"("Id", "RegionId", "Name") values (9589, 731, 'Рузаевка');
insert into "Cities"("Id", "RegionId", "Name") values (9590, 731, 'Степняк');
insert into "Cities"("Id", "RegionId", "Name") values (9591, 731, 'Талшик');
insert into "Cities"("Id", "RegionId", "Name") values (9592, 731, 'Чистополье');
insert into "Cities"("Id", "RegionId", "Name") values (9593, 731, 'Чкалово');
insert into "Cities"("Id", "RegionId", "Name") values (9594, 731, 'Щучинск');
insert into "Cities"("Id", "RegionId", "Name") values (9595, 752, 'Acton');
insert into "Cities"("Id", "RegionId", "Name") values (9596, 752, 'Addison');
insert into "Cities"("Id", "RegionId", "Name") values (9597, 752, 'Ajax');
insert into "Cities"("Id", "RegionId", "Name") values (9598, 752, 'Alban');
insert into "Cities"("Id", "RegionId", "Name") values (9599, 752, 'Alexandria');
insert into "Cities"("Id", "RegionId", "Name") values (9600, 752, 'Alfred');
insert into "Cities"("Id", "RegionId", "Name") values (9601, 752, 'Algoma Mills');
insert into "Cities"("Id", "RegionId", "Name") values (9602, 752, 'Allenford');
insert into "Cities"("Id", "RegionId", "Name") values (9603, 752, 'Alliston');
insert into "Cities"("Id", "RegionId", "Name") values (9604, 752, 'Alma');
insert into "Cities"("Id", "RegionId", "Name") values (9605, 752, 'Almonte');
insert into "Cities"("Id", "RegionId", "Name") values (9606, 752, 'Alton');
insert into "Cities"("Id", "RegionId", "Name") values (9607, 752, 'Alvinston');
insert into "Cities"("Id", "RegionId", "Name") values (9608, 752, 'Ancaster');
insert into "Cities"("Id", "RegionId", "Name") values (9609, 752, 'Angus');
insert into "Cities"("Id", "RegionId", "Name") values (9610, 752, 'Annan');
insert into "Cities"("Id", "RegionId", "Name") values (9611, 752, 'Arnprior');
insert into "Cities"("Id", "RegionId", "Name") values (9612, 752, 'Astra');
insert into "Cities"("Id", "RegionId", "Name") values (9613, 752, 'Aurora');
insert into "Cities"("Id", "RegionId", "Name") values (9614, 752, 'Baden');
insert into "Cities"("Id", "RegionId", "Name") values (9615, 752, 'Baltimore');
insert into "Cities"("Id", "RegionId", "Name") values (9616, 752, 'Barrie');
insert into "Cities"("Id", "RegionId", "Name") values (9617, 752, 'Barwick');
insert into "Cities"("Id", "RegionId", "Name") values (9618, 752, 'Bearskin Lake');
insert into "Cities"("Id", "RegionId", "Name") values (9619, 752, 'Belle Vallee');
insert into "Cities"("Id", "RegionId", "Name") values (9620, 752, 'Brampton');
insert into "Cities"("Id", "RegionId", "Name") values (9621, 752, 'Brockville');
insert into "Cities"("Id", "RegionId", "Name") values (9622, 752, 'Burlington');
insert into "Cities"("Id", "RegionId", "Name") values (9623, 752, 'CambIdge');
insert into "Cities"("Id", "RegionId", "Name") values (9624, 752, 'Cannington');
insert into "Cities"("Id", "RegionId", "Name") values (9625, 752, 'Concord');
insert into "Cities"("Id", "RegionId", "Name") values (9626, 752, 'Courtland');
insert into "Cities"("Id", "RegionId", "Name") values (9627, 752, 'Dundas');
insert into "Cities"("Id", "RegionId", "Name") values (9628, 752, 'East York');
insert into "Cities"("Id", "RegionId", "Name") values (9629, 752, 'Etobicoke');
insert into "Cities"("Id", "RegionId", "Name") values (9630, 752, 'Fergus');
insert into "Cities"("Id", "RegionId", "Name") values (9631, 752, 'Finch');
insert into "Cities"("Id", "RegionId", "Name") values (9632, 752, 'Guelph');
insert into "Cities"("Id", "RegionId", "Name") values (9633, 752, 'Hamilton');
insert into "Cities"("Id", "RegionId", "Name") values (9634, 752, 'Kanata');
insert into "Cities"("Id", "RegionId", "Name") values (9635, 752, 'Kingston');
insert into "Cities"("Id", "RegionId", "Name") values (9636, 752, 'Kitchener');
insert into "Cities"("Id", "RegionId", "Name") values (9637, 752, 'Lindsay');
insert into "Cities"("Id", "RegionId", "Name") values (9638, 752, 'London');
insert into "Cities"("Id", "RegionId", "Name") values (9639, 752, 'Mactier');
insert into "Cities"("Id", "RegionId", "Name") values (9640, 752, 'Maple');
insert into "Cities"("Id", "RegionId", "Name") values (9641, 752, 'Melbourne');
insert into "Cities"("Id", "RegionId", "Name") values (9642, 752, 'Migisi Sahgaigan');
insert into "Cities"("Id", "RegionId", "Name") values (9643, 752, 'Milton');
insert into "Cities"("Id", "RegionId", "Name") values (9644, 752, 'Mississauga');
insert into "Cities"("Id", "RegionId", "Name") values (9645, 752, 'Monkton');
insert into "Cities"("Id", "RegionId", "Name") values (9646, 752, 'Montreal River Harbour');
insert into "Cities"("Id", "RegionId", "Name") values (9647, 752, 'Nepean');
insert into "Cities"("Id", "RegionId", "Name") values (9648, 752, 'Newmarket');
insert into "Cities"("Id", "RegionId", "Name") values (9649, 752, 'Niagara Falls');
insert into "Cities"("Id", "RegionId", "Name") values (9650, 752, 'North Bay');
insert into "Cities"("Id", "RegionId", "Name") values (9651, 752, 'North York');
insert into "Cities"("Id", "RegionId", "Name") values (9652, 752, 'Oakland');
insert into "Cities"("Id", "RegionId", "Name") values (9653, 752, 'Oakville');
insert into "Cities"("Id", "RegionId", "Name") values (9654, 752, 'Odessa');
insert into "Cities"("Id", "RegionId", "Name") values (9655, 752, 'Oshawa');
insert into "Cities"("Id", "RegionId", "Name") values (9656, 752, 'Ottawa');
insert into "Cities"("Id", "RegionId", "Name") values (9657, 752, 'Owen Sound');
insert into "Cities"("Id", "RegionId", "Name") values (9658, 752, 'Pembroke');
insert into "Cities"("Id", "RegionId", "Name") values (9659, 752, 'Richmond Hill');
insert into "Cities"("Id", "RegionId", "Name") values (9660, 752, 'Scarborough');
insert into "Cities"("Id", "RegionId", "Name") values (9661, 752, 'St Catharines');
insert into "Cities"("Id", "RegionId", "Name") values (9662, 752, 'Stoney Creek');
insert into "Cities"("Id", "RegionId", "Name") values (9663, 752, 'Stouffville');
insert into "Cities"("Id", "RegionId", "Name") values (9664, 752, 'Sudbury');
insert into "Cities"("Id", "RegionId", "Name") values (9665, 752, 'Thornhill');
insert into "Cities"("Id", "RegionId", "Name") values (9666, 752, 'Thornton');
insert into "Cities"("Id", "RegionId", "Name") values (9667, 752, 'Toronto');
insert into "Cities"("Id", "RegionId", "Name") values (9668, 752, 'Vaughan');
insert into "Cities"("Id", "RegionId", "Name") values (9669, 752, 'Warsaw');
insert into "Cities"("Id", "RegionId", "Name") values (9670, 752, 'Waterloo');
insert into "Cities"("Id", "RegionId", "Name") values (9671, 752, 'Wawa');
insert into "Cities"("Id", "RegionId", "Name") values (9672, 752, 'Welland');
insert into "Cities"("Id", "RegionId", "Name") values (9673, 752, 'Wellington');
insert into "Cities"("Id", "RegionId", "Name") values (9674, 752, 'Windsor');
insert into "Cities"("Id", "RegionId", "Name") values (9675, 752, 'WoodbIdge');
insert into "Cities"("Id", "RegionId", "Name") values (9676, 752, 'Woodstock');
insert into "Cities"("Id", "RegionId", "Name") values (9677, 752, 'York');
insert into "Cities"("Id", "RegionId", "Name") values (9678, 769, 'Dalian');
insert into "Cities"("Id", "RegionId", "Name") values (9679, 769, 'Fuzhou');
insert into "Cities"("Id", "RegionId", "Name") values (9680, 769, 'Shishi');
insert into "Cities"("Id", "RegionId", "Name") values (9681, 769, 'Xiamen');
insert into "Cities"("Id", "RegionId", "Name") values (9682, 798, 'Alczar');
insert into "Cities"("Id", "RegionId", "Name") values (9683, 798, 'Barranquilla');
insert into "Cities"("Id", "RegionId", "Name") values (9684, 798, 'Colombia');
insert into "Cities"("Id", "RegionId", "Name") values (9685, 816, 'Браззавиль');
insert into "Cities"("Id", "RegionId", "Name") values (9686, 816, 'Кабинда');
insert into "Cities"("Id", "RegionId", "Name") values (9687, 816, 'Пуэнт-Нуар');
insert into "Regions"("Id", "CountryId", "Name") values (817, 93, 'Конго');
insert into "Cities"("Id", "RegionId", "Name") values (9688, 433, 'Lefkda');
insert into "Cities"("Id", "RegionId", "Name") values (9689, 433, 'Levks');
insert into "Cities"("Id", "RegionId", "Name") values (9690, 547, 'Birr');
insert into "Cities"("Id", "RegionId", "Name") values (9691, 547, 'Edenderry');
insert into "Cities"("Id", "RegionId", "Name") values (9692, 547, 'Tullamore');
insert into "Cities"("Id", "RegionId", "Name") values (9693, 582, 'Almedinilla');
insert into "Cities"("Id", "RegionId", "Name") values (9694, 582, 'Aora');
insert into "Cities"("Id", "RegionId", "Name") values (9695, 582, 'Azuel');
insert into "Cities"("Id", "RegionId", "Name") values (9696, 582, 'Castellar el');
insert into "Cities"("Id", "RegionId", "Name") values (9697, 582, 'Crdoba');
insert into "Cities"("Id", "RegionId", "Name") values (9698, 582, 'Llanos de don juan');
insert into "Cities"("Id", "RegionId", "Name") values (9699, 582, 'Lucena');
insert into "Cities"("Id", "RegionId", "Name") values (9700, 582, 'Moriles');
insert into "Cities"("Id", "RegionId", "Name") values (9701, 582, 'Palma del Ro');
insert into "Cities"("Id", "RegionId", "Name") values (9702, 582, 'Pozoblanco');
insert into "Cities"("Id", "RegionId", "Name") values (9703, 582, 'Puente Genil');
insert into "Cities"("Id", "RegionId", "Name") values (9704, 582, 'Villa del Ro');
insert into "Cities"("Id", "RegionId", "Name") values (9705, 582, 'Villarrubia');
insert into "Cities"("Id", "RegionId", "Name") values (9706, 633, 'Agropoli');
insert into "Cities"("Id", "RegionId", "Name") values (9707, 633, 'Amalfi');
insert into "Cities"("Id", "RegionId", "Name") values (9708, 633, 'Angri');
insert into "Cities"("Id", "RegionId", "Name") values (9709, 633, 'Atrani');
insert into "Cities"("Id", "RegionId", "Name") values (9710, 633, 'Battipaglia');
insert into "Cities"("Id", "RegionId", "Name") values (9711, 633, 'Bellizzi');
insert into "Cities"("Id", "RegionId", "Name") values (9712, 633, 'Casal Velino');
insert into "Cities"("Id", "RegionId", "Name") values (9713, 633, 'Castel San Giorgio');
insert into "Cities"("Id", "RegionId", "Name") values (9714, 633, 'Cava de'''' Tirreni');
insert into "Cities"("Id", "RegionId", "Name") values (9715, 633, 'Eboli');
insert into "Cities"("Id", "RegionId", "Name") values (9716, 633, 'Felitto');
insert into "Cities"("Id", "RegionId", "Name") values (9717, 633, 'Mercato San Severino');
insert into "Cities"("Id", "RegionId", "Name") values (9718, 633, 'Nocera Inferiore');
insert into "Cities"("Id", "RegionId", "Name") values (9719, 633, 'Palomonte');
insert into "Cities"("Id", "RegionId", "Name") values (9720, 633, 'Positano');
insert into "Cities"("Id", "RegionId", "Name") values (9721, 633, 'Salento');
insert into "Cities"("Id", "RegionId", "Name") values (9722, 633, 'Salerno');
insert into "Cities"("Id", "RegionId", "Name") values (9723, 633, 'San Valentino Torio');
insert into "Cities"("Id", "RegionId", "Name") values (9724, 633, 'Sant''''EIdio del Monte Albino');
insert into "Cities"("Id", "RegionId", "Name") values (9725, 633, 'Sapri');
insert into "Cities"("Id", "RegionId", "Name") values (9726, 633, 'Sarno');
insert into "Cities"("Id", "RegionId", "Name") values (9727, 633, 'Scafati');
insert into "Cities"("Id", "RegionId", "Name") values (9728, 633, 'Stella Cilento');
insert into "Cities"("Id", "RegionId", "Name") values (9729, 633, 'Teggiano');
insert into "Cities"("Id", "RegionId", "Name") values (9730, 732, 'Боровской');
insert into "Cities"("Id", "RegionId", "Name") values (9731, 732, 'Джетыгара');
insert into "Cities"("Id", "RegionId", "Name") values (9732, 732, 'Затобольск');
insert into "Cities"("Id", "RegionId", "Name") values (9733, 732, 'Камышное');
insert into "Cities"("Id", "RegionId", "Name") values (9734, 732, 'Карасу');
insert into "Cities"("Id", "RegionId", "Name") values (9735, 732, 'Комсомолец');
insert into "Cities"("Id", "RegionId", "Name") values (9736, 732, 'Кустанай');
insert into "Cities"("Id", "RegionId", "Name") values (9737, 732, 'Кушмурун');
insert into "Cities"("Id", "RegionId", "Name") values (9738, 732, 'Ленинское');
insert into "Cities"("Id", "RegionId", "Name") values (9739, 732, 'Лисаковск');
insert into "Cities"("Id", "RegionId", "Name") values (9740, 732, 'Орджоникидзе');
insert into "Cities"("Id", "RegionId", "Name") values (9741, 732, 'Рудный');
insert into "Cities"("Id", "RegionId", "Name") values (9742, 732, 'Семиозерное');
insert into "Cities"("Id", "RegionId", "Name") values (9743, 732, 'Тобол');
insert into "Cities"("Id", "RegionId", "Name") values (9744, 732, 'Урицкий');
insert into "Cities"("Id", "RegionId", "Name") values (9745, 732, 'Успеновка');
insert into "Cities"("Id", "RegionId", "Name") values (9746, 753, 'Albany');
insert into "Cities"("Id", "RegionId", "Name") values (9747, 753, 'Charlottetown');
insert into "Cities"("Id", "RegionId", "Name") values (9748, 753, 'Elmira');
insert into "Cities"("Id", "RegionId", "Name") values (9749, 753, 'Georgetown');
insert into "Cities"("Id", "RegionId", "Name") values (9750, 753, 'Montague');
insert into "Cities"("Id", "RegionId", "Name") values (9751, 753, 'Morell');
insert into "Cities"("Id", "RegionId", "Name") values (9752, 753, 'Vernon BIdge');
insert into "Cities"("Id", "RegionId", "Name") values (9753, 770, 'Aganzhen');
insert into "Cities"("Id", "RegionId", "Name") values (9754, 770, 'Ankou');
insert into "Cities"("Id", "RegionId", "Name") values (9755, 770, 'Daan');
insert into "Cities"("Id", "RegionId", "Name") values (9756, 770, 'Lanzhou');
insert into "Cities"("Id", "RegionId", "Name") values (9757, 770, 'Lanzhou Shi');
insert into "Cities"("Id", "RegionId", "Name") values (9758, 770, 'Linxia');
insert into "Cities"("Id", "RegionId", "Name") values (9759, 799, 'Cachiza');
insert into "Cities"("Id", "RegionId", "Name") values (9760, 817, 'Киншаса');
insert into "Regions"("Id", "CountryId", "Name") values (818, 94, 'Alajuela');
insert into "Regions"("Id", "CountryId", "Name") values (819, 94, 'Cartago');
insert into "Regions"("Id", "CountryId", "Name") values (820, 94, 'Guanacaste');
insert into "Regions"("Id", "CountryId", "Name") values (821, 94, 'Heredia');
insert into "Regions"("Id", "CountryId", "Name") values (822, 94, 'Limn');
insert into "Regions"("Id", "CountryId", "Name") values (823, 94, 'Puntarenas');
insert into "Regions"("Id", "CountryId", "Name") values (824, 94, 'San Jos');
insert into "Cities"("Id", "RegionId", "Name") values (9761, 434, 'Volo');
insert into "Cities"("Id", "RegionId", "Name") values (9762, 434, 'Vlos');
insert into "Cities"("Id", "RegionId", "Name") values (9763, 548, 'Boyle');
insert into "Cities"("Id", "RegionId", "Name") values (9764, 548, 'Roscommon');
insert into "Cities"("Id", "RegionId", "Name") values (9765, 583, 'Alarcon');
insert into "Cities"("Id", "RegionId", "Name") values (9766, 583, 'Cuenca');
insert into "Cities"("Id", "RegionId", "Name") values (9767, 583, 'Minglanilla');
insert into "Cities"("Id", "RegionId", "Name") values (9768, 583, 'Tarancn');
insert into "Cities"("Id", "RegionId", "Name") values (9769, 634, 'Bologna');
insert into "Cities"("Id", "RegionId", "Name") values (9770, 634, 'Borgo Tossignano');
insert into "Cities"("Id", "RegionId", "Name") values (9771, 634, 'Casalecchio di Reno');
insert into "Cities"("Id", "RegionId", "Name") values (9772, 634, 'Castel Maggiore');
insert into "Cities"("Id", "RegionId", "Name") values (9773, 634, 'Castel San Pietro Terme');
insert into "Cities"("Id", "RegionId", "Name") values (9774, 634, 'Castello d''''Argile');
insert into "Cities"("Id", "RegionId", "Name") values (9775, 634, 'Castello di Serravalle');
insert into "Cities"("Id", "RegionId", "Name") values (9776, 634, 'Imola');
insert into "Cities"("Id", "RegionId", "Name") values (9777, 634, 'San Giovanni in Persiceto');
insert into "Cities"("Id", "RegionId", "Name") values (9778, 634, 'Vergato');
insert into "Cities"("Id", "RegionId", "Name") values (9779, 634, 'Zola Predosa');
insert into "Cities"("Id", "RegionId", "Name") values (9780, 733, 'Актау (Шевченко)');
insert into "Cities"("Id", "RegionId", "Name") values (9781, 733, 'Баутино');
insert into "Cities"("Id", "RegionId", "Name") values (9782, 733, 'Бейнеу');
insert into "Cities"("Id", "RegionId", "Name") values (9783, 733, 'Новый Узень');
insert into "Cities"("Id", "RegionId", "Name") values (9784, 733, 'Форт-Шевченко');
insert into "Cities"("Id", "RegionId", "Name") values (9785, 754, 'Abercorn');
insert into "Cities"("Id", "RegionId", "Name") values (9786, 754, 'Alma');
insert into "Cities"("Id", "RegionId", "Name") values (9787, 754, 'Ange-Gardien');
insert into "Cities"("Id", "RegionId", "Name") values (9788, 754, 'Ascot Corner');
insert into "Cities"("Id", "RegionId", "Name") values (9789, 754, 'Chelsea');
insert into "Cities"("Id", "RegionId", "Name") values (9790, 754, 'Clermont');
insert into "Cities"("Id", "RegionId", "Name") values (9791, 754, 'Dollard-des-Ormeaux');
insert into "Cities"("Id", "RegionId", "Name") values (9792, 754, 'Gatineau');
insert into "Cities"("Id", "RegionId", "Name") values (9793, 754, 'Laval');
insert into "Cities"("Id", "RegionId", "Name") values (9794, 754, 'Longueuil');
insert into "Cities"("Id", "RegionId", "Name") values (9795, 754, 'Matane');
insert into "Cities"("Id", "RegionId", "Name") values (9796, 754, 'Mont-Royal');
insert into "Cities"("Id", "RegionId", "Name") values (9797, 754, 'Mont-Tremblant');
insert into "Cities"("Id", "RegionId", "Name") values (9798, 754, 'Montreal');
insert into "Cities"("Id", "RegionId", "Name") values (9799, 754, 'Montreal-Est');
insert into "Cities"("Id", "RegionId", "Name") values (9800, 754, 'Montreal-Nord');
insert into "Cities"("Id", "RegionId", "Name") values (9801, 754, 'Montreal-Ouest');
insert into "Cities"("Id", "RegionId", "Name") values (9802, 754, 'North Hatley');
insert into "Cities"("Id", "RegionId", "Name") values (9803, 754, 'Ottawa');
insert into "Cities"("Id", "RegionId", "Name") values (9804, 754, 'Pierrefonds');
insert into "Cities"("Id", "RegionId", "Name") values (9805, 754, 'Quebec');
insert into "Cities"("Id", "RegionId", "Name") values (9806, 754, 'Richmond');
insert into "Cities"("Id", "RegionId", "Name") values (9807, 754, 'Saint-Adrien');
insert into "Cities"("Id", "RegionId", "Name") values (9808, 754, 'Saint-Laurent');
insert into "Cities"("Id", "RegionId", "Name") values (9809, 754, 'Sept-Iles');
insert into "Cities"("Id", "RegionId", "Name") values (9810, 754, 'Sherbrooke');
insert into "Cities"("Id", "RegionId", "Name") values (9811, 754, 'Sillery');
insert into "Cities"("Id", "RegionId", "Name") values (9812, 754, 'Victoriaville');
insert into "Cities"("Id", "RegionId", "Name") values (9813, 754, 'Westmount');
insert into "Cities"("Id", "RegionId", "Name") values (9814, 754, 'Yamaska');
insert into "Cities"("Id", "RegionId", "Name") values (9815, 771, 'Chaozhou');
insert into "Cities"("Id", "RegionId", "Name") values (9816, 771, 'Dongguan');
insert into "Cities"("Id", "RegionId", "Name") values (9817, 771, 'Foshan');
insert into "Cities"("Id", "RegionId", "Name") values (9818, 771, 'Guangzhou');
insert into "Cities"("Id", "RegionId", "Name") values (9819, 771, 'Guangzhou Shi');
insert into "Cities"("Id", "RegionId", "Name") values (9820, 771, 'Guanzhuang');
insert into "Cities"("Id", "RegionId", "Name") values (9821, 771, 'Jiangmen');
insert into "Cities"("Id", "RegionId", "Name") values (9822, 771, 'Juncun');
insert into "Cities"("Id", "RegionId", "Name") values (9823, 771, 'Qingyun');
insert into "Cities"("Id", "RegionId", "Name") values (9824, 771, 'Shahezhen');
insert into "Cities"("Id", "RegionId", "Name") values (9825, 771, 'Shantou');
insert into "Cities"("Id", "RegionId", "Name") values (9826, 771, 'Shekou');
insert into "Cities"("Id", "RegionId", "Name") values (9827, 771, 'Shenchen');
insert into "Cities"("Id", "RegionId", "Name") values (9828, 771, 'Shenching');
insert into "Cities"("Id", "RegionId", "Name") values (9829, 771, 'Shenzhen');
insert into "Cities"("Id", "RegionId", "Name") values (9830, 771, 'Zhongshan');
insert into "Cities"("Id", "RegionId", "Name") values (9831, 771, 'Zhuhai');
insert into "Cities"("Id", "RegionId", "Name") values (9832, 800, 'Popayn');
insert into "Cities"("Id", "RegionId", "Name") values (9833, 800, 'Santander de Quilichao');
insert into "Cities"("Id", "RegionId", "Name") values (9834, 818, 'Alajuela');
insert into "Cities"("Id", "RegionId", "Name") values (9835, 818, 'Ciudad Quesada');
insert into "Cities"("Id", "RegionId", "Name") values (9836, 818, 'Fortuna');
insert into "Cities"("Id", "RegionId", "Name") values (9837, 818, 'Grecia');
insert into "Regions"("Id", "CountryId", "Name") values (825, 95, 'Кот-д''''Ивуар');
insert into "Cities"("Id", "RegionId", "Name") values (9838, 435, 'Gargalinoi');
insert into "Cities"("Id", "RegionId", "Name") values (9839, 435, 'Kalamta');
insert into "Cities"("Id", "RegionId", "Name") values (9840, 435, 'Kalamatas');
insert into "Cities"("Id", "RegionId", "Name") values (9841, 435, 'Kalmata');
insert into "Cities"("Id", "RegionId", "Name") values (9842, 435, 'Messeni');
insert into "Cities"("Id", "RegionId", "Name") values (9843, 549, 'Ballymote');
insert into "Cities"("Id", "RegionId", "Name") values (9844, 549, 'Sligo');
insert into "Cities"("Id", "RegionId", "Name") values (9845, 584, 'Banyoles');
insert into "Cities"("Id", "RegionId", "Name") values (9846, 584, 'Bellcaire d''''emporda');
insert into "Cities"("Id", "RegionId", "Name") values (9847, 584, 'Besal');
insert into "Cities"("Id", "RegionId", "Name") values (9848, 584, 'Blanes');
insert into "Cities"("Id", "RegionId", "Name") values (9849, 584, 'Calella');
insert into "Cities"("Id", "RegionId", "Name") values (9850, 584, 'Calonge');
insert into "Cities"("Id", "RegionId", "Name") values (9851, 584, 'Castell d''''Empries');
insert into "Cities"("Id", "RegionId", "Name") values (9852, 584, 'Empuria brava');
insert into "Cities"("Id", "RegionId", "Name") values (9853, 584, 'Figueres');
insert into "Cities"("Id", "RegionId", "Name") values (9854, 584, 'Girona');
insert into "Cities"("Id", "RegionId", "Name") values (9855, 584, 'L''''Escala');
insert into "Cities"("Id", "RegionId", "Name") values (9856, 584, 'La Jonquera');
insert into "Cities"("Id", "RegionId", "Name") values (9857, 584, 'Lloret de Mar');
insert into "Cities"("Id", "RegionId", "Name") values (9858, 584, 'Olot');
insert into "Cities"("Id", "RegionId", "Name") values (9859, 584, 'Palafrugell');
insert into "Cities"("Id", "RegionId", "Name") values (9860, 584, 'Palams');
insert into "Cities"("Id", "RegionId", "Name") values (9861, 584, 'Pals');
insert into "Cities"("Id", "RegionId", "Name") values (9862, 584, 'Platja d''''haro');
insert into "Cities"("Id", "RegionId", "Name") values (9863, 584, 'Puigcerd');
insert into "Cities"("Id", "RegionId", "Name") values (9864, 584, 'Roses');
insert into "Cities"("Id", "RegionId", "Name") values (9865, 584, 'Salt');
insert into "Cities"("Id", "RegionId", "Name") values (9866, 584, 'Sant antoni de calonge');
insert into "Cities"("Id", "RegionId", "Name") values (9867, 584, 'Sant Feliu de Guxols');
insert into "Cities"("Id", "RegionId", "Name") values (9868, 584, 'Sant Juli de Ramis');
insert into "Cities"("Id", "RegionId", "Name") values (9869, 584, 'Santa Coloma de Farners');
insert into "Cities"("Id", "RegionId", "Name") values (9870, 584, 'Tossa de Mar');
insert into "Cities"("Id", "RegionId", "Name") values (9871, 584, 'Idrieres');
insert into "Cities"("Id", "RegionId", "Name") values (9872, 635, 'Bondeno');
insert into "Cities"("Id", "RegionId", "Name") values (9873, 635, 'Cento');
insert into "Cities"("Id", "RegionId", "Name") values (9874, 635, 'Codigoro');
insert into "Cities"("Id", "RegionId", "Name") values (9875, 635, 'Ferrara');
insert into "Cities"("Id", "RegionId", "Name") values (9876, 635, 'Ro');
insert into "Cities"("Id", "RegionId", "Name") values (9877, 635, 'Voghiera');
insert into "Cities"("Id", "RegionId", "Name") values (9878, 734, 'Аксу (Ермак)');
insert into "Cities"("Id", "RegionId", "Name") values (9879, 734, 'Баянаул');
insert into "Cities"("Id", "RegionId", "Name") values (9880, 734, 'Железинка');
insert into "Cities"("Id", "RegionId", "Name") values (9881, 734, 'Иртышск');
insert into "Cities"("Id", "RegionId", "Name") values (9882, 734, 'Калкаман');
insert into "Cities"("Id", "RegionId", "Name") values (9883, 734, 'Краснокутск');
insert into "Cities"("Id", "RegionId", "Name") values (9884, 734, 'Лебяжье');
insert into "Cities"("Id", "RegionId", "Name") values (9885, 734, 'Майкаин');
insert into "Cities"("Id", "RegionId", "Name") values (9886, 734, 'Павлодар');
insert into "Cities"("Id", "RegionId", "Name") values (9887, 734, 'Успенка');
insert into "Cities"("Id", "RegionId", "Name") values (9888, 734, 'Щербакты');
insert into "Cities"("Id", "RegionId", "Name") values (9889, 734, 'Экибастуз');
insert into "Cities"("Id", "RegionId", "Name") values (9890, 755, 'Alameda');
insert into "Cities"("Id", "RegionId", "Name") values (9891, 755, 'Estevan');
insert into "Cities"("Id", "RegionId", "Name") values (9892, 755, 'Moose Jaw');
insert into "Cities"("Id", "RegionId", "Name") values (9893, 755, 'North Battleford');
insert into "Cities"("Id", "RegionId", "Name") values (9894, 755, 'Regina');
insert into "Cities"("Id", "RegionId", "Name") values (9895, 755, 'Saskatoon');
insert into "Cities"("Id", "RegionId", "Name") values (9896, 755, 'Tisdale');
insert into "Cities"("Id", "RegionId", "Name") values (9897, 755, 'Warman');
insert into "Cities"("Id", "RegionId", "Name") values (9898, 755, 'Weyburn');
insert into "Cities"("Id", "RegionId", "Name") values (9899, 755, 'Windthorst');
insert into "Cities"("Id", "RegionId", "Name") values (9900, 755, 'Yorkton');
insert into "Cities"("Id", "RegionId", "Name") values (9901, 772, 'Guilin');
insert into "Cities"("Id", "RegionId", "Name") values (9902, 772, 'Nanning');
insert into "Cities"("Id", "RegionId", "Name") values (9903, 801, 'Arauca');
insert into "Cities"("Id", "RegionId", "Name") values (9904, 801, 'Valledupar');
insert into "Cities"("Id", "RegionId", "Name") values (9905, 819, 'Aragn');
insert into "Cities"("Id", "RegionId", "Name") values (9906, 819, 'Arenilla');
insert into "Cities"("Id", "RegionId", "Name") values (9907, 819, 'Cach');
insert into "Cities"("Id", "RegionId", "Name") values (9908, 819, 'Cartago');
insert into "Cities"("Id", "RegionId", "Name") values (9909, 825, 'Абиджан');
insert into "Cities"("Id", "RegionId", "Name") values (9910, 825, 'Ямусукро');
insert into "Regions"("Id", "CountryId", "Name") values (826, 96, 'Camaguey');
insert into "Regions"("Id", "CountryId", "Name") values (827, 96, 'Ciego de Avila');
insert into "Regions"("Id", "CountryId", "Name") values (828, 96, 'Ciudad de la Habana');
insert into "Regions"("Id", "CountryId", "Name") values (829, 96, 'Granma');
insert into "Regions"("Id", "CountryId", "Name") values (830, 96, 'Guantanamo');
insert into "Regions"("Id", "CountryId", "Name") values (831, 96, 'Holguin');
insert into "Regions"("Id", "CountryId", "Name") values (832, 96, 'Isla de la Juventud');
insert into "Regions"("Id", "CountryId", "Name") values (833, 96, 'La Habana');
insert into "Regions"("Id", "CountryId", "Name") values (834, 96, 'Las Tunas');
insert into "Regions"("Id", "CountryId", "Name") values (835, 96, 'Matanzas');
insert into "Regions"("Id", "CountryId", "Name") values (836, 96, 'None');
insert into "Regions"("Id", "CountryId", "Name") values (837, 96, 'Pinar del Rio');
insert into "Regions"("Id", "CountryId", "Name") values (838, 96, 'Sancti Spiritus');
insert into "Regions"("Id", "CountryId", "Name") values (839, 96, 'Santiago de Cuba');
insert into "Regions"("Id", "CountryId", "Name") values (840, 96, 'Villa Clara');
insert into "Cities"("Id", "RegionId", "Name") values (9911, 436, 'Ads');
insert into "Cities"("Id", "RegionId", "Name") values (9912, 436, 'Anaphi');
insert into "Cities"("Id", "RegionId", "Name") values (9913, 436, 'Xina');
insert into "Cities"("Id", "RegionId", "Name") values (9914, 436, 'Zaimi');
insert into "Cities"("Id", "RegionId", "Name") values (9915, 550, 'Cahir');
insert into "Cities"("Id", "RegionId", "Name") values (9916, 550, 'Cashel');
insert into "Cities"("Id", "RegionId", "Name") values (9917, 550, 'Clonmel');
insert into "Cities"("Id", "RegionId", "Name") values (9918, 550, 'Fethard');
insert into "Cities"("Id", "RegionId", "Name") values (9919, 550, 'Nenagh');
insert into "Cities"("Id", "RegionId", "Name") values (9920, 550, 'Roscrea');
insert into "Cities"("Id", "RegionId", "Name") values (9921, 550, 'Thurles');
insert into "Cities"("Id", "RegionId", "Name") values (9922, 550, 'Tipperary');
insert into "Cities"("Id", "RegionId", "Name") values (9923, 585, 'Acula');
insert into "Cities"("Id", "RegionId", "Name") values (9924, 585, 'Albolote');
insert into "Cities"("Id", "RegionId", "Name") values (9925, 585, 'Aldeilla');
insert into "Cities"("Id", "RegionId", "Name") values (9926, 585, 'Almucar');
insert into "Cities"("Id", "RegionId", "Name") values (9927, 585, 'Armilla');
insert into "Cities"("Id", "RegionId", "Name") values (9928, 585, 'Baza');
insert into "Cities"("Id", "RegionId", "Name") values (9929, 585, 'Fuente Vaqueros');
insert into "Cities"("Id", "RegionId", "Name") values (9930, 585, 'Gorafe');
insert into "Cities"("Id", "RegionId", "Name") values (9931, 585, 'Granada');
insert into "Cities"("Id", "RegionId", "Name") values (9932, 585, 'Maracena');
insert into "Cities"("Id", "RegionId", "Name") values (9933, 585, 'Motril');
insert into "Cities"("Id", "RegionId", "Name") values (9934, 585, 'Otura');
insert into "Cities"("Id", "RegionId", "Name") values (9935, 585, 'Santa Fe');
insert into "Cities"("Id", "RegionId", "Name") values (9936, 636, 'Bagno di Romagna');
insert into "Cities"("Id", "RegionId", "Name") values (9937, 636, 'Borghi');
insert into "Cities"("Id", "RegionId", "Name") values (9938, 636, 'Cesena');
insert into "Cities"("Id", "RegionId", "Name") values (9939, 636, 'Cesenatico');
insert into "Cities"("Id", "RegionId", "Name") values (9940, 636, 'Forl');
insert into "Cities"("Id", "RegionId", "Name") values (9941, 636, 'Forlimpopoli');
insert into "Cities"("Id", "RegionId", "Name") values (9942, 636, 'Predappio');
insert into "Cities"("Id", "RegionId", "Name") values (9943, 636, 'Sarsina');
insert into "Cities"("Id", "RegionId", "Name") values (9944, 636, 'Savignano sul Rubicone');
insert into "Cities"("Id", "RegionId", "Name") values (9945, 735, 'Благовещенка');
insert into "Cities"("Id", "RegionId", "Name") values (9946, 735, 'Булаево');
insert into "Cities"("Id", "RegionId", "Name") values (9947, 735, 'Корнеевка');
insert into "Cities"("Id", "RegionId", "Name") values (9948, 735, 'Мамлютка');
insert into "Cities"("Id", "RegionId", "Name") values (9949, 735, 'Петропавловск');
insert into "Cities"("Id", "RegionId", "Name") values (9950, 735, 'Пресновка');
insert into "Cities"("Id", "RegionId", "Name") values (9951, 735, 'Сергеевка');
insert into "Cities"("Id", "RegionId", "Name") values (9952, 735, 'Соколовка');
insert into "Cities"("Id", "RegionId", "Name") values (9953, 735, 'Явленка');
insert into "Cities"("Id", "RegionId", "Name") values (9954, 756, 'Carcross');
insert into "Cities"("Id", "RegionId", "Name") values (9955, 756, 'Dawson');
insert into "Cities"("Id", "RegionId", "Name") values (9956, 756, 'Faro');
insert into "Cities"("Id", "RegionId", "Name") values (9957, 756, 'Whitehorse');
insert into "Cities"("Id", "RegionId", "Name") values (9958, 773, 'Chushui');
insert into "Cities"("Id", "RegionId", "Name") values (9959, 773, 'Guandong');
insert into "Cities"("Id", "RegionId", "Name") values (9960, 773, 'Guanzhou');
insert into "Cities"("Id", "RegionId", "Name") values (9961, 773, 'Yecha');
insert into "Cities"("Id", "RegionId", "Name") values (9962, 802, 'Acos');
insert into "Cities"("Id", "RegionId", "Name") values (9963, 802, 'Las Hamacas');
insert into "Cities"("Id", "RegionId", "Name") values (9964, 802, 'Quibd');
insert into "Cities"("Id", "RegionId", "Name") values (9965, 820, 'Caas');
insert into "Cities"("Id", "RegionId", "Name") values (9966, 820, 'Nicoya');
insert into "Cities"("Id", "RegionId", "Name") values (9967, 826, 'Aguacatico');
insert into "Cities"("Id", "RegionId", "Name") values (9968, 826, 'Camagey');
insert into "Cities"("Id", "RegionId", "Name") values (9969, 826, 'Colonia');
insert into "Regions"("Id", "CountryId", "Name") values (841, 97, 'al-Jahra');
insert into "Regions"("Id", "CountryId", "Name") values (842, 97, 'al-Kuwayt');
insert into "Cities"("Id", "RegionId", "Name") values (9970, 437, 'AIdea');
insert into "Cities"("Id", "RegionId", "Name") values (9971, 437, 'dessa');
insert into "Cities"("Id", "RegionId", "Name") values (9972, 437, 'dhessa');
insert into "Cities"("Id", "RegionId", "Name") values (9973, 437, 'Giannits');
insert into "Cities"("Id", "RegionId", "Name") values (9974, 437, 'Skdra');
insert into "Cities"("Id", "RegionId", "Name") values (9975, 551, 'Dungarvan');
insert into "Cities"("Id", "RegionId", "Name") values (9976, 551, 'Lismore');
insert into "Cities"("Id", "RegionId", "Name") values (9977, 551, 'Waterford');
insert into "Cities"("Id", "RegionId", "Name") values (9978, 586, 'Guadalajara');
insert into "Cities"("Id", "RegionId", "Name") values (9979, 586, 'Villares de jadraque');
insert into "Cities"("Id", "RegionId", "Name") values (9980, 637, 'Carpi');
insert into "Cities"("Id", "RegionId", "Name") values (9981, 637, 'Castelvetro di Modena');
insert into "Cities"("Id", "RegionId", "Name") values (9982, 637, 'Fiorano Modenese');
insert into "Cities"("Id", "RegionId", "Name") values (9983, 637, 'Maranello');
insert into "Cities"("Id", "RegionId", "Name") values (9984, 637, 'Mirandola');
insert into "Cities"("Id", "RegionId", "Name") values (9985, 637, 'Modena');
insert into "Cities"("Id", "RegionId", "Name") values (9986, 637, 'Montefiorino');
insert into "Cities"("Id", "RegionId", "Name") values (9987, 637, 'Pavullo nel Frignano');
insert into "Cities"("Id", "RegionId", "Name") values (9988, 637, 'Polinago');
insert into "Cities"("Id", "RegionId", "Name") values (9989, 637, 'Ravarino');
insert into "Cities"("Id", "RegionId", "Name") values (9990, 637, 'Sassuolo');
insert into "Cities"("Id", "RegionId", "Name") values (9991, 637, 'Soliera');
insert into "Cities"("Id", "RegionId", "Name") values (9992, 637, 'Vignola');
insert into "Cities"("Id", "RegionId", "Name") values (9993, 736, 'Актогай');
insert into "Cities"("Id", "RegionId", "Name") values (9994, 736, 'Андреевка');
insert into "Cities"("Id", "RegionId", "Name") values (9995, 736, 'Джансугуров');
insert into "Cities"("Id", "RegionId", "Name") values (9996, 736, 'Капал');
insert into "Cities"("Id", "RegionId", "Name") values (9997, 736, 'Карабулак');
insert into "Cities"("Id", "RegionId", "Name") values (9998, 736, 'Кировский');
insert into "Cities"("Id", "RegionId", "Name") values (9999, 736, 'Панфилов');
insert into "Cities"("Id", "RegionId", "Name") values (10000, 736, 'Сарканд');
insert into "Cities"("Id", "RegionId", "Name") values (10001, 736, 'Сарыозек');
insert into "Cities"("Id", "RegionId", "Name") values (10002, 736, 'Талды-Курган');
insert into "Cities"("Id", "RegionId", "Name") values (10003, 736, 'Текели');
insert into "Cities"("Id", "RegionId", "Name") values (10004, 736, 'Учарал');
insert into "Cities"("Id", "RegionId", "Name") values (10005, 736, 'Уштобе');
insert into "Cities"("Id", "RegionId", "Name") values (10006, 774, 'Baishacun');
insert into "Cities"("Id", "RegionId", "Name") values (10007, 774, 'Haikou');
insert into "Cities"("Id", "RegionId", "Name") values (10008, 774, 'Hainan');
insert into "Cities"("Id", "RegionId", "Name") values (10009, 774, 'Juntian');
insert into "Cities"("Id", "RegionId", "Name") values (10010, 774, 'Sanjia');
insert into "Cities"("Id", "RegionId", "Name") values (10011, 774, 'Sanya');
insert into "Cities"("Id", "RegionId", "Name") values (10012, 803, 'Aguas Claras');
insert into "Cities"("Id", "RegionId", "Name") values (10013, 803, 'Montera');
insert into "Cities"("Id", "RegionId", "Name") values (10014, 821, 'Heredia');
insert into "Cities"("Id", "RegionId", "Name") values (10015, 821, 'San Antonio de Belen');
insert into "Cities"("Id", "RegionId", "Name") values (10016, 821, 'San Juan Abajo');
insert into "Cities"("Id", "RegionId", "Name") values (10017, 821, 'San Pablo');
insert into "Cities"("Id", "RegionId", "Name") values (10018, 827, 'Adela');
insert into "Cities"("Id", "RegionId", "Name") values (10019, 827, 'Alonzo');
insert into "Cities"("Id", "RegionId", "Name") values (10020, 827, 'Baragu');
insert into "Cities"("Id", "RegionId", "Name") values (10021, 827, 'Habana');
insert into "Cities"("Id", "RegionId", "Name") values (10022, 827, 'Morn');
insert into "Cities"("Id", "RegionId", "Name") values (10023, 841, 'Аль-Яхра');
insert into "Regions"("Id", "CountryId", "Name") values (843, 98, 'Аваруа');
insert into "Cities"("Id", "RegionId", "Name") values (10024, 438, 'Alnia');
insert into "Cities"("Id", "RegionId", "Name") values (10025, 438, 'Kalitea');
insert into "Cities"("Id", "RegionId", "Name") values (10026, 438, 'Katerina');
insert into "Cities"("Id", "RegionId", "Name") values (10027, 438, 'Katerni');
insert into "Cities"("Id", "RegionId", "Name") values (10028, 438, 'Leptokary');
insert into "Cities"("Id", "RegionId", "Name") values (10029, 438, 'Parala');
insert into "Cities"("Id", "RegionId", "Name") values (10030, 438, 'Ptra');
insert into "Cities"("Id", "RegionId", "Name") values (10031, 552, 'Athlone');
insert into "Cities"("Id", "RegionId", "Name") values (10032, 552, 'Moate');
insert into "Cities"("Id", "RegionId", "Name") values (10033, 552, 'Mullingar');
insert into "Cities"("Id", "RegionId", "Name") values (10034, 587, 'Andoain');
insert into "Cities"("Id", "RegionId", "Name") values (10035, 587, 'Arrasate/Mondragn');
insert into "Cities"("Id", "RegionId", "Name") values (10036, 587, 'Beasain');
insert into "Cities"("Id", "RegionId", "Name") values (10037, 587, 'Hernani');
insert into "Cities"("Id", "RegionId", "Name") values (10038, 587, 'Irun');
insert into "Cities"("Id", "RegionId", "Name") values (10039, 587, 'Irura');
insert into "Cities"("Id", "RegionId", "Name") values (10040, 587, 'Ormaiztegi');
insert into "Cities"("Id", "RegionId", "Name") values (10041, 587, 'Renteria');
insert into "Cities"("Id", "RegionId", "Name") values (10042, 587, 'San Sebastin');
insert into "Cities"("Id", "RegionId", "Name") values (10043, 587, 'Tolosa');
insert into "Cities"("Id", "RegionId", "Name") values (10044, 587, 'Txikierdi');
insert into "Cities"("Id", "RegionId", "Name") values (10045, 638, 'Albareto');
insert into "Cities"("Id", "RegionId", "Name") values (10046, 638, 'Collecchio');
insert into "Cities"("Id", "RegionId", "Name") values (10047, 638, 'Colorno');
insert into "Cities"("Id", "RegionId", "Name") values (10048, 638, 'Idenza');
insert into "Cities"("Id", "RegionId", "Name") values (10049, 638, 'Fontevivo');
insert into "Cities"("Id", "RegionId", "Name") values (10050, 638, 'Fornovo di Taro');
insert into "Cities"("Id", "RegionId", "Name") values (10051, 638, 'Parma');
insert into "Cities"("Id", "RegionId", "Name") values (10052, 638, 'Salsomaggiore Terme');
insert into "Cities"("Id", "RegionId", "Name") values (10053, 737, 'Амангельды');
insert into "Cities"("Id", "RegionId", "Name") values (10054, 737, 'Аркалык');
insert into "Cities"("Id", "RegionId", "Name") values (10055, 737, 'Державинск');
insert into "Cities"("Id", "RegionId", "Name") values (10056, 737, 'Есиль');
insert into "Cities"("Id", "RegionId", "Name") values (10057, 737, 'Жаксы');
insert into "Cities"("Id", "RegionId", "Name") values (10058, 737, 'Октябрьское');
insert into "Cities"("Id", "RegionId", "Name") values (10059, 737, 'Тургай');
insert into "Cities"("Id", "RegionId", "Name") values (10060, 775, 'Baoding');
insert into "Cities"("Id", "RegionId", "Name") values (10061, 775, 'Changtai');
insert into "Cities"("Id", "RegionId", "Name") values (10062, 775, 'Hengshui');
insert into "Cities"("Id", "RegionId", "Name") values (10063, 775, 'Qinhuangdao');
insert into "Cities"("Id", "RegionId", "Name") values (10064, 775, 'Shihjiazhuang');
insert into "Cities"("Id", "RegionId", "Name") values (10065, 775, 'Shijiazhuang');
insert into "Cities"("Id", "RegionId", "Name") values (10066, 775, 'Shijiazhuang Shi');
insert into "Cities"("Id", "RegionId", "Name") values (10067, 804, 'Bogot');
insert into "Cities"("Id", "RegionId", "Name") values (10068, 804, 'Cha');
insert into "Cities"("Id", "RegionId", "Name") values (10069, 804, 'Funza');
insert into "Cities"("Id", "RegionId", "Name") values (10070, 804, 'Fusagasuga');
insert into "Cities"("Id", "RegionId", "Name") values (10071, 804, 'Girardot');
insert into "Cities"("Id", "RegionId", "Name") values (10072, 804, 'Soacha');
insert into "Cities"("Id", "RegionId", "Name") values (10073, 822, 'frica');
insert into "Cities"("Id", "RegionId", "Name") values (10074, 822, 'Agbeta');
insert into "Cities"("Id", "RegionId", "Name") values (10075, 822, 'Altos Herediana');
insert into "Cities"("Id", "RegionId", "Name") values (10076, 822, 'Asuncin');
insert into "Cities"("Id", "RegionId", "Name") values (10077, 822, 'Atlanta');
insert into "Cities"("Id", "RegionId", "Name") values (10078, 822, 'Puerto Viejo');
insert into "Cities"("Id", "RegionId", "Name") values (10079, 828, 'Habana');
insert into "Cities"("Id", "RegionId", "Name") values (10080, 828, 'Havana');
insert into "Cities"("Id", "RegionId", "Name") values (10081, 828, 'La Habana');
insert into "Cities"("Id", "RegionId", "Name") values (10082, 828, 'Nuevo Vedado');
insert into "Cities"("Id", "RegionId", "Name") values (10083, 828, 'Playa');
insert into "Cities"("Id", "RegionId", "Name") values (10084, 842, 'Эль-Кувейт');
insert into "Cities"("Id", "RegionId", "Name") values (10085, 843, 'Аваруа');
insert into "Regions"("Id", "CountryId", "Name") values (844, 99, 'Иссык-Кульская обл.');
insert into "Regions"("Id", "CountryId", "Name") values (845, 99, 'Кыргызстан');
insert into "Regions"("Id", "CountryId", "Name") values (846, 99, 'Нарынская обл.');
insert into "Regions"("Id", "CountryId", "Name") values (847, 99, 'Ошская обл.');
insert into "Regions"("Id", "CountryId", "Name") values (848, 99, 'Таласская обл.');
insert into "Cities"("Id", "RegionId", "Name") values (10086, 439, 'Prveza');
insert into "Cities"("Id", "RegionId", "Name") values (10087, 553, 'Bunclody');
insert into "Cities"("Id", "RegionId", "Name") values (10088, 553, 'Enniscorthy');
insert into "Cities"("Id", "RegionId", "Name") values (10089, 553, 'Gorey');
insert into "Cities"("Id", "RegionId", "Name") values (10090, 553, 'New Ross');
insert into "Cities"("Id", "RegionId", "Name") values (10091, 553, 'Wexford');
insert into "Cities"("Id", "RegionId", "Name") values (10092, 588, 'Aljaraque');
insert into "Cities"("Id", "RegionId", "Name") values (10093, 588, 'Almonte');
insert into "Cities"("Id", "RegionId", "Name") values (10094, 588, 'Alto de la mesa');
insert into "Cities"("Id", "RegionId", "Name") values (10095, 588, 'Bollullos Par del Condado');
insert into "Cities"("Id", "RegionId", "Name") values (10096, 588, 'Cartaya');
insert into "Cities"("Id", "RegionId", "Name") values (10097, 588, 'Huelva');
insert into "Cities"("Id", "RegionId", "Name") values (10098, 588, 'Lepe');
insert into "Cities"("Id", "RegionId", "Name") values (10099, 588, 'Palos de la Frontera');
insert into "Cities"("Id", "RegionId", "Name") values (10100, 588, 'Punta Umbra');
insert into "Cities"("Id", "RegionId", "Name") values (10101, 639, 'Alseno');
insert into "Cities"("Id", "RegionId", "Name") values (10102, 639, 'Besenzone');
insert into "Cities"("Id", "RegionId", "Name") values (10103, 639, 'Farini');
insert into "Cities"("Id", "RegionId", "Name") values (10104, 639, 'Lugagnano Val d''''Arda');
insert into "Cities"("Id", "RegionId", "Name") values (10105, 639, 'Piacenza');
insert into "Cities"("Id", "RegionId", "Name") values (10106, 639, 'Sarmato');
insert into "Cities"("Id", "RegionId", "Name") values (10107, 738, 'Арысь');
insert into "Cities"("Id", "RegionId", "Name") values (10108, 738, 'Байжансай');
insert into "Cities"("Id", "RegionId", "Name") values (10109, 738, 'Белые Воды');
insert into "Cities"("Id", "RegionId", "Name") values (10110, 738, 'Ванновка');
insert into "Cities"("Id", "RegionId", "Name") values (10111, 738, 'Джетысай');
insert into "Cities"("Id", "RegionId", "Name") values (10112, 738, 'Кентау');
insert into "Cities"("Id", "RegionId", "Name") values (10113, 738, 'Ленгер');
insert into "Cities"("Id", "RegionId", "Name") values (10114, 738, 'Мырзакент');
insert into "Cities"("Id", "RegionId", "Name") values (10115, 738, 'Сарыагач');
insert into "Cities"("Id", "RegionId", "Name") values (10116, 738, 'Темирлановка');
insert into "Cities"("Id", "RegionId", "Name") values (10117, 738, 'Туркестан');
insert into "Cities"("Id", "RegionId", "Name") values (10118, 738, 'Чардара');
insert into "Cities"("Id", "RegionId", "Name") values (10119, 738, 'Чаян');
insert into "Cities"("Id", "RegionId", "Name") values (10120, 738, 'Чулаккурган');
insert into "Cities"("Id", "RegionId", "Name") values (10121, 738, 'Шаульдер');
insert into "Cities"("Id", "RegionId", "Name") values (10122, 738, 'Шымкент (Чимкент)');
insert into "Cities"("Id", "RegionId", "Name") values (10123, 776, 'Amuerkhechzhan');
insert into "Cities"("Id", "RegionId", "Name") values (10124, 776, 'Daqing');
insert into "Cities"("Id", "RegionId", "Name") values (10125, 776, 'Dongning');
insert into "Cities"("Id", "RegionId", "Name") values (10126, 776, 'Fuhai');
insert into "Cities"("Id", "RegionId", "Name") values (10127, 776, 'Haerhpin');
insert into "Cities"("Id", "RegionId", "Name") values (10128, 776, 'Harbin');
insert into "Cities"("Id", "RegionId", "Name") values (10129, 776, 'Harbin Shi');
insert into "Cities"("Id", "RegionId", "Name") values (10130, 776, 'Heihe');
insert into "Cities"("Id", "RegionId", "Name") values (10131, 776, 'Jiamusi');
insert into "Cities"("Id", "RegionId", "Name") values (10132, 776, 'Jixi');
insert into "Cities"("Id", "RegionId", "Name") values (10133, 776, 'Mudanjiang');
insert into "Cities"("Id", "RegionId", "Name") values (10134, 776, 'Mutanchiangshih');
insert into "Cities"("Id", "RegionId", "Name") values (10135, 776, 'Qiqihar');
insert into "Cities"("Id", "RegionId", "Name") values (10136, 776, 'Suifenhe');
insert into "Cities"("Id", "RegionId", "Name") values (10137, 776, 'Tongjiang');
insert into "Cities"("Id", "RegionId", "Name") values (10138, 776, 'Tsitsihar');
insert into "Cities"("Id", "RegionId", "Name") values (10139, 805, 'Barrio Boyac');
insert into "Cities"("Id", "RegionId", "Name") values (10140, 805, 'Bravo Pez');
insert into "Cities"("Id", "RegionId", "Name") values (10141, 823, 'Aro');
insert into "Cities"("Id", "RegionId", "Name") values (10142, 823, 'Baja Moras');
insert into "Cities"("Id", "RegionId", "Name") values (10143, 823, 'Jac');
insert into "Cities"("Id", "RegionId", "Name") values (10144, 829, 'Arroz');
insert into "Cities"("Id", "RegionId", "Name") values (10145, 829, 'Manzanillo');
insert into "Cities"("Id", "RegionId", "Name") values (10146, 844, 'Ак-Шыйрак');
insert into "Cities"("Id", "RegionId", "Name") values (10147, 844, 'Ананьево');
insert into "Cities"("Id", "RegionId", "Name") values (10148, 844, 'Боконбаевское');
insert into "Cities"("Id", "RegionId", "Name") values (10149, 844, 'Бостери');
insert into "Cities"("Id", "RegionId", "Name") values (10150, 844, 'Каджи-Сай');
insert into "Cities"("Id", "RegionId", "Name") values (10151, 844, 'Кызыл Туу');
insert into "Cities"("Id", "RegionId", "Name") values (10152, 844, 'Покровка');
insert into "Cities"("Id", "RegionId", "Name") values (10153, 844, 'Пржевальск');
insert into "Cities"("Id", "RegionId", "Name") values (10154, 844, 'Рыбачье');
insert into "Cities"("Id", "RegionId", "Name") values (10155, 844, 'Тюп');
insert into "Cities"("Id", "RegionId", "Name") values (10156, 844, 'Чолпон-Ата');
insert into "Regions"("Id", "CountryId", "Name") values (849, 100, 'Лаос');
insert into "Cities"("Id", "RegionId", "Name") values (10157, 440, 'Prama');
insert into "Cities"("Id", "RegionId", "Name") values (10158, 440, 'Rthimnon');
insert into "Cities"("Id", "RegionId", "Name") values (10159, 440, 'Rthymno');
insert into "Cities"("Id", "RegionId", "Name") values (10160, 440, 'Rthymnon');
insert into "Cities"("Id", "RegionId", "Name") values (10161, 554, 'Arklow');
insert into "Cities"("Id", "RegionId", "Name") values (10162, 554, 'Blessington');
insert into "Cities"("Id", "RegionId", "Name") values (10163, 554, 'Bray');
insert into "Cities"("Id", "RegionId", "Name") values (10164, 554, 'Enniskerry');
insert into "Cities"("Id", "RegionId", "Name") values (10165, 554, 'Wicklow');
insert into "Cities"("Id", "RegionId", "Name") values (10166, 589, 'Fraga');
insert into "Cities"("Id", "RegionId", "Name") values (10167, 589, 'Huesca');
insert into "Cities"("Id", "RegionId", "Name") values (10168, 589, 'Jaca');
insert into "Cities"("Id", "RegionId", "Name") values (10169, 589, 'Monzn');
insert into "Cities"("Id", "RegionId", "Name") values (10170, 589, 'ZIdin');
insert into "Cities"("Id", "RegionId", "Name") values (10171, 640, 'Alfonsine');
insert into "Cities"("Id", "RegionId", "Name") values (10172, 640, 'Cervia');
insert into "Cities"("Id", "RegionId", "Name") values (10173, 640, 'Conselice');
insert into "Cities"("Id", "RegionId", "Name") values (10174, 640, 'Faenza');
insert into "Cities"("Id", "RegionId", "Name") values (10175, 640, 'Lugo');
insert into "Cities"("Id", "RegionId", "Name") values (10176, 640, 'Massa Lombarda');
insert into "Cities"("Id", "RegionId", "Name") values (10177, 640, 'Ravenna');
insert into "Cities"("Id", "RegionId", "Name") values (10178, 640, 'Russi');
insert into "Cities"("Id", "RegionId", "Name") values (10179, 777, 'Caicao');
insert into "Cities"("Id", "RegionId", "Name") values (10180, 777, 'Jiaozuo');
insert into "Cities"("Id", "RegionId", "Name") values (10181, 777, 'Luoyang');
insert into "Cities"("Id", "RegionId", "Name") values (10182, 777, 'Zhengzhou');
insert into "Cities"("Id", "RegionId", "Name") values (10183, 806, 'Arabia');
insert into "Cities"("Id", "RegionId", "Name") values (10184, 806, 'Bogot');
insert into "Cities"("Id", "RegionId", "Name") values (10185, 806, 'Isnos');
insert into "Cities"("Id", "RegionId", "Name") values (10186, 806, 'Mxico');
insert into "Cities"("Id", "RegionId", "Name") values (10187, 806, 'Neiva');
insert into "Cities"("Id", "RegionId", "Name") values (10188, 824, 'Alto');
insert into "Cities"("Id", "RegionId", "Name") values (10189, 824, 'Barrio Escalante');
insert into "Cities"("Id", "RegionId", "Name") values (10190, 824, 'Barrio Urea');
insert into "Cities"("Id", "RegionId", "Name") values (10191, 824, 'Calle Blancos');
insert into "Cities"("Id", "RegionId", "Name") values (10192, 824, 'CurIdabat');
insert into "Cities"("Id", "RegionId", "Name") values (10193, 824, 'Escaz');
insert into "Cities"("Id", "RegionId", "Name") values (10194, 824, 'Morado');
insert into "Cities"("Id", "RegionId", "Name") values (10195, 824, 'San Jos');
insert into "Cities"("Id", "RegionId", "Name") values (10196, 824, 'San Pedro');
insert into "Cities"("Id", "RegionId", "Name") values (10197, 830, 'Arena');
insert into "Cities"("Id", "RegionId", "Name") values (10198, 830, 'Cabana');
insert into "Cities"("Id", "RegionId", "Name") values (10199, 830, 'Guantnamo');
insert into "Cities"("Id", "RegionId", "Name") values (10200, 830, 'Guatanamo');
insert into "Cities"("Id", "RegionId", "Name") values (10201, 830, 'Santa Mara');
insert into "Cities"("Id", "RegionId", "Name") values (10202, 845, 'Ак-Суу');
insert into "Cities"("Id", "RegionId", "Name") values (10203, 845, 'Араван');
insert into "Cities"("Id", "RegionId", "Name") values (10204, 845, 'Балыкчи');
insert into "Cities"("Id", "RegionId", "Name") values (10205, 845, 'Беловодское');
insert into "Cities"("Id", "RegionId", "Name") values (10206, 845, 'Бишкек');
insert into "Cities"("Id", "RegionId", "Name") values (10207, 845, 'Боконбаевское');
insert into "Cities"("Id", "RegionId", "Name") values (10208, 845, 'Быстровка');
insert into "Cities"("Id", "RegionId", "Name") values (10209, 845, 'Жалал Абад');
insert into "Cities"("Id", "RegionId", "Name") values (10210, 845, 'Ивановка');
insert into "Cities"("Id", "RegionId", "Name") values (10211, 845, 'Каинды');
insert into "Cities"("Id", "RegionId", "Name") values (10212, 845, 'Кант');
insert into "Cities"("Id", "RegionId", "Name") values (10213, 845, 'Кара-Балта');
insert into "Cities"("Id", "RegionId", "Name") values (10214, 845, 'Караван');
insert into "Cities"("Id", "RegionId", "Name") values (10215, 845, 'Каракол');
insert into "Cities"("Id", "RegionId", "Name") values (10216, 845, 'Кемин');
insert into "Cities"("Id", "RegionId", "Name") values (10217, 845, 'Кербен');
insert into "Cities"("Id", "RegionId", "Name") values (10218, 845, 'Лебединовка');
insert into "Cities"("Id", "RegionId", "Name") values (10219, 845, 'Майлуу-Суу');
insert into "Cities"("Id", "RegionId", "Name") values (10220, 845, 'Нарын');
insert into "Cities"("Id", "RegionId", "Name") values (10221, 845, 'Ош');
insert into "Cities"("Id", "RegionId", "Name") values (10222, 845, 'Пульгон');
insert into "Cities"("Id", "RegionId", "Name") values (10223, 845, 'Соколук');
insert into "Cities"("Id", "RegionId", "Name") values (10224, 845, 'Талас');
insert into "Cities"("Id", "RegionId", "Name") values (10225, 845, 'Таш-Кумыр');
insert into "Cities"("Id", "RegionId", "Name") values (10226, 845, 'Токмак');
insert into "Cities"("Id", "RegionId", "Name") values (10227, 845, 'Чолпон-Ата');
insert into "Cities"("Id", "RegionId", "Name") values (10228, 845, 'Чуй');
insert into "Cities"("Id", "RegionId", "Name") values (10229, 845, 'Эски-Ноокат');
insert into "Cities"("Id", "RegionId", "Name") values (10230, 849, 'Вьентьян');
insert into "Regions"("Id", "CountryId", "Name") values (850, 101, 'Латвия');
insert into "Cities"("Id", "RegionId", "Name") values (10231, 441, 'Gmlcine');
insert into "Cities"("Id", "RegionId", "Name") values (10232, 441, 'Komotine');
insert into "Cities"("Id", "RegionId", "Name") values (10233, 441, 'Komotin');
insert into "Cities"("Id", "RegionId", "Name") values (10234, 441, 'Spes');
insert into "Cities"("Id", "RegionId", "Name") values (10235, 590, 'Arenal s''''');
insert into "Cities"("Id", "RegionId", "Name") values (10236, 590, 'Art');
insert into "Cities"("Id", "RegionId", "Name") values (10237, 590, 'Binissalem');
insert into "Cities"("Id", "RegionId", "Name") values (10238, 590, 'Can pastilla');
insert into "Cities"("Id", "RegionId", "Name") values (10239, 590, 'Ciutadella de Menorca');
insert into "Cities"("Id", "RegionId", "Name") values (10240, 590, 'Eivissa');
insert into "Cities"("Id", "RegionId", "Name") values (10241, 590, 'Inca');
insert into "Cities"("Id", "RegionId", "Name") values (10242, 590, 'Mahon');
insert into "Cities"("Id", "RegionId", "Name") values (10243, 590, 'Muro');
insert into "Cities"("Id", "RegionId", "Name") values (10244, 590, 'Palma de Mallorca');
insert into "Cities"("Id", "RegionId", "Name") values (10245, 590, 'Palma nova');
insert into "Cities"("Id", "RegionId", "Name") values (10246, 590, 'Sant antoni abat');
insert into "Cities"("Id", "RegionId", "Name") values (10247, 590, 'Santa Eulalia des Riu');
insert into "Cities"("Id", "RegionId", "Name") values (10248, 590, 'Santa pona');
insert into "Cities"("Id", "RegionId", "Name") values (10249, 590, 'Talamanca');
insert into "Cities"("Id", "RegionId", "Name") values (10250, 641, 'Albinea');
insert into "Cities"("Id", "RegionId", "Name") values (10251, 641, 'Brescello');
insert into "Cities"("Id", "RegionId", "Name") values (10252, 641, 'Cavriago');
insert into "Cities"("Id", "RegionId", "Name") values (10253, 641, 'Correggio');
insert into "Cities"("Id", "RegionId", "Name") values (10254, 641, 'Fabbrico');
insert into "Cities"("Id", "RegionId", "Name") values (10255, 641, 'Guastalla');
insert into "Cities"("Id", "RegionId", "Name") values (10256, 641, 'Reggio nell''''Emilia');
insert into "Cities"("Id", "RegionId", "Name") values (10257, 641, 'San Martino in Rio');
insert into "Cities"("Id", "RegionId", "Name") values (10258, 641, 'Viano');
insert into "Cities"("Id", "RegionId", "Name") values (10259, 778, 'Bingying');
insert into "Cities"("Id", "RegionId", "Name") values (10260, 778, 'Huiwan');
insert into "Cities"("Id", "RegionId", "Name") values (10261, 778, 'Wuchang');
insert into "Cities"("Id", "RegionId", "Name") values (10262, 778, 'Wuhan');
insert into "Cities"("Id", "RegionId", "Name") values (10263, 778, 'Wuxue');
insert into "Cities"("Id", "RegionId", "Name") values (10264, 807, 'Maicao');
insert into "Cities"("Id", "RegionId", "Name") values (10265, 807, 'Rohacha');
insert into "Cities"("Id", "RegionId", "Name") values (10266, 831, 'Cacocn');
insert into "Cities"("Id", "RegionId", "Name") values (10267, 831, 'Holgun');
insert into "Cities"("Id", "RegionId", "Name") values (10268, 846, 'Ат-Баши');
insert into "Cities"("Id", "RegionId", "Name") values (10269, 846, 'Дюрбельджин');
insert into "Cities"("Id", "RegionId", "Name") values (10270, 846, 'Казарман');
insert into "Cities"("Id", "RegionId", "Name") values (10271, 846, 'Кочкорка');
insert into "Cities"("Id", "RegionId", "Name") values (10272, 846, 'Нарын');
insert into "Cities"("Id", "RegionId", "Name") values (10273, 846, 'Чаек');
insert into "Cities"("Id", "RegionId", "Name") values (10274, 850, 'Айзпуте');
insert into "Cities"("Id", "RegionId", "Name") values (10275, 850, 'Айнажи');
insert into "Cities"("Id", "RegionId", "Name") values (10276, 850, 'Алоя');
insert into "Cities"("Id", "RegionId", "Name") values (10277, 850, 'Алсунга');
insert into "Cities"("Id", "RegionId", "Name") values (10278, 850, 'Алуксне');
insert into "Cities"("Id", "RegionId", "Name") values (10279, 850, 'Апе');
insert into "Cities"("Id", "RegionId", "Name") values (10280, 850, 'Ауце');
insert into "Cities"("Id", "RegionId", "Name") values (10281, 850, 'Балви');
insert into "Cities"("Id", "RegionId", "Name") values (10282, 850, 'Балдоне');
insert into "Cities"("Id", "RegionId", "Name") values (10283, 850, 'Баложи');
insert into "Cities"("Id", "RegionId", "Name") values (10284, 850, 'Бауска');
insert into "Cities"("Id", "RegionId", "Name") values (10285, 850, 'Бене');
insert into "Cities"("Id", "RegionId", "Name") values (10286, 850, 'Броцены');
insert into "Cities"("Id", "RegionId", "Name") values (10287, 850, 'Валка');
insert into "Cities"("Id", "RegionId", "Name") values (10288, 850, 'Валмиера');
insert into "Cities"("Id", "RegionId", "Name") values (10289, 850, 'Варакляны');
insert into "Cities"("Id", "RegionId", "Name") values (10290, 850, 'Вентспилс');
insert into "Cities"("Id", "RegionId", "Name") values (10291, 850, 'Виляка');
insert into "Cities"("Id", "RegionId", "Name") values (10292, 850, 'Виляны');
insert into "Cities"("Id", "RegionId", "Name") values (10293, 850, 'Гробиня');
insert into "Cities"("Id", "RegionId", "Name") values (10294, 850, 'Гулбене');
insert into "Cities"("Id", "RegionId", "Name") values (10295, 850, 'Гульбене');
insert into "Cities"("Id", "RegionId", "Name") values (10296, 850, 'Даугавпилс');
insert into "Cities"("Id", "RegionId", "Name") values (10297, 850, 'Добеле');
insert into "Cities"("Id", "RegionId", "Name") values (10298, 850, 'Дундага');
insert into "Cities"("Id", "RegionId", "Name") values (10299, 850, 'Дурбе');
insert into "Cities"("Id", "RegionId", "Name") values (10300, 850, 'Екабпилс');
insert into "Cities"("Id", "RegionId", "Name") values (10301, 850, 'Елгава');
insert into "Cities"("Id", "RegionId", "Name") values (10302, 850, 'Зилупе');
insert into "Cities"("Id", "RegionId", "Name") values (10303, 850, 'Иецава');
insert into "Cities"("Id", "RegionId", "Name") values (10304, 850, 'Илуксте');
insert into "Cities"("Id", "RegionId", "Name") values (10305, 850, 'Калнциемс');
insert into "Cities"("Id", "RegionId", "Name") values (10306, 850, 'Кандава');
insert into "Cities"("Id", "RegionId", "Name") values (10307, 850, 'Карсава');
insert into "Cities"("Id", "RegionId", "Name") values (10308, 850, 'Кегумс');
insert into "Cities"("Id", "RegionId", "Name") values (10309, 850, 'Кокнесе');
insert into "Cities"("Id", "RegionId", "Name") values (10310, 850, 'Колка');
insert into "Cities"("Id", "RegionId", "Name") values (10311, 850, 'Краслава');
insert into "Cities"("Id", "RegionId", "Name") values (10312, 850, 'Кулдига');
insert into "Cities"("Id", "RegionId", "Name") values (10313, 850, 'Ливаны');
insert into "Cities"("Id", "RegionId", "Name") values (10314, 850, 'Лиепая');
insert into "Cities"("Id", "RegionId", "Name") values (10315, 850, 'Лимбажи');
insert into "Cities"("Id", "RegionId", "Name") values (10316, 850, 'Лудза');
insert into "Cities"("Id", "RegionId", "Name") values (10317, 850, 'Мадона');
insert into "Cities"("Id", "RegionId", "Name") values (10318, 850, 'Огре');
insert into "Cities"("Id", "RegionId", "Name") values (10319, 850, 'Плявиняс');
insert into "Cities"("Id", "RegionId", "Name") values (10320, 850, 'Прейли');
insert into "Cities"("Id", "RegionId", "Name") values (10321, 850, 'Резекне');
insert into "Cities"("Id", "RegionId", "Name") values (10322, 850, 'Рига');
insert into "Cities"("Id", "RegionId", "Name") values (10323, 850, 'Салдус');
insert into "Cities"("Id", "RegionId", "Name") values (10324, 850, 'Сигулда');
insert into "Cities"("Id", "RegionId", "Name") values (10325, 850, 'Стучка');
insert into "Cities"("Id", "RegionId", "Name") values (10326, 850, 'Талси');
insert into "Cities"("Id", "RegionId", "Name") values (10327, 850, 'Тукумс');
insert into "Cities"("Id", "RegionId", "Name") values (10328, 850, 'Цесис');
insert into "Cities"("Id", "RegionId", "Name") values (10329, 850, 'Элея');
insert into "Cities"("Id", "RegionId", "Name") values (10330, 850, 'Юрмала');
insert into "Regions"("Id", "CountryId", "Name") values (851, 102, 'Лесото');
insert into "Cities"("Id", "RegionId", "Name") values (10331, 442, 'Aga Kyriak');
insert into "Cities"("Id", "RegionId", "Name") values (10332, 442, 'Rva');
insert into "Cities"("Id", "RegionId", "Name") values (10333, 442, 'Smos');
insert into "Cities"("Id", "RegionId", "Name") values (10334, 442, 'Vath');
insert into "Cities"("Id", "RegionId", "Name") values (10335, 591, 'Arroyo del Ojanco');
insert into "Cities"("Id", "RegionId", "Name") values (10336, 591, 'Aulabar');
insert into "Cities"("Id", "RegionId", "Name") values (10337, 591, 'Baeza');
insert into "Cities"("Id", "RegionId", "Name") values (10338, 591, 'Coto rios');
insert into "Cities"("Id", "RegionId", "Name") values (10339, 591, 'Jan');
insert into "Cities"("Id", "RegionId", "Name") values (10340, 591, 'Linares');
insert into "Cities"("Id", "RegionId", "Name") values (10341, 591, 'Mengbar');
insert into "Cities"("Id", "RegionId", "Name") values (10342, 591, 'Torres');
insert into "Cities"("Id", "RegionId", "Name") values (10343, 591, 'beda');
insert into "Cities"("Id", "RegionId", "Name") values (10344, 642, 'Bellaria-Igea Marina');
insert into "Cities"("Id", "RegionId", "Name") values (10345, 642, 'Cattolica');
insert into "Cities"("Id", "RegionId", "Name") values (10346, 642, 'Mondaino');
insert into "Cities"("Id", "RegionId", "Name") values (10347, 642, 'Morciano di Romagna');
insert into "Cities"("Id", "RegionId", "Name") values (10348, 642, 'Riccione');
insert into "Cities"("Id", "RegionId", "Name") values (10349, 642, 'Rimini');
insert into "Cities"("Id", "RegionId", "Name") values (10350, 642, 'Santarcangelo di Romagna');
insert into "Cities"("Id", "RegionId", "Name") values (10351, 779, 'Anle');
insert into "Cities"("Id", "RegionId", "Name") values (10352, 779, 'Changsha');
insert into "Cities"("Id", "RegionId", "Name") values (10353, 779, 'Hengnan');
insert into "Cities"("Id", "RegionId", "Name") values (10354, 779, 'Huaihua');
insert into "Cities"("Id", "RegionId", "Name") values (10355, 779, 'Sanyi');
insert into "Cities"("Id", "RegionId", "Name") values (10356, 808, 'Berln');
insert into "Cities"("Id", "RegionId", "Name") values (10357, 808, 'Villavicencio');
insert into "Cities"("Id", "RegionId", "Name") values (10358, 832, 'La Palma');
insert into "Cities"("Id", "RegionId", "Name") values (10359, 832, 'Santa Brbara');
insert into "Cities"("Id", "RegionId", "Name") values (10360, 847, 'Ак-Там');
insert into "Cities"("Id", "RegionId", "Name") values (10361, 847, 'Ала-Бука');
insert into "Cities"("Id", "RegionId", "Name") values (10362, 847, 'Араван');
insert into "Cities"("Id", "RegionId", "Name") values (10363, 847, 'Базар-Курган');
insert into "Cities"("Id", "RegionId", "Name") values (10364, 847, 'Баткен');
insert into "Cities"("Id", "RegionId", "Name") values (10365, 847, 'Гульча');
insert into "Cities"("Id", "RegionId", "Name") values (10366, 847, 'Джалал-Абад');
insert into "Cities"("Id", "RegionId", "Name") values (10367, 847, 'Исфана');
insert into "Cities"("Id", "RegionId", "Name") values (10368, 847, 'Кара-Кульджа');
insert into "Cities"("Id", "RegionId", "Name") values (10369, 847, 'Кара-Суу');
insert into "Cities"("Id", "RegionId", "Name") values (10370, 847, 'Караван');
insert into "Cities"("Id", "RegionId", "Name") values (10371, 847, 'Кок-Янгак');
insert into "Cities"("Id", "RegionId", "Name") values (10372, 847, 'Кызыл-Кия');
insert into "Cities"("Id", "RegionId", "Name") values (10373, 847, 'Майли-Сай');
insert into "Cities"("Id", "RegionId", "Name") values (10374, 847, 'Ош');
insert into "Cities"("Id", "RegionId", "Name") values (10375, 847, 'Сары-Таш');
insert into "Cities"("Id", "RegionId", "Name") values (10376, 847, 'Сулюкта');
insert into "Cities"("Id", "RegionId", "Name") values (10377, 847, 'Таш-Кумыр');
insert into "Cities"("Id", "RegionId", "Name") values (10378, 847, 'Узген');
insert into "Cities"("Id", "RegionId", "Name") values (10379, 847, 'Фрунзе');
insert into "Cities"("Id", "RegionId", "Name") values (10380, 847, 'Хайдаркен');
insert into "Cities"("Id", "RegionId", "Name") values (10381, 851, 'Масеру');
insert into "Regions"("Id", "CountryId", "Name") values (852, 103, 'Либерия');
insert into "Cities"("Id", "RegionId", "Name") values (10382, 443, 'Rodpoli');
insert into "Cities"("Id", "RegionId", "Name") values (10383, 443, 'Seres');
insert into "Cities"("Id", "RegionId", "Name") values (10384, 443, 'Srres');
insert into "Cities"("Id", "RegionId", "Name") values (10385, 443, 'Idhirkastron');
insert into "Cities"("Id", "RegionId", "Name") values (10386, 443, 'Idirkastro');
insert into "Cities"("Id", "RegionId", "Name") values (10387, 592, 'Arnedo');
insert into "Cities"("Id", "RegionId", "Name") values (10388, 592, 'Calahorra');
insert into "Cities"("Id", "RegionId", "Name") values (10389, 592, 'Logroo');
insert into "Cities"("Id", "RegionId", "Name") values (10390, 643, 'Farra d''''Isonzo');
insert into "Cities"("Id", "RegionId", "Name") values (10391, 643, 'Gorizia');
insert into "Cities"("Id", "RegionId", "Name") values (10392, 643, 'Gradisca d''''Isonzo');
insert into "Cities"("Id", "RegionId", "Name") values (10393, 643, 'Grado');
insert into "Cities"("Id", "RegionId", "Name") values (10394, 643, 'Monfalcone');
insert into "Cities"("Id", "RegionId", "Name") values (10395, 643, 'Ronchi dei Legionari');
insert into "Cities"("Id", "RegionId", "Name") values (10396, 643, 'San Lorenzo Isontino');
insert into "Cities"("Id", "RegionId", "Name") values (10397, 780, 'Changzhou');
insert into "Cities"("Id", "RegionId", "Name") values (10398, 780, 'Dinggang');
insert into "Cities"("Id", "RegionId", "Name") values (10399, 780, 'Jinzhuang');
insert into "Cities"("Id", "RegionId", "Name") values (10400, 780, 'Nanjing');
insert into "Cities"("Id", "RegionId", "Name") values (10401, 780, 'Nantong');
insert into "Cities"("Id", "RegionId", "Name") values (10402, 780, 'Suzhou');
insert into "Cities"("Id", "RegionId", "Name") values (10403, 780, 'Tai');
insert into "Cities"("Id", "RegionId", "Name") values (10404, 780, 'Taizhou');
insert into "Cities"("Id", "RegionId", "Name") values (10405, 780, 'Wuxi');
insert into "Cities"("Id", "RegionId", "Name") values (10406, 780, 'Xuzhou');
insert into "Cities"("Id", "RegionId", "Name") values (10407, 780, 'Yangzhou');
insert into "Cities"("Id", "RegionId", "Name") values (10408, 780, 'Zhangjiagang');
insert into "Cities"("Id", "RegionId", "Name") values (10409, 780, 'Zhangjiagang Shi');
insert into "Cities"("Id", "RegionId", "Name") values (10410, 809, 'Bolvar');
insert into "Cities"("Id", "RegionId", "Name") values (10411, 809, 'Tumaco');
insert into "Cities"("Id", "RegionId", "Name") values (10412, 833, 'Abajo');
insert into "Cities"("Id", "RegionId", "Name") values (10413, 833, 'Amistad');
insert into "Cities"("Id", "RegionId", "Name") values (10414, 833, 'Andres');
insert into "Cities"("Id", "RegionId", "Name") values (10415, 833, 'Antiguo Central de Santa Luca');
insert into "Cities"("Id", "RegionId", "Name") values (10416, 833, 'Ave Mara');
insert into "Cities"("Id", "RegionId", "Name") values (10417, 833, 'Buenos Aires');
insert into "Cities"("Id", "RegionId", "Name") values (10418, 833, 'Cardona');
insert into "Cities"("Id", "RegionId", "Name") values (10419, 833, 'Carmen');
insert into "Cities"("Id", "RegionId", "Name") values (10420, 833, 'Casa Blanca');
insert into "Cities"("Id", "RegionId", "Name") values (10421, 833, 'Cervantes');
insert into "Cities"("Id", "RegionId", "Name") values (10422, 833, 'Coca');
insert into "Cities"("Id", "RegionId", "Name") values (10423, 833, 'Habana Libre');
insert into "Cities"("Id", "RegionId", "Name") values (10424, 833, 'La Molina');
insert into "Cities"("Id", "RegionId", "Name") values (10425, 833, 'La Rosa');
insert into "Cities"("Id", "RegionId", "Name") values (10426, 833, 'Los Cocos');
insert into "Cities"("Id", "RegionId", "Name") values (10427, 833, 'Zorrilla');
insert into "Cities"("Id", "RegionId", "Name") values (10428, 848, 'Кара-Куль');
insert into "Cities"("Id", "RegionId", "Name") values (10429, 848, 'Кировское');
insert into "Cities"("Id", "RegionId", "Name") values (10430, 848, 'Ленинполь');
insert into "Cities"("Id", "RegionId", "Name") values (10431, 848, 'Покровка');
insert into "Cities"("Id", "RegionId", "Name") values (10432, 848, 'Талас');
insert into "Cities"("Id", "RegionId", "Name") values (10433, 848, 'Токтогул');
insert into "Cities"("Id", "RegionId", "Name") values (10434, 848, 'Толук');
insert into "Cities"("Id", "RegionId", "Name") values (10435, 852, 'Монровия');
insert into "Regions"("Id", "CountryId", "Name") values (853, 104, 'Бейрут');
insert into "Cities"("Id", "RegionId", "Name") values (10436, 444, 'gios Dimtrios');
insert into "Cities"("Id", "RegionId", "Name") values (10437, 444, 'Trikrifon');
insert into "Cities"("Id", "RegionId", "Name") values (10438, 593, 'Agaete');
insert into "Cities"("Id", "RegionId", "Name") values (10439, 593, 'Arrecife');
insert into "Cities"("Id", "RegionId", "Name") values (10440, 593, 'Arucas');
insert into "Cities"("Id", "RegionId", "Name") values (10441, 593, 'Casillas del angel');
insert into "Cities"("Id", "RegionId", "Name") values (10442, 593, 'Corralejo');
insert into "Cities"("Id", "RegionId", "Name") values (10443, 593, 'Jinamar');
insert into "Cities"("Id", "RegionId", "Name") values (10444, 593, 'Las Palmas');
insert into "Cities"("Id", "RegionId", "Name") values (10445, 593, 'Maspalomas');
insert into "Cities"("Id", "RegionId", "Name") values (10446, 593, 'Mogn');
insert into "Cities"("Id", "RegionId", "Name") values (10447, 593, 'Puerto del Rosario');
insert into "Cities"("Id", "RegionId", "Name") values (10448, 593, 'San Bartolom');
insert into "Cities"("Id", "RegionId", "Name") values (10449, 593, 'San Bartolom de Tirajana');
insert into "Cities"("Id", "RegionId", "Name") values (10450, 593, 'Santa Luca');
insert into "Cities"("Id", "RegionId", "Name") values (10451, 593, 'Tafira alta');
insert into "Cities"("Id", "RegionId", "Name") values (10452, 593, 'Yaiza');
insert into "Cities"("Id", "RegionId", "Name") values (10453, 644, 'Aviano');
insert into "Cities"("Id", "RegionId", "Name") values (10454, 644, 'Azzano Decimo');
insert into "Cities"("Id", "RegionId", "Name") values (10455, 644, 'Montereale Valcellina');
insert into "Cities"("Id", "RegionId", "Name") values (10456, 644, 'Porcia');
insert into "Cities"("Id", "RegionId", "Name") values (10457, 644, 'Pordenone');
insert into "Cities"("Id", "RegionId", "Name") values (10458, 644, 'Pravisdomini');
insert into "Cities"("Id", "RegionId", "Name") values (10459, 644, 'Sacile');
insert into "Cities"("Id", "RegionId", "Name") values (10460, 644, 'San Vito al Tagliamento');
insert into "Cities"("Id", "RegionId", "Name") values (10461, 644, 'Spilimbergo');
insert into "Cities"("Id", "RegionId", "Name") values (10462, 644, 'Travesio');
insert into "Cities"("Id", "RegionId", "Name") values (10463, 644, 'Zoppola');
insert into "Cities"("Id", "RegionId", "Name") values (10464, 781, '.Wanjialing');
insert into "Cities"("Id", "RegionId", "Name") values (10465, 781, 'Fuzhou');
insert into "Cities"("Id", "RegionId", "Name") values (10466, 781, 'Nanchang');
insert into "Cities"("Id", "RegionId", "Name") values (10467, 810, 'Apartadero');
insert into "Cities"("Id", "RegionId", "Name") values (10468, 810, 'Ccuta');
insert into "Cities"("Id", "RegionId", "Name") values (10469, 834, 'La Rosa');
insert into "Cities"("Id", "RegionId", "Name") values (10470, 853, 'Бейрут');
insert into "Cities"("Id", "RegionId", "Name") values (10471, 853, 'Бейрут');
insert into "Regions"("Id", "CountryId", "Name") values (854, 105, 'Tarabulus');
insert into "Regions"("Id", "CountryId", "Name") values (855, 105, 'Бенгази');
insert into "Cities"("Id", "RegionId", "Name") values (10472, 445, 'dendro');
insert into "Cities"("Id", "RegionId", "Name") values (10473, 445, 'dendron');
insert into "Cities"("Id", "RegionId", "Name") values (10474, 445, 'Aga TIda');
insert into "Cities"("Id", "RegionId", "Name") values (10475, 445, 'gios Athansios');
insert into "Cities"("Id", "RegionId", "Name") values (10476, 445, 'gios Pvlos');
insert into "Cities"("Id", "RegionId", "Name") values (10477, 445, 'Avtion');
insert into "Cities"("Id", "RegionId", "Name") values (10478, 445, 'Ampeln');
insert into "Cities"("Id", "RegionId", "Name") values (10479, 445, 'Anatolik');
insert into "Cities"("Id", "RegionId", "Name") values (10480, 445, 'Angelokhri');
insert into "Cities"("Id", "RegionId", "Name") values (10481, 445, 'Angelokhrion');
insert into "Cities"("Id", "RegionId", "Name") values (10482, 445, 'Ankhalos');
insert into "Cities"("Id", "RegionId", "Name") values (10483, 445, 'Arapl');
insert into "Cities"("Id", "RegionId", "Name") values (10484, 445, 'Asprvrysi');
insert into "Cities"("Id", "RegionId", "Name") values (10485, 445, 'Bal');
insert into "Cities"("Id", "RegionId", "Name") values (10486, 445, 'Dhiavat');
insert into "Cities"("Id", "RegionId", "Name") values (10487, 445, 'Diavat');
insert into "Cities"("Id", "RegionId", "Name") values (10488, 445, 'Efkarpa');
insert into "Cities"("Id", "RegionId", "Name") values (10489, 445, 'Evkarpa');
insert into "Cities"("Id", "RegionId", "Name") values (10490, 445, 'vosmo');
insert into "Cities"("Id", "RegionId", "Name") values (10491, 445, 'vosmon');
insert into "Cities"("Id", "RegionId", "Name") values (10492, 445, 'Galni');
insert into "Cities"("Id", "RegionId", "Name") values (10493, 445, 'Gfyra');
insert into "Cities"("Id", "RegionId", "Name") values (10494, 445, 'Kalamari');
insert into "Cities"("Id", "RegionId", "Name") values (10495, 445, 'Kalochri');
insert into "Cities"("Id", "RegionId", "Name") values (10496, 445, 'Kamra');
insert into "Cities"("Id", "RegionId", "Name") values (10497, 445, 'Kardi');
insert into "Cities"("Id", "RegionId", "Name") values (10498, 445, 'Kastani');
insert into "Cities"("Id", "RegionId", "Name") values (10499, 445, 'Kerasi');
insert into "Cities"("Id", "RegionId", "Name") values (10500, 445, 'Kordhelin');
insert into "Cities"("Id", "RegionId", "Name") values (10501, 445, 'Lagkads');
insert into "Cities"("Id", "RegionId", "Name") values (10502, 445, 'Lagyn');
insert into "Cities"("Id", "RegionId", "Name") values (10503, 445, 'Menemni');
insert into "Cities"("Id", "RegionId", "Name") values (10504, 445, 'Na Ioni');
insert into "Cities"("Id", "RegionId", "Name") values (10505, 445, 'Na Michanina');
insert into "Cities"("Id", "RegionId", "Name") values (10506, 445, 'Na Mikhanina');
insert into "Cities"("Id", "RegionId", "Name") values (10507, 445, 'Na Zo');
insert into "Cities"("Id", "RegionId", "Name") values (10508, 445, 'Non Kordelin');
insert into "Cities"("Id", "RegionId", "Name") values (10509, 445, 'Non Kordhelin');
insert into "Cities"("Id", "RegionId", "Name") values (10510, 445, 'Oraikastro');
insert into "Cities"("Id", "RegionId", "Name") values (10511, 445, 'Palikastro');
insert into "Cities"("Id", "RegionId", "Name") values (10512, 445, 'Palikastron');
insert into "Cities"("Id", "RegionId", "Name") values (10513, 445, 'Peraa');
insert into "Cities"("Id", "RegionId", "Name") values (10514, 445, 'Polchni');
insert into "Cities"("Id", "RegionId", "Name") values (10515, 445, 'Salonica');
insert into "Cities"("Id", "RegionId", "Name") values (10516, 445, 'Salonika');
insert into "Cities"("Id", "RegionId", "Name") values (10517, 445, 'Salonki');
insert into "Cities"("Id", "RegionId", "Name") values (10518, 445, 'Selanik');
insert into "Cities"("Id", "RegionId", "Name") values (10519, 445, 'Sikai');
insert into "Cities"("Id", "RegionId", "Name") values (10520, 445, 'Sndos');
insert into "Cities"("Id", "RegionId", "Name") values (10521, 445, 'Stavropoli');
insert into "Cities"("Id", "RegionId", "Name") values (10522, 445, 'Sykai');
insert into "Cities"("Id", "RegionId", "Name") values (10523, 445, 'Thessalonike');
insert into "Cities"("Id", "RegionId", "Name") values (10524, 445, 'Thessalonki');
insert into "Cities"("Id", "RegionId", "Name") values (10525, 445, 'Xirokhrion');
insert into "Cities"("Id", "RegionId", "Name") values (10526, 594, 'Cubillos del sil');
insert into "Cities"("Id", "RegionId", "Name") values (10527, 594, 'Len');
insert into "Cities"("Id", "RegionId", "Name") values (10528, 645, 'Duino-Aurisina');
insert into "Cities"("Id", "RegionId", "Name") values (10529, 645, 'Trieste');
insert into "Cities"("Id", "RegionId", "Name") values (10530, 782, 'Anguan');
insert into "Cities"("Id", "RegionId", "Name") values (10531, 782, 'Antuzhan');
insert into "Cities"("Id", "RegionId", "Name") values (10532, 782, 'Changanpu');
insert into "Cities"("Id", "RegionId", "Name") values (10533, 782, 'Changchuan');
insert into "Cities"("Id", "RegionId", "Name") values (10534, 782, 'Changchun');
insert into "Cities"("Id", "RegionId", "Name") values (10535, 782, 'Changchun Shi');
insert into "Cities"("Id", "RegionId", "Name") values (10536, 782, 'Changchunshih');
insert into "Cities"("Id", "RegionId", "Name") values (10537, 782, 'Huichun');
insert into "Cities"("Id", "RegionId", "Name") values (10538, 782, 'Hunchun');
insert into "Cities"("Id", "RegionId", "Name") values (10539, 782, 'Jilin');
insert into "Cities"("Id", "RegionId", "Name") values (10540, 782, 'Siping');
insert into "Cities"("Id", "RegionId", "Name") values (10541, 782, 'Xukedi');
insert into "Cities"("Id", "RegionId", "Name") values (10542, 782, 'Yanji');
insert into "Cities"("Id", "RegionId", "Name") values (10543, 811, 'Armenia');
insert into "Cities"("Id", "RegionId", "Name") values (10544, 811, 'Crdoba');
insert into "Cities"("Id", "RegionId", "Name") values (10545, 835, 'Amador');
insert into "Cities"("Id", "RegionId", "Name") values (10546, 835, 'Perico');
insert into "Cities"("Id", "RegionId", "Name") values (10547, 835, 'Varadero');
insert into "Cities"("Id", "RegionId", "Name") values (10548, 854, 'Триполи');
insert into "Regions"("Id", "CountryId", "Name") values (856, 106, 'Литва');
insert into "Cities"("Id", "RegionId", "Name") values (10549, 446, 'Achladi');
insert into "Cities"("Id", "RegionId", "Name") values (10550, 446, 'Apostolaka');
insert into "Cities"("Id", "RegionId", "Name") values (10551, 446, 'Borovkos');
insert into "Cities"("Id", "RegionId", "Name") values (10552, 446, 'Kalampka');
insert into "Cities"("Id", "RegionId", "Name") values (10553, 446, 'Trkala');
insert into "Cities"("Id", "RegionId", "Name") values (10554, 595, 'Balaguer');
insert into "Cities"("Id", "RegionId", "Name") values (10555, 595, 'Castellas');
insert into "Cities"("Id", "RegionId", "Name") values (10556, 595, 'Cervera');
insert into "Cities"("Id", "RegionId", "Name") values (10557, 595, 'El Pont de Suert');
insert into "Cities"("Id", "RegionId", "Name") values (10558, 595, 'Guissona');
insert into "Cities"("Id", "RegionId", "Name") values (10559, 595, 'La Seu d''''Urgell');
insert into "Cities"("Id", "RegionId", "Name") values (10560, 595, 'LlIda');
insert into "Cities"("Id", "RegionId", "Name") values (10561, 595, 'Poal el');
insert into "Cities"("Id", "RegionId", "Name") values (10562, 595, 'Idamon');
insert into "Cities"("Id", "RegionId", "Name") values (10563, 595, 'Trrega');
insert into "Cities"("Id", "RegionId", "Name") values (10564, 646, 'Aquileia');
insert into "Cities"("Id", "RegionId", "Name") values (10565, 646, 'Latisana');
insert into "Cities"("Id", "RegionId", "Name") values (10566, 646, 'Paularo');
insert into "Cities"("Id", "RegionId", "Name") values (10567, 646, 'Pavia di Udine');
insert into "Cities"("Id", "RegionId", "Name") values (10568, 646, 'Pozzuolo del Friuli');
insert into "Cities"("Id", "RegionId", "Name") values (10569, 646, 'San Daniele del Friuli');
insert into "Cities"("Id", "RegionId", "Name") values (10570, 646, 'San Giovanni al Natisone');
insert into "Cities"("Id", "RegionId", "Name") values (10571, 646, 'Tolmezzo');
insert into "Cities"("Id", "RegionId", "Name") values (10572, 646, 'Treppo Grande');
insert into "Cities"("Id", "RegionId", "Name") values (10573, 646, 'Udine');
insert into "Cities"("Id", "RegionId", "Name") values (10574, 783, 'Anshan');
insert into "Cities"("Id", "RegionId", "Name") values (10575, 783, 'Beijing');
insert into "Cities"("Id", "RegionId", "Name") values (10576, 783, 'Dalian');
insert into "Cities"("Id", "RegionId", "Name") values (10577, 783, 'Dandong');
insert into "Cities"("Id", "RegionId", "Name") values (10578, 783, 'Jinzhou');
insert into "Cities"("Id", "RegionId", "Name") values (10579, 783, 'Langtou');
insert into "Cities"("Id", "RegionId", "Name") values (10580, 783, 'Lshun');
insert into "Cities"("Id", "RegionId", "Name") values (10581, 783, 'Panshan');
insert into "Cities"("Id", "RegionId", "Name") values (10582, 783, 'Shenyang');
insert into "Cities"("Id", "RegionId", "Name") values (10583, 783, 'Shenyang Shi');
insert into "Cities"("Id", "RegionId", "Name") values (10584, 812, 'Belmonte');
insert into "Cities"("Id", "RegionId", "Name") values (10585, 812, 'Boquern');
insert into "Cities"("Id", "RegionId", "Name") values (10586, 812, 'Cartago Viejo');
insert into "Cities"("Id", "RegionId", "Name") values (10587, 812, 'Pereira');
insert into "Cities"("Id", "RegionId", "Name") values (10588, 836, 'Brisas del Mar');
insert into "Cities"("Id", "RegionId", "Name") values (10589, 836, 'Monicas Mora');
insert into "Cities"("Id", "RegionId", "Name") values (10590, 855, 'Бенгази');
insert into "Cities"("Id", "RegionId", "Name") values (10591, 856, 'Адутишкис');
insert into "Cities"("Id", "RegionId", "Name") values (10592, 856, 'Алитус');
insert into "Cities"("Id", "RegionId", "Name") values (10593, 856, 'Аникщчяй');
insert into "Cities"("Id", "RegionId", "Name") values (10594, 856, 'Ариогала');
insert into "Cities"("Id", "RegionId", "Name") values (10595, 856, 'Балтойи-Воке');
insert into "Cities"("Id", "RegionId", "Name") values (10596, 856, 'Бальберишкис');
insert into "Cities"("Id", "RegionId", "Name") values (10597, 856, 'Биржай');
insert into "Cities"("Id", "RegionId", "Name") values (10598, 856, 'Бирштонас');
insert into "Cities"("Id", "RegionId", "Name") values (10599, 856, 'Вабальнинкас');
insert into "Cities"("Id", "RegionId", "Name") values (10600, 856, 'Ванджиогала');
insert into "Cities"("Id", "RegionId", "Name") values (10601, 856, 'Варена');
insert into "Cities"("Id", "RegionId", "Name") values (10602, 856, 'Виевис');
insert into "Cities"("Id", "RegionId", "Name") values (10603, 856, 'Вилкавишкис');
insert into "Cities"("Id", "RegionId", "Name") values (10604, 856, 'Вилькия');
insert into "Cities"("Id", "RegionId", "Name") values (10605, 856, 'Вильно');
insert into "Cities"("Id", "RegionId", "Name") values (10606, 856, 'Вильнюс');
insert into "Cities"("Id", "RegionId", "Name") values (10607, 856, 'Вирбалис');
insert into "Cities"("Id", "RegionId", "Name") values (10608, 856, 'Висагинас');
insert into "Cities"("Id", "RegionId", "Name") values (10609, 856, 'Гаргждай');
insert into "Cities"("Id", "RegionId", "Name") values (10610, 856, 'Гарлява');
insert into "Cities"("Id", "RegionId", "Name") values (10611, 856, 'Даугай');
insert into "Cities"("Id", "RegionId", "Name") values (10612, 856, 'Друскининкай');
insert into "Cities"("Id", "RegionId", "Name") values (10613, 856, 'Дукштас');
insert into "Cities"("Id", "RegionId", "Name") values (10614, 856, 'Дусетос');
insert into "Cities"("Id", "RegionId", "Name") values (10615, 856, 'Ейшишес');
insert into "Cities"("Id", "RegionId", "Name") values (10616, 856, 'Жагаре');
insert into "Cities"("Id", "RegionId", "Name") values (10617, 856, 'Зарасай');
insert into "Cities"("Id", "RegionId", "Name") values (10618, 856, 'Игналина');
insert into "Cities"("Id", "RegionId", "Name") values (10619, 856, 'Ионишкис');
insert into "Cities"("Id", "RegionId", "Name") values (10620, 856, 'Йонава');
insert into "Cities"("Id", "RegionId", "Name") values (10621, 856, 'Казлу-Руда');
insert into "Cities"("Id", "RegionId", "Name") values (10622, 856, 'Кайшядорис');
insert into "Cities"("Id", "RegionId", "Name") values (10623, 856, 'Каунас');
insert into "Cities"("Id", "RegionId", "Name") values (10624, 856, 'Качергине');
insert into "Cities"("Id", "RegionId", "Name") values (10625, 856, 'Кедайняй');
insert into "Cities"("Id", "RegionId", "Name") values (10626, 856, 'Кельме');
insert into "Cities"("Id", "RegionId", "Name") values (10627, 856, 'Кибартай');
insert into "Cities"("Id", "RegionId", "Name") values (10628, 856, 'Клайпеда');
insert into "Cities"("Id", "RegionId", "Name") values (10629, 856, 'Ковно');
insert into "Cities"("Id", "RegionId", "Name") values (10630, 856, 'Кретинга');
insert into "Cities"("Id", "RegionId", "Name") values (10631, 856, 'Кулаутува');
insert into "Cities"("Id", "RegionId", "Name") values (10632, 856, 'куодас');
insert into "Cities"("Id", "RegionId", "Name") values (10633, 856, 'Куршенай');
insert into "Cities"("Id", "RegionId", "Name") values (10634, 856, 'Лаздияй');
insert into "Cities"("Id", "RegionId", "Name") values (10635, 856, 'Лентварис');
insert into "Cities"("Id", "RegionId", "Name") values (10636, 856, 'Мажейкяй');
insert into "Cities"("Id", "RegionId", "Name") values (10637, 856, 'Марьямполе (Капсукас)');
insert into "Cities"("Id", "RegionId", "Name") values (10638, 856, 'Меркине');
insert into "Cities"("Id", "RegionId", "Name") values (10639, 856, 'Молетай');
insert into "Cities"("Id", "RegionId", "Name") values (10640, 856, 'Науйойи-Акмяне');
insert into "Cities"("Id", "RegionId", "Name") values (10641, 856, 'Нида');
insert into "Cities"("Id", "RegionId", "Name") values (10642, 856, 'Пабраде');
insert into "Cities"("Id", "RegionId", "Name") values (10643, 856, 'Пагегяй');
insert into "Cities"("Id", "RegionId", "Name") values (10644, 856, 'Пакруоис');
insert into "Cities"("Id", "RegionId", "Name") values (10645, 856, 'Паланга');
insert into "Cities"("Id", "RegionId", "Name") values (10646, 856, 'Паневежис');
insert into "Cities"("Id", "RegionId", "Name") values (10647, 856, 'Пасвалис');
insert into "Cities"("Id", "RegionId", "Name") values (10648, 856, 'Плунге');
insert into "Cities"("Id", "RegionId", "Name") values (10649, 856, 'Приенай');
insert into "Cities"("Id", "RegionId", "Name") values (10650, 856, 'Радвилишкис');
insert into "Cities"("Id", "RegionId", "Name") values (10651, 856, 'Расейняй');
insert into "Cities"("Id", "RegionId", "Name") values (10652, 856, 'Риетавас');
insert into "Cities"("Id", "RegionId", "Name") values (10653, 856, 'Рокишкис');
insert into "Cities"("Id", "RegionId", "Name") values (10654, 856, 'Симнас');
insert into "Cities"("Id", "RegionId", "Name") values (10655, 856, 'Скаудвиле');
insert into "Cities"("Id", "RegionId", "Name") values (10656, 856, 'Таураге');
insert into "Cities"("Id", "RegionId", "Name") values (10657, 856, 'Тельшяй');
insert into "Cities"("Id", "RegionId", "Name") values (10658, 856, 'Тракай');
insert into "Cities"("Id", "RegionId", "Name") values (10659, 856, 'Укмерге');
insert into "Cities"("Id", "RegionId", "Name") values (10660, 856, 'Утена');
insert into "Cities"("Id", "RegionId", "Name") values (10661, 856, 'Шакяй');
insert into "Cities"("Id", "RegionId", "Name") values (10662, 856, 'Шальчининкай');
insert into "Cities"("Id", "RegionId", "Name") values (10663, 856, 'Швенченеляй');
insert into "Cities"("Id", "RegionId", "Name") values (10664, 856, 'Швенчионис');
insert into "Cities"("Id", "RegionId", "Name") values (10665, 856, 'Шета');
insert into "Cities"("Id", "RegionId", "Name") values (10666, 856, 'Шилале');
insert into "Cities"("Id", "RegionId", "Name") values (10667, 856, 'Шилуте');
insert into "Cities"("Id", "RegionId", "Name") values (10668, 856, 'Ширвинтос');
insert into "Cities"("Id", "RegionId", "Name") values (10669, 856, 'Шяуляй');
insert into "Cities"("Id", "RegionId", "Name") values (10670, 856, 'Эжярелис');
insert into "Cities"("Id", "RegionId", "Name") values (10671, 856, 'Юрбаркас');
insert into "Regions"("Id", "CountryId", "Name") values (857, 107, 'Balzers');
insert into "Regions"("Id", "CountryId", "Name") values (858, 107, 'Eschen');
insert into "Regions"("Id", "CountryId", "Name") values (859, 107, 'Ruggell');
insert into "Regions"("Id", "CountryId", "Name") values (860, 107, 'Schellenberg');
insert into "Regions"("Id", "CountryId", "Name") values (861, 107, 'Triesen');
insert into "Regions"("Id", "CountryId", "Name") values (862, 107, 'Vaduz');
insert into "Cities"("Id", "RegionId", "Name") values (10672, 447, 'Levdeia');
insert into "Cities"("Id", "RegionId", "Name") values (10673, 447, 'Livadei');
insert into "Cities"("Id", "RegionId", "Name") values (10674, 447, 'Thva');
insert into "Cities"("Id", "RegionId", "Name") values (10675, 596, 'A Pobra do Brolln');
insert into "Cities"("Id", "RegionId", "Name") values (10676, 596, 'Lugo');
insert into "Cities"("Id", "RegionId", "Name") values (10677, 596, 'Rabade');
insert into "Cities"("Id", "RegionId", "Name") values (10678, 596, 'Ribadeo');
insert into "Cities"("Id", "RegionId", "Name") values (10679, 647, 'Cassino');
insert into "Cities"("Id", "RegionId", "Name") values (10680, 647, 'Frosinone');
insert into "Cities"("Id", "RegionId", "Name") values (10681, 647, 'Sant''''Elia FiumeraIdo');
insert into "Cities"("Id", "RegionId", "Name") values (10682, 647, 'Sora');
insert into "Cities"("Id", "RegionId", "Name") values (10683, 784, 'Abag Qi');
insert into "Cities"("Id", "RegionId", "Name") values (10684, 784, 'Ayulhai');
insert into "Cities"("Id", "RegionId", "Name") values (10685, 784, 'Baotou');
insert into "Cities"("Id", "RegionId", "Name") values (10686, 784, 'Hailar');
insert into "Cities"("Id", "RegionId", "Name") values (10687, 784, 'Hohhot');
insert into "Cities"("Id", "RegionId", "Name") values (10688, 784, 'Huhe Hoter');
insert into "Cities"("Id", "RegionId", "Name") values (10689, 784, 'Huhehot');
insert into "Cities"("Id", "RegionId", "Name") values (10690, 784, 'Huhohaote');
insert into "Cities"("Id", "RegionId", "Name") values (10691, 784, 'Manchouli');
insert into "Cities"("Id", "RegionId", "Name") values (10692, 784, 'Manchuria');
insert into "Cities"("Id", "RegionId", "Name") values (10693, 784, 'Manchzhuriya');
insert into "Cities"("Id", "RegionId", "Name") values (10694, 784, 'Manzhouli');
insert into "Cities"("Id", "RegionId", "Name") values (10695, 784, 'Mongol Us');
insert into "Cities"("Id", "RegionId", "Name") values (10696, 784, 'Wuhai');
insert into "Cities"("Id", "RegionId", "Name") values (10697, 813, 'Aguas Claras');
insert into "Cities"("Id", "RegionId", "Name") values (10698, 813, 'Bucaramanga');
insert into "Cities"("Id", "RegionId", "Name") values (10699, 813, 'FloIdablanca');
insert into "Cities"("Id", "RegionId", "Name") values (10700, 813, 'San Gil');
insert into "Cities"("Id", "RegionId", "Name") values (10701, 837, 'Ida');
insert into "Cities"("Id", "RegionId", "Name") values (10702, 837, 'Antunes');
insert into "Cities"("Id", "RegionId", "Name") values (10703, 837, 'Bardallo');
insert into "Cities"("Id", "RegionId", "Name") values (10704, 837, 'Buena Vista');
insert into "Cities"("Id", "RegionId", "Name") values (10705, 837, 'Santa Mara');
insert into "Cities"("Id", "RegionId", "Name") values (10706, 857, 'Balzers');
insert into "Regions"("Id", "CountryId", "Name") values (863, 108, 'Diekirch');
insert into "Regions"("Id", "CountryId", "Name") values (864, 108, 'Grevenmacher');
insert into "Regions"("Id", "CountryId", "Name") values (865, 108, 'Luxembourg');
insert into "Regions"("Id", "CountryId", "Name") values (866, 108, 'None');
insert into "Cities"("Id", "RegionId", "Name") values (10707, 448, 'Номос Ксанти');
insert into "Cities"("Id", "RegionId", "Name") values (10708, 448, 'Xanthe');
insert into "Cities"("Id", "RegionId", "Name") values (10709, 448, 'Xnthi');
insert into "Cities"("Id", "RegionId", "Name") values (10710, 597, 'Ajalvir');
insert into "Cities"("Id", "RegionId", "Name") values (10711, 597, 'Alcal de Henares');
insert into "Cities"("Id", "RegionId", "Name") values (10712, 597, 'Alcobendas');
insert into "Cities"("Id", "RegionId", "Name") values (10713, 597, 'Alcorcn');
insert into "Cities"("Id", "RegionId", "Name") values (10714, 597, 'Anchuelo');
insert into "Cities"("Id", "RegionId", "Name") values (10715, 597, 'Barajas');
insert into "Cities"("Id", "RegionId", "Name") values (10716, 597, 'Berzosa del Lozoya');
insert into "Cities"("Id", "RegionId", "Name") values (10717, 597, 'Carabaa');
insert into "Cities"("Id", "RegionId", "Name") values (10718, 597, 'Collado Villalba');
insert into "Cities"("Id", "RegionId", "Name") values (10719, 597, 'Colmenar Viejo');
insert into "Cities"("Id", "RegionId", "Name") values (10720, 597, 'El Escorial');
insert into "Cities"("Id", "RegionId", "Name") values (10721, 597, 'El Molar');
insert into "Cities"("Id", "RegionId", "Name") values (10722, 597, 'Fuenlabrada');
insert into "Cities"("Id", "RegionId", "Name") values (10723, 597, 'Galapagar');
insert into "Cities"("Id", "RegionId", "Name") values (10724, 597, 'Getafe');
insert into "Cities"("Id", "RegionId", "Name") values (10725, 597, 'Humanes de MadId');
insert into "Cities"("Id", "RegionId", "Name") values (10726, 597, 'Las Rozas');
insert into "Cities"("Id", "RegionId", "Name") values (10727, 597, 'Legans');
insert into "Cities"("Id", "RegionId", "Name") values (10728, 597, 'Madarcos');
insert into "Cities"("Id", "RegionId", "Name") values (10729, 597, 'MadId');
insert into "Cities"("Id", "RegionId", "Name") values (10730, 597, 'Manjiron');
insert into "Cities"("Id", "RegionId", "Name") values (10731, 597, 'Mejorada del Campo');
insert into "Cities"("Id", "RegionId", "Name") values (10732, 597, 'Mstoles');
insert into "Cities"("Id", "RegionId", "Name") values (10733, 597, 'Navacerrada');
insert into "Cities"("Id", "RegionId", "Name") values (10734, 597, 'Perales del Ro');
insert into "Cities"("Id", "RegionId", "Name") values (10735, 597, 'Rozas de Puerto Real');
insert into "Cities"("Id", "RegionId", "Name") values (10736, 597, 'San Agustn de Guadalix');
insert into "Cities"("Id", "RegionId", "Name") values (10737, 597, 'Torrejn de Ardoz');
insert into "Cities"("Id", "RegionId", "Name") values (10738, 597, 'Torrejn de la Calzada');
insert into "Cities"("Id", "RegionId", "Name") values (10739, 597, 'Valdemoro');
insert into "Cities"("Id", "RegionId", "Name") values (10740, 597, 'Vallecas');
insert into "Cities"("Id", "RegionId", "Name") values (10741, 597, 'Villa del Prado');
insert into "Cities"("Id", "RegionId", "Name") values (10742, 597, 'Villanueva de la Caada');
insert into "Cities"("Id", "RegionId", "Name") values (10743, 597, 'Villaviciosa de Odn');
insert into "Cities"("Id", "RegionId", "Name") values (10744, 597, 'Zarzalejo');
insert into "Cities"("Id", "RegionId", "Name") values (10745, 648, 'Cisterna di Latina');
insert into "Cities"("Id", "RegionId", "Name") values (10746, 648, 'Fondi');
insert into "Cities"("Id", "RegionId", "Name") values (10747, 648, 'Formia');
insert into "Cities"("Id", "RegionId", "Name") values (10748, 648, 'Gaeta');
insert into "Cities"("Id", "RegionId", "Name") values (10749, 648, 'Latina');
insert into "Cities"("Id", "RegionId", "Name") values (10750, 648, 'Maenza');
insert into "Cities"("Id", "RegionId", "Name") values (10751, 648, 'Minturno');
insert into "Cities"("Id", "RegionId", "Name") values (10752, 648, 'Ponza');
insert into "Cities"("Id", "RegionId", "Name") values (10753, 785, 'Yinchuan');
insert into "Cities"("Id", "RegionId", "Name") values (10754, 814, 'Ibagu');
insert into "Cities"("Id", "RegionId", "Name") values (10755, 838, 'Campana');
insert into "Cities"("Id", "RegionId", "Name") values (10756, 838, 'Sancti Spritus');
insert into "Cities"("Id", "RegionId", "Name") values (10757, 858, 'Eschen');
insert into "Cities"("Id", "RegionId", "Name") values (10758, 863, 'Allerborn');
insert into "Cities"("Id", "RegionId", "Name") values (10759, 863, 'Baraques de Troine');
insert into "Cities"("Id", "RegionId", "Name") values (10760, 863, 'Diekirch');
insert into "Cities"("Id", "RegionId", "Name") values (10761, 863, 'Esch');
insert into "Regions"("Id", "CountryId", "Name") values (867, 109, 'Маврикий');
insert into "Cities"("Id", "RegionId", "Name") values (10762, 449, 'yios Niklaos');
insert into "Cities"("Id", "RegionId", "Name") values (10763, 449, 'Zkinthos');
insert into "Cities"("Id", "RegionId", "Name") values (10764, 449, 'Zkynthos');
insert into "Cities"("Id", "RegionId", "Name") values (10765, 449, 'Zante');
insert into "Cities"("Id", "RegionId", "Name") values (10766, 598, 'Alameda');
insert into "Cities"("Id", "RegionId", "Name") values (10767, 598, 'Alhaurn de la Torre');
insert into "Cities"("Id", "RegionId", "Name") values (10768, 598, 'Arenas');
insert into "Cities"("Id", "RegionId", "Name") values (10769, 598, 'Benalmdena');
insert into "Cities"("Id", "RegionId", "Name") values (10770, 598, 'Con');
insert into "Cities"("Id", "RegionId", "Name") values (10771, 598, 'Estepona');
insert into "Cities"("Id", "RegionId", "Name") values (10772, 598, 'Fuengirola');
insert into "Cities"("Id", "RegionId", "Name") values (10773, 598, 'Mlaga');
insert into "Cities"("Id", "RegionId", "Name") values (10774, 598, 'Manilva');
insert into "Cities"("Id", "RegionId", "Name") values (10775, 598, 'Marbella');
insert into "Cities"("Id", "RegionId", "Name") values (10776, 598, 'Mijas');
insert into "Cities"("Id", "RegionId", "Name") values (10777, 598, 'Nerja');
insert into "Cities"("Id", "RegionId", "Name") values (10778, 598, 'Nueva andalucia');
insert into "Cities"("Id", "RegionId", "Name") values (10779, 598, 'Rincn de la Victoria');
insert into "Cities"("Id", "RegionId", "Name") values (10780, 598, 'Riogordo');
insert into "Cities"("Id", "RegionId", "Name") values (10781, 598, 'San pedro de alcantara');
insert into "Cities"("Id", "RegionId", "Name") values (10782, 598, 'Torre del mar');
insert into "Cities"("Id", "RegionId", "Name") values (10783, 598, 'Torremolinos');
insert into "Cities"("Id", "RegionId", "Name") values (10784, 598, 'Vlez-Mlaga');
insert into "Cities"("Id", "RegionId", "Name") values (10785, 649, 'Frasso Sabino');
insert into "Cities"("Id", "RegionId", "Name") values (10786, 649, 'Rieti');
insert into "Cities"("Id", "RegionId", "Name") values (10787, 786, 'Adoi');
insert into "Cities"("Id", "RegionId", "Name") values (10788, 786, 'Jangsib');
insert into "Cities"("Id", "RegionId", "Name") values (10789, 786, 'Qinghaihu');
insert into "Cities"("Id", "RegionId", "Name") values (10790, 839, 'Alto del Villaln');
insert into "Cities"("Id", "RegionId", "Name") values (10791, 839, 'Amelia');
insert into "Cities"("Id", "RegionId", "Name") values (10792, 839, 'Campana');
insert into "Cities"("Id", "RegionId", "Name") values (10793, 839, 'Colonia Nmero 7');
insert into "Cities"("Id", "RegionId", "Name") values (10794, 839, 'Cristo');
insert into "Cities"("Id", "RegionId", "Name") values (10795, 839, 'Dulce Nombre');
insert into "Cities"("Id", "RegionId", "Name") values (10796, 839, 'Guaninao');
insert into "Cities"("Id", "RegionId", "Name") values (10797, 839, 'Quintero');
insert into "Cities"("Id", "RegionId", "Name") values (10798, 839, 'Santiago de Cuba');
insert into "Cities"("Id", "RegionId", "Name") values (10799, 859, 'Ruggell');
insert into "Cities"("Id", "RegionId", "Name") values (10800, 864, 'Assel');
insert into "Cities"("Id", "RegionId", "Name") values (10801, 864, 'Berg-sur-Syre');
insert into "Cities"("Id", "RegionId", "Name") values (10802, 864, 'Lenningen');
insert into "Cities"("Id", "RegionId", "Name") values (10803, 864, 'Remich');
insert into "Cities"("Id", "RegionId", "Name") values (10804, 864, 'Wormeldange');
insert into "Cities"("Id", "RegionId", "Name") values (10805, 867, 'Порт-Луи');
insert into "Regions"("Id", "CountryId", "Name") values (868, 110, 'Мавритания');
insert into "Cities"("Id", "RegionId", "Name") values (10806, 599, 'Melilla');
insert into "Cities"("Id", "RegionId", "Name") values (10807, 650, 'Affile');
insert into "Cities"("Id", "RegionId", "Name") values (10808, 650, 'Allumiere');
insert into "Cities"("Id", "RegionId", "Name") values (10809, 650, 'Anzio');
insert into "Cities"("Id", "RegionId", "Name") values (10810, 650, 'Ardea');
insert into "Cities"("Id", "RegionId", "Name") values (10811, 650, 'Ariccia');
insert into "Cities"("Id", "RegionId", "Name") values (10812, 650, 'Arsoli');
insert into "Cities"("Id", "RegionId", "Name") values (10813, 650, 'Bracciano');
insert into "Cities"("Id", "RegionId", "Name") values (10814, 650, 'Casape');
insert into "Cities"("Id", "RegionId", "Name") values (10815, 650, 'Castel Gandolfo');
insert into "Cities"("Id", "RegionId", "Name") values (10816, 650, 'Castel San Pietro Romano');
insert into "Cities"("Id", "RegionId", "Name") values (10817, 650, 'Cervara di Roma');
insert into "Cities"("Id", "RegionId", "Name") values (10818, 650, 'Ciampino');
insert into "Cities"("Id", "RegionId", "Name") values (10819, 650, 'Cineto Romano');
insert into "Cities"("Id", "RegionId", "Name") values (10820, 650, 'Civitavecchia');
insert into "Cities"("Id", "RegionId", "Name") values (10821, 650, 'Colleferro');
insert into "Cities"("Id", "RegionId", "Name") values (10822, 650, 'Colonna');
insert into "Cities"("Id", "RegionId", "Name") values (10823, 650, 'Fiumicino');
insert into "Cities"("Id", "RegionId", "Name") values (10824, 650, 'Gallicano nel Lazio');
insert into "Cities"("Id", "RegionId", "Name") values (10825, 650, 'Genzano di Roma');
insert into "Cities"("Id", "RegionId", "Name") values (10826, 650, 'Grottaferrata');
insert into "Cities"("Id", "RegionId", "Name") values (10827, 650, 'Licenza');
insert into "Cities"("Id", "RegionId", "Name") values (10828, 650, 'Marino');
insert into "Cities"("Id", "RegionId", "Name") values (10829, 650, 'Monte Porzio Catone');
insert into "Cities"("Id", "RegionId", "Name") values (10830, 650, 'Poli');
insert into "Cities"("Id", "RegionId", "Name") values (10831, 650, 'Pomezia');
insert into "Cities"("Id", "RegionId", "Name") values (10832, 650, 'Ponzano Romano');
insert into "Cities"("Id", "RegionId", "Name") values (10833, 650, 'Roma');
insert into "Cities"("Id", "RegionId", "Name") values (10834, 650, 'Roviano');
insert into "Cities"("Id", "RegionId", "Name") values (10835, 650, 'Santa Marinella');
insert into "Cities"("Id", "RegionId", "Name") values (10836, 650, 'Tivoli');
insert into "Cities"("Id", "RegionId", "Name") values (10837, 650, 'Velletri');
insert into "Cities"("Id", "RegionId", "Name") values (10838, 650, 'Zagarolo');
insert into "Cities"("Id", "RegionId", "Name") values (10839, 787, 'Andin');
insert into "Cities"("Id", "RegionId", "Name") values (10840, 787, 'Xian');
insert into "Cities"("Id", "RegionId", "Name") values (10841, 787, 'Xian Shi');
insert into "Cities"("Id", "RegionId", "Name") values (10842, 840, 'Aguada de Carillo');
insert into "Cities"("Id", "RegionId", "Name") values (10843, 840, 'Anita');
insert into "Cities"("Id", "RegionId", "Name") values (10844, 840, 'Antonia Rosa');
insert into "Cities"("Id", "RegionId", "Name") values (10845, 840, 'Buena Vista');
insert into "Cities"("Id", "RegionId", "Name") values (10846, 840, 'Calabazar de Sagua');
insert into "Cities"("Id", "RegionId", "Name") values (10847, 840, 'La Fortuna');
insert into "Cities"("Id", "RegionId", "Name") values (10848, 840, 'Santa Clara');
insert into "Cities"("Id", "RegionId", "Name") values (10849, 860, 'Schellenberg');
insert into "Cities"("Id", "RegionId", "Name") values (10850, 865, 'Airsain');
insert into "Cities"("Id", "RegionId", "Name") values (10851, 865, 'Angelsberg');
insert into "Cities"("Id", "RegionId", "Name") values (10852, 865, 'Ansembourg');
insert into "Cities"("Id", "RegionId", "Name") values (10853, 865, 'Beggen');
insert into "Cities"("Id", "RegionId", "Name") values (10854, 865, 'Belval');
insert into "Cities"("Id", "RegionId", "Name") values (10855, 865, 'Breldange');
insert into "Cities"("Id", "RegionId", "Name") values (10856, 865, 'Berg');
insert into "Cities"("Id", "RegionId", "Name") values (10857, 865, 'Bertrange');
insert into "Cities"("Id", "RegionId", "Name") values (10858, 865, 'Bettembourg');
insert into "Cities"("Id", "RegionId", "Name") values (10859, 865, 'Bihl');
insert into "Cities"("Id", "RegionId", "Name") values (10860, 865, 'Bivange');
insert into "Cities"("Id", "RegionId", "Name") values (10861, 865, 'Dudelange');
insert into "Cities"("Id", "RegionId", "Name") values (10862, 865, 'Esch');
insert into "Cities"("Id", "RegionId", "Name") values (10863, 865, 'Gaichel');
insert into "Cities"("Id", "RegionId", "Name") values (10864, 865, 'Gras');
insert into "Cities"("Id", "RegionId", "Name") values (10865, 865, 'Italie');
insert into "Cities"("Id", "RegionId", "Name") values (10866, 865, 'Lampertsberg');
insert into "Cities"("Id", "RegionId", "Name") values (10867, 865, 'Limpertsberg');
insert into "Cities"("Id", "RegionId", "Name") values (10868, 865, 'Luxembourg');
insert into "Cities"("Id", "RegionId", "Name") values (10869, 865, 'Luxemburg');
insert into "Cities"("Id", "RegionId", "Name") values (10870, 865, 'Mersch');
insert into "Cities"("Id", "RegionId", "Name") values (10871, 865, 'Neudorf');
insert into "Cities"("Id", "RegionId", "Name") values (10872, 865, 'Schifflange');
insert into "Cities"("Id", "RegionId", "Name") values (10873, 865, 'Schouweiler');
insert into "Cities"("Id", "RegionId", "Name") values (10874, 865, 'Walferdange');
insert into "Cities"("Id", "RegionId", "Name") values (10875, 868, 'Нуакшот');
insert into "Regions"("Id", "CountryId", "Name") values (869, 111, 'Мадагаскар');
insert into "Cities"("Id", "RegionId", "Name") values (10876, 600, 'Abarn');
insert into "Cities"("Id", "RegionId", "Name") values (10877, 600, 'guilas');
insert into "Cities"("Id", "RegionId", "Name") values (10878, 600, 'Alberca la');
insert into "Cities"("Id", "RegionId", "Name") values (10879, 600, 'Alcantarilla');
insert into "Cities"("Id", "RegionId", "Name") values (10880, 600, 'Aledo');
insert into "Cities"("Id", "RegionId", "Name") values (10881, 600, 'Archena');
insert into "Cities"("Id", "RegionId", "Name") values (10882, 600, 'Beniel');
insert into "Cities"("Id", "RegionId", "Name") values (10883, 600, 'Cabo de palos');
insert into "Cities"("Id", "RegionId", "Name") values (10884, 600, 'Caravaca de la Cruz');
insert into "Cities"("Id", "RegionId", "Name") values (10885, 600, 'Cartagena');
insert into "Cities"("Id", "RegionId", "Name") values (10886, 600, 'Cehegn');
insert into "Cities"("Id", "RegionId", "Name") values (10887, 600, 'Cieza');
insert into "Cities"("Id", "RegionId", "Name") values (10888, 600, 'El Palmar');
insert into "Cities"("Id", "RegionId", "Name") values (10889, 600, 'Esparragal');
insert into "Cities"("Id", "RegionId", "Name") values (10890, 600, 'Espinardo');
insert into "Cities"("Id", "RegionId", "Name") values (10891, 600, 'Lorca');
insert into "Cities"("Id", "RegionId", "Name") values (10892, 600, 'Lorqu');
insert into "Cities"("Id", "RegionId", "Name") values (10893, 600, 'Los Alczares');
insert into "Cities"("Id", "RegionId", "Name") values (10894, 600, 'Molina de Segura');
insert into "Cities"("Id", "RegionId", "Name") values (10895, 600, 'Mula');
insert into "Cities"("Id", "RegionId", "Name") values (10896, 600, 'Murcia');
insert into "Cities"("Id", "RegionId", "Name") values (10897, 600, 'Puerto de mazarron');
insert into "Cities"("Id", "RegionId", "Name") values (10898, 600, 'San Pedro del Pinatar');
insert into "Cities"("Id", "RegionId", "Name") values (10899, 600, 'Santiago de la ribera');
insert into "Cities"("Id", "RegionId", "Name") values (10900, 600, 'Torreaguera');
insert into "Cities"("Id", "RegionId", "Name") values (10901, 600, 'Totana');
insert into "Cities"("Id", "RegionId", "Name") values (10902, 651, 'Acquapendente');
insert into "Cities"("Id", "RegionId", "Name") values (10903, 651, 'Bagnoregio');
insert into "Cities"("Id", "RegionId", "Name") values (10904, 651, 'Montefiascone');
insert into "Cities"("Id", "RegionId", "Name") values (10905, 651, 'Soriano nel Cimino');
insert into "Cities"("Id", "RegionId", "Name") values (10906, 651, 'Vetralla');
insert into "Cities"("Id", "RegionId", "Name") values (10907, 651, 'Viterbo');
insert into "Cities"("Id", "RegionId", "Name") values (10908, 788, 'Baijiadian');
insert into "Cities"("Id", "RegionId", "Name") values (10909, 788, 'Dongying');
insert into "Cities"("Id", "RegionId", "Name") values (10910, 788, 'Jiaoqiao');
insert into "Cities"("Id", "RegionId", "Name") values (10911, 788, 'Jinan');
insert into "Cities"("Id", "RegionId", "Name") values (10912, 788, 'Linyi');
insert into "Cities"("Id", "RegionId", "Name") values (10913, 788, 'Longkou');
insert into "Cities"("Id", "RegionId", "Name") values (10914, 788, 'Qiandao');
insert into "Cities"("Id", "RegionId", "Name") values (10915, 788, 'Qingdao');
insert into "Cities"("Id", "RegionId", "Name") values (10916, 788, 'Qingdao Shi');
insert into "Cities"("Id", "RegionId", "Name") values (10917, 788, 'SIdao');
insert into "Cities"("Id", "RegionId", "Name") values (10918, 788, 'Shouguang');
insert into "Cities"("Id", "RegionId", "Name") values (10919, 788, 'Taian');
insert into "Cities"("Id", "RegionId", "Name") values (10920, 788, 'Weifang');
insert into "Cities"("Id", "RegionId", "Name") values (10921, 788, 'Weihai');
insert into "Cities"("Id", "RegionId", "Name") values (10922, 788, 'Yantai');
insert into "Cities"("Id", "RegionId", "Name") values (10923, 788, 'Zibo');
insert into "Cities"("Id", "RegionId", "Name") values (10924, 861, 'Triesen');
insert into "Cities"("Id", "RegionId", "Name") values (10925, 866, 'Acirie');
insert into "Cities"("Id", "RegionId", "Name") values (10926, 866, 'Berg');
insert into "Cities"("Id", "RegionId", "Name") values (10927, 866, 'Birel');
insert into "Cities"("Id", "RegionId", "Name") values (10928, 866, 'Bischenrech');
insert into "Cities"("Id", "RegionId", "Name") values (10929, 869, 'Антананариву');
insert into "Cities"("Id", "RegionId", "Name") values (10930, 869, 'Анцеранана');
insert into "Cities"("Id", "RegionId", "Name") values (10931, 869, 'Анцирабе');
insert into "Cities"("Id", "RegionId", "Name") values (10932, 869, 'Манакара');
insert into "Cities"("Id", "RegionId", "Name") values (10933, 869, 'Туамасина');
insert into "Cities"("Id", "RegionId", "Name") values (10934, 869, 'Фианаранцура');
insert into "Regions"("Id", "CountryId", "Name") values (870, 112, 'Aracinovo');
insert into "Regions"("Id", "CountryId", "Name") values (871, 112, 'Berovo');
insert into "Regions"("Id", "CountryId", "Name") values (872, 112, 'Bitola');
insert into "Regions"("Id", "CountryId", "Name") values (873, 112, 'Bosilovo');
insert into "Regions"("Id", "CountryId", "Name") values (874, 112, 'Dolna Banjica');
insert into "Regions"("Id", "CountryId", "Name") values (875, 112, 'Drugovo');
insert into "Regions"("Id", "CountryId", "Name") values (876, 112, 'Gevgelija');
insert into "Regions"("Id", "CountryId", "Name") values (877, 112, 'Gostivar');
insert into "Regions"("Id", "CountryId", "Name") values (878, 112, 'Karpos');
insert into "Regions"("Id", "CountryId", "Name") values (879, 112, 'Kavadarci');
insert into "Regions"("Id", "CountryId", "Name") values (880, 112, 'Kisela Voda');
insert into "Regions"("Id", "CountryId", "Name") values (881, 112, 'Kumanovo');
insert into "Regions"("Id", "CountryId", "Name") values (882, 112, 'Makedonska Kamenica');
insert into "Regions"("Id", "CountryId", "Name") values (883, 112, 'Negotino');
insert into "Regions"("Id", "CountryId", "Name") values (884, 112, 'OhId');
insert into "Regions"("Id", "CountryId", "Name") values (885, 112, 'Prilep');
insert into "Regions"("Id", "CountryId", "Name") values (886, 112, 'Radovis');
insert into "Regions"("Id", "CountryId", "Name") values (887, 112, 'Saraj');
insert into "Regions"("Id", "CountryId", "Name") values (888, 112, 'Star Dojran');
insert into "Regions"("Id", "CountryId", "Name") values (889, 112, 'Struga');
insert into "Regions"("Id", "CountryId", "Name") values (890, 112, 'Strumica');
insert into "Regions"("Id", "CountryId", "Name") values (891, 112, 'Sveti Nikole');
insert into "Regions"("Id", "CountryId", "Name") values (892, 112, 'Tetovo');
insert into "Regions"("Id", "CountryId", "Name") values (893, 112, 'Veles');
insert into "Cities"("Id", "RegionId", "Name") values (10935, 601, 'Ansoin');
insert into "Cities"("Id", "RegionId", "Name") values (10936, 601, 'Aurizberri espinal');
insert into "Cities"("Id", "RegionId", "Name") values (10937, 601, 'Baraain');
insert into "Cities"("Id", "RegionId", "Name") values (10938, 601, 'Buuel');
insert into "Cities"("Id", "RegionId", "Name") values (10939, 601, 'Burlada/Burlata');
insert into "Cities"("Id", "RegionId", "Name") values (10940, 601, 'Corella');
insert into "Cities"("Id", "RegionId", "Name") values (10941, 601, 'Elizondo');
insert into "Cities"("Id", "RegionId", "Name") values (10942, 601, 'Estella/Lizarra');
insert into "Cities"("Id", "RegionId", "Name") values (10943, 601, 'Goizueta');
insert into "Cities"("Id", "RegionId", "Name") values (10944, 601, 'Olite');
insert into "Cities"("Id", "RegionId", "Name") values (10945, 601, 'Pamplona/Irua');
insert into "Cities"("Id", "RegionId", "Name") values (10946, 601, 'Ribaforada');
insert into "Cities"("Id", "RegionId", "Name") values (10947, 601, 'San Adrin');
insert into "Cities"("Id", "RegionId", "Name") values (10948, 601, 'Tafalla');
insert into "Cities"("Id", "RegionId", "Name") values (10949, 601, 'Tudela');
insert into "Cities"("Id", "RegionId", "Name") values (10950, 652, 'Arenzano');
insert into "Cities"("Id", "RegionId", "Name") values (10951, 652, 'Casella');
insert into "Cities"("Id", "RegionId", "Name") values (10952, 652, 'Chiavari');
insert into "Cities"("Id", "RegionId", "Name") values (10953, 652, 'Genova');
insert into "Cities"("Id", "RegionId", "Name") values (10954, 652, 'Portofino');
insert into "Cities"("Id", "RegionId", "Name") values (10955, 652, 'Rapallo');
insert into "Cities"("Id", "RegionId", "Name") values (10956, 652, 'Santa Margherita Ligure');
insert into "Cities"("Id", "RegionId", "Name") values (10957, 652, 'Sori');
insert into "Cities"("Id", "RegionId", "Name") values (10958, 789, 'Anchuang');
insert into "Cities"("Id", "RegionId", "Name") values (10959, 789, 'Changchai');
insert into "Cities"("Id", "RegionId", "Name") values (10960, 789, 'Hexingzhen');
insert into "Cities"("Id", "RegionId", "Name") values (10961, 789, 'Pudong');
insert into "Cities"("Id", "RegionId", "Name") values (10962, 789, 'Puto');
insert into "Cities"("Id", "RegionId", "Name") values (10963, 789, 'Putung');
insert into "Cities"("Id", "RegionId", "Name") values (10964, 789, 'Qianqiao');
insert into "Cities"("Id", "RegionId", "Name") values (10965, 789, 'Shanghai');
insert into "Cities"("Id", "RegionId", "Name") values (10966, 789, 'Shenjiazhen');
insert into "Cities"("Id", "RegionId", "Name") values (10967, 789, 'Songjiang');
insert into "Cities"("Id", "RegionId", "Name") values (10968, 789, 'Wusi');
insert into "Cities"("Id", "RegionId", "Name") values (10969, 789, 'Xuhui');
insert into "Cities"("Id", "RegionId", "Name") values (10970, 789, 'Zhuzhai');
insert into "Cities"("Id", "RegionId", "Name") values (10971, 862, 'Vaduz');
insert into "Cities"("Id", "RegionId", "Name") values (10972, 870, 'Aracinovo');
insert into "Regions"("Id", "CountryId", "Name") values (894, 113, 'Малави');
insert into "Cities"("Id", "RegionId", "Name") values (10973, 602, 'A Merca');
insert into "Cities"("Id", "RegionId", "Name") values (10974, 602, 'Nogueira');
insert into "Cities"("Id", "RegionId", "Name") values (10975, 602, 'Orense');
insert into "Cities"("Id", "RegionId", "Name") values (10976, 602, 'San amaro');
insert into "Cities"("Id", "RegionId", "Name") values (10977, 653, 'Bordighera');
insert into "Cities"("Id", "RegionId", "Name") values (10978, 653, 'Ceriana');
insert into "Cities"("Id", "RegionId", "Name") values (10979, 653, 'Diano Marina');
insert into "Cities"("Id", "RegionId", "Name") values (10980, 653, 'Imperia');
insert into "Cities"("Id", "RegionId", "Name") values (10981, 653, 'Pieve di Teco');
insert into "Cities"("Id", "RegionId", "Name") values (10982, 653, 'San Remo');
insert into "Cities"("Id", "RegionId", "Name") values (10983, 653, 'Vallecrosia');
insert into "Cities"("Id", "RegionId", "Name") values (10984, 653, 'Ventimiglia');
insert into "Cities"("Id", "RegionId", "Name") values (10985, 790, 'Ani');
insert into "Cities"("Id", "RegionId", "Name") values (10986, 790, 'Changhang');
insert into "Cities"("Id", "RegionId", "Name") values (10987, 790, 'Taiyangcun');
insert into "Cities"("Id", "RegionId", "Name") values (10988, 790, 'Taiyan');
insert into "Cities"("Id", "RegionId", "Name") values (10989, 790, 'Taiyuan');
insert into "Cities"("Id", "RegionId", "Name") values (10990, 790, 'Xiaan');
insert into "Cities"("Id", "RegionId", "Name") values (10991, 790, 'Xianren Xiang');
insert into "Cities"("Id", "RegionId", "Name") values (10992, 790, 'Xiyan');
insert into "Cities"("Id", "RegionId", "Name") values (10993, 871, 'Berovo');
insert into "Cities"("Id", "RegionId", "Name") values (10994, 894, 'Лилонгве');
insert into "Regions"("Id", "CountryId", "Name") values (895, 114, 'Малайзия');
insert into "Cities"("Id", "RegionId", "Name") values (10995, 603, 'Palencia');
insert into "Cities"("Id", "RegionId", "Name") values (10996, 603, 'Villamuriel de Cerrato');
insert into "Cities"("Id", "RegionId", "Name") values (10997, 654, 'Bolano');
insert into "Cities"("Id", "RegionId", "Name") values (10998, 654, 'La Spezia');
insert into "Cities"("Id", "RegionId", "Name") values (10999, 654, 'Sarzana');
insert into "Cities"("Id", "RegionId", "Name") values (11000, 791, 'Chengdu');
insert into "Cities"("Id", "RegionId", "Name") values (11001, 872, 'Bitola');
insert into "Cities"("Id", "RegionId", "Name") values (11002, 872, 'Manastir');
insert into "Cities"("Id", "RegionId", "Name") values (11003, 895, 'Куала-Лумпур');
insert into "Regions"("Id", "CountryId", "Name") values (896, 115, 'Мали');
insert into "Cities"("Id", "RegionId", "Name") values (11004, 604, 'Marn');
insert into "Cities"("Id", "RegionId", "Name") values (11005, 604, 'Ponteareas');
insert into "Cities"("Id", "RegionId", "Name") values (11006, 604, 'Pontevedra');
insert into "Cities"("Id", "RegionId", "Name") values (11007, 604, 'Vigo');
insert into "Cities"("Id", "RegionId", "Name") values (11008, 655, 'Alassio');
insert into "Cities"("Id", "RegionId", "Name") values (11009, 655, 'Albenga');
insert into "Cities"("Id", "RegionId", "Name") values (11010, 655, 'Cairo Montenotte');
insert into "Cities"("Id", "RegionId", "Name") values (11011, 655, 'Cengio');
insert into "Cities"("Id", "RegionId", "Name") values (11012, 655, 'Finale Ligure');
insert into "Cities"("Id", "RegionId", "Name") values (11013, 655, 'Loano');
insert into "Cities"("Id", "RegionId", "Name") values (11014, 655, 'Savona');
insert into "Cities"("Id", "RegionId", "Name") values (11015, 792, 'Balitai');
insert into "Cities"("Id", "RegionId", "Name") values (11016, 792, 'Tanggu');
insert into "Cities"("Id", "RegionId", "Name") values (11017, 792, 'Tangku');
insert into "Cities"("Id", "RegionId", "Name") values (11018, 792, 'Tianjin');
insert into "Cities"("Id", "RegionId", "Name") values (11019, 792, 'Tianjin Shi');
insert into "Cities"("Id", "RegionId", "Name") values (11020, 792, 'Tianjing');
insert into "Cities"("Id", "RegionId", "Name") values (11021, 792, 'Xianshuigu');
insert into "Cities"("Id", "RegionId", "Name") values (11022, 873, 'Bosilevo');
insert into "Cities"("Id", "RegionId", "Name") values (11023, 896, 'Бамако');
insert into "Cities"("Id", "RegionId", "Name") values (11024, 896, 'Гао');
insert into "Cities"("Id", "RegionId", "Name") values (11025, 896, 'Мопти');
insert into "Regions"("Id", "CountryId", "Name") values (897, 116, 'Мальдивские о-ва');
insert into "Cities"("Id", "RegionId", "Name") values (11026, 605, 'Morasverdes');
insert into "Cities"("Id", "RegionId", "Name") values (11027, 605, 'Salamanca');
insert into "Cities"("Id", "RegionId", "Name") values (11028, 605, 'Santa Marta de Tormes');
insert into "Cities"("Id", "RegionId", "Name") values (11029, 656, 'Albino');
insert into "Cities"("Id", "RegionId", "Name") values (11030, 656, 'Arcene');
insert into "Cities"("Id", "RegionId", "Name") values (11031, 656, 'Bergamo');
insert into "Cities"("Id", "RegionId", "Name") values (11032, 656, 'Calcinate');
insert into "Cities"("Id", "RegionId", "Name") values (11033, 656, 'Caravaggio');
insert into "Cities"("Id", "RegionId", "Name") values (11034, 656, 'Carona');
insert into "Cities"("Id", "RegionId", "Name") values (11035, 656, 'Chignolo d''''Isola');
insert into "Cities"("Id", "RegionId", "Name") values (11036, 656, 'Clusone');
insert into "Cities"("Id", "RegionId", "Name") values (11037, 656, 'Lovere');
insert into "Cities"("Id", "RegionId", "Name") values (11038, 656, 'Treviglio');
insert into "Cities"("Id", "RegionId", "Name") values (11039, 656, 'Villongo');
insert into "Cities"("Id", "RegionId", "Name") values (11040, 793, 'Abad');
insert into "Cities"("Id", "RegionId", "Name") values (11041, 793, 'Akto');
insert into "Cities"("Id", "RegionId", "Name") values (11042, 793, 'Aletai');
insert into "Cities"("Id", "RegionId", "Name") values (11043, 793, 'Altai');
insert into "Cities"("Id", "RegionId", "Name") values (11044, 793, 'Beishanyanchi');
insert into "Cities"("Id", "RegionId", "Name") values (11045, 793, 'Burqin');
insert into "Cities"("Id", "RegionId", "Name") values (11046, 793, 'Chantszi');
insert into "Cities"("Id", "RegionId", "Name") values (11047, 793, 'Hami');
insert into "Cities"("Id", "RegionId", "Name") values (11048, 793, 'Ining');
insert into "Cities"("Id", "RegionId", "Name") values (11049, 793, 'Kashgar');
insert into "Cities"("Id", "RegionId", "Name") values (11050, 793, 'Kashi Shi');
insert into "Cities"("Id", "RegionId", "Name") values (11051, 793, 'Kulja');
insert into "Cities"("Id", "RegionId", "Name") values (11052, 793, 'Knes');
insert into "Cities"("Id", "RegionId", "Name") values (11053, 793, 'Urumchi');
insert into "Cities"("Id", "RegionId", "Name") values (11054, 793, 'rmqi');
insert into "Cities"("Id", "RegionId", "Name") values (11055, 793, 'rmqi Shi');
insert into "Cities"("Id", "RegionId", "Name") values (11056, 793, 'Urumtschi');
insert into "Cities"("Id", "RegionId", "Name") values (11057, 793, 'Urumutsi');
insert into "Cities"("Id", "RegionId", "Name") values (11058, 793, 'Wulumuchi');
insert into "Cities"("Id", "RegionId", "Name") values (11059, 793, 'Wulumuchishih');
insert into "Cities"("Id", "RegionId", "Name") values (11060, 793, 'Wurumchih');
insert into "Cities"("Id", "RegionId", "Name") values (11061, 793, 'Xortang');
insert into "Cities"("Id", "RegionId", "Name") values (11062, 793, 'Yaiko');
insert into "Cities"("Id", "RegionId", "Name") values (11063, 793, 'Yining');
insert into "Cities"("Id", "RegionId", "Name") values (11064, 793, 'Yiwu');
insert into "Cities"("Id", "RegionId", "Name") values (11065, 793, 'Zhaosu');
insert into "Cities"("Id", "RegionId", "Name") values (11066, 874, 'Dolna Banjica');
insert into "Cities"("Id", "RegionId", "Name") values (11067, 897, 'Мале');
insert into "Regions"("Id", "CountryId", "Name") values (898, 117, 'Malta');
insert into "Cities"("Id", "RegionId", "Name") values (11068, 606, 'Adeje');
insert into "Cities"("Id", "RegionId", "Name") values (11069, 606, 'Arico el Nuevo');
insert into "Cities"("Id", "RegionId", "Name") values (11070, 606, 'Arona');
insert into "Cities"("Id", "RegionId", "Name") values (11071, 606, 'Buenavista del Norte');
insert into "Cities"("Id", "RegionId", "Name") values (11072, 606, 'Cabo Blanco');
insert into "Cities"("Id", "RegionId", "Name") values (11073, 606, 'Chio');
insert into "Cities"("Id", "RegionId", "Name") values (11074, 606, 'Cruz Santa');
insert into "Cities"("Id", "RegionId", "Name") values (11075, 606, 'El Mdano');
insert into "Cities"("Id", "RegionId", "Name") values (11076, 606, 'El Sauzal');
insert into "Cities"("Id", "RegionId", "Name") values (11077, 606, 'Frontera');
insert into "Cities"("Id", "RegionId", "Name") values (11078, 606, 'Granadilla de Abona');
insert into "Cities"("Id", "RegionId", "Name") values (11079, 606, 'Guaza');
insert into "Cities"("Id", "RegionId", "Name") values (11080, 606, 'Gua de Isora');
insert into "Cities"("Id", "RegionId", "Name") values (11081, 606, 'Icod de los Vinos');
insert into "Cities"("Id", "RegionId", "Name") values (11082, 606, 'La Caleta');
insert into "Cities"("Id", "RegionId", "Name") values (11083, 606, 'La Laguna');
insert into "Cities"("Id", "RegionId", "Name") values (11084, 606, 'Las Galletas');
insert into "Cities"("Id", "RegionId", "Name") values (11085, 606, 'Llanos los');
insert into "Cities"("Id", "RegionId", "Name") values (11086, 606, 'Los Cristianos');
insert into "Cities"("Id", "RegionId", "Name") values (11087, 606, 'Puerto de la Cruz');
insert into "Cities"("Id", "RegionId", "Name") values (11088, 606, 'San IIdro');
insert into "Cities"("Id", "RegionId", "Name") values (11089, 606, 'San juan');
insert into "Cities"("Id", "RegionId", "Name") values (11090, 606, 'San Juan de la Rambla');
insert into "Cities"("Id", "RegionId", "Name") values (11091, 606, 'Santa Cruz de la Palma');
insert into "Cities"("Id", "RegionId", "Name") values (11092, 606, 'Santa Cruz de Tenerife');
insert into "Cities"("Id", "RegionId", "Name") values (11093, 606, 'Santa maria del mar');
insert into "Cities"("Id", "RegionId", "Name") values (11094, 606, 'Urbanizacion playa de las amer');
insert into "Cities"("Id", "RegionId", "Name") values (11095, 657, 'Berlingo');
insert into "Cities"("Id", "RegionId", "Name") values (11096, 657, 'Brescia');
insert into "Cities"("Id", "RegionId", "Name") values (11097, 657, 'Darfo Boario Terme');
insert into "Cities"("Id", "RegionId", "Name") values (11098, 657, 'Desenzano del Garda');
insert into "Cities"("Id", "RegionId", "Name") values (11099, 657, 'Gargnano');
insert into "Cities"("Id", "RegionId", "Name") values (11100, 657, 'Gavardo');
insert into "Cities"("Id", "RegionId", "Name") values (11101, 657, 'Gussago');
insert into "Cities"("Id", "RegionId", "Name") values (11102, 657, 'Iseo');
insert into "Cities"("Id", "RegionId", "Name") values (11103, 657, 'Limone sul Garda');
insert into "Cities"("Id", "RegionId", "Name") values (11104, 657, 'Lonato');
insert into "Cities"("Id", "RegionId", "Name") values (11105, 657, 'Lumezzane');
insert into "Cities"("Id", "RegionId", "Name") values (11106, 657, 'Manerbio');
insert into "Cities"("Id", "RegionId", "Name") values (11107, 657, 'Moniga del Garda');
insert into "Cities"("Id", "RegionId", "Name") values (11108, 657, 'Montichiari');
insert into "Cities"("Id", "RegionId", "Name") values (11109, 657, 'Orzinuovi');
insert into "Cities"("Id", "RegionId", "Name") values (11110, 657, 'Orzivecchi');
insert into "Cities"("Id", "RegionId", "Name") values (11111, 657, 'Padenghe sul Garda');
insert into "Cities"("Id", "RegionId", "Name") values (11112, 657, 'Palazzolo sull''''Oglio');
insert into "Cities"("Id", "RegionId", "Name") values (11113, 657, 'Piancogno');
insert into "Cities"("Id", "RegionId", "Name") values (11114, 657, 'Ro Volciano');
insert into "Cities"("Id", "RegionId", "Name") values (11115, 657, 'Rovato');
insert into "Cities"("Id", "RegionId", "Name") values (11116, 657, 'Sal');
insert into "Cities"("Id", "RegionId", "Name") values (11117, 657, 'Sarezzo');
insert into "Cities"("Id", "RegionId", "Name") values (11118, 657, 'Sirmione');
insert into "Cities"("Id", "RegionId", "Name") values (11119, 657, 'Toscolano-Maderno');
insert into "Cities"("Id", "RegionId", "Name") values (11120, 794, 'Kunming');
insert into "Cities"("Id", "RegionId", "Name") values (11121, 794, 'Yiwu');
insert into "Cities"("Id", "RegionId", "Name") values (11122, 875, 'Drugovo');
insert into "Cities"("Id", "RegionId", "Name") values (11123, 898, '''''Emieri');
insert into "Cities"("Id", "RegionId", "Name") values (11124, 898, '¦''''Attard');
insert into "Cities"("Id", "RegionId", "Name") values (11125, 898, '¦al Balzan');
insert into "Cities"("Id", "RegionId", "Name") values (11126, 898, 'B''''Kara');
insert into "Cities"("Id", "RegionId", "Name") values (11127, 898, 'Balzan');
insert into "Cities"("Id", "RegionId", "Name") values (11128, 898, 'Bighi');
insert into "Cities"("Id", "RegionId", "Name") values (11129, 898, 'Birzebbuga');
insert into "Cities"("Id", "RegionId", "Name") values (11130, 898, 'Biskra');
insert into "Cities"("Id", "RegionId", "Name") values (11131, 898, 'Bugibba');
insert into "Cities"("Id", "RegionId", "Name") values (11132, 898, 'Casal Paolo');
insert into "Cities"("Id", "RegionId", "Name") values (11133, 898, 'Cospicua');
insert into "Cities"("Id", "RegionId", "Name") values (11134, 898, 'Delimara');
insert into "Cities"("Id", "RegionId", "Name") values (11135, 898, 'Gzira');
insert into "Cities"("Id", "RegionId", "Name") values (11136, 898, 'Hal Baijada');
insert into "Cities"("Id", "RegionId", "Name") values (11137, 898, 'Il-Hamrun');
insert into "Cities"("Id", "RegionId", "Name") values (11138, 898, 'Is-Swieqi');
insert into "Cities"("Id", "RegionId", "Name") values (11139, 898, 'Isla');
insert into "Cities"("Id", "RegionId", "Name") values (11140, 898, 'La Valette');
insert into "Cities"("Id", "RegionId", "Name") values (11141, 898, 'Madliena');
insert into "Cities"("Id", "RegionId", "Name") values (11142, 898, 'Marsa');
insert into "Cities"("Id", "RegionId", "Name") values (11143, 898, 'Marsalforn');
insert into "Cities"("Id", "RegionId", "Name") values (11144, 898, 'Marsaskala');
insert into "Cities"("Id", "RegionId", "Name") values (11145, 898, 'Marsaxlokk');
insert into "Cities"("Id", "RegionId", "Name") values (11146, 898, 'Melita');
insert into "Cities"("Id", "RegionId", "Name") values (11147, 898, 'Mellie§a');
insert into "Cities"("Id", "RegionId", "Name") values (11148, 898, 'Mosta');
insert into "Cities"("Id", "RegionId", "Name") values (11149, 898, 'MIda');
insert into "Cities"("Id", "RegionId", "Name") values (11150, 898, 'Paola');
insert into "Cities"("Id", "RegionId", "Name") values (11151, 898, 'Piet');
insert into "Cities"("Id", "RegionId", "Name") values (11152, 898, 'Qormi');
insert into "Cities"("Id", "RegionId", "Name") values (11153, 898, 'Saint Julian');
insert into "Cities"("Id", "RegionId", "Name") values (11154, 898, 'Saint Julian''''s');
insert into "Cities"("Id", "RegionId", "Name") values (11155, 898, 'Saint Paul''''s Bay');
insert into "Cities"("Id", "RegionId", "Name") values (11156, 898, 'San Giljan');
insert into "Cities"("Id", "RegionId", "Name") values (11157, 898, 'San Gwann');
insert into "Cities"("Id", "RegionId", "Name") values (11158, 898, 'Santa Lucia');
insert into "Cities"("Id", "RegionId", "Name") values (11159, 898, 'Sliema');
insert into "Cities"("Id", "RegionId", "Name") values (11160, 898, 'Valetta');
insert into "Cities"("Id", "RegionId", "Name") values (11161, 898, 'Valletta');
insert into "Cities"("Id", "RegionId", "Name") values (11162, 898, 'Victoria');
insert into "Regions"("Id", "CountryId", "Name") values (899, 118, 'Фор-де-Франс');
insert into "Cities"("Id", "RegionId", "Name") values (11163, 607, 'San rafael');
insert into "Cities"("Id", "RegionId", "Name") values (11164, 607, 'Segovia');
insert into "Cities"("Id", "RegionId", "Name") values (11165, 607, 'Sepulveda');
insert into "Cities"("Id", "RegionId", "Name") values (11166, 658, 'Casnate con Bernate');
insert into "Cities"("Id", "RegionId", "Name") values (11167, 658, 'Como');
insert into "Cities"("Id", "RegionId", "Name") values (11168, 658, 'Consiglio di Rumo');
insert into "Cities"("Id", "RegionId", "Name") values (11169, 658, 'Lomazzo');
insert into "Cities"("Id", "RegionId", "Name") values (11170, 658, 'Magreglio');
insert into "Cities"("Id", "RegionId", "Name") values (11171, 658, 'Nesso');
insert into "Cities"("Id", "RegionId", "Name") values (11172, 795, 'Daitou');
insert into "Cities"("Id", "RegionId", "Name") values (11173, 795, 'Daniwan');
insert into "Cities"("Id", "RegionId", "Name") values (11174, 795, 'Hangzhou');
insert into "Cities"("Id", "RegionId", "Name") values (11175, 795, 'Jinhua');
insert into "Cities"("Id", "RegionId", "Name") values (11176, 795, 'Lanxi');
insert into "Cities"("Id", "RegionId", "Name") values (11177, 795, 'Ningbo');
insert into "Cities"("Id", "RegionId", "Name") values (11178, 795, 'Ningpo');
insert into "Cities"("Id", "RegionId", "Name") values (11179, 795, 'Shangyu');
insert into "Cities"("Id", "RegionId", "Name") values (11180, 795, 'Shaoxing');
insert into "Cities"("Id", "RegionId", "Name") values (11181, 795, 'Shenze');
insert into "Cities"("Id", "RegionId", "Name") values (11182, 795, 'Shenzhen');
insert into "Cities"("Id", "RegionId", "Name") values (11183, 795, 'Wenzhou');
insert into "Cities"("Id", "RegionId", "Name") values (11184, 795, 'Xiangshan');
insert into "Cities"("Id", "RegionId", "Name") values (11185, 795, 'Yiwu');
insert into "Cities"("Id", "RegionId", "Name") values (11186, 795, 'Yongkang');
insert into "Cities"("Id", "RegionId", "Name") values (11187, 795, 'Zhoushan');
insert into "Cities"("Id", "RegionId", "Name") values (11188, 876, 'Gevegeli');
insert into "Cities"("Id", "RegionId", "Name") values (11189, 876, 'Gevgelia');
insert into "Cities"("Id", "RegionId", "Name") values (11190, 899, 'Фор-де-Франс');
insert into "Regions"("Id", "CountryId", "Name") values (900, 119, 'Aguascalientes');
insert into "Regions"("Id", "CountryId", "Name") values (901, 119, 'Baja California');
insert into "Regions"("Id", "CountryId", "Name") values (902, 119, 'Baja California Sur');
insert into "Regions"("Id", "CountryId", "Name") values (903, 119, 'Campeche');
insert into "Regions"("Id", "CountryId", "Name") values (904, 119, 'Chiapas');
insert into "Regions"("Id", "CountryId", "Name") values (905, 119, 'Chihuahua');
insert into "Regions"("Id", "CountryId", "Name") values (906, 119, 'Coahuila de Zaragoza');
insert into "Regions"("Id", "CountryId", "Name") values (907, 119, 'Colima');
insert into "Regions"("Id", "CountryId", "Name") values (908, 119, 'Distrito Federal');
insert into "Regions"("Id", "CountryId", "Name") values (909, 119, 'Durango');
insert into "Regions"("Id", "CountryId", "Name") values (910, 119, 'Guanajuato');
insert into "Regions"("Id", "CountryId", "Name") values (911, 119, 'Guerrero');
insert into "Regions"("Id", "CountryId", "Name") values (912, 119, 'Idalgo');
insert into "Regions"("Id", "CountryId", "Name") values (913, 119, 'Jalisco');
insert into "Regions"("Id", "CountryId", "Name") values (914, 119, 'Mxico');
insert into "Regions"("Id", "CountryId", "Name") values (915, 119, 'Michoacn de Ocampo');
insert into "Regions"("Id", "CountryId", "Name") values (916, 119, 'Morelos');
insert into "Regions"("Id", "CountryId", "Name") values (917, 119, 'Nayarit');
insert into "Regions"("Id", "CountryId", "Name") values (918, 119, 'None');
insert into "Regions"("Id", "CountryId", "Name") values (919, 119, 'Nuevo Len');
insert into "Regions"("Id", "CountryId", "Name") values (920, 119, 'Oaxaca');
insert into "Regions"("Id", "CountryId", "Name") values (921, 119, 'Puebla');
insert into "Regions"("Id", "CountryId", "Name") values (922, 119, 'Quertaro de Arteaga');
insert into "Regions"("Id", "CountryId", "Name") values (923, 119, 'Quintana Roo');
insert into "Regions"("Id", "CountryId", "Name") values (924, 119, 'San Luis Potos');
insert into "Regions"("Id", "CountryId", "Name") values (925, 119, 'Sinaloa');
insert into "Regions"("Id", "CountryId", "Name") values (926, 119, 'Sonora');
insert into "Regions"("Id", "CountryId", "Name") values (927, 119, 'Tabasco');
insert into "Regions"("Id", "CountryId", "Name") values (928, 119, 'Tamaulipas');
insert into "Regions"("Id", "CountryId", "Name") values (929, 119, 'Tlaxcala');
insert into "Regions"("Id", "CountryId", "Name") values (930, 119, 'Veracruz-Llave');
insert into "Regions"("Id", "CountryId", "Name") values (931, 119, 'Yucatn');
insert into "Cities"("Id", "RegionId", "Name") values (11191, 608, 'Alcal de Guadara');
insert into "Cities"("Id", "RegionId", "Name") values (11192, 608, 'Bellavista');
insert into "Cities"("Id", "RegionId", "Name") values (11193, 608, 'Brenes');
insert into "Cities"("Id", "RegionId", "Name") values (11194, 608, 'Castilleja de la Cuesta');
insert into "Cities"("Id", "RegionId", "Name") values (11195, 608, 'Dos Hermanas');
insert into "Cities"("Id", "RegionId", "Name") values (11196, 608, 'Marchena');
insert into "Cities"("Id", "RegionId", "Name") values (11197, 608, 'Palmar de troya');
insert into "Cities"("Id", "RegionId", "Name") values (11198, 608, 'Peroamigo');
insert into "Cities"("Id", "RegionId", "Name") values (11199, 608, 'Sevilla');
insert into "Cities"("Id", "RegionId", "Name") values (11200, 659, 'Casalmaggiore');
insert into "Cities"("Id", "RegionId", "Name") values (11201, 659, 'Crema');
insert into "Cities"("Id", "RegionId", "Name") values (11202, 659, 'Cremona');
insert into "Cities"("Id", "RegionId", "Name") values (11203, 877, 'Gostivar');
insert into "Cities"("Id", "RegionId", "Name") values (11204, 900, 'Adolfo Lpez Mateos');
insert into "Cities"("Id", "RegionId", "Name") values (11205, 900, 'Aguascalientes');
insert into "Regions"("Id", "CountryId", "Name") values (932, 120, 'Мозамбик');
insert into "Cities"("Id", "RegionId", "Name") values (11206, 609, 'Soria');
insert into "Cities"("Id", "RegionId", "Name") values (11207, 660, 'Calolziocorte');
insert into "Cities"("Id", "RegionId", "Name") values (11208, 660, 'Lecco');
insert into "Cities"("Id", "RegionId", "Name") values (11209, 660, 'Valmadrera');
insert into "Cities"("Id", "RegionId", "Name") values (11210, 878, 'Karpos');
insert into "Cities"("Id", "RegionId", "Name") values (11211, 878, 'Karpos Dva');
insert into "Cities"("Id", "RegionId", "Name") values (11212, 901, 'Acapulco');
insert into "Cities"("Id", "RegionId", "Name") values (11213, 901, 'Ensenada');
insert into "Cities"("Id", "RegionId", "Name") values (11214, 901, 'Mexicali');
insert into "Cities"("Id", "RegionId", "Name") values (11215, 901, 'Tijuana');
insert into "Cities"("Id", "RegionId", "Name") values (11216, 932, 'Бейра');
insert into "Cities"("Id", "RegionId", "Name") values (11217, 932, 'Мапуто');
insert into "Cities"("Id", "RegionId", "Name") values (11218, 932, 'Нампула');
insert into "Cities"("Id", "RegionId", "Name") values (11219, 932, 'Пемба');
insert into "Regions"("Id", "CountryId", "Name") values (933, 121, 'Молдова');
insert into "Cities"("Id", "RegionId", "Name") values (11220, 610, 'Alcanar');
insert into "Cities"("Id", "RegionId", "Name") values (11221, 610, 'Amposta');
insert into "Cities"("Id", "RegionId", "Name") values (11222, 610, 'Calafell');
insert into "Cities"("Id", "RegionId", "Name") values (11223, 610, 'Cambrils');
insert into "Cities"("Id", "RegionId", "Name") values (11224, 610, 'El Perell');
insert into "Cities"("Id", "RegionId", "Name") values (11225, 610, 'El Vendrell');
insert into "Cities"("Id", "RegionId", "Name") values (11226, 610, 'Jesus i maria');
insert into "Cities"("Id", "RegionId", "Name") values (11227, 610, 'L''''Aldea');
insert into "Cities"("Id", "RegionId", "Name") values (11228, 610, 'L''''Ametlla de Mar');
insert into "Cities"("Id", "RegionId", "Name") values (11229, 610, 'L''''Ampolla');
insert into "Cities"("Id", "RegionId", "Name") values (11230, 610, 'Les Cases d''''Alcanar');
insert into "Cities"("Id", "RegionId", "Name") values (11231, 610, 'Montblanc');
insert into "Cities"("Id", "RegionId", "Name") values (11232, 610, 'Pobla de montornes la');
insert into "Cities"("Id", "RegionId", "Name") values (11233, 610, 'Reus');
insert into "Cities"("Id", "RegionId", "Name") values (11234, 610, 'Riba-roja d''''Ebre');
insert into "Cities"("Id", "RegionId", "Name") values (11235, 610, 'Roquetes');
insert into "Cities"("Id", "RegionId", "Name") values (11236, 610, 'Salou');
insert into "Cities"("Id", "RegionId", "Name") values (11237, 610, 'Sant Carles de la Rpita');
insert into "Cities"("Id", "RegionId", "Name") values (11238, 610, 'Tarragona');
insert into "Cities"("Id", "RegionId", "Name") values (11239, 610, 'Tivissa');
insert into "Cities"("Id", "RegionId", "Name") values (11240, 610, 'Torredembarra');
insert into "Cities"("Id", "RegionId", "Name") values (11241, 610, 'Torreforta');
insert into "Cities"("Id", "RegionId", "Name") values (11242, 610, 'Tortosa');
insert into "Cities"("Id", "RegionId", "Name") values (11243, 610, 'Ulldecona');
insert into "Cities"("Id", "RegionId", "Name") values (11244, 610, 'Valls');
insert into "Cities"("Id", "RegionId", "Name") values (11245, 610, 'Vilaseca');
insert into "Cities"("Id", "RegionId", "Name") values (11246, 661, 'Castiraga Idardo');
insert into "Cities"("Id", "RegionId", "Name") values (11247, 661, 'Graffignana');
insert into "Cities"("Id", "RegionId", "Name") values (11248, 661, 'Lodi');
insert into "Cities"("Id", "RegionId", "Name") values (11249, 879, 'Kavadarci');
insert into "Cities"("Id", "RegionId", "Name") values (11250, 902, 'La Paz');
insert into "Cities"("Id", "RegionId", "Name") values (11251, 902, 'Loreto');
insert into "Cities"("Id", "RegionId", "Name") values (11252, 933, 'Атаки');
insert into "Cities"("Id", "RegionId", "Name") values (11253, 933, 'Бельцы');
insert into "Cities"("Id", "RegionId", "Name") values (11254, 933, 'Бендеры');
insert into "Cities"("Id", "RegionId", "Name") values (11255, 933, 'Бессарабка');
insert into "Cities"("Id", "RegionId", "Name") values (11256, 933, 'Бируинца');
insert into "Cities"("Id", "RegionId", "Name") values (11257, 933, 'Бричаны');
insert into "Cities"("Id", "RegionId", "Name") values (11258, 933, 'Быковец');
insert into "Cities"("Id", "RegionId", "Name") values (11259, 933, 'Вадул-луй-Водэ');
insert into "Cities"("Id", "RegionId", "Name") values (11260, 933, 'Ватра');
insert into "Cities"("Id", "RegionId", "Name") values (11261, 933, 'Вишневка');
insert into "Cities"("Id", "RegionId", "Name") values (11262, 933, 'Вулканешты');
insert into "Cities"("Id", "RegionId", "Name") values (11263, 933, 'Глодяны');
insert into "Cities"("Id", "RegionId", "Name") values (11264, 933, 'Григориополь');
insert into "Cities"("Id", "RegionId", "Name") values (11265, 933, 'Днестровск');
insert into "Cities"("Id", "RegionId", "Name") values (11266, 933, 'Дондюшаны');
insert into "Cities"("Id", "RegionId", "Name") values (11267, 933, 'Дрокия');
insert into "Cities"("Id", "RegionId", "Name") values (11268, 933, 'Дубоссары');
insert into "Cities"("Id", "RegionId", "Name") values (11269, 933, 'Дурлешты');
insert into "Cities"("Id", "RegionId", "Name") values (11270, 933, 'Единцы');
insert into "Cities"("Id", "RegionId", "Name") values (11271, 933, 'Кагул');
insert into "Cities"("Id", "RegionId", "Name") values (11272, 933, 'Каинары');
insert into "Cities"("Id", "RegionId", "Name") values (11273, 933, 'Калараш');
insert into "Cities"("Id", "RegionId", "Name") values (11274, 933, 'Каменка');
insert into "Cities"("Id", "RegionId", "Name") values (11275, 933, 'Кантемир');
insert into "Cities"("Id", "RegionId", "Name") values (11276, 933, 'Каушаны');
insert into "Cities"("Id", "RegionId", "Name") values (11277, 933, 'Кишинев');
insert into "Cities"("Id", "RegionId", "Name") values (11278, 933, 'Кодру');
insert into "Cities"("Id", "RegionId", "Name") values (11279, 933, 'Комрат');
insert into "Cities"("Id", "RegionId", "Name") values (11280, 933, 'Корнешты');
insert into "Cities"("Id", "RegionId", "Name") values (11281, 933, 'Костешты');
insert into "Cities"("Id", "RegionId", "Name") values (11282, 933, 'Красное');
insert into "Cities"("Id", "RegionId", "Name") values (11283, 933, 'Криково');
insert into "Cities"("Id", "RegionId", "Name") values (11284, 933, 'Криуляны');
insert into "Cities"("Id", "RegionId", "Name") values (11285, 933, 'Купчинь');
insert into "Cities"("Id", "RegionId", "Name") values (11286, 933, 'Леово');
insert into "Cities"("Id", "RegionId", "Name") values (11287, 933, 'Липканы');
insert into "Cities"("Id", "RegionId", "Name") values (11288, 933, 'Маяк');
insert into "Cities"("Id", "RegionId", "Name") values (11289, 933, 'Ниспорены');
insert into "Cities"("Id", "RegionId", "Name") values (11290, 933, 'Новые Анены');
insert into "Cities"("Id", "RegionId", "Name") values (11291, 933, 'Окница');
insert into "Cities"("Id", "RegionId", "Name") values (11292, 933, 'Оргеев');
insert into "Cities"("Id", "RegionId", "Name") values (11293, 933, 'Резина');
insert into "Cities"("Id", "RegionId", "Name") values (11294, 933, 'Рыбница');
insert into "Cities"("Id", "RegionId", "Name") values (11295, 933, 'Рышканы');
insert into "Cities"("Id", "RegionId", "Name") values (11296, 933, 'Слободзея');
insert into "Cities"("Id", "RegionId", "Name") values (11297, 933, 'Сороки');
insert into "Cities"("Id", "RegionId", "Name") values (11298, 933, 'Страшены');
insert into "Cities"("Id", "RegionId", "Name") values (11299, 933, 'Сынжера');
insert into "Cities"("Id", "RegionId", "Name") values (11300, 933, 'Тараклия');
insert into "Cities"("Id", "RegionId", "Name") values (11301, 933, 'Теленешты');
insert into "Cities"("Id", "RegionId", "Name") values (11302, 933, 'Тирасполь');
insert into "Cities"("Id", "RegionId", "Name") values (11303, 933, 'Унгены');
insert into "Cities"("Id", "RegionId", "Name") values (11304, 933, 'Фалешты');
insert into "Cities"("Id", "RegionId", "Name") values (11305, 933, 'Флорешты');
insert into "Cities"("Id", "RegionId", "Name") values (11306, 933, 'Хынчешты');
insert into "Cities"("Id", "RegionId", "Name") values (11307, 933, 'Чадыр-Лунга');
insert into "Cities"("Id", "RegionId", "Name") values (11308, 933, 'Чимишлия');
insert into "Cities"("Id", "RegionId", "Name") values (11309, 933, 'Шолданешты');
insert into "Cities"("Id", "RegionId", "Name") values (11310, 933, 'Штефан-Водэ');
insert into "Cities"("Id", "RegionId", "Name") values (11311, 933, 'Яловены');
insert into "Cities"("Id", "RegionId", "Name") values (11312, 933, 'Яргара');
insert into "Regions"("Id", "CountryId", "Name") values (934, 122, 'Monaco');
insert into "Cities"("Id", "RegionId", "Name") values (11313, 611, 'Alba');
insert into "Cities"("Id", "RegionId", "Name") values (11314, 611, 'Alcaiz');
insert into "Cities"("Id", "RegionId", "Name") values (11315, 611, 'Teruel');
insert into "Cities"("Id", "RegionId", "Name") values (11316, 662, 'Asola');
insert into "Cities"("Id", "RegionId", "Name") values (11317, 662, 'Borgoforte');
insert into "Cities"("Id", "RegionId", "Name") values (11318, 662, 'Canneto sull''''Oglio');
insert into "Cities"("Id", "RegionId", "Name") values (11319, 662, 'Castiglione delle Stiviere');
insert into "Cities"("Id", "RegionId", "Name") values (11320, 662, 'Goito');
insert into "Cities"("Id", "RegionId", "Name") values (11321, 662, 'Mantova');
insert into "Cities"("Id", "RegionId", "Name") values (11322, 662, 'Marmirolo');
insert into "Cities"("Id", "RegionId", "Name") values (11323, 662, 'Poggio Rusco');
insert into "Cities"("Id", "RegionId", "Name") values (11324, 662, 'Quistello');
insert into "Cities"("Id", "RegionId", "Name") values (11325, 880, 'Kisela Voda');
insert into "Cities"("Id", "RegionId", "Name") values (11326, 903, 'Campeche');
insert into "Cities"("Id", "RegionId", "Name") values (11327, 903, 'Carmen');
insert into "Cities"("Id", "RegionId", "Name") values (11328, 903, 'Escrcega');
insert into "Cities"("Id", "RegionId", "Name") values (11329, 934, 'Condamine');
insert into "Cities"("Id", "RegionId", "Name") values (11330, 934, 'Fontvieille');
insert into "Cities"("Id", "RegionId", "Name") values (11331, 934, 'La Condamine');
insert into "Cities"("Id", "RegionId", "Name") values (11332, 934, 'Monaco');
insert into "Cities"("Id", "RegionId", "Name") values (11333, 934, 'Monaco-Ville');
insert into "Cities"("Id", "RegionId", "Name") values (11334, 934, 'Moneghetti');
insert into "Cities"("Id", "RegionId", "Name") values (11335, 934, 'Monte-Carlo');
insert into "Regions"("Id", "CountryId", "Name") values (935, 123, 'Улан-Батор');
insert into "Cities"("Id", "RegionId", "Name") values (11336, 612, 'Alcaudete de la jara');
insert into "Cities"("Id", "RegionId", "Name") values (11337, 612, 'Chozas de canales');
insert into "Cities"("Id", "RegionId", "Name") values (11338, 612, 'Cobeja');
insert into "Cities"("Id", "RegionId", "Name") values (11339, 612, 'Tembleque');
insert into "Cities"("Id", "RegionId", "Name") values (11340, 612, 'Toledo');
insert into "Cities"("Id", "RegionId", "Name") values (11341, 612, 'Urda');
insert into "Cities"("Id", "RegionId", "Name") values (11342, 663, 'Arcore');
insert into "Cities"("Id", "RegionId", "Name") values (11343, 663, 'Arese');
insert into "Cities"("Id", "RegionId", "Name") values (11344, 663, 'Assago');
insert into "Cities"("Id", "RegionId", "Name") values (11345, 663, 'Bareggio');
insert into "Cities"("Id", "RegionId", "Name") values (11346, 663, 'Biassono');
insert into "Cities"("Id", "RegionId", "Name") values (11347, 663, 'Bresso');
insert into "Cities"("Id", "RegionId", "Name") values (11348, 663, 'Briosco');
insert into "Cities"("Id", "RegionId", "Name") values (11349, 663, 'Cesano Maderno');
insert into "Cities"("Id", "RegionId", "Name") values (11350, 663, 'Cinisello Balsamo');
insert into "Cities"("Id", "RegionId", "Name") values (11351, 663, 'Cologno Monzese');
insert into "Cities"("Id", "RegionId", "Name") values (11352, 663, 'Corbetta');
insert into "Cities"("Id", "RegionId", "Name") values (11353, 663, 'Corsico');
insert into "Cities"("Id", "RegionId", "Name") values (11354, 663, 'Cusano Milanino');
insert into "Cities"("Id", "RegionId", "Name") values (11355, 663, 'Desio');
insert into "Cities"("Id", "RegionId", "Name") values (11356, 663, 'Lainate');
insert into "Cities"("Id", "RegionId", "Name") values (11357, 663, 'Legnano');
insert into "Cities"("Id", "RegionId", "Name") values (11358, 663, 'Lissone');
insert into "Cities"("Id", "RegionId", "Name") values (11359, 663, 'Locate di Triulzi');
insert into "Cities"("Id", "RegionId", "Name") values (11360, 663, 'Macherio');
insert into "Cities"("Id", "RegionId", "Name") values (11361, 663, 'Melzo');
insert into "Cities"("Id", "RegionId", "Name") values (11362, 663, 'Milano');
insert into "Cities"("Id", "RegionId", "Name") values (11363, 663, 'Monza');
insert into "Cities"("Id", "RegionId", "Name") values (11364, 663, 'Parabiago');
insert into "Cities"("Id", "RegionId", "Name") values (11365, 663, 'Paullo');
insert into "Cities"("Id", "RegionId", "Name") values (11366, 663, 'Pero');
insert into "Cities"("Id", "RegionId", "Name") values (11367, 663, 'Pessano con Bornago');
insert into "Cities"("Id", "RegionId", "Name") values (11368, 663, 'Pioltello');
insert into "Cities"("Id", "RegionId", "Name") values (11369, 663, 'Pregnana Milanese');
insert into "Cities"("Id", "RegionId", "Name") values (11370, 663, 'Rho');
insert into "Cities"("Id", "RegionId", "Name") values (11371, 663, 'San Donato Milanese');
insert into "Cities"("Id", "RegionId", "Name") values (11372, 663, 'San Giuliano Milanese');
insert into "Cities"("Id", "RegionId", "Name") values (11373, 663, 'Sesto San Giovanni');
insert into "Cities"("Id", "RegionId", "Name") values (11374, 663, 'Verano Brianza');
insert into "Cities"("Id", "RegionId", "Name") values (11375, 663, 'Vizzolo Predabissi');
insert into "Cities"("Id", "RegionId", "Name") values (11376, 881, 'Kumanovo');
insert into "Cities"("Id", "RegionId", "Name") values (11377, 904, 'Al Fin');
insert into "Cities"("Id", "RegionId", "Name") values (11378, 904, 'Comitan');
insert into "Cities"("Id", "RegionId", "Name") values (11379, 904, 'Comitn de Domnguez');
insert into "Cities"("Id", "RegionId", "Name") values (11380, 904, 'Jiquipilas');
insert into "Cities"("Id", "RegionId", "Name") values (11381, 904, 'Tuxtla Gutirrez');
insert into "Cities"("Id", "RegionId", "Name") values (11382, 935, 'Сайн-Шанд');
insert into "Cities"("Id", "RegionId", "Name") values (11383, 935, 'Улан-Батор');
insert into "Cities"("Id", "RegionId", "Name") values (11384, 935, 'Эрдэнэт');
insert into "Regions"("Id", "CountryId", "Name") values (936, 124, 'Марокко');
insert into "Regions"("Id", "CountryId", "Name") values (937, 124, 'Танжер');
insert into "Cities"("Id", "RegionId", "Name") values (11385, 613, 'Alaqus');
insert into "Cities"("Id", "RegionId", "Name") values (11386, 613, 'AlbIda');
insert into "Cities"("Id", "RegionId", "Name") values (11387, 613, 'Alboraya');
insert into "Cities"("Id", "RegionId", "Name") values (11388, 613, 'Alcsser');
insert into "Cities"("Id", "RegionId", "Name") values (11389, 613, 'Algemes');
insert into "Cities"("Id", "RegionId", "Name") values (11390, 613, 'Alginet');
insert into "Cities"("Id", "RegionId", "Name") values (11391, 613, 'Alzira');
insert into "Cities"("Id", "RegionId", "Name") values (11392, 613, 'Anna');
insert into "Cities"("Id", "RegionId", "Name") values (11393, 613, 'Canals');
insert into "Cities"("Id", "RegionId", "Name") values (11394, 613, 'Casas del rio');
insert into "Cities"("Id", "RegionId", "Name") values (11395, 613, 'Catarroja');
insert into "Cities"("Id", "RegionId", "Name") values (11396, 613, 'Cullera');
insert into "Cities"("Id", "RegionId", "Name") values (11397, 613, 'Gandia');
insert into "Cities"("Id", "RegionId", "Name") values (11398, 613, 'Guardamar');
insert into "Cities"("Id", "RegionId", "Name") values (11399, 613, 'L''''Eliana');
insert into "Cities"("Id", "RegionId", "Name") values (11400, 613, 'Mislata');
insert into "Cities"("Id", "RegionId", "Name") values (11401, 613, 'Moncada');
insert into "Cities"("Id", "RegionId", "Name") values (11402, 613, 'Ontinyent');
insert into "Cities"("Id", "RegionId", "Name") values (11403, 613, 'Poliny de Xquer');
insert into "Cities"("Id", "RegionId", "Name") values (11404, 613, 'Puol');
insert into "Cities"("Id", "RegionId", "Name") values (11405, 613, 'Sagunto');
insert into "Cities"("Id", "RegionId", "Name") values (11406, 613, 'Sueca');
insert into "Cities"("Id", "RegionId", "Name") values (11407, 613, 'Tavernes de la Valldigna');
insert into "Cities"("Id", "RegionId", "Name") values (11408, 613, 'Torrebaja');
insert into "Cities"("Id", "RegionId", "Name") values (11409, 613, 'Torrent');
insert into "Cities"("Id", "RegionId", "Name") values (11410, 613, 'Valencia');
insert into "Cities"("Id", "RegionId", "Name") values (11411, 613, 'Xtiva');
insert into "Cities"("Id", "RegionId", "Name") values (11412, 664, 'Alagna');
insert into "Cities"("Id", "RegionId", "Name") values (11413, 664, 'Certosa di Pavia');
insert into "Cities"("Id", "RegionId", "Name") values (11414, 664, 'Dorno');
insert into "Cities"("Id", "RegionId", "Name") values (11415, 664, 'Garlasco');
insert into "Cities"("Id", "RegionId", "Name") values (11416, 664, 'Mortara');
insert into "Cities"("Id", "RegionId", "Name") values (11417, 664, 'Pavia');
insert into "Cities"("Id", "RegionId", "Name") values (11418, 664, 'Pietra de'''' Giorgi');
insert into "Cities"("Id", "RegionId", "Name") values (11419, 664, 'Portalbera');
insert into "Cities"("Id", "RegionId", "Name") values (11420, 664, 'San Martino Siccomario');
insert into "Cities"("Id", "RegionId", "Name") values (11421, 664, 'Trivolzio');
insert into "Cities"("Id", "RegionId", "Name") values (11422, 664, 'Voghera');
insert into "Cities"("Id", "RegionId", "Name") values (11423, 882, 'Makedonska Kamenica');
insert into "Cities"("Id", "RegionId", "Name") values (11424, 905, 'Chihuahua');
insert into "Cities"("Id", "RegionId", "Name") values (11425, 905, 'Delicias');
insert into "Cities"("Id", "RegionId", "Name") values (11426, 905, 'Jurez');
insert into "Cities"("Id", "RegionId", "Name") values (11427, 936, 'Морокко');
insert into "Regions"("Id", "CountryId", "Name") values (938, 125, 'Мьянма (Бирма)');
insert into "Cities"("Id", "RegionId", "Name") values (11428, 614, 'Laguna de Duero');
insert into "Cities"("Id", "RegionId", "Name") values (11429, 614, 'Medina del Campo');
insert into "Cities"("Id", "RegionId", "Name") values (11430, 614, 'Olmedo');
insert into "Cities"("Id", "RegionId", "Name") values (11431, 614, 'Santa eufemia del arroyo');
insert into "Cities"("Id", "RegionId", "Name") values (11432, 614, 'ValladoId');
insert into "Cities"("Id", "RegionId", "Name") values (11433, 614, 'Wamba');
insert into "Cities"("Id", "RegionId", "Name") values (11434, 665, 'Morbegno');
insert into "Cities"("Id", "RegionId", "Name") values (11435, 665, 'Sondrio');
insert into "Cities"("Id", "RegionId", "Name") values (11436, 883, 'Negotino');
insert into "Cities"("Id", "RegionId", "Name") values (11437, 906, 'Allende');
insert into "Cities"("Id", "RegionId", "Name") values (11438, 906, 'Monclova');
insert into "Cities"("Id", "RegionId", "Name") values (11439, 906, 'Saltillo');
insert into "Cities"("Id", "RegionId", "Name") values (11440, 906, 'Torren');
insert into "Cities"("Id", "RegionId", "Name") values (11441, 937, 'Танжер');
insert into "Cities"("Id", "RegionId", "Name") values (11442, 938, 'Мьичина');
insert into "Cities"("Id", "RegionId", "Name") values (11443, 938, 'Янгон');
insert into "Regions"("Id", "CountryId", "Name") values (939, 126, 'Остров Мэн');
insert into "Cities"("Id", "RegionId", "Name") values (11444, 615, 'Amorebieta-Etxano');
insert into "Cities"("Id", "RegionId", "Name") values (11445, 615, 'Arenas las');
insert into "Cities"("Id", "RegionId", "Name") values (11446, 615, 'Barakaldo');
insert into "Cities"("Id", "RegionId", "Name") values (11447, 615, 'Basauri');
insert into "Cities"("Id", "RegionId", "Name") values (11448, 615, 'Bilbao');
insert into "Cities"("Id", "RegionId", "Name") values (11449, 615, 'Durango');
insert into "Cities"("Id", "RegionId", "Name") values (11450, 615, 'Ermua');
insert into "Cities"("Id", "RegionId", "Name") values (11451, 615, 'Gernika-Lumo');
insert into "Cities"("Id", "RegionId", "Name") values (11452, 615, 'Markina-Xemein');
insert into "Cities"("Id", "RegionId", "Name") values (11453, 615, 'Portugalete');
insert into "Cities"("Id", "RegionId", "Name") values (11454, 615, 'Santurtzi');
insert into "Cities"("Id", "RegionId", "Name") values (11455, 615, 'Sopelana');
insert into "Cities"("Id", "RegionId", "Name") values (11456, 666, 'Brissago-Valtravaglia');
insert into "Cities"("Id", "RegionId", "Name") values (11457, 666, 'Brusimpiano');
insert into "Cities"("Id", "RegionId", "Name") values (11458, 666, 'Busto Arsizio');
insert into "Cities"("Id", "RegionId", "Name") values (11459, 666, 'Cislago');
insert into "Cities"("Id", "RegionId", "Name") values (11460, 666, 'Gallarate');
insert into "Cities"("Id", "RegionId", "Name") values (11461, 666, 'Lavena Ponte Tresa');
insert into "Cities"("Id", "RegionId", "Name") values (11462, 666, 'Saronno');
insert into "Cities"("Id", "RegionId", "Name") values (11463, 666, 'Varese');
insert into "Cities"("Id", "RegionId", "Name") values (11464, 666, 'Vedano Olona');
insert into "Cities"("Id", "RegionId", "Name") values (11465, 884, 'OhId');
insert into "Cities"("Id", "RegionId", "Name") values (11466, 907, 'Acatitn');
insert into "Cities"("Id", "RegionId", "Name") values (11467, 907, 'Amoles');
insert into "Cities"("Id", "RegionId", "Name") values (11468, 907, 'Armera');
insert into "Cities"("Id", "RegionId", "Name") values (11469, 907, 'Colima');
insert into "Cities"("Id", "RegionId", "Name") values (11470, 907, 'Manzanillo');
insert into "Cities"("Id", "RegionId", "Name") values (11471, 939, 'Дуглас');
insert into "Cities"("Id", "RegionId", "Name") values (11472, 939, 'Каслтаун');
insert into "Cities"("Id", "RegionId", "Name") values (11473, 939, 'Пил');
insert into "Cities"("Id", "RegionId", "Name") values (11474, 939, 'Порт-Сент-Мэри');
insert into "Cities"("Id", "RegionId", "Name") values (11475, 939, 'Порт-Эрин');
insert into "Cities"("Id", "RegionId", "Name") values (11476, 939, 'Рамси');
insert into "Regions"("Id", "CountryId", "Name") values (940, 127, 'Намибия');
insert into "Cities"("Id", "RegionId", "Name") values (11477, 616, 'Zamora');
insert into "Cities"("Id", "RegionId", "Name") values (11478, 667, 'Ancona');
insert into "Cities"("Id", "RegionId", "Name") values (11479, 667, 'CastelIdardo');
insert into "Cities"("Id", "RegionId", "Name") values (11480, 667, 'Fabriano');
insert into "Cities"("Id", "RegionId", "Name") values (11481, 667, 'Jesi');
insert into "Cities"("Id", "RegionId", "Name") values (11482, 667, 'Loreto');
insert into "Cities"("Id", "RegionId", "Name") values (11483, 667, 'Monte Roberto');
insert into "Cities"("Id", "RegionId", "Name") values (11484, 667, 'Monterado');
insert into "Cities"("Id", "RegionId", "Name") values (11485, 667, 'Osimo');
insert into "Cities"("Id", "RegionId", "Name") values (11486, 667, 'Ostra');
insert into "Cities"("Id", "RegionId", "Name") values (11487, 667, 'Senigallia');
insert into "Cities"("Id", "RegionId", "Name") values (11488, 885, 'Prilep');
insert into "Cities"("Id", "RegionId", "Name") values (11489, 908, 'Ajusco');
insert into "Cities"("Id", "RegionId", "Name") values (11490, 908, 'Alvaro Obregn');
insert into "Cities"("Id", "RegionId", "Name") values (11491, 908, 'Azcapotzalco');
insert into "Cities"("Id", "RegionId", "Name") values (11492, 908, 'Benito Juarez');
insert into "Cities"("Id", "RegionId", "Name") values (11493, 908, 'Cerro Prieto');
insert into "Cities"("Id", "RegionId", "Name") values (11494, 908, 'Ciudad de Mxico');
insert into "Cities"("Id", "RegionId", "Name") values (11495, 908, 'Colonia Ramos Milln');
insert into "Cities"("Id", "RegionId", "Name") values (11496, 908, 'Coyoacn');
insert into "Cities"("Id", "RegionId", "Name") values (11497, 908, 'Cuauhtmoc');
insert into "Cities"("Id", "RegionId", "Name") values (11498, 908, 'Iztapalapa');
insert into "Cities"("Id", "RegionId", "Name") values (11499, 908, 'Lomas de Chapultepec');
insert into "Cities"("Id", "RegionId", "Name") values (11500, 908, 'Mxico Distrito Federal');
insert into "Cities"("Id", "RegionId", "Name") values (11501, 908, 'Polanco');
insert into "Cities"("Id", "RegionId", "Name") values (11502, 908, 'San Andrs Totoltepec');
insert into "Cities"("Id", "RegionId", "Name") values (11503, 908, 'San Angel');
insert into "Cities"("Id", "RegionId", "Name") values (11504, 908, 'San Bartolo Atepehuacn');
insert into "Cities"("Id", "RegionId", "Name") values (11505, 908, 'San Pedro');
insert into "Cities"("Id", "RegionId", "Name") values (11506, 908, 'Tlalpan');
insert into "Cities"("Id", "RegionId", "Name") values (11507, 908, 'Zona Urbana');
insert into "Cities"("Id", "RegionId", "Name") values (11508, 940, 'Виндук');
insert into "Cities"("Id", "RegionId", "Name") values (11509, 940, 'Людериц');
insert into "Cities"("Id", "RegionId", "Name") values (11510, 940, 'Уолфиш-Бей');
insert into "Regions"("Id", "CountryId", "Name") values (941, 128, 'Науру');
insert into "Cities"("Id", "RegionId", "Name") values (11511, 617, 'Abanto');
insert into "Cities"("Id", "RegionId", "Name") values (11512, 617, 'Alagn');
insert into "Cities"("Id", "RegionId", "Name") values (11513, 617, 'Alera');
insert into "Cities"("Id", "RegionId", "Name") values (11514, 617, 'Alfamn');
insert into "Cities"("Id", "RegionId", "Name") values (11515, 617, 'Calatayud');
insert into "Cities"("Id", "RegionId", "Name") values (11516, 617, 'Ejea de los Caballeros');
insert into "Cities"("Id", "RegionId", "Name") values (11517, 617, 'El Burgo de Ebro');
insert into "Cities"("Id", "RegionId", "Name") values (11518, 617, 'Figueruelas');
insert into "Cities"("Id", "RegionId", "Name") values (11519, 617, 'Pedrola (1)');
insert into "Cities"("Id", "RegionId", "Name") values (11520, 617, 'San Mateo de Gllego');
insert into "Cities"("Id", "RegionId", "Name") values (11521, 617, 'Tarazona');
insert into "Cities"("Id", "RegionId", "Name") values (11522, 617, 'Zaragoza');
insert into "Cities"("Id", "RegionId", "Name") values (11523, 668, 'Ascoli Piceno');
insert into "Cities"("Id", "RegionId", "Name") values (11524, 668, 'Falerone');
insert into "Cities"("Id", "RegionId", "Name") values (11525, 668, 'Fermo');
insert into "Cities"("Id", "RegionId", "Name") values (11526, 668, 'Montappone');
insert into "Cities"("Id", "RegionId", "Name") values (11527, 668, 'Pedaso');
insert into "Cities"("Id", "RegionId", "Name") values (11528, 668, 'Porto San Giorgio');
insert into "Cities"("Id", "RegionId", "Name") values (11529, 668, 'Porto Sant''''ElIdio');
insert into "Cities"("Id", "RegionId", "Name") values (11530, 668, 'San Benedetto del Tronto');
insert into "Cities"("Id", "RegionId", "Name") values (11531, 668, 'Sant''''ElIdio a Mare');
insert into "Cities"("Id", "RegionId", "Name") values (11532, 886, 'Radovis');
insert into "Cities"("Id", "RegionId", "Name") values (11533, 909, 'Aedo');
insert into "Cities"("Id", "RegionId", "Name") values (11534, 909, 'Antonio');
insert into "Cities"("Id", "RegionId", "Name") values (11535, 909, 'Durango');
insert into "Cities"("Id", "RegionId", "Name") values (11536, 909, 'Gmez Palacio');
insert into "Cities"("Id", "RegionId", "Name") values (11537, 941, 'Баирики');
insert into "Cities"("Id", "RegionId", "Name") values (11538, 941, 'Маджуро');
insert into "Cities"("Id", "RegionId", "Name") values (11539, 941, 'Ярен');
insert into "Regions"("Id", "CountryId", "Name") values (942, 129, 'Непал');
insert into "Cities"("Id", "RegionId", "Name") values (11540, 669, 'Castelraimondo');
insert into "Cities"("Id", "RegionId", "Name") values (11541, 669, 'Civitanova Marche');
insert into "Cities"("Id", "RegionId", "Name") values (11542, 669, 'Macerata');
insert into "Cities"("Id", "RegionId", "Name") values (11543, 669, 'Montecosaro');
insert into "Cities"("Id", "RegionId", "Name") values (11544, 669, 'Petriolo');
insert into "Cities"("Id", "RegionId", "Name") values (11545, 669, 'San Severino Marche');
insert into "Cities"("Id", "RegionId", "Name") values (11546, 887, 'Saraj');
insert into "Cities"("Id", "RegionId", "Name") values (11547, 910, 'Abasolo');
insert into "Cities"("Id", "RegionId", "Name") values (11548, 910, 'Acatlan');
insert into "Cities"("Id", "RegionId", "Name") values (11549, 910, 'Charapuato');
insert into "Cities"("Id", "RegionId", "Name") values (11550, 910, 'Guanajuato');
insert into "Cities"("Id", "RegionId", "Name") values (11551, 910, 'Irapuato');
insert into "Cities"("Id", "RegionId", "Name") values (11552, 910, 'Len');
insert into "Cities"("Id", "RegionId", "Name") values (11553, 910, 'Len de los Aldamas');
insert into "Cities"("Id", "RegionId", "Name") values (11554, 910, 'Ocampo');
insert into "Cities"("Id", "RegionId", "Name") values (11555, 910, 'Salamanca');
insert into "Cities"("Id", "RegionId", "Name") values (11556, 910, 'San Miguel Allende');
insert into "Cities"("Id", "RegionId", "Name") values (11557, 942, 'Катманду');
insert into "Regions"("Id", "CountryId", "Name") values (943, 130, 'Нигер');
insert into "Cities"("Id", "RegionId", "Name") values (11558, 670, 'Fano');
insert into "Cities"("Id", "RegionId", "Name") values (11559, 670, 'Fermignano');
insert into "Cities"("Id", "RegionId", "Name") values (11560, 670, 'Pesaro');
insert into "Cities"("Id", "RegionId", "Name") values (11561, 670, 'Tavoleto');
insert into "Cities"("Id", "RegionId", "Name") values (11562, 670, 'Urbino');
insert into "Cities"("Id", "RegionId", "Name") values (11563, 888, 'Dojran');
insert into "Cities"("Id", "RegionId", "Name") values (11564, 911, 'Acapulco');
insert into "Cities"("Id", "RegionId", "Name") values (11565, 911, 'Chilpancingo de los Bravos');
insert into "Cities"("Id", "RegionId", "Name") values (11566, 911, 'Zihuatanejo');
insert into "Cities"("Id", "RegionId", "Name") values (11567, 943, 'Агадес');
insert into "Cities"("Id", "RegionId", "Name") values (11568, 943, 'Бильма');
insert into "Cities"("Id", "RegionId", "Name") values (11569, 943, 'Джадо');
insert into "Cities"("Id", "RegionId", "Name") values (11570, 943, 'Зиндер');
insert into "Cities"("Id", "RegionId", "Name") values (11571, 943, 'Ниамей');
insert into "Regions"("Id", "CountryId", "Name") values (944, 131, 'Нигерия');
insert into "Cities"("Id", "RegionId", "Name") values (11572, 671, 'Campobasso');
insert into "Cities"("Id", "RegionId", "Name") values (11573, 671, 'Riccia');
insert into "Cities"("Id", "RegionId", "Name") values (11574, 671, 'San Massimo');
insert into "Cities"("Id", "RegionId", "Name") values (11575, 671, 'Termoli');
insert into "Cities"("Id", "RegionId", "Name") values (11576, 889, 'Struga');
insert into "Cities"("Id", "RegionId", "Name") values (11577, 912, 'Actopan');
insert into "Cities"("Id", "RegionId", "Name") values (11578, 912, 'Mixquiahuala');
insert into "Cities"("Id", "RegionId", "Name") values (11579, 912, 'Molango');
insert into "Cities"("Id", "RegionId", "Name") values (11580, 912, 'Pachuca');
insert into "Cities"("Id", "RegionId", "Name") values (11581, 912, 'Pachuca de Soto');
insert into "Cities"("Id", "RegionId", "Name") values (11582, 912, 'Santiago Tulantepec');
insert into "Cities"("Id", "RegionId", "Name") values (11583, 912, 'Zimapn');
insert into "Cities"("Id", "RegionId", "Name") values (11584, 944, 'Абуджа');
insert into "Cities"("Id", "RegionId", "Name") values (11585, 944, 'Лагос');
insert into "Regions"("Id", "CountryId", "Name") values (945, 132, 'Drenthe');
insert into "Regions"("Id", "CountryId", "Name") values (946, 132, 'Flevoland');
insert into "Regions"("Id", "CountryId", "Name") values (947, 132, 'Friesland');
insert into "Regions"("Id", "CountryId", "Name") values (948, 132, 'Gelderland');
insert into "Regions"("Id", "CountryId", "Name") values (949, 132, 'Groningen');
insert into "Regions"("Id", "CountryId", "Name") values (950, 132, 'Limburg');
insert into "Regions"("Id", "CountryId", "Name") values (951, 132, 'Noord-Brabant');
insert into "Regions"("Id", "CountryId", "Name") values (952, 132, 'Noord-Holland');
insert into "Regions"("Id", "CountryId", "Name") values (953, 132, 'Overijssel');
insert into "Regions"("Id", "CountryId", "Name") values (954, 132, 'Utrecht');
insert into "Regions"("Id", "CountryId", "Name") values (955, 132, 'Zeeland');
insert into "Regions"("Id", "CountryId", "Name") values (956, 132, 'ZId-Holland');
insert into "Cities"("Id", "RegionId", "Name") values (11586, 672, 'Civitanova del Sannio');
insert into "Cities"("Id", "RegionId", "Name") values (11587, 672, 'Isernia');
insert into "Cities"("Id", "RegionId", "Name") values (11588, 890, 'Strumica');
insert into "Cities"("Id", "RegionId", "Name") values (11589, 913, 'Ameca');
insert into "Cities"("Id", "RegionId", "Name") values (11590, 913, 'Guadalajara');
insert into "Cities"("Id", "RegionId", "Name") values (11591, 913, 'Puerto Vallarta');
insert into "Cities"("Id", "RegionId", "Name") values (11592, 913, 'Tamazula de Gordiano');
insert into "Cities"("Id", "RegionId", "Name") values (11593, 913, 'Zapotlanejo');
insert into "Cities"("Id", "RegionId", "Name") values (11594, 945, '''''t Haantje');
insert into "Cities"("Id", "RegionId", "Name") values (11595, 945, '''''t Noorden');
insert into "Cities"("Id", "RegionId", "Name") values (11596, 945, 'Aalden');
insert into "Cities"("Id", "RegionId", "Name") values (11597, 945, 'Amen');
insert into "Cities"("Id", "RegionId", "Name") values (11598, 945, 'Amerika');
insert into "Cities"("Id", "RegionId", "Name") values (11599, 945, 'Amsterdamsche Veld I');
insert into "Cities"("Id", "RegionId", "Name") values (11600, 945, 'Amsterdamscheveld');
insert into "Cities"("Id", "RegionId", "Name") values (11601, 945, 'Amsterdamseveld');
insert into "Cities"("Id", "RegionId", "Name") values (11602, 945, 'Angelslo');
insert into "Cities"("Id", "RegionId", "Name") values (11603, 945, 'Anlo');
insert into "Cities"("Id", "RegionId", "Name") values (11604, 945, 'Anreep');
insert into "Cities"("Id", "RegionId", "Name") values (11605, 945, 'ArmwIde');
insert into "Cities"("Id", "RegionId", "Name") values (11606, 945, 'Assen');
insert into "Cities"("Id", "RegionId", "Name") values (11607, 945, 'Beilen');
insert into "Cities"("Id", "RegionId", "Name") values (11608, 945, 'Bonnen');
insert into "Cities"("Id", "RegionId", "Name") values (11609, 945, 'Coevorden');
insert into "Cities"("Id", "RegionId", "Name") values (11610, 945, 'Emmen');
insert into "Cities"("Id", "RegionId", "Name") values (11611, 945, 'Hoogeveen');
insert into "Cities"("Id", "RegionId", "Name") values (11612, 945, 'Meppel');
insert into "Cities"("Id", "RegionId", "Name") values (11613, 945, 'Roden');
insert into "Cities"("Id", "RegionId", "Name") values (11614, 945, 'Zwinderen');
insert into "Regions"("Id", "CountryId", "Name") values (957, 133, 'Granada');
insert into "Regions"("Id", "CountryId", "Name") values (958, 133, 'Len');
insert into "Regions"("Id", "CountryId", "Name") values (959, 133, 'Managua');
insert into "Regions"("Id", "CountryId", "Name") values (960, 133, 'Rio San Juan');
insert into "Cities"("Id", "RegionId", "Name") values (11615, 673, 'Acqui Terme');
insert into "Cities"("Id", "RegionId", "Name") values (11616, 673, 'Alessandria');
insert into "Cities"("Id", "RegionId", "Name") values (11617, 673, 'Balzola');
insert into "Cities"("Id", "RegionId", "Name") values (11618, 673, 'Novi Ligure');
insert into "Cities"("Id", "RegionId", "Name") values (11619, 673, 'Strevi');
insert into "Cities"("Id", "RegionId", "Name") values (11620, 673, 'Tortona');
insert into "Cities"("Id", "RegionId", "Name") values (11621, 891, 'Sveti Nikole');
insert into "Cities"("Id", "RegionId", "Name") values (11622, 914, 'Acahualco');
insert into "Cities"("Id", "RegionId", "Name") values (11623, 914, 'Acatln');
insert into "Cities"("Id", "RegionId", "Name") values (11624, 914, 'Acaxuchitlan');
insert into "Cities"("Id", "RegionId", "Name") values (11625, 914, 'Acazulco');
insert into "Cities"("Id", "RegionId", "Name") values (11626, 914, 'Acozac');
insert into "Cities"("Id", "RegionId", "Name") values (11627, 914, 'Aculco');
insert into "Cities"("Id", "RegionId", "Name") values (11628, 914, 'Altavista');
insert into "Cities"("Id", "RegionId", "Name") values (11629, 914, 'Benitez');
insert into "Cities"("Id", "RegionId", "Name") values (11630, 914, 'Ecatepec');
insert into "Cities"("Id", "RegionId", "Name") values (11631, 914, 'El Grande');
insert into "Cities"("Id", "RegionId", "Name") values (11632, 914, 'El Tecun');
insert into "Cities"("Id", "RegionId", "Name") values (11633, 914, 'Guadalupe');
insert into "Cities"("Id", "RegionId", "Name") values (11634, 914, 'Ixtapaluca');
insert into "Cities"("Id", "RegionId", "Name") values (11635, 914, 'Maxtleca');
insert into "Cities"("Id", "RegionId", "Name") values (11636, 914, 'Mxico');
insert into "Cities"("Id", "RegionId", "Name") values (11637, 914, 'Minita Cedro');
insert into "Cities"("Id", "RegionId", "Name") values (11638, 914, 'Naucalpan de Jurez');
insert into "Cities"("Id", "RegionId", "Name") values (11639, 914, 'Netzahualcyotl');
insert into "Cities"("Id", "RegionId", "Name") values (11640, 914, 'Santa Clara');
insert into "Cities"("Id", "RegionId", "Name") values (11641, 914, 'Toluca');
insert into "Cities"("Id", "RegionId", "Name") values (11642, 914, 'Xico');
insert into "Cities"("Id", "RegionId", "Name") values (11643, 946, 'Almere-Buiten');
insert into "Cities"("Id", "RegionId", "Name") values (11644, 946, 'Almere-Haven');
insert into "Cities"("Id", "RegionId", "Name") values (11645, 946, 'Almere-Stad');
insert into "Cities"("Id", "RegionId", "Name") values (11646, 946, 'Bant');
insert into "Cities"("Id", "RegionId", "Name") values (11647, 946, 'Dronten');
insert into "Cities"("Id", "RegionId", "Name") values (11648, 946, 'Emmeloord');
insert into "Cities"("Id", "RegionId", "Name") values (11649, 946, 'Espel');
insert into "Cities"("Id", "RegionId", "Name") values (11650, 946, 'Haven van Lelystad');
insert into "Cities"("Id", "RegionId", "Name") values (11651, 946, 'Lelystad');
insert into "Cities"("Id", "RegionId", "Name") values (11652, 946, 'Top');
insert into "Cities"("Id", "RegionId", "Name") values (11653, 957, 'Agua Agria');
insert into "Cities"("Id", "RegionId", "Name") values (11654, 957, 'Caa de Castilla');
insert into "Regions"("Id", "CountryId", "Name") values (961, 134, 'Auckland');
insert into "Regions"("Id", "CountryId", "Name") values (962, 134, 'Bay of Plenty');
insert into "Regions"("Id", "CountryId", "Name") values (963, 134, 'Canterbury');
insert into "Regions"("Id", "CountryId", "Name") values (964, 134, 'Gisborne');
insert into "Regions"("Id", "CountryId", "Name") values (965, 134, 'Manawatu-Wanganui');
insert into "Regions"("Id", "CountryId", "Name") values (966, 134, 'Marlborough');
insert into "Regions"("Id", "CountryId", "Name") values (967, 134, 'Nelson');
insert into "Regions"("Id", "CountryId", "Name") values (968, 134, 'Northland');
insert into "Regions"("Id", "CountryId", "Name") values (969, 134, 'Otago');
insert into "Regions"("Id", "CountryId", "Name") values (970, 134, 'Southland');
insert into "Regions"("Id", "CountryId", "Name") values (971, 134, 'Taranaki');
insert into "Regions"("Id", "CountryId", "Name") values (972, 134, 'Tasman');
insert into "Regions"("Id", "CountryId", "Name") values (973, 134, 'Wellington');
insert into "Regions"("Id", "CountryId", "Name") values (974, 134, 'West Coast');
insert into "Cities"("Id", "RegionId", "Name") values (11655, 674, 'Biella');
insert into "Cities"("Id", "RegionId", "Name") values (11656, 674, 'Mosso');
insert into "Cities"("Id", "RegionId", "Name") values (11657, 892, 'Tetov');
insert into "Cities"("Id", "RegionId", "Name") values (11658, 892, 'Tetovo');
insert into "Cities"("Id", "RegionId", "Name") values (11659, 915, 'La Piedad Cabadas');
insert into "Cities"("Id", "RegionId", "Name") values (11660, 915, 'Lzaro Crdenas');
insert into "Cities"("Id", "RegionId", "Name") values (11661, 915, 'Morelia');
insert into "Cities"("Id", "RegionId", "Name") values (11662, 915, 'Uruapan del Progreso');
insert into "Cities"("Id", "RegionId", "Name") values (11663, 947, 'Aalsum');
insert into "Cities"("Id", "RegionId", "Name") values (11664, 947, 'Aalzum');
insert into "Cities"("Id", "RegionId", "Name") values (11665, 947, 'Aasterein');
insert into "Cities"("Id", "RegionId", "Name") values (11666, 947, 'Allingawier');
insert into "Cities"("Id", "RegionId", "Name") values (11667, 947, 'Appelscha');
insert into "Cities"("Id", "RegionId", "Name") values (11668, 947, 'Baard');
insert into "Cities"("Id", "RegionId", "Name") values (11669, 947, 'Bolsward');
insert into "Cities"("Id", "RegionId", "Name") values (11670, 947, 'De Knipe');
insert into "Cities"("Id", "RegionId", "Name") values (11671, 947, 'Dokkum');
insert into "Cities"("Id", "RegionId", "Name") values (11672, 947, 'Drachten');
insert into "Cities"("Id", "RegionId", "Name") values (11673, 947, 'Franeker');
insert into "Cities"("Id", "RegionId", "Name") values (11674, 947, 'Harlingen');
insert into "Cities"("Id", "RegionId", "Name") values (11675, 947, 'Heerenveen');
insert into "Cities"("Id", "RegionId", "Name") values (11676, 947, 'Joure');
insert into "Cities"("Id", "RegionId", "Name") values (11677, 947, 'Kollum');
insert into "Cities"("Id", "RegionId", "Name") values (11678, 947, 'Leeuwarden');
insert into "Cities"("Id", "RegionId", "Name") values (11679, 947, 'Lieuwarden');
insert into "Cities"("Id", "RegionId", "Name") values (11680, 947, 'Idsln Noard');
insert into "Cities"("Id", "RegionId", "Name") values (11681, 947, 'Rijsberkampen');
insert into "Cities"("Id", "RegionId", "Name") values (11682, 947, 'Sneek');
insert into "Cities"("Id", "RegionId", "Name") values (11683, 947, 'Tilburen');
insert into "Cities"("Id", "RegionId", "Name") values (11684, 958, 'Abra Vieja');
insert into "Cities"("Id", "RegionId", "Name") values (11685, 958, 'Valle Las Zapatas');
insert into "Cities"("Id", "RegionId", "Name") values (11686, 961, 'Манукау');
insert into "Cities"("Id", "RegionId", "Name") values (11687, 961, 'Окленд');
insert into "Regions"("Id", "CountryId", "Name") values (975, 135, 'Нумеа');
insert into "Cities"("Id", "RegionId", "Name") values (11688, 675, 'Alba');
insert into "Cities"("Id", "RegionId", "Name") values (11689, 675, 'Bossolasco');
insert into "Cities"("Id", "RegionId", "Name") values (11690, 675, 'Bra');
insert into "Cities"("Id", "RegionId", "Name") values (11691, 675, 'Cuneo');
insert into "Cities"("Id", "RegionId", "Name") values (11692, 675, 'Fossano');
insert into "Cities"("Id", "RegionId", "Name") values (11693, 675, 'Prazzo');
insert into "Cities"("Id", "RegionId", "Name") values (11694, 675, 'Villanova Mondov');
insert into "Cities"("Id", "RegionId", "Name") values (11695, 893, 'Veles');
insert into "Cities"("Id", "RegionId", "Name") values (11696, 916, 'Amatln');
insert into "Cities"("Id", "RegionId", "Name") values (11697, 916, 'Cuautla');
insert into "Cities"("Id", "RegionId", "Name") values (11698, 916, 'Cuernavaca');
insert into "Cities"("Id", "RegionId", "Name") values (11699, 916, 'Jiutepec');
insert into "Cities"("Id", "RegionId", "Name") values (11700, 948, '''''s-Heerenberg');
insert into "Cities"("Id", "RegionId", "Name") values (11701, 948, '''''t Loo');
insert into "Cities"("Id", "RegionId", "Name") values (11702, 948, 'Aalten');
insert into "Cities"("Id", "RegionId", "Name") values (11703, 948, 'Apeldoorn');
insert into "Cities"("Id", "RegionId", "Name") values (11704, 948, 'Arnheim');
insert into "Cities"("Id", "RegionId", "Name") values (11705, 948, 'Arnhem');
insert into "Cities"("Id", "RegionId", "Name") values (11706, 948, 'Barneveld');
insert into "Cities"("Id", "RegionId", "Name") values (11707, 948, 'Bennekom');
insert into "Cities"("Id", "RegionId", "Name") values (11708, 948, 'Brummen');
insert into "Cities"("Id", "RegionId", "Name") values (11709, 948, 'Idam');
insert into "Cities"("Id", "RegionId", "Name") values (11710, 948, 'Dieren');
insert into "Cities"("Id", "RegionId", "Name") values (11711, 948, 'Dinxperlo');
insert into "Cities"("Id", "RegionId", "Name") values (11712, 948, 'Doetinchem');
insert into "Cities"("Id", "RegionId", "Name") values (11713, 948, 'Ede');
insert into "Cities"("Id", "RegionId", "Name") values (11714, 948, 'Epe');
insert into "Cities"("Id", "RegionId", "Name") values (11715, 948, 'Geldermalsen');
insert into "Cities"("Id", "RegionId", "Name") values (11716, 948, 'Gendringen');
insert into "Cities"("Id", "RegionId", "Name") values (11717, 948, 'Haarlo');
insert into "Cities"("Id", "RegionId", "Name") values (11718, 948, 'Harderwijk');
insert into "Cities"("Id", "RegionId", "Name") values (11719, 948, 'Lochem');
insert into "Cities"("Id", "RegionId", "Name") values (11720, 948, 'Millingen aan de Rijn');
insert into "Cities"("Id", "RegionId", "Name") values (11721, 948, 'Nijkerk');
insert into "Cities"("Id", "RegionId", "Name") values (11722, 948, 'Nijmegen');
insert into "Cities"("Id", "RegionId", "Name") values (11723, 948, 'Nymegen');
insert into "Cities"("Id", "RegionId", "Name") values (11724, 948, 'Otterlo');
insert into "Cities"("Id", "RegionId", "Name") values (11725, 948, 'Rheden');
insert into "Cities"("Id", "RegionId", "Name") values (11726, 948, 'Terwolde');
insert into "Cities"("Id", "RegionId", "Name") values (11727, 948, 'Tiel');
insert into "Cities"("Id", "RegionId", "Name") values (11728, 948, 'Wageningen');
insert into "Cities"("Id", "RegionId", "Name") values (11729, 948, 'Wehl');
insert into "Cities"("Id", "RegionId", "Name") values (11730, 948, 'Wijchen');
insert into "Cities"("Id", "RegionId", "Name") values (11731, 948, 'Winterswijk');
insert into "Cities"("Id", "RegionId", "Name") values (11732, 948, 'Zevenaar');
insert into "Cities"("Id", "RegionId", "Name") values (11733, 948, 'Zutphen');
insert into "Cities"("Id", "RegionId", "Name") values (11734, 948, 'Zwolle');
insert into "Cities"("Id", "RegionId", "Name") values (11735, 959, 'Aduana');
insert into "Cities"("Id", "RegionId", "Name") values (11736, 959, 'Managua');
insert into "Cities"("Id", "RegionId", "Name") values (11737, 962, 'Роторуа');
insert into "Cities"("Id", "RegionId", "Name") values (11738, 962, 'Тауранга');
insert into "Cities"("Id", "RegionId", "Name") values (11739, 975, 'Нумеа');
insert into "Regions"("Id", "CountryId", "Name") values (976, 136, 'Akershus');
insert into "Regions"("Id", "CountryId", "Name") values (977, 136, 'Aust-Agder');
insert into "Regions"("Id", "CountryId", "Name") values (978, 136, 'Buskerud');
insert into "Regions"("Id", "CountryId", "Name") values (979, 136, 'Finnmark');
insert into "Regions"("Id", "CountryId", "Name") values (980, 136, 'Hedmark');
insert into "Regions"("Id", "CountryId", "Name") values (981, 136, 'Hordaland');
insert into "Regions"("Id", "CountryId", "Name") values (982, 136, 'More og Romsdal');
insert into "Regions"("Id", "CountryId", "Name") values (983, 136, 'None');
insert into "Regions"("Id", "CountryId", "Name") values (984, 136, 'Nord-Trondelag');
insert into "Regions"("Id", "CountryId", "Name") values (985, 136, 'Nordland');
insert into "Regions"("Id", "CountryId", "Name") values (986, 136, 'Oppland');
insert into "Regions"("Id", "CountryId", "Name") values (987, 136, 'Oslo');
insert into "Regions"("Id", "CountryId", "Name") values (988, 136, 'Ostfold');
insert into "Regions"("Id", "CountryId", "Name") values (989, 136, 'Rogaland');
insert into "Regions"("Id", "CountryId", "Name") values (990, 136, 'Sogn og Fjordane');
insert into "Regions"("Id", "CountryId", "Name") values (991, 136, 'Sor-Trondelag');
insert into "Regions"("Id", "CountryId", "Name") values (992, 136, 'Telemark');
insert into "Regions"("Id", "CountryId", "Name") values (993, 136, 'Troms');
insert into "Regions"("Id", "CountryId", "Name") values (994, 136, 'Vest-Agder');
insert into "Regions"("Id", "CountryId", "Name") values (995, 136, 'Vestfold');
insert into "Cities"("Id", "RegionId", "Name") values (11740, 676, 'Arona');
insert into "Cities"("Id", "RegionId", "Name") values (11741, 676, 'Borgomanero');
insert into "Cities"("Id", "RegionId", "Name") values (11742, 676, 'Invorio');
insert into "Cities"("Id", "RegionId", "Name") values (11743, 676, 'Nibbiola');
insert into "Cities"("Id", "RegionId", "Name") values (11744, 676, 'Novara');
insert into "Cities"("Id", "RegionId", "Name") values (11745, 676, 'Oleggio');
insert into "Cities"("Id", "RegionId", "Name") values (11746, 917, 'Tepic');
insert into "Cities"("Id", "RegionId", "Name") values (11747, 949, 'Aalsum');
insert into "Cities"("Id", "RegionId", "Name") values (11748, 949, 'Amsweer');
insert into "Cities"("Id", "RegionId", "Name") values (11749, 949, 'Beerta');
insert into "Cities"("Id", "RegionId", "Name") values (11750, 949, 'Delfzijl');
insert into "Cities"("Id", "RegionId", "Name") values (11751, 949, 'Enum');
insert into "Cities"("Id", "RegionId", "Name") values (11752, 949, 'Groningen');
insert into "Cities"("Id", "RegionId", "Name") values (11753, 949, 'Winschoten');
insert into "Cities"("Id", "RegionId", "Name") values (11754, 960, 'La Fe');
insert into "Cities"("Id", "RegionId", "Name") values (11755, 963, 'Крайстчерч');
insert into "Cities"("Id", "RegionId", "Name") values (11756, 963, 'Тимару');
insert into "Cities"("Id", "RegionId", "Name") values (11757, 976, 'Aamot');
insert into "Cities"("Id", "RegionId", "Name") values (11758, 976, 's');
insert into "Cities"("Id", "RegionId", "Name") values (11759, 976, 'Asker');
insert into "Cities"("Id", "RegionId", "Name") values (11760, 976, 'Brums Verk');
insert into "Cities"("Id", "RegionId", "Name") values (11761, 976, 'Berger');
insert into "Cities"("Id", "RegionId", "Name") values (11762, 976, 'Braate');
insert into "Cities"("Id", "RegionId", "Name") values (11763, 976, 'Dokke');
insert into "Cities"("Id", "RegionId", "Name") values (11764, 976, 'Drbak');
insert into "Cities"("Id", "RegionId", "Name") values (11765, 976, 'Idsvoll');
insert into "Cities"("Id", "RegionId", "Name") values (11766, 976, 'Idsvoll Verk');
insert into "Cities"("Id", "RegionId", "Name") values (11767, 976, 'Fagernes');
insert into "Cities"("Id", "RegionId", "Name") values (11768, 976, 'Fetsund');
insert into "Cities"("Id", "RegionId", "Name") values (11769, 976, 'Fosser');
insert into "Cities"("Id", "RegionId", "Name") values (11770, 976, 'Gardermoen');
insert into "Cities"("Id", "RegionId", "Name") values (11771, 976, 'Hvik');
insert into "Cities"("Id", "RegionId", "Name") values (11772, 976, 'Jessheim');
insert into "Cities"("Id", "RegionId", "Name") values (11773, 976, 'Klofta');
insert into "Cities"("Id", "RegionId", "Name") values (11774, 976, 'Lillestrm');
insert into "Cities"("Id", "RegionId", "Name") values (11775, 976, 'Mo');
insert into "Cities"("Id", "RegionId", "Name") values (11776, 976, 'Sandvika');
insert into "Cities"("Id", "RegionId", "Name") values (11777, 976, 'Sandviken');
insert into "Cities"("Id", "RegionId", "Name") values (11778, 976, 'Ski');
insert into "Cities"("Id", "RegionId", "Name") values (11779, 976, 'Son');
insert into "Cities"("Id", "RegionId", "Name") values (11780, 976, 'Stabekk');
insert into "Cities"("Id", "RegionId", "Name") values (11781, 976, 'Strmmen');
insert into "Cities"("Id", "RegionId", "Name") values (11782, 976, 'Vormsund');
insert into "Regions"("Id", "CountryId", "Name") values (996, 137, 'Кингстон');
insert into "Cities"("Id", "RegionId", "Name") values (11783, 677, 'Albiano d''''Ivrea');
insert into "Cities"("Id", "RegionId", "Name") values (11784, 677, 'Bollengo');
insert into "Cities"("Id", "RegionId", "Name") values (11785, 677, 'Carmagnola');
insert into "Cities"("Id", "RegionId", "Name") values (11786, 677, 'Castellamonte');
insert into "Cities"("Id", "RegionId", "Name") values (11787, 677, 'Chivasso');
insert into "Cities"("Id", "RegionId", "Name") values (11788, 677, 'Ivrea');
insert into "Cities"("Id", "RegionId", "Name") values (11789, 677, 'La Loggia');
insert into "Cities"("Id", "RegionId", "Name") values (11790, 677, 'Macello');
insert into "Cities"("Id", "RegionId", "Name") values (11791, 677, 'Pianezza');
insert into "Cities"("Id", "RegionId", "Name") values (11792, 677, 'Pinerolo');
insert into "Cities"("Id", "RegionId", "Name") values (11793, 677, 'Rivalta di Torino');
insert into "Cities"("Id", "RegionId", "Name") values (11794, 677, 'Settimo Torinese');
insert into "Cities"("Id", "RegionId", "Name") values (11795, 677, 'Torino');
insert into "Cities"("Id", "RegionId", "Name") values (11796, 918, 'Ro Verde');
insert into "Cities"("Id", "RegionId", "Name") values (11797, 950, 'Aan de School');
insert into "Cities"("Id", "RegionId", "Name") values (11798, 950, 'Aasterberg');
insert into "Cities"("Id", "RegionId", "Name") values (11799, 950, 'Afhang');
insert into "Cities"("Id", "RegionId", "Name") values (11800, 950, 'Amstenrade');
insert into "Cities"("Id", "RegionId", "Name") values (11801, 950, 'Baexem');
insert into "Cities"("Id", "RegionId", "Name") values (11802, 950, 'Beesel');
insert into "Cities"("Id", "RegionId", "Name") values (11803, 950, 'Broekhoven');
insert into "Cities"("Id", "RegionId", "Name") values (11804, 950, 'Echt');
insert into "Cities"("Id", "RegionId", "Name") values (11805, 950, 'Eisden');
insert into "Cities"("Id", "RegionId", "Name") values (11806, 950, 'Geleen');
insert into "Cities"("Id", "RegionId", "Name") values (11807, 950, 'Haag');
insert into "Cities"("Id", "RegionId", "Name") values (11808, 950, 'Heerlen');
insert into "Cities"("Id", "RegionId", "Name") values (11809, 950, 'Hees');
insert into "Cities"("Id", "RegionId", "Name") values (11810, 950, 'Heythuysen');
insert into "Cities"("Id", "RegionId", "Name") values (11811, 950, 'Kelmond');
insert into "Cities"("Id", "RegionId", "Name") values (11812, 950, 'Kerkrade');
insert into "Cities"("Id", "RegionId", "Name") values (11813, 950, 'Limbricht');
insert into "Cities"("Id", "RegionId", "Name") values (11814, 950, 'Maasbracht');
insert into "Cities"("Id", "RegionId", "Name") values (11815, 950, 'Maastricht');
insert into "Cities"("Id", "RegionId", "Name") values (11816, 950, 'Maestricht');
insert into "Cities"("Id", "RegionId", "Name") values (11817, 950, 'Roermond');
insert into "Cities"("Id", "RegionId", "Name") values (11818, 950, 'SchIde');
insert into "Cities"("Id", "RegionId", "Name") values (11819, 950, 'Sittard');
insert into "Cities"("Id", "RegionId", "Name") values (11820, 950, 'Swalmen');
insert into "Cities"("Id", "RegionId", "Name") values (11821, 950, 'Vaals');
insert into "Cities"("Id", "RegionId", "Name") values (11822, 950, 'Valkenburg');
insert into "Cities"("Id", "RegionId", "Name") values (11823, 950, 'Venlo');
insert into "Cities"("Id", "RegionId", "Name") values (11824, 950, 'Venray');
insert into "Cities"("Id", "RegionId", "Name") values (11825, 950, 'Weert');
insert into "Cities"("Id", "RegionId", "Name") values (11826, 950, 'Wyck');
insert into "Cities"("Id", "RegionId", "Name") values (11827, 964, 'Гисборн');
insert into "Cities"("Id", "RegionId", "Name") values (11828, 977, 'Aapaasdal');
insert into "Cities"("Id", "RegionId", "Name") values (11829, 977, 'Arendal');
insert into "Cities"("Id", "RegionId", "Name") values (11830, 977, 'Arnevik');
insert into "Cities"("Id", "RegionId", "Name") values (11831, 977, 'Froland');
insert into "Cities"("Id", "RegionId", "Name") values (11832, 977, 'Grimstad');
insert into "Cities"("Id", "RegionId", "Name") values (11833, 977, 'Tvedestrand');
insert into "Cities"("Id", "RegionId", "Name") values (11834, 996, 'Кингстон');
insert into "Regions"("Id", "CountryId", "Name") values (997, 138, 'Абу Даби');
insert into "Regions"("Id", "CountryId", "Name") values (998, 138, 'Дубаи');
insert into "Cities"("Id", "RegionId", "Name") values (11835, 678, 'Domodossola');
insert into "Cities"("Id", "RegionId", "Name") values (11836, 678, 'Gravellona Toce');
insert into "Cities"("Id", "RegionId", "Name") values (11837, 678, 'Stresa');
insert into "Cities"("Id", "RegionId", "Name") values (11838, 678, 'Verbania');
insert into "Cities"("Id", "RegionId", "Name") values (11839, 919, 'Cadereyta');
insert into "Cities"("Id", "RegionId", "Name") values (11840, 919, 'Apodaca');
insert into "Cities"("Id", "RegionId", "Name") values (11841, 919, 'Monterrey');
insert into "Cities"("Id", "RegionId", "Name") values (11842, 919, 'Nogales');
insert into "Cities"("Id", "RegionId", "Name") values (11843, 919, 'San Nicols de los Garza');
insert into "Cities"("Id", "RegionId", "Name") values (11844, 919, 'Santa Catarina');
insert into "Cities"("Id", "RegionId", "Name") values (11845, 951, '''''s Bosch');
insert into "Cities"("Id", "RegionId", "Name") values (11846, 951, '''''s-Hertogenbosch');
insert into "Cities"("Id", "RegionId", "Name") values (11847, 951, '''''t Hout');
insert into "Cities"("Id", "RegionId", "Name") values (11848, 951, 'Aalst');
insert into "Cities"("Id", "RegionId", "Name") values (11849, 951, 'Amsteleind');
insert into "Cities"("Id", "RegionId", "Name") values (11850, 951, 'Bakel');
insert into "Cities"("Id", "RegionId", "Name") values (11851, 951, 'Bergen op Zoom');
insert into "Cities"("Id", "RegionId", "Name") values (11852, 951, 'Best');
insert into "Cities"("Id", "RegionId", "Name") values (11853, 951, 'Boxmeer');
insert into "Cities"("Id", "RegionId", "Name") values (11854, 951, 'Breda');
insert into "Cities"("Id", "RegionId", "Name") values (11855, 951, 'Den Bosch');
insert into "Cities"("Id", "RegionId", "Name") values (11856, 951, 'Dongen');
insert into "Cities"("Id", "RegionId", "Name") values (11857, 951, 'Duizel');
insert into "Cities"("Id", "RegionId", "Name") values (11858, 951, 'Eiland');
insert into "Cities"("Id", "RegionId", "Name") values (11859, 951, 'Eindhoven');
insert into "Cities"("Id", "RegionId", "Name") values (11860, 951, 'Etten');
insert into "Cities"("Id", "RegionId", "Name") values (11861, 951, 'Gement');
insert into "Cities"("Id", "RegionId", "Name") values (11862, 951, 'Helmond');
insert into "Cities"("Id", "RegionId", "Name") values (11863, 951, 'Hertogenbosch');
insert into "Cities"("Id", "RegionId", "Name") values (11864, 951, 'Katwijk');
insert into "Cities"("Id", "RegionId", "Name") values (11865, 951, 'Mierlo');
insert into "Cities"("Id", "RegionId", "Name") values (11866, 951, 'Oss');
insert into "Cities"("Id", "RegionId", "Name") values (11867, 951, 'Oudenbosch');
insert into "Cities"("Id", "RegionId", "Name") values (11868, 951, 'Overloon');
insert into "Cities"("Id", "RegionId", "Name") values (11869, 951, 'Rijen');
insert into "Cities"("Id", "RegionId", "Name") values (11870, 951, 'Roosendaal');
insert into "Cities"("Id", "RegionId", "Name") values (11871, 951, 'Tilburg');
insert into "Cities"("Id", "RegionId", "Name") values (11872, 951, 'Trent');
insert into "Cities"("Id", "RegionId", "Name") values (11873, 951, 'Uden');
insert into "Cities"("Id", "RegionId", "Name") values (11874, 951, 'Veghel');
insert into "Cities"("Id", "RegionId", "Name") values (11875, 965, 'Вангануи');
insert into "Cities"("Id", "RegionId", "Name") values (11876, 965, 'Палмерстон-Норт');
insert into "Cities"("Id", "RegionId", "Name") values (11877, 978, 'Aamot');
insert into "Cities"("Id", "RegionId", "Name") values (11878, 978, 'Amot-Modum');
insert into "Cities"("Id", "RegionId", "Name") values (11879, 978, 'Austvoll');
insert into "Cities"("Id", "RegionId", "Name") values (11880, 978, 'Drammen');
insert into "Cities"("Id", "RegionId", "Name") values (11881, 978, 'Geilo');
insert into "Cities"("Id", "RegionId", "Name") values (11882, 978, 'Gol');
insert into "Cities"("Id", "RegionId", "Name") values (11883, 978, 'Hemsedal');
insert into "Cities"("Id", "RegionId", "Name") values (11884, 978, 'Holmsbu');
insert into "Cities"("Id", "RegionId", "Name") values (11885, 978, 'Hnefoss');
insert into "Cities"("Id", "RegionId", "Name") values (11886, 978, 'Kongsberg');
insert into "Cities"("Id", "RegionId", "Name") values (11887, 978, 'Noresund');
insert into "Cities"("Id", "RegionId", "Name") values (11888, 978, 'Uvdal');
insert into "Cities"("Id", "RegionId", "Name") values (11889, 978, 'Vestfossen');
insert into "Cities"("Id", "RegionId", "Name") values (11890, 978, 'Vik');
insert into "Cities"("Id", "RegionId", "Name") values (11891, 978, 'Vikersund');
insert into "Cities"("Id", "RegionId", "Name") values (11892, 997, 'Абу Даби');
insert into "Regions"("Id", "CountryId", "Name") values (999, 139, 'Оман');
insert into "Cities"("Id", "RegionId", "Name") values (11893, 679, 'Borgosesia');
insert into "Cities"("Id", "RegionId", "Name") values (11894, 679, 'Vercelli');
insert into "Cities"("Id", "RegionId", "Name") values (11895, 920, 'Jurez');
insert into "Cities"("Id", "RegionId", "Name") values (11896, 920, 'Juchitn de Zaragoza');
insert into "Cities"("Id", "RegionId", "Name") values (11897, 920, 'San Felipe del Agua');
insert into "Cities"("Id", "RegionId", "Name") values (11898, 920, 'Tezonapa');
insert into "Cities"("Id", "RegionId", "Name") values (11899, 920, 'Zoquiapam');
insert into "Cities"("Id", "RegionId", "Name") values (11900, 952, 'Aalsmeer');
insert into "Cities"("Id", "RegionId", "Name") values (11901, 952, 'Akersloot');
insert into "Cities"("Id", "RegionId", "Name") values (11902, 952, 'Alkmaar');
insert into "Cities"("Id", "RegionId", "Name") values (11903, 952, 'Amstelveen');
insert into "Cities"("Id", "RegionId", "Name") values (11904, 952, 'Amsterdam');
insert into "Cities"("Id", "RegionId", "Name") values (11905, 952, 'Bergen');
insert into "Cities"("Id", "RegionId", "Name") values (11906, 952, 'Beverwijk');
insert into "Cities"("Id", "RegionId", "Name") values (11907, 952, 'Bovenkerk');
insert into "Cities"("Id", "RegionId", "Name") values (11908, 952, 'Bussum');
insert into "Cities"("Id", "RegionId", "Name") values (11909, 952, 'De Haal');
insert into "Cities"("Id", "RegionId", "Name") values (11910, 952, 'De Strook');
insert into "Cities"("Id", "RegionId", "Name") values (11911, 952, 'Den Helder');
insert into "Cities"("Id", "RegionId", "Name") values (11912, 952, 'Der Helder');
insert into "Cities"("Id", "RegionId", "Name") values (11913, 952, 'Egmond aan Zee');
insert into "Cities"("Id", "RegionId", "Name") values (11914, 952, 'Enkhuizen');
insert into "Cities"("Id", "RegionId", "Name") values (11915, 952, 'Haarlem');
insert into "Cities"("Id", "RegionId", "Name") values (11916, 952, 'Hilversum');
insert into "Cities"("Id", "RegionId", "Name") values (11917, 952, 'Hoofddorp');
insert into "Cities"("Id", "RegionId", "Name") values (11918, 952, 'Hoorn');
insert into "Cities"("Id", "RegionId", "Name") values (11919, 952, 'Huizen');
insert into "Cities"("Id", "RegionId", "Name") values (11920, 952, 'IJmIden');
insert into "Cities"("Id", "RegionId", "Name") values (11921, 952, 'Laren');
insert into "Cities"("Id", "RegionId", "Name") values (11922, 952, 'Medemblik');
insert into "Cities"("Id", "RegionId", "Name") values (11923, 952, 'Naarden');
insert into "Cities"("Id", "RegionId", "Name") values (11924, 952, 'Schagen');
insert into "Cities"("Id", "RegionId", "Name") values (11925, 952, 'Verloren Einde');
insert into "Cities"("Id", "RegionId", "Name") values (11926, 952, 'Weesp');
insert into "Cities"("Id", "RegionId", "Name") values (11927, 952, 'Zaandam');
insert into "Cities"("Id", "RegionId", "Name") values (11928, 952, 'Zaanstad');
insert into "Cities"("Id", "RegionId", "Name") values (11929, 952, 'Zandvoort');
insert into "Cities"("Id", "RegionId", "Name") values (11930, 952, 'Zwaagdijk');
insert into "Cities"("Id", "RegionId", "Name") values (11931, 966, 'Бленхейм');
insert into "Cities"("Id", "RegionId", "Name") values (11932, 979, 'Akkerfjorden');
insert into "Cities"("Id", "RegionId", "Name") values (11933, 979, 'Alta');
insert into "Cities"("Id", "RegionId", "Name") values (11934, 979, 'Btsfjord');
insert into "Cities"("Id", "RegionId", "Name") values (11935, 979, 'Hammerfest');
insert into "Cities"("Id", "RegionId", "Name") values (11936, 979, 'Hammernes');
insert into "Cities"("Id", "RegionId", "Name") values (11937, 979, 'Havysund');
insert into "Cities"("Id", "RegionId", "Name") values (11938, 979, 'Karasjok');
insert into "Cities"("Id", "RegionId", "Name") values (11939, 979, 'Kirkenes');
insert into "Cities"("Id", "RegionId", "Name") values (11940, 979, 'Kjs');
insert into "Cities"("Id", "RegionId", "Name") values (11941, 979, 'Korsnes');
insert into "Cities"("Id", "RegionId", "Name") values (11942, 979, 'Lakselv');
insert into "Cities"("Id", "RegionId", "Name") values (11943, 979, 'Langenes');
insert into "Cities"("Id", "RegionId", "Name") values (11944, 979, 'Masi');
insert into "Cities"("Id", "RegionId", "Name") values (11945, 979, 'Mehamn');
insert into "Cities"("Id", "RegionId", "Name") values (11946, 979, 'SIda');
insert into "Cities"("Id", "RegionId", "Name") values (11947, 979, 'Tmmervik');
insert into "Cities"("Id", "RegionId", "Name") values (11948, 979, 'Vads');
insert into "Cities"("Id", "RegionId", "Name") values (11949, 998, 'Дубаи');
insert into "Cities"("Id", "RegionId", "Name") values (11950, 999, 'Маскат');
insert into "Cities"("Id", "RegionId", "Name") values (11951, 999, 'Салала');
insert into "Cities"("Id", "RegionId", "Name") values (11952, 999, 'Сур');
insert into "Regions"("Id", "CountryId", "Name") values (1000, 140, 'Пакистан');
insert into "Cities"("Id", "RegionId", "Name") values (11953, 680, 'Acquaviva delle Fonti');
insert into "Cities"("Id", "RegionId", "Name") values (11954, 680, 'Altamura');
insert into "Cities"("Id", "RegionId", "Name") values (11955, 680, 'Andria');
insert into "Cities"("Id", "RegionId", "Name") values (11956, 680, 'Bari');
insert into "Cities"("Id", "RegionId", "Name") values (11957, 680, 'Casamassima');
insert into "Cities"("Id", "RegionId", "Name") values (11958, 680, 'Modugno');
insert into "Cities"("Id", "RegionId", "Name") values (11959, 680, 'Valenzano');
insert into "Cities"("Id", "RegionId", "Name") values (11960, 921, 'Puebla');
insert into "Cities"("Id", "RegionId", "Name") values (11961, 921, 'Puebla de los Angeles');
insert into "Cities"("Id", "RegionId", "Name") values (11962, 921, 'Xicotepec de Jurez');
insert into "Cities"("Id", "RegionId", "Name") values (11963, 953, '''''t Klooster');
insert into "Cities"("Id", "RegionId", "Name") values (11964, 953, 'Almelo');
insert into "Cities"("Id", "RegionId", "Name") values (11965, 953, 'Dedemsvaart');
insert into "Cities"("Id", "RegionId", "Name") values (11966, 953, 'Deventer');
insert into "Cities"("Id", "RegionId", "Name") values (11967, 953, 'Elsen');
insert into "Cities"("Id", "RegionId", "Name") values (11968, 953, 'Enschede');
insert into "Cities"("Id", "RegionId", "Name") values (11969, 953, 'Goor');
insert into "Cities"("Id", "RegionId", "Name") values (11970, 953, 'Hardenberg');
insert into "Cities"("Id", "RegionId", "Name") values (11971, 953, 'Hengelo');
insert into "Cities"("Id", "RegionId", "Name") values (11972, 953, 'Kampen');
insert into "Cities"("Id", "RegionId", "Name") values (11973, 953, 'Oldenzaal');
insert into "Cities"("Id", "RegionId", "Name") values (11974, 953, 'Vroomshoop');
insert into "Cities"("Id", "RegionId", "Name") values (11975, 953, 'Zwolle');
insert into "Cities"("Id", "RegionId", "Name") values (11976, 967, 'Нельсон');
insert into "Cities"("Id", "RegionId", "Name") values (11977, 980, 'Aakre');
insert into "Cities"("Id", "RegionId", "Name") values (11978, 980, 'Berger');
insert into "Cities"("Id", "RegionId", "Name") values (11979, 980, 'Breen');
insert into "Cities"("Id", "RegionId", "Name") values (11980, 980, 'Brumunddal');
insert into "Cities"("Id", "RegionId", "Name") values (11981, 980, 'Drevsj');
insert into "Cities"("Id", "RegionId", "Name") values (11982, 980, 'Elverum');
insert into "Cities"("Id", "RegionId", "Name") values (11983, 980, 'Hamar');
insert into "Cities"("Id", "RegionId", "Name") values (11984, 980, 'Rena');
insert into "Cities"("Id", "RegionId", "Name") values (11985, 980, 'Trysil');
insert into "Cities"("Id", "RegionId", "Name") values (11986, 1000, 'Исламабад');
insert into "Cities"("Id", "RegionId", "Name") values (11987, 1000, 'Карачи');
insert into "Cities"("Id", "RegionId", "Name") values (11988, 1000, 'Лахоре');
insert into "Regions"("Id", "CountryId", "Name") values (1001, 141, 'Chiriqu');
insert into "Regions"("Id", "CountryId", "Name") values (1002, 141, 'Cocl');
insert into "Regions"("Id", "CountryId", "Name") values (1003, 141, 'Herrera');
insert into "Regions"("Id", "CountryId", "Name") values (1004, 141, 'Los Santos');
insert into "Regions"("Id", "CountryId", "Name") values (1005, 141, 'Panam');
insert into "Cities"("Id", "RegionId", "Name") values (11989, 681, 'Brindisi');
insert into "Cities"("Id", "RegionId", "Name") values (11990, 681, 'Ostuni');
insert into "Cities"("Id", "RegionId", "Name") values (11991, 922, 'Amoles');
insert into "Cities"("Id", "RegionId", "Name") values (11992, 922, 'Quertaro');
insert into "Cities"("Id", "RegionId", "Name") values (11993, 954, '''''t Gooi');
insert into "Cities"("Id", "RegionId", "Name") values (11994, 954, '''''t Waal');
insert into "Cities"("Id", "RegionId", "Name") values (11995, 954, 'Achterbos');
insert into "Cities"("Id", "RegionId", "Name") values (11996, 954, 'Achthoven');
insert into "Cities"("Id", "RegionId", "Name") values (11997, 954, 'Achttienhoven');
insert into "Cities"("Id", "RegionId", "Name") values (11998, 954, 'Amerongen');
insert into "Cities"("Id", "RegionId", "Name") values (11999, 954, 'Amersfoort');
insert into "Cities"("Id", "RegionId", "Name") values (12000, 954, 'Baarn');
insert into "Cities"("Id", "RegionId", "Name") values (12001, 954, 'Birk');
insert into "Cities"("Id", "RegionId", "Name") values (12002, 954, 'Blokland');
insert into "Cities"("Id", "RegionId", "Name") values (12003, 954, 'De Bilt');
insert into "Cities"("Id", "RegionId", "Name") values (12004, 954, 'Den Bosch');
insert into "Cities"("Id", "RegionId", "Name") values (12005, 954, 'Lage WIde');
insert into "Cities"("Id", "RegionId", "Name") values (12006, 954, 'Lopik');
insert into "Cities"("Id", "RegionId", "Name") values (12007, 954, 'Maarssen');
insert into "Cities"("Id", "RegionId", "Name") values (12008, 954, 'Maarssenbroek');
insert into "Cities"("Id", "RegionId", "Name") values (12009, 954, 'Meern');
insert into "Cities"("Id", "RegionId", "Name") values (12010, 954, 'Mijdrecht');
insert into "Cities"("Id", "RegionId", "Name") values (12011, 954, 'Nieuwegein');
insert into "Cities"("Id", "RegionId", "Name") values (12012, 954, 'Nijenheim');
insert into "Cities"("Id", "RegionId", "Name") values (12013, 954, 'Utrecht');
insert into "Cities"("Id", "RegionId", "Name") values (12014, 954, 'Veenendaal');
insert into "Cities"("Id", "RegionId", "Name") values (12015, 954, 'Venendaal');
insert into "Cities"("Id", "RegionId", "Name") values (12016, 954, 'Zandvoort');
insert into "Cities"("Id", "RegionId", "Name") values (12017, 954, 'Zeist');
insert into "Cities"("Id", "RegionId", "Name") values (12018, 968, 'Вангарей');
insert into "Cities"("Id", "RegionId", "Name") values (12019, 981, 'Aakre');
insert into "Cities"("Id", "RegionId", "Name") values (12020, 981, 'Aarvik');
insert into "Cities"("Id", "RegionId", "Name") values (12021, 981, 'Austevoll');
insert into "Cities"("Id", "RegionId", "Name") values (12022, 981, 'Bergen');
insert into "Cities"("Id", "RegionId", "Name") values (12023, 981, 'Bogo');
insert into "Cities"("Id", "RegionId", "Name") values (12024, 981, 'Bmlo');
insert into "Cities"("Id", "RegionId", "Name") values (12025, 981, 'Bruvik');
insert into "Cities"("Id", "RegionId", "Name") values (12026, 981, 'Eikemofoss');
insert into "Cities"("Id", "RegionId", "Name") values (12027, 981, 'Etne');
insert into "Cities"("Id", "RegionId", "Name") values (12028, 981, 'Fedje');
insert into "Cities"("Id", "RegionId", "Name") values (12029, 981, 'Fitjar');
insert into "Cities"("Id", "RegionId", "Name") values (12030, 981, 'Haganes');
insert into "Cities"("Id", "RegionId", "Name") values (12031, 981, 'Hellesy');
insert into "Cities"("Id", "RegionId", "Name") values (12032, 981, 'Leirvik');
insert into "Cities"("Id", "RegionId", "Name") values (12033, 981, 'Nordheimsund');
insert into "Cities"("Id", "RegionId", "Name") values (12034, 981, 'len');
insert into "Cities"("Id", "RegionId", "Name") values (12035, 981, 'Rosendal');
insert into "Cities"("Id", "RegionId", "Name") values (12036, 981, 'Stord Island');
insert into "Cities"("Id", "RegionId", "Name") values (12037, 1001, 'DaId');
insert into "Regions"("Id", "CountryId", "Name") values (1006, 142, 'Папуа Новая Гвинея');
insert into "Cities"("Id", "RegionId", "Name") values (12038, 682, 'Apricena');
insert into "Cities"("Id", "RegionId", "Name") values (12039, 682, 'Cerignola');
insert into "Cities"("Id", "RegionId", "Name") values (12040, 682, 'Foggia');
insert into "Cities"("Id", "RegionId", "Name") values (12041, 682, 'Manfredonia');
insert into "Cities"("Id", "RegionId", "Name") values (12042, 682, 'San Severo');
insert into "Cities"("Id", "RegionId", "Name") values (12043, 682, 'Stornarella');
insert into "Cities"("Id", "RegionId", "Name") values (12044, 682, 'Vieste');
insert into "Cities"("Id", "RegionId", "Name") values (12045, 923, 'Cafetal');
insert into "Cities"("Id", "RegionId", "Name") values (12046, 923, 'Cancn');
insert into "Cities"("Id", "RegionId", "Name") values (12047, 955, 'Abtsdale');
insert into "Cities"("Id", "RegionId", "Name") values (12048, 955, 'Aksel');
insert into "Cities"("Id", "RegionId", "Name") values (12049, 955, 'Axel');
insert into "Cities"("Id", "RegionId", "Name") values (12050, 955, 'Biervliet');
insert into "Cities"("Id", "RegionId", "Name") values (12051, 955, 'Eede');
insert into "Cities"("Id", "RegionId", "Name") values (12052, 955, 'Goes');
insert into "Cities"("Id", "RegionId", "Name") values (12053, 955, 'Kapelle');
insert into "Cities"("Id", "RegionId", "Name") values (12054, 955, 'Kloosterzande');
insert into "Cities"("Id", "RegionId", "Name") values (12055, 955, 'Koekoek');
insert into "Cities"("Id", "RegionId", "Name") values (12056, 955, 'Iddelburg');
insert into "Cities"("Id", "RegionId", "Name") values (12057, 955, 'Renesse');
insert into "Cities"("Id", "RegionId", "Name") values (12058, 955, 'Sas van Gent');
insert into "Cities"("Id", "RegionId", "Name") values (12059, 955, 'Terneuzen');
insert into "Cities"("Id", "RegionId", "Name") values (12060, 955, 'Vlissingen');
insert into "Cities"("Id", "RegionId", "Name") values (12061, 955, 'Zieriksee');
insert into "Cities"("Id", "RegionId", "Name") values (12062, 955, 'Zwartenhoek');
insert into "Cities"("Id", "RegionId", "Name") values (12063, 969, 'Дунедин');
insert into "Cities"("Id", "RegionId", "Name") values (12064, 982, 'Aalesund');
insert into "Cities"("Id", "RegionId", "Name") values (12065, 982, 'lesund');
insert into "Cities"("Id", "RegionId", "Name") values (12066, 982, 'Bud');
insert into "Cities"("Id", "RegionId", "Name") values (12067, 982, 'Farstad');
insert into "Cities"("Id", "RegionId", "Name") values (12068, 982, 'HarId');
insert into "Cities"("Id", "RegionId", "Name") values (12069, 982, 'Kristiansund');
insert into "Cities"("Id", "RegionId", "Name") values (12070, 982, 'Kristiansund Nord');
insert into "Cities"("Id", "RegionId", "Name") values (12071, 982, 'Molde');
insert into "Cities"("Id", "RegionId", "Name") values (12072, 982, 'Skinnes');
insert into "Cities"("Id", "RegionId", "Name") values (12073, 982, 'Skodje');
insert into "Cities"("Id", "RegionId", "Name") values (12074, 982, 'Sunndalsra');
insert into "Cities"("Id", "RegionId", "Name") values (12075, 982, 'Tennfjord');
insert into "Cities"("Id", "RegionId", "Name") values (12076, 982, 'Tomra');
insert into "Cities"("Id", "RegionId", "Name") values (12077, 982, 'Ulsteinvik');
insert into "Cities"("Id", "RegionId", "Name") values (12078, 982, 'Vik');
insert into "Cities"("Id", "RegionId", "Name") values (12079, 982, 'Vikebukt');
insert into "Cities"("Id", "RegionId", "Name") values (12080, 1002, 'Albina');
insert into "Cities"("Id", "RegionId", "Name") values (12081, 1002, 'El Olivo');
insert into "Cities"("Id", "RegionId", "Name") values (12082, 1006, 'Порт-Морсби');
insert into "Cities"("Id", "RegionId", "Name") values (12083, 1006, 'Рабаул');
insert into "Regions"("Id", "CountryId", "Name") values (1007, 143, 'Alto Paran');
insert into "Regions"("Id", "CountryId", "Name") values (1008, 143, 'Central');
insert into "Regions"("Id", "CountryId", "Name") values (1009, 143, 'Cordillera');
insert into "Regions"("Id", "CountryId", "Name") values (1010, 143, 'Paraguar');
insert into "Regions"("Id", "CountryId", "Name") values (1011, 143, 'San Pedro');
insert into "Cities"("Id", "RegionId", "Name") values (12084, 683, 'Gallipoli');
insert into "Cities"("Id", "RegionId", "Name") values (12085, 683, 'Lecce');
insert into "Cities"("Id", "RegionId", "Name") values (12086, 683, 'Muro Leccese');
insert into "Cities"("Id", "RegionId", "Name") values (12087, 924, 'Ciudad Fernndez');
insert into "Cities"("Id", "RegionId", "Name") values (12088, 924, 'San Luis Potos');
insert into "Cities"("Id", "RegionId", "Name") values (12089, 924, 'San Luisito');
insert into "Cities"("Id", "RegionId", "Name") values (12090, 924, 'Valles');
insert into "Cities"("Id", "RegionId", "Name") values (12091, 956, '''''s-Gravenhage');
insert into "Cities"("Id", "RegionId", "Name") values (12092, 956, '''''s-Gravenzande');
insert into "Cities"("Id", "RegionId", "Name") values (12093, 956, 'Achterbroek');
insert into "Cities"("Id", "RegionId", "Name") values (12094, 956, 'Alphen aan den Rijn');
insert into "Cities"("Id", "RegionId", "Name") values (12095, 956, 'Bleskensgraaf');
insert into "Cities"("Id", "RegionId", "Name") values (12096, 956, 'Brielle');
insert into "Cities"("Id", "RegionId", "Name") values (12097, 956, 'Capelle-West');
insert into "Cities"("Id", "RegionId", "Name") values (12098, 956, 'De Hagen');
insert into "Cities"("Id", "RegionId", "Name") values (12099, 956, 'Delft');
insert into "Cities"("Id", "RegionId", "Name") values (12100, 956, 'Den Haag');
insert into "Cities"("Id", "RegionId", "Name") values (12101, 956, 'Den Hoorn');
insert into "Cities"("Id", "RegionId", "Name") values (12102, 956, 'Dordrecht');
insert into "Cities"("Id", "RegionId", "Name") values (12103, 956, 'Dordt');
insert into "Cities"("Id", "RegionId", "Name") values (12104, 956, 'Duinzigt');
insert into "Cities"("Id", "RegionId", "Name") values (12105, 956, 'Gorinchem');
insert into "Cities"("Id", "RegionId", "Name") values (12106, 956, 'Gouda');
insert into "Cities"("Id", "RegionId", "Name") values (12107, 956, 'Haag');
insert into "Cities"("Id", "RegionId", "Name") values (12108, 956, 'Hellevoetsluis');
insert into "Cities"("Id", "RegionId", "Name") values (12109, 956, 'Katwijk');
insert into "Cities"("Id", "RegionId", "Name") values (12110, 956, 'Katwijk aan den Rijn');
insert into "Cities"("Id", "RegionId", "Name") values (12111, 956, 'Katwijk aan Zee');
insert into "Cities"("Id", "RegionId", "Name") values (12112, 956, 'LIden');
insert into "Cities"("Id", "RegionId", "Name") values (12113, 956, 'LIdschendam');
insert into "Cities"("Id", "RegionId", "Name") values (12114, 956, 'LeimIden');
insert into "Cities"("Id", "RegionId", "Name") values (12115, 956, 'Leyden');
insert into "Cities"("Id", "RegionId", "Name") values (12116, 956, 'Lisse');
insert into "Cities"("Id", "RegionId", "Name") values (12117, 956, 'Iddelburg');
insert into "Cities"("Id", "RegionId", "Name") values (12118, 956, 'Naaldwijk');
insert into "Cities"("Id", "RegionId", "Name") values (12119, 956, 'Noordwijk');
insert into "Cities"("Id", "RegionId", "Name") values (12120, 956, 'Rhoon');
insert into "Cities"("Id", "RegionId", "Name") values (12121, 956, 'Rijndijk');
insert into "Cities"("Id", "RegionId", "Name") values (12122, 956, 'Rijswijk');
insert into "Cities"("Id", "RegionId", "Name") values (12123, 956, 'Rokanje');
insert into "Cities"("Id", "RegionId", "Name") values (12124, 956, 'Rotterdam');
insert into "Cities"("Id", "RegionId", "Name") values (12125, 956, 'Rozendaal');
insert into "Cities"("Id", "RegionId", "Name") values (12126, 956, 'Sassenheim');
insert into "Cities"("Id", "RegionId", "Name") values (12127, 956, 'Schiedam');
insert into "Cities"("Id", "RegionId", "Name") values (12128, 956, 'Spijkenisse');
insert into "Cities"("Id", "RegionId", "Name") values (12129, 956, 'Voorschoten');
insert into "Cities"("Id", "RegionId", "Name") values (12130, 956, 'Warmond');
insert into "Cities"("Id", "RegionId", "Name") values (12131, 956, 'Zoetermeer');
insert into "Cities"("Id", "RegionId", "Name") values (12132, 970, 'Гор');
insert into "Cities"("Id", "RegionId", "Name") values (12133, 970, 'Инверкаргилл');
insert into "Cities"("Id", "RegionId", "Name") values (12134, 983, 'Aisaroaivve');
insert into "Cities"("Id", "RegionId", "Name") values (12135, 1003, 'Alto de La Cruz');
insert into "Cities"("Id", "RegionId", "Name") values (12136, 1007, '28 Km Paranambu');
insert into "Regions"("Id", "CountryId", "Name") values (1012, 144, 'Amazonas');
insert into "Regions"("Id", "CountryId", "Name") values (1013, 144, 'Ancash');
insert into "Regions"("Id", "CountryId", "Name") values (1014, 144, 'Arequipa');
insert into "Regions"("Id", "CountryId", "Name") values (1015, 144, 'Ayacucho');
insert into "Regions"("Id", "CountryId", "Name") values (1016, 144, 'Cajamarca');
insert into "Regions"("Id", "CountryId", "Name") values (1017, 144, 'Callao');
insert into "Regions"("Id", "CountryId", "Name") values (1018, 144, 'Cusco');
insert into "Regions"("Id", "CountryId", "Name") values (1019, 144, 'Hunuco');
insert into "Regions"("Id", "CountryId", "Name") values (1020, 144, 'Ica');
insert into "Regions"("Id", "CountryId", "Name") values (1021, 144, 'Junn');
insert into "Regions"("Id", "CountryId", "Name") values (1022, 144, 'La Libertad');
insert into "Regions"("Id", "CountryId", "Name") values (1023, 144, 'Lambayeque');
insert into "Regions"("Id", "CountryId", "Name") values (1024, 144, 'Lima');
insert into "Regions"("Id", "CountryId", "Name") values (1025, 144, 'Loreto');
insert into "Regions"("Id", "CountryId", "Name") values (1026, 144, 'Madre de Dios');
insert into "Regions"("Id", "CountryId", "Name") values (1027, 144, 'None');
insert into "Regions"("Id", "CountryId", "Name") values (1028, 144, 'Pasco');
insert into "Regions"("Id", "CountryId", "Name") values (1029, 144, 'Piura');
insert into "Regions"("Id", "CountryId", "Name") values (1030, 144, 'Puno');
insert into "Regions"("Id", "CountryId", "Name") values (1031, 144, 'San Martn');
insert into "Regions"("Id", "CountryId", "Name") values (1032, 144, 'Tacna');
insert into "Regions"("Id", "CountryId", "Name") values (1033, 144, 'Tumbes');
insert into "Regions"("Id", "CountryId", "Name") values (1034, 144, 'Ucayali');
insert into "Cities"("Id", "RegionId", "Name") values (12137, 684, 'Avetrana');
insert into "Cities"("Id", "RegionId", "Name") values (12138, 684, 'Massafra');
insert into "Cities"("Id", "RegionId", "Name") values (12139, 684, 'Palagiano');
insert into "Cities"("Id", "RegionId", "Name") values (12140, 684, 'Taranto');
insert into "Cities"("Id", "RegionId", "Name") values (12141, 925, 'Culiacn');
insert into "Cities"("Id", "RegionId", "Name") values (12142, 925, 'Mazatln');
insert into "Cities"("Id", "RegionId", "Name") values (12143, 971, 'Нью-Плимут');
insert into "Cities"("Id", "RegionId", "Name") values (12144, 984, 'sen');
insert into "Cities"("Id", "RegionId", "Name") values (12145, 984, 'By');
insert into "Cities"("Id", "RegionId", "Name") values (12146, 984, 'Grong');
insert into "Cities"("Id", "RegionId", "Name") values (12147, 984, 'Levanger');
insert into "Cities"("Id", "RegionId", "Name") values (12148, 984, 'Namsos');
insert into "Cities"("Id", "RegionId", "Name") values (12149, 984, 'Rosvik');
insert into "Cities"("Id", "RegionId", "Name") values (12150, 984, 'Rrvik');
insert into "Cities"("Id", "RegionId", "Name") values (12151, 984, 'Steinkjer');
insert into "Cities"("Id", "RegionId", "Name") values (12152, 984, 'Stenkjr');
insert into "Cities"("Id", "RegionId", "Name") values (12153, 1004, 'Atalayita');
insert into "Cities"("Id", "RegionId", "Name") values (12154, 1008, 'Asuncin');
insert into "Cities"("Id", "RegionId", "Name") values (12155, 1012, 'Achaguay Medio');
insert into "Regions"("Id", "CountryId", "Name") values (1035, 145, 'Адамстаун');
insert into "Cities"("Id", "RegionId", "Name") values (12156, 685, 'Cagliari');
insert into "Cities"("Id", "RegionId", "Name") values (12157, 685, 'Collinas');
insert into "Cities"("Id", "RegionId", "Name") values (12158, 685, 'Elmas');
insert into "Cities"("Id", "RegionId", "Name") values (12159, 685, 'Gonnesa');
insert into "Cities"("Id", "RegionId", "Name") values (12160, 685, 'Quartu Sant''''Elena');
insert into "Cities"("Id", "RegionId", "Name") values (12161, 926, 'Cajon');
insert into "Cities"("Id", "RegionId", "Name") values (12162, 926, 'El Empalme');
insert into "Cities"("Id", "RegionId", "Name") values (12163, 926, 'Hermosillo');
insert into "Cities"("Id", "RegionId", "Name") values (12164, 926, 'Obregon');
insert into "Cities"("Id", "RegionId", "Name") values (12165, 926, 'San Luis Ro Colorado');
insert into "Cities"("Id", "RegionId", "Name") values (12166, 972, 'Ричмонд');
insert into "Cities"("Id", "RegionId", "Name") values (12167, 985, '');
insert into "Cities"("Id", "RegionId", "Name") values (12168, 985, 'i Lofoten');
insert into "Cities"("Id", "RegionId", "Name") values (12169, 985, 's');
insert into "Cities"("Id", "RegionId", "Name") values (12170, 985, 'Ballset');
insert into "Cities"("Id", "RegionId", "Name") values (12171, 985, 'Bergsdalen');
insert into "Cities"("Id", "RegionId", "Name") values (12172, 985, 'Bod');
insert into "Cities"("Id", "RegionId", "Name") values (12173, 985, 'Bosmo');
insert into "Cities"("Id", "RegionId", "Name") values (12174, 985, 'B i Vesteralen');
insert into "Cities"("Id", "RegionId", "Name") values (12175, 985, 'Brnny');
insert into "Cities"("Id", "RegionId", "Name") values (12176, 985, 'Grimstad');
insert into "Cities"("Id", "RegionId", "Name") values (12177, 985, 'Grnning');
insert into "Cities"("Id", "RegionId", "Name") values (12178, 985, 'Leirvik');
insert into "Cities"("Id", "RegionId", "Name") values (12179, 985, 'Melbu');
insert into "Cities"("Id", "RegionId", "Name") values (12180, 985, 'Mo i Rana');
insert into "Cities"("Id", "RegionId", "Name") values (12181, 985, 'Mosjen');
insert into "Cities"("Id", "RegionId", "Name") values (12182, 985, 'Narvik');
insert into "Cities"("Id", "RegionId", "Name") values (12183, 985, 'Neverdal');
insert into "Cities"("Id", "RegionId", "Name") values (12184, 985, 'Nordfold');
insert into "Cities"("Id", "RegionId", "Name") values (12185, 985, 'rnes');
insert into "Cities"("Id", "RegionId", "Name") values (12186, 985, 'Sortland');
insert into "Cities"("Id", "RegionId", "Name") values (12187, 985, 'Stokmarknes');
insert into "Cities"("Id", "RegionId", "Name") values (12188, 985, 'Svolvr');
insert into "Cities"("Id", "RegionId", "Name") values (12189, 985, 'Vgan');
insert into "Cities"("Id", "RegionId", "Name") values (12190, 1005, 'Amador');
insert into "Cities"("Id", "RegionId", "Name") values (12191, 1005, 'Arraijn');
insert into "Cities"("Id", "RegionId", "Name") values (12192, 1005, 'Caledonia');
insert into "Cities"("Id", "RegionId", "Name") values (12193, 1005, 'Ciudad de Panam');
insert into "Cities"("Id", "RegionId", "Name") values (12194, 1005, 'Paitilla');
insert into "Cities"("Id", "RegionId", "Name") values (12195, 1005, 'Panam');
insert into "Cities"("Id", "RegionId", "Name") values (12196, 1005, 'Panama City');
insert into "Cities"("Id", "RegionId", "Name") values (12197, 1005, 'San Miguelito');
insert into "Cities"("Id", "RegionId", "Name") values (12198, 1009, 'Itacurub de la Cordillera');
insert into "Cities"("Id", "RegionId", "Name") values (12199, 1013, 'Acco');
insert into "Cities"("Id", "RegionId", "Name") values (12200, 1013, 'Chimbote');
insert into "Cities"("Id", "RegionId", "Name") values (12201, 1013, 'Huaraz');
insert into "Cities"("Id", "RegionId", "Name") values (12202, 1035, 'Адамстаун');
insert into "Regions"("Id", "CountryId", "Name") values (1036, 146, 'Biala Podlaska');
insert into "Regions"("Id", "CountryId", "Name") values (1037, 146, 'Bialystok');
insert into "Regions"("Id", "CountryId", "Name") values (1038, 146, 'Bielsko');
insert into "Regions"("Id", "CountryId", "Name") values (1039, 146, 'Bydgoszcz');
insert into "Regions"("Id", "CountryId", "Name") values (1040, 146, 'Chelm');
insert into "Regions"("Id", "CountryId", "Name") values (1041, 146, 'Czestochowa');
insert into "Regions"("Id", "CountryId", "Name") values (1042, 146, 'Dolnoslaskie');
insert into "Regions"("Id", "CountryId", "Name") values (1043, 146, 'Elblag');
insert into "Regions"("Id", "CountryId", "Name") values (1044, 146, 'Gdansk');
insert into "Regions"("Id", "CountryId", "Name") values (1045, 146, 'Gorzow');
insert into "Regions"("Id", "CountryId", "Name") values (1046, 146, 'Jelenia Gora');
insert into "Regions"("Id", "CountryId", "Name") values (1047, 146, 'Kalisz');
insert into "Regions"("Id", "CountryId", "Name") values (1048, 146, 'Katowice');
insert into "Regions"("Id", "CountryId", "Name") values (1049, 146, 'Kielce');
insert into "Regions"("Id", "CountryId", "Name") values (1050, 146, 'Konin');
insert into "Regions"("Id", "CountryId", "Name") values (1051, 146, 'Koszalin');
insert into "Regions"("Id", "CountryId", "Name") values (1052, 146, 'Krakow');
insert into "Regions"("Id", "CountryId", "Name") values (1053, 146, 'Kujawsko-Pomorskie');
insert into "Regions"("Id", "CountryId", "Name") values (1054, 146, 'Legnica');
insert into "Regions"("Id", "CountryId", "Name") values (1055, 146, 'Leszno');
insert into "Regions"("Id", "CountryId", "Name") values (1056, 146, 'Lodz');
insert into "Regions"("Id", "CountryId", "Name") values (1057, 146, 'Lodzkie');
insert into "Regions"("Id", "CountryId", "Name") values (1058, 146, 'Lomza');
insert into "Regions"("Id", "CountryId", "Name") values (1059, 146, 'Lublin');
insert into "Regions"("Id", "CountryId", "Name") values (1060, 146, 'Lubuskie');
insert into "Regions"("Id", "CountryId", "Name") values (1061, 146, 'Malopolskie');
insert into "Regions"("Id", "CountryId", "Name") values (1062, 146, 'Mazowieckie');
insert into "Regions"("Id", "CountryId", "Name") values (1063, 146, 'None');
insert into "Regions"("Id", "CountryId", "Name") values (1064, 146, 'Nowy Sacz');
insert into "Regions"("Id", "CountryId", "Name") values (1065, 146, 'Olsztyn');
insert into "Regions"("Id", "CountryId", "Name") values (1066, 146, 'Opole');
insert into "Regions"("Id", "CountryId", "Name") values (1067, 146, 'Ostroleka');
insert into "Regions"("Id", "CountryId", "Name") values (1068, 146, 'Pila');
insert into "Regions"("Id", "CountryId", "Name") values (1069, 146, 'Piotrkow');
insert into "Regions"("Id", "CountryId", "Name") values (1070, 146, 'Plock');
insert into "Regions"("Id", "CountryId", "Name") values (1071, 146, 'Podkarpackie');
insert into "Regions"("Id", "CountryId", "Name") values (1072, 146, 'Pomorskie');
insert into "Regions"("Id", "CountryId", "Name") values (1073, 146, 'Poznan');
insert into "Regions"("Id", "CountryId", "Name") values (1074, 146, 'Przemysl');
insert into "Regions"("Id", "CountryId", "Name") values (1075, 146, 'Radom');
insert into "Regions"("Id", "CountryId", "Name") values (1076, 146, 'Rzeszow');
insert into "Regions"("Id", "CountryId", "Name") values (1077, 146, 'Siedlce');
insert into "Regions"("Id", "CountryId", "Name") values (1078, 146, 'Sieradz');
insert into "Regions"("Id", "CountryId", "Name") values (1079, 146, 'Skierniewice');
insert into "Regions"("Id", "CountryId", "Name") values (1080, 146, 'Slaskie');
insert into "Regions"("Id", "CountryId", "Name") values (1081, 146, 'Slupsk');
insert into "Regions"("Id", "CountryId", "Name") values (1082, 146, 'Suwalki');
insert into "Regions"("Id", "CountryId", "Name") values (1083, 146, 'Swietokrzyskie');
insert into "Regions"("Id", "CountryId", "Name") values (1084, 146, 'Tarnobrzeg');
insert into "Regions"("Id", "CountryId", "Name") values (1085, 146, 'Tarnow');
insert into "Regions"("Id", "CountryId", "Name") values (1086, 146, 'Torun');
insert into "Regions"("Id", "CountryId", "Name") values (1087, 146, 'Walbrzych');
insert into "Regions"("Id", "CountryId", "Name") values (1088, 146, 'Warminsko-Mazurskie');
insert into "Regions"("Id", "CountryId", "Name") values (1089, 146, 'Warszawa');
insert into "Regions"("Id", "CountryId", "Name") values (1090, 146, 'Wielkopolskie');
insert into "Regions"("Id", "CountryId", "Name") values (1091, 146, 'Wloclawek');
insert into "Regions"("Id", "CountryId", "Name") values (1092, 146, 'Wroclaw');
insert into "Regions"("Id", "CountryId", "Name") values (1093, 146, 'Zachodniopomorskie');
insert into "Regions"("Id", "CountryId", "Name") values (1094, 146, 'Zamosc');
insert into "Regions"("Id", "CountryId", "Name") values (1095, 146, 'Zielona Gora');
insert into "Cities"("Id", "RegionId", "Name") values (12203, 686, 'Nuoro');
insert into "Cities"("Id", "RegionId", "Name") values (12204, 927, 'Buena Vista de Tamult de las Sabanas');
insert into "Cities"("Id", "RegionId", "Name") values (12205, 927, 'Carrizal');
insert into "Cities"("Id", "RegionId", "Name") values (12206, 927, 'Casa Blanca Segunda Seccin');
insert into "Cities"("Id", "RegionId", "Name") values (12207, 927, 'Ciudad Pemex');
insert into "Cities"("Id", "RegionId", "Name") values (12208, 927, 'Cuauhtmoc');
insert into "Cities"("Id", "RegionId", "Name") values (12209, 927, 'Dos Montes');
insert into "Cities"("Id", "RegionId", "Name") values (12210, 927, 'Paso Real');
insert into "Cities"("Id", "RegionId", "Name") values (12211, 927, 'Tenosique de Pino Surez');
insert into "Cities"("Id", "RegionId", "Name") values (12212, 927, 'Tierra Colorada');
insert into "Cities"("Id", "RegionId", "Name") values (12213, 927, 'Villa La Venta');
insert into "Cities"("Id", "RegionId", "Name") values (12214, 927, 'Villahermosa');
insert into "Cities"("Id", "RegionId", "Name") values (12215, 927, 'Zaragoza');
insert into "Cities"("Id", "RegionId", "Name") values (12216, 973, 'Веллингтон');
insert into "Cities"("Id", "RegionId", "Name") values (12217, 973, 'Ловер-Хатт');
insert into "Cities"("Id", "RegionId", "Name") values (12218, 973, 'Мастертон');
insert into "Cities"("Id", "RegionId", "Name") values (12219, 986, 'Beitostlen');
insert into "Cities"("Id", "RegionId", "Name") values (12220, 986, 'Gjvik');
insert into "Cities"("Id", "RegionId", "Name") values (12221, 986, 'Gran');
insert into "Cities"("Id", "RegionId", "Name") values (12222, 986, 'Kolbu');
insert into "Cities"("Id", "RegionId", "Name") values (12223, 986, 'Lillehammer');
insert into "Cities"("Id", "RegionId", "Name") values (12224, 986, 'Lom');
insert into "Cities"("Id", "RegionId", "Name") values (12225, 986, 'Otta');
insert into "Cities"("Id", "RegionId", "Name") values (12226, 986, 'Raufoss');
insert into "Cities"("Id", "RegionId", "Name") values (12227, 986, 'Ringebu');
insert into "Cities"("Id", "RegionId", "Name") values (12228, 986, 'Skreia');
insert into "Cities"("Id", "RegionId", "Name") values (12229, 986, 'Venaasen');
insert into "Cities"("Id", "RegionId", "Name") values (12230, 1010, 'Barrio Asuncin');
insert into "Cities"("Id", "RegionId", "Name") values (12231, 1010, 'Diarte');
insert into "Cities"("Id", "RegionId", "Name") values (12232, 1014, 'Arequipa');
insert into "Cities"("Id", "RegionId", "Name") values (12233, 1036, 'Aleksandrw');
insert into "Cities"("Id", "RegionId", "Name") values (12234, 1036, 'Andrzejw');
insert into "Cities"("Id", "RegionId", "Name") values (12235, 1036, 'Antolin');
insert into "Cities"("Id", "RegionId", "Name") values (12236, 1036, 'Bedlno');
insert into "Cities"("Id", "RegionId", "Name") values (12237, 1036, 'Bia‚a Podlaska');
insert into "Cities"("Id", "RegionId", "Name") values (12238, 1036, 'Horbw');
insert into "Cities"("Id", "RegionId", "Name") values (12239, 1036, 'Miedzyrzec');
insert into "Cities"("Id", "RegionId", "Name") values (12240, 1036, 'Terespol');
insert into "Regions"("Id", "CountryId", "Name") values (1096, 147, 'Aveiro');
insert into "Regions"("Id", "CountryId", "Name") values (1097, 147, 'Azores');
insert into "Regions"("Id", "CountryId", "Name") values (1098, 147, 'Beja');
insert into "Regions"("Id", "CountryId", "Name") values (1099, 147, 'Braga');
insert into "Regions"("Id", "CountryId", "Name") values (1100, 147, 'Braganca');
insert into "Regions"("Id", "CountryId", "Name") values (1101, 147, 'Castelo Branco');
insert into "Regions"("Id", "CountryId", "Name") values (1102, 147, 'Coimbra');
insert into "Regions"("Id", "CountryId", "Name") values (1103, 147, 'Evora');
insert into "Regions"("Id", "CountryId", "Name") values (1104, 147, 'Faro');
insert into "Regions"("Id", "CountryId", "Name") values (1105, 147, 'Guarda');
insert into "Regions"("Id", "CountryId", "Name") values (1106, 147, 'Leiria');
insert into "Regions"("Id", "CountryId", "Name") values (1107, 147, 'Lisboa');
insert into "Regions"("Id", "CountryId", "Name") values (1108, 147, 'Madeira');
insert into "Regions"("Id", "CountryId", "Name") values (1109, 147, 'None');
insert into "Regions"("Id", "CountryId", "Name") values (1110, 147, 'Portalegre');
insert into "Regions"("Id", "CountryId", "Name") values (1111, 147, 'Porto');
insert into "Regions"("Id", "CountryId", "Name") values (1112, 147, 'Santarem');
insert into "Regions"("Id", "CountryId", "Name") values (1113, 147, 'Setubal');
insert into "Regions"("Id", "CountryId", "Name") values (1114, 147, 'Viana do Castelo');
insert into "Regions"("Id", "CountryId", "Name") values (1115, 147, 'Vila Real');
insert into "Regions"("Id", "CountryId", "Name") values (1116, 147, 'Viseu');
insert into "Cities"("Id", "RegionId", "Name") values (12241, 687, 'Milis');
insert into "Cities"("Id", "RegionId", "Name") values (12242, 687, 'Oristano');
insert into "Cities"("Id", "RegionId", "Name") values (12243, 687, 'Pau');
insert into "Cities"("Id", "RegionId", "Name") values (12244, 928, 'Ciudad Victoria');
insert into "Cities"("Id", "RegionId", "Name") values (12245, 928, 'Matamoros');
insert into "Cities"("Id", "RegionId", "Name") values (12246, 928, 'Nuevo Laredo');
insert into "Cities"("Id", "RegionId", "Name") values (12247, 928, 'Reynosa');
insert into "Cities"("Id", "RegionId", "Name") values (12248, 928, 'Tampico');
insert into "Cities"("Id", "RegionId", "Name") values (12249, 974, 'Греймоут');
insert into "Cities"("Id", "RegionId", "Name") values (12250, 987, 'Bekkelaget');
insert into "Cities"("Id", "RegionId", "Name") values (12251, 987, 'Bjrnholt');
insert into "Cities"("Id", "RegionId", "Name") values (12252, 987, 'Bryn');
insert into "Cities"("Id", "RegionId", "Name") values (12253, 987, 'Bygdy');
insert into "Cities"("Id", "RegionId", "Name") values (12254, 987, 'Christiania');
insert into "Cities"("Id", "RegionId", "Name") values (12255, 987, 'Ekeberg');
insert into "Cities"("Id", "RegionId", "Name") values (12256, 987, 'Fiskevoll');
insert into "Cities"("Id", "RegionId", "Name") values (12257, 987, 'Frognerstra');
insert into "Cities"("Id", "RegionId", "Name") values (12258, 987, 'Grefsen');
insert into "Cities"("Id", "RegionId", "Name") values (12259, 987, 'Grorud');
insert into "Cities"("Id", "RegionId", "Name") values (12260, 987, 'Hasle');
insert into "Cities"("Id", "RegionId", "Name") values (12261, 987, 'Holmen');
insert into "Cities"("Id", "RegionId", "Name") values (12262, 987, 'Holmenkollen');
insert into "Cities"("Id", "RegionId", "Name") values (12263, 987, 'Hybraaten');
insert into "Cities"("Id", "RegionId", "Name") values (12264, 987, 'Lamberseter');
insert into "Cities"("Id", "RegionId", "Name") values (12265, 987, 'Oppsal');
insert into "Cities"("Id", "RegionId", "Name") values (12266, 987, 'Oslo');
insert into "Cities"("Id", "RegionId", "Name") values (12267, 987, 'Rd');
insert into "Cities"("Id", "RegionId", "Name") values (12268, 987, 'Sinsen');
insert into "Cities"("Id", "RegionId", "Name") values (12269, 987, 'Slakteren');
insert into "Cities"("Id", "RegionId", "Name") values (12270, 987, 'Tyen');
insert into "Cities"("Id", "RegionId", "Name") values (12271, 987, 'Vika');
insert into "Cities"("Id", "RegionId", "Name") values (12272, 1011, 'Colonia San Pedro');
insert into "Cities"("Id", "RegionId", "Name") values (12273, 1011, 'Mercedes');
insert into "Cities"("Id", "RegionId", "Name") values (12274, 1011, 'Puerto Villa del Rosario');
insert into "Cities"("Id", "RegionId", "Name") values (12275, 1011, 'San Pedro');
insert into "Cities"("Id", "RegionId", "Name") values (12276, 1015, 'Cangallo');
insert into "Cities"("Id", "RegionId", "Name") values (12277, 1037, 'Aleksandrowo');
insert into "Cities"("Id", "RegionId", "Name") values (12278, 1037, 'Antoniuk');
insert into "Cities"("Id", "RegionId", "Name") values (12279, 1037, 'Augustowo');
insert into "Cities"("Id", "RegionId", "Name") values (12280, 1037, 'Bernadzki Most');
insert into "Cities"("Id", "RegionId", "Name") values (12281, 1037, 'Bia‚ostoczek');
insert into "Cities"("Id", "RegionId", "Name") values (12282, 1037, 'Bialystok');
insert into "Cities"("Id", "RegionId", "Name") values (12283, 1037, 'Bielsk Podlaski');
insert into "Cities"("Id", "RegionId", "Name") values (12284, 1037, 'Hajnwka');
insert into "Cities"("Id", "RegionId", "Name") values (12285, 1037, 'Mielnik');
insert into "Cities"("Id", "RegionId", "Name") values (12286, 1037, 'Sokulka');
insert into "Cities"("Id", "RegionId", "Name") values (12287, 1096, 'A dos Ferreiros de Cima');
insert into "Cities"("Id", "RegionId", "Name") values (12288, 1096, 'gua Levada');
insert into "Cities"("Id", "RegionId", "Name") values (12289, 1096, 'gueda');
insert into "Cities"("Id", "RegionId", "Name") values (12290, 1096, 'Albergaria-a-Velha');
insert into "Cities"("Id", "RegionId", "Name") values (12291, 1096, 'Arcozelo');
insert into "Cities"("Id", "RegionId", "Name") values (12292, 1096, 'Arieiro');
insert into "Cities"("Id", "RegionId", "Name") values (12293, 1096, 'Aveiro');
insert into "Cities"("Id", "RegionId", "Name") values (12294, 1096, 'Borralha');
insert into "Cities"("Id", "RegionId", "Name") values (12295, 1096, 'Cacia');
insert into "Cities"("Id", "RegionId", "Name") values (12296, 1096, 'Cambra');
insert into "Cities"("Id", "RegionId", "Name") values (12297, 1096, 'Espinho');
insert into "Cities"("Id", "RegionId", "Name") values (12298, 1096, 'Feira');
insert into "Cities"("Id", "RegionId", "Name") values (12299, 1096, 'Gafanha da Nazar');
insert into "Cities"("Id", "RegionId", "Name") values (12300, 1096, 'Gio');
insert into "Cities"("Id", "RegionId", "Name") values (12301, 1096, 'lhavo');
insert into "Cities"("Id", "RegionId", "Name") values (12302, 1096, 'Oliveira de Azemeis');
insert into "Cities"("Id", "RegionId", "Name") values (12303, 1096, 'Ovar');
insert into "Cities"("Id", "RegionId", "Name") values (12304, 1096, 'Pampilhosa');
insert into "Cities"("Id", "RegionId", "Name") values (12305, 1096, 'Santa Maria');
insert into "Cities"("Id", "RegionId", "Name") values (12306, 1096, 'Santo Joo da Madeira');
insert into "Cities"("Id", "RegionId", "Name") values (12307, 1096, 'So Joo da Madeira');
insert into "Cities"("Id", "RegionId", "Name") values (12308, 1096, 'So Joo de Madeira');
insert into "Cities"("Id", "RegionId", "Name") values (12309, 1096, 'Vale de Cambra');
insert into "Regions"("Id", "CountryId", "Name") values (1117, 148, 'Puerto Rico');
insert into "Cities"("Id", "RegionId", "Name") values (12310, 688, 'Olbia');
insert into "Cities"("Id", "RegionId", "Name") values (12311, 688, 'Sassari');
insert into "Cities"("Id", "RegionId", "Name") values (12312, 688, 'Tempio Pausania');
insert into "Cities"("Id", "RegionId", "Name") values (12313, 929, 'Apetatitln');
insert into "Cities"("Id", "RegionId", "Name") values (12314, 929, 'Apizaco');
insert into "Cities"("Id", "RegionId", "Name") values (12315, 929, 'Chiautempan');
insert into "Cities"("Id", "RegionId", "Name") values (12316, 929, 'Panotla');
insert into "Cities"("Id", "RegionId", "Name") values (12317, 929, 'Teolocholco');
insert into "Cities"("Id", "RegionId", "Name") values (12318, 929, 'Tlaxcala');
insert into "Cities"("Id", "RegionId", "Name") values (12319, 988, 'Askim');
insert into "Cities"("Id", "RegionId", "Name") values (12320, 988, 'Borgen');
insert into "Cities"("Id", "RegionId", "Name") values (12321, 988, 'Dole Stasjon');
insert into "Cities"("Id", "RegionId", "Name") values (12322, 988, 'Fredrikstad');
insert into "Cities"("Id", "RegionId", "Name") values (12323, 988, 'Greker');
insert into "Cities"("Id", "RegionId", "Name") values (12324, 988, 'Halden');
insert into "Cities"("Id", "RegionId", "Name") values (12325, 988, 'Knapstad');
insert into "Cities"("Id", "RegionId", "Name") values (12326, 988, 'Moss');
insert into "Cities"("Id", "RegionId", "Name") values (12327, 988, 'Sarpsborg');
insert into "Cities"("Id", "RegionId", "Name") values (12328, 1016, 'Agua Dulce');
insert into "Cities"("Id", "RegionId", "Name") values (12329, 1016, 'Cajamarca');
insert into "Cities"("Id", "RegionId", "Name") values (12330, 1038, 'Auschwitz');
insert into "Cities"("Id", "RegionId", "Name") values (12331, 1038, 'Bednarze');
insert into "Cities"("Id", "RegionId", "Name") values (12332, 1038, 'Bielsko-Bia‚a');
insert into "Cities"("Id", "RegionId", "Name") values (12333, 1038, 'Czaniec');
insert into "Cities"("Id", "RegionId", "Name") values (12334, 1038, 'Kety');
insert into "Cities"("Id", "RegionId", "Name") values (12335, 1038, 'Oswiecim');
insert into "Cities"("Id", "RegionId", "Name") values (12336, 1097, 'Angra');
insert into "Cities"("Id", "RegionId", "Name") values (12337, 1097, 'Angra do Herosmo');
insert into "Cities"("Id", "RegionId", "Name") values (12338, 1097, 'Fayal');
insert into "Cities"("Id", "RegionId", "Name") values (12339, 1097, 'Madalena');
insert into "Cities"("Id", "RegionId", "Name") values (12340, 1097, 'Ponta Delgada');
insert into "Cities"("Id", "RegionId", "Name") values (12341, 1097, 'Praia da Vitria');
insert into "Cities"("Id", "RegionId", "Name") values (12342, 1117, 'Adjuntas');
insert into "Cities"("Id", "RegionId", "Name") values (12343, 1117, 'Aguada');
insert into "Cities"("Id", "RegionId", "Name") values (12344, 1117, 'Aguas Buenas');
insert into "Cities"("Id", "RegionId", "Name") values (12345, 1117, 'Angeles');
insert into "Cities"("Id", "RegionId", "Name") values (12346, 1117, 'Arecibo');
insert into "Cities"("Id", "RegionId", "Name") values (12347, 1117, 'Bayamon');
insert into "Cities"("Id", "RegionId", "Name") values (12348, 1117, 'Camuy');
insert into "Cities"("Id", "RegionId", "Name") values (12349, 1117, 'Dorado');
insert into "Cities"("Id", "RegionId", "Name") values (12350, 1117, 'Gurabo');
insert into "Cities"("Id", "RegionId", "Name") values (12351, 1117, 'Mayaguez');
insert into "Cities"("Id", "RegionId", "Name") values (12352, 1117, 'Puerto Real');
insert into "Cities"("Id", "RegionId", "Name") values (12353, 1117, 'Quebradillas');
insert into "Cities"("Id", "RegionId", "Name") values (12354, 1117, 'San Juan');
insert into "Cities"("Id", "RegionId", "Name") values (12355, 1117, 'San Lorenzo');
insert into "Cities"("Id", "RegionId", "Name") values (12356, 1117, 'Santa Isabel');
insert into "Regions"("Id", "CountryId", "Name") values (1118, 149, 'Saint-Denis');
insert into "Cities"("Id", "RegionId", "Name") values (12357, 689, 'Agrigento');
insert into "Cities"("Id", "RegionId", "Name") values (12358, 689, 'Licata');
insert into "Cities"("Id", "RegionId", "Name") values (12359, 689, 'Siculiana');
insert into "Cities"("Id", "RegionId", "Name") values (12360, 930, 'Acala');
insert into "Cities"("Id", "RegionId", "Name") values (12361, 930, 'Coatzacoalcos');
insert into "Cities"("Id", "RegionId", "Name") values (12362, 930, 'Orizaba');
insert into "Cities"("Id", "RegionId", "Name") values (12363, 930, 'Papantla de Olarte');
insert into "Cities"("Id", "RegionId", "Name") values (12364, 930, 'Potrero del Llano');
insert into "Cities"("Id", "RegionId", "Name") values (12365, 930, 'Tuxpan de Rodrguez Cano');
insert into "Cities"("Id", "RegionId", "Name") values (12366, 930, 'Veracruz');
insert into "Cities"("Id", "RegionId", "Name") values (12367, 930, 'Veracruz Llave');
insert into "Cities"("Id", "RegionId", "Name") values (12368, 930, 'Xalapa');
insert into "Cities"("Id", "RegionId", "Name") values (12369, 989, 'Aakrehamn');
insert into "Cities"("Id", "RegionId", "Name") values (12370, 989, 'lgrd');
insert into "Cities"("Id", "RegionId", "Name") values (12371, 989, 'Bryne');
insert into "Cities"("Id", "RegionId", "Name") values (12372, 989, 'Egersund');
insert into "Cities"("Id", "RegionId", "Name") values (12373, 989, 'Figgjo');
insert into "Cities"("Id", "RegionId", "Name") values (12374, 989, 'Haugesund');
insert into "Cities"("Id", "RegionId", "Name") values (12375, 989, 'Karst');
insert into "Cities"("Id", "RegionId", "Name") values (12376, 989, 'Leirvik');
insert into "Cities"("Id", "RegionId", "Name") values (12377, 989, 'Sandnes');
insert into "Cities"("Id", "RegionId", "Name") values (12378, 989, 'Stavanger');
insert into "Cities"("Id", "RegionId", "Name") values (12379, 989, 'Stavenger');
insert into "Cities"("Id", "RegionId", "Name") values (12380, 989, 'Tasta');
insert into "Cities"("Id", "RegionId", "Name") values (12381, 1017, 'La Perla');
insert into "Cities"("Id", "RegionId", "Name") values (12382, 1039, 'Augustowo');
insert into "Cities"("Id", "RegionId", "Name") values (12383, 1039, 'Cekcyn');
insert into "Cities"("Id", "RegionId", "Name") values (12384, 1039, 'Chojnice');
insert into "Cities"("Id", "RegionId", "Name") values (12385, 1039, 'Fordon');
insert into "Cities"("Id", "RegionId", "Name") values (12386, 1039, 'Inovrotslav');
insert into "Cities"("Id", "RegionId", "Name") values (12387, 1039, 'Slesin');
insert into "Cities"("Id", "RegionId", "Name") values (12388, 1098, 'A do Ledo');
insert into "Cities"("Id", "RegionId", "Name") values (12389, 1098, 'Beja');
insert into "Cities"("Id", "RegionId", "Name") values (12390, 1098, 'Boavista dos Pinheiros');
insert into "Cities"("Id", "RegionId", "Name") values (12391, 1098, 'San Teotnio');
insert into "Cities"("Id", "RegionId", "Name") values (12392, 1118, 'Сант-Денис');
insert into "Regions"("Id", "CountryId", "Name") values (1119, 150, 'Руанда');
insert into "Cities"("Id", "RegionId", "Name") values (12393, 690, 'Aci Sant''''Antonio');
insert into "Cities"("Id", "RegionId", "Name") values (12394, 690, 'Acireale');
insert into "Cities"("Id", "RegionId", "Name") values (12395, 690, 'Biancavilla');
insert into "Cities"("Id", "RegionId", "Name") values (12396, 690, 'Castiglione di Sicilia');
insert into "Cities"("Id", "RegionId", "Name") values (12397, 690, 'Catania');
insert into "Cities"("Id", "RegionId", "Name") values (12398, 690, 'Giarre');
insert into "Cities"("Id", "RegionId", "Name") values (12399, 690, 'Linguaglossa');
insert into "Cities"("Id", "RegionId", "Name") values (12400, 690, 'Maletto');
insert into "Cities"("Id", "RegionId", "Name") values (12401, 690, 'Mazzarrone');
insert into "Cities"("Id", "RegionId", "Name") values (12402, 690, 'Randazzo');
insert into "Cities"("Id", "RegionId", "Name") values (12403, 690, 'Santa Venerina');
insert into "Cities"("Id", "RegionId", "Name") values (12404, 931, 'MIda');
insert into "Cities"("Id", "RegionId", "Name") values (12405, 931, 'ValladoId');
insert into "Cities"("Id", "RegionId", "Name") values (12406, 990, 'Aalen');
insert into "Cities"("Id", "RegionId", "Name") values (12407, 990, 'rberg');
insert into "Cities"("Id", "RegionId", "Name") values (12408, 990, 'Flor');
insert into "Cities"("Id", "RegionId", "Name") values (12409, 990, 'Frde');
insert into "Cities"("Id", "RegionId", "Name") values (12410, 990, 'Mly');
insert into "Cities"("Id", "RegionId", "Name") values (12411, 990, 'NordfjordId');
insert into "Cities"("Id", "RegionId", "Name") values (12412, 990, 'Stryn');
insert into "Cities"("Id", "RegionId", "Name") values (12413, 1018, 'Astana');
insert into "Cities"("Id", "RegionId", "Name") values (12414, 1018, 'Cusco');
insert into "Cities"("Id", "RegionId", "Name") values (12415, 1018, 'Machu Piccho');
insert into "Cities"("Id", "RegionId", "Name") values (12416, 1018, 'Pisac');
insert into "Cities"("Id", "RegionId", "Name") values (12417, 1040, 'Che‚m');
insert into "Cities"("Id", "RegionId", "Name") values (12418, 1040, 'Horodyszcze');
insert into "Cities"("Id", "RegionId", "Name") values (12419, 1040, 'Huta');
insert into "Cities"("Id", "RegionId", "Name") values (12420, 1040, 'Krasnystaw');
insert into "Cities"("Id", "RegionId", "Name") values (12421, 1099, 'Abao');
insert into "Cities"("Id", "RegionId", "Name") values (12422, 1099, 'Aboim');
insert into "Cities"("Id", "RegionId", "Name") values (12423, 1099, 'Aborim');
insert into "Cities"("Id", "RegionId", "Name") values (12424, 1099, 'Agilde');
insert into "Cities"("Id", "RegionId", "Name") values (12425, 1099, 'Agrelo');
insert into "Cities"("Id", "RegionId", "Name") values (12426, 1099, 'Barcelos');
insert into "Cities"("Id", "RegionId", "Name") values (12427, 1099, 'Braga');
insert into "Cities"("Id", "RegionId", "Name") values (12428, 1099, 'Caldas de Vizela');
insert into "Cities"("Id", "RegionId", "Name") values (12429, 1099, 'Esposende');
insert into "Cities"("Id", "RegionId", "Name") values (12430, 1099, 'Famalico');
insert into "Cities"("Id", "RegionId", "Name") values (12431, 1099, 'Guimares');
insert into "Cities"("Id", "RegionId", "Name") values (12432, 1099, 'Lobo');
insert into "Cities"("Id", "RegionId", "Name") values (12433, 1099, 'Vila Nova de Famalico');
insert into "Cities"("Id", "RegionId", "Name") values (12434, 1099, 'Vila Verde');
insert into "Cities"("Id", "RegionId", "Name") values (12435, 1119, 'Кигали');
insert into "Regions"("Id", "CountryId", "Name") values (1120, 151, 'Alba');
insert into "Regions"("Id", "CountryId", "Name") values (1121, 151, 'Arad');
insert into "Regions"("Id", "CountryId", "Name") values (1122, 151, 'Arges');
insert into "Regions"("Id", "CountryId", "Name") values (1123, 151, 'Bacau');
insert into "Regions"("Id", "CountryId", "Name") values (1124, 151, 'Bihor');
insert into "Regions"("Id", "CountryId", "Name") values (1125, 151, 'Bistrita-Nasaud');
insert into "Regions"("Id", "CountryId", "Name") values (1126, 151, 'Botosani');
insert into "Regions"("Id", "CountryId", "Name") values (1127, 151, 'Braila');
insert into "Regions"("Id", "CountryId", "Name") values (1128, 151, 'Brasov');
insert into "Regions"("Id", "CountryId", "Name") values (1129, 151, 'Bucuresti');
insert into "Regions"("Id", "CountryId", "Name") values (1130, 151, 'Buzau');
insert into "Regions"("Id", "CountryId", "Name") values (1131, 151, 'Calarasi');
insert into "Regions"("Id", "CountryId", "Name") values (1132, 151, 'Caras-Severin');
insert into "Regions"("Id", "CountryId", "Name") values (1133, 151, 'Cluj');
insert into "Regions"("Id", "CountryId", "Name") values (1134, 151, 'Constanta');
insert into "Regions"("Id", "CountryId", "Name") values (1135, 151, 'Covasna');
insert into "Regions"("Id", "CountryId", "Name") values (1136, 151, 'Dambovita');
insert into "Regions"("Id", "CountryId", "Name") values (1137, 151, 'Dolj');
insert into "Regions"("Id", "CountryId", "Name") values (1138, 151, 'Galati');
insert into "Regions"("Id", "CountryId", "Name") values (1139, 151, 'Giurgiu');
insert into "Regions"("Id", "CountryId", "Name") values (1140, 151, 'Gorj');
insert into "Regions"("Id", "CountryId", "Name") values (1141, 151, 'Harghita');
insert into "Regions"("Id", "CountryId", "Name") values (1142, 151, 'Hunedoara');
insert into "Regions"("Id", "CountryId", "Name") values (1143, 151, 'Ialomita');
insert into "Regions"("Id", "CountryId", "Name") values (1144, 151, 'Iasi');
insert into "Regions"("Id", "CountryId", "Name") values (1145, 151, 'Ilfov');
insert into "Regions"("Id", "CountryId", "Name") values (1146, 151, 'Maramures');
insert into "Regions"("Id", "CountryId", "Name") values (1147, 151, 'Mehedinti');
insert into "Regions"("Id", "CountryId", "Name") values (1148, 151, 'Mures');
insert into "Regions"("Id", "CountryId", "Name") values (1149, 151, 'Neamt');
insert into "Regions"("Id", "CountryId", "Name") values (1150, 151, 'Olt');
insert into "Regions"("Id", "CountryId", "Name") values (1151, 151, 'Prahova');
insert into "Regions"("Id", "CountryId", "Name") values (1152, 151, 'Salaj');
insert into "Regions"("Id", "CountryId", "Name") values (1153, 151, 'Satu Mare');
insert into "Regions"("Id", "CountryId", "Name") values (1154, 151, 'Sibiu');
insert into "Regions"("Id", "CountryId", "Name") values (1155, 151, 'Suceava');
insert into "Regions"("Id", "CountryId", "Name") values (1156, 151, 'Teleorman');
insert into "Regions"("Id", "CountryId", "Name") values (1157, 151, 'Timis');
insert into "Regions"("Id", "CountryId", "Name") values (1158, 151, 'Tulcea');
insert into "Regions"("Id", "CountryId", "Name") values (1159, 151, 'Valcea');
insert into "Regions"("Id", "CountryId", "Name") values (1160, 151, 'Vaslui');
insert into "Regions"("Id", "CountryId", "Name") values (1161, 151, 'Vrancea');
insert into "Cities"("Id", "RegionId", "Name") values (12436, 691, 'Capo d''''Orlando');
insert into "Cities"("Id", "RegionId", "Name") values (12437, 691, 'Capri Leone');
insert into "Cities"("Id", "RegionId", "Name") values (12438, 691, 'Giardini-Naxos');
insert into "Cities"("Id", "RegionId", "Name") values (12439, 691, 'Lipari');
insert into "Cities"("Id", "RegionId", "Name") values (12440, 691, 'Malfa');
insert into "Cities"("Id", "RegionId", "Name") values (12441, 691, 'Messina');
insert into "Cities"("Id", "RegionId", "Name") values (12442, 691, 'Milazzo');
insert into "Cities"("Id", "RegionId", "Name") values (12443, 691, 'Militello Rosmarino');
insert into "Cities"("Id", "RegionId", "Name") values (12444, 691, 'Santo Stefano di Camastra');
insert into "Cities"("Id", "RegionId", "Name") values (12445, 691, 'Taormina');
insert into "Cities"("Id", "RegionId", "Name") values (12446, 991, '');
insert into "Cities"("Id", "RegionId", "Name") values (12447, 991, 'Angen');
insert into "Cities"("Id", "RegionId", "Name") values (12448, 991, 'Bakken');
insert into "Cities"("Id", "RegionId", "Name") values (12449, 991, 'Hstnes');
insert into "Cities"("Id", "RegionId", "Name") values (12450, 991, 'Leirvik');
insert into "Cities"("Id", "RegionId", "Name") values (12451, 991, 'Lensvik');
insert into "Cities"("Id", "RegionId", "Name") values (12452, 991, 'Oppdal');
insert into "Cities"("Id", "RegionId", "Name") values (12453, 991, 'Orkanger');
insert into "Cities"("Id", "RegionId", "Name") values (12454, 991, 'Trondheim');
insert into "Cities"("Id", "RegionId", "Name") values (12455, 991, 'Trondhjem');
insert into "Cities"("Id", "RegionId", "Name") values (12456, 1019, 'Tingo Mara');
insert into "Cities"("Id", "RegionId", "Name") values (12457, 1041, 'Aleksandria Pierwsza');
insert into "Cities"("Id", "RegionId", "Name") values (12458, 1041, 'Chenstochov');
insert into "Cities"("Id", "RegionId", "Name") values (12459, 1041, 'Czestochowa');
insert into "Cities"("Id", "RegionId", "Name") values (12460, 1100, 'Belver');
insert into "Cities"("Id", "RegionId", "Name") values (12461, 1120, 'Abrud');
insert into "Cities"("Id", "RegionId", "Name") values (12462, 1120, 'Aiud');
insert into "Cities"("Id", "RegionId", "Name") values (12463, 1120, 'Alba Iulia');
insert into "Cities"("Id", "RegionId", "Name") values (12464, 1120, 'Baia de Aries');
insert into "Cities"("Id", "RegionId", "Name") values (12465, 1120, 'Blaj');
insert into "Cities"("Id", "RegionId", "Name") values (12466, 1120, 'Campeni');
insert into "Cities"("Id", "RegionId", "Name") values (12467, 1120, 'Cugir');
insert into "Cities"("Id", "RegionId", "Name") values (12468, 1120, 'Ocna Mures');
insert into "Cities"("Id", "RegionId", "Name") values (12469, 1120, 'Sebes');
insert into "Cities"("Id", "RegionId", "Name") values (12470, 1120, 'Teius');
insert into "Cities"("Id", "RegionId", "Name") values (12471, 1120, 'Zlatna');
insert into "Regions"("Id", "CountryId", "Name") values (1162, 152, 'Alabama');
insert into "Regions"("Id", "CountryId", "Name") values (1163, 152, 'Alaska');
insert into "Regions"("Id", "CountryId", "Name") values (1164, 152, 'American Samoa');
insert into "Regions"("Id", "CountryId", "Name") values (1165, 152, 'Arizona');
insert into "Regions"("Id", "CountryId", "Name") values (1166, 152, 'Arkansas');
insert into "Regions"("Id", "CountryId", "Name") values (1167, 152, 'California');
insert into "Regions"("Id", "CountryId", "Name") values (1168, 152, 'Colorado');
insert into "Regions"("Id", "CountryId", "Name") values (1169, 152, 'Connecticut');
insert into "Regions"("Id", "CountryId", "Name") values (1170, 152, 'Delaware');
insert into "Regions"("Id", "CountryId", "Name") values (1171, 152, 'District of Columbia');
insert into "Regions"("Id", "CountryId", "Name") values (1172, 152, 'FloIda');
insert into "Regions"("Id", "CountryId", "Name") values (1173, 152, 'Georgia');
insert into "Regions"("Id", "CountryId", "Name") values (1174, 152, 'Hawaii');
insert into "Regions"("Id", "CountryId", "Name") values (1175, 152, '"Id"aho');
insert into "Regions"("Id", "CountryId", "Name") values (1176, 152, 'Illinois');
insert into "Regions"("Id", "CountryId", "Name") values (1177, 152, 'Indiana');
insert into "Regions"("Id", "CountryId", "Name") values (1178, 152, 'Iowa');
insert into "Regions"("Id", "CountryId", "Name") values (1179, 152, 'Kansas');
insert into "Regions"("Id", "CountryId", "Name") values (1180, 152, 'Kentucky');
insert into "Regions"("Id", "CountryId", "Name") values (1181, 152, 'Louisiana');
insert into "Regions"("Id", "CountryId", "Name") values (1182, 152, 'Maine');
insert into "Regions"("Id", "CountryId", "Name") values (1183, 152, 'Maryland');
insert into "Regions"("Id", "CountryId", "Name") values (1184, 152, 'Massachusetts');
insert into "Regions"("Id", "CountryId", "Name") values (1185, 152, 'Michigan');
insert into "Regions"("Id", "CountryId", "Name") values (1186, 152, 'Minnesota');
insert into "Regions"("Id", "CountryId", "Name") values (1187, 152, 'Mississippi');
insert into "Regions"("Id", "CountryId", "Name") values (1188, 152, 'Missouri');
insert into "Regions"("Id", "CountryId", "Name") values (1189, 152, 'Montana');
insert into "Regions"("Id", "CountryId", "Name") values (1190, 152, 'Nebraska');
insert into "Regions"("Id", "CountryId", "Name") values (1191, 152, 'Nevada');
insert into "Regions"("Id", "CountryId", "Name") values (1192, 152, 'New Hampshire');
insert into "Regions"("Id", "CountryId", "Name") values (1193, 152, 'New Jersey');
insert into "Regions"("Id", "CountryId", "Name") values (1194, 152, 'New Mexico');
insert into "Regions"("Id", "CountryId", "Name") values (1195, 152, 'New York');
insert into "Regions"("Id", "CountryId", "Name") values (1196, 152, 'North Carolina');
insert into "Regions"("Id", "CountryId", "Name") values (1197, 152, 'North Dakota');
insert into "Regions"("Id", "CountryId", "Name") values (1198, 152, 'Ohio');
insert into "Regions"("Id", "CountryId", "Name") values (1199, 152, 'Oklahoma');
insert into "Regions"("Id", "CountryId", "Name") values (1200, 152, 'Oregon');
insert into "Regions"("Id", "CountryId", "Name") values (1201, 152, 'Pennsylvania');
insert into "Regions"("Id", "CountryId", "Name") values (1202, 152, 'Rhode Island');
insert into "Regions"("Id", "CountryId", "Name") values (1203, 152, 'South Carolina');
insert into "Regions"("Id", "CountryId", "Name") values (1204, 152, 'South Dakota');
insert into "Regions"("Id", "CountryId", "Name") values (1205, 152, 'Tennessee');
insert into "Regions"("Id", "CountryId", "Name") values (1206, 152, 'Texas');
insert into "Regions"("Id", "CountryId", "Name") values (1207, 152, 'Utah');
insert into "Regions"("Id", "CountryId", "Name") values (1208, 152, 'Vermont');
insert into "Regions"("Id", "CountryId", "Name") values (1209, 152, 'Virgin Islands');
insert into "Regions"("Id", "CountryId", "Name") values (1210, 152, 'Virginia');
insert into "Regions"("Id", "CountryId", "Name") values (1211, 152, 'Washington');
insert into "Regions"("Id", "CountryId", "Name") values (1212, 152, 'West Virginia');
insert into "Regions"("Id", "CountryId", "Name") values (1213, 152, 'Wisconsin');
insert into "Regions"("Id", "CountryId", "Name") values (1214, 152, 'Wyoming');
insert into "Cities"("Id", "RegionId", "Name") values (12472, 692, 'Alimena');
insert into "Cities"("Id", "RegionId", "Name") values (12473, 692, 'Altofonte');
insert into "Cities"("Id", "RegionId", "Name") values (12474, 692, 'Blufi');
insert into "Cities"("Id", "RegionId", "Name") values (12475, 692, 'Borgetto');
insert into "Cities"("Id", "RegionId", "Name") values (12476, 692, 'Capaci');
insert into "Cities"("Id", "RegionId", "Name") values (12477, 692, 'Corleone');
insert into "Cities"("Id", "RegionId", "Name") values (12478, 692, 'Palermo');
insert into "Cities"("Id", "RegionId", "Name") values (12479, 692, 'Santa Cristina Gela');
insert into "Cities"("Id", "RegionId", "Name") values (12480, 692, 'Torretta');
insert into "Cities"("Id", "RegionId", "Name") values (12481, 692, 'Ventimiglia di Sicilia');
insert into "Cities"("Id", "RegionId", "Name") values (12482, 992, 'rak');
insert into "Cities"("Id", "RegionId", "Name") values (12483, 992, 'rnes i Telemark');
insert into "Cities"("Id", "RegionId", "Name") values (12484, 992, 'Bergan');
insert into "Cities"("Id", "RegionId", "Name") values (12485, 992, 'B');
insert into "Cities"("Id", "RegionId", "Name") values (12486, 992, 'B i Telemark');
insert into "Cities"("Id", "RegionId", "Name") values (12487, 992, 'Drangedal');
insert into "Cities"("Id", "RegionId", "Name") values (12488, 992, 'Krager');
insert into "Cities"("Id", "RegionId", "Name") values (12489, 992, 'Notodden');
insert into "Cities"("Id", "RegionId", "Name") values (12490, 992, 'Porsgrunn');
insert into "Cities"("Id", "RegionId", "Name") values (12491, 992, 'Skien');
insert into "Cities"("Id", "RegionId", "Name") values (12492, 1020, 'Agua Salada');
insert into "Cities"("Id", "RegionId", "Name") values (12493, 1020, 'Aja');
insert into "Cities"("Id", "RegionId", "Name") values (12494, 1020, 'Pisco');
insert into "Cities"("Id", "RegionId", "Name") values (12495, 1020, 'Ullujalla Hacienda');
insert into "Cities"("Id", "RegionId", "Name") values (12496, 1042, 'Breslau');
insert into "Cities"("Id", "RegionId", "Name") values (12497, 1042, 'Breslavia');
insert into "Cities"("Id", "RegionId", "Name") values (12498, 1042, 'Czerniawa-Zdrj');
insert into "Cities"("Id", "RegionId", "Name") values (12499, 1042, 'Jelenia Gra');
insert into "Cities"("Id", "RegionId", "Name") values (12500, 1042, 'Liebau');
insert into "Cities"("Id", "RegionId", "Name") values (12501, 1042, 'Rybnica');
insert into "Cities"("Id", "RegionId", "Name") values (12502, 1042, 'Vrotslav');
insert into "Cities"("Id", "RegionId", "Name") values (12503, 1042, 'Wroc‚aw');
insert into "Cities"("Id", "RegionId", "Name") values (12504, 1042, 'Wros‚aw');
insert into "Cities"("Id", "RegionId", "Name") values (12505, 1101, 'Alvaro');
insert into "Cities"("Id", "RegionId", "Name") values (12506, 1101, 'Casais');
insert into "Cities"("Id", "RegionId", "Name") values (12507, 1101, 'Castelo Branco');
insert into "Cities"("Id", "RegionId", "Name") values (12508, 1101, 'Covilh');
insert into "Cities"("Id", "RegionId", "Name") values (12509, 1101, 'Fundo');
insert into "Cities"("Id", "RegionId", "Name") values (12510, 1101, 'Fundo');
insert into "Cities"("Id", "RegionId", "Name") values (12511, 1121, 'Arad');
insert into "Cities"("Id", "RegionId", "Name") values (12512, 1121, 'Chisineu-Cris');
insert into "Cities"("Id", "RegionId", "Name") values (12513, 1121, 'Curtici');
insert into "Cities"("Id", "RegionId", "Name") values (12514, 1121, 'Ineu');
insert into "Cities"("Id", "RegionId", "Name") values (12515, 1121, 'Lipova');
insert into "Cities"("Id", "RegionId", "Name") values (12516, 1121, 'Nadlac');
insert into "Cities"("Id", "RegionId", "Name") values (12517, 1121, 'Pancota');
insert into "Cities"("Id", "RegionId", "Name") values (12518, 1121, 'Sebis');
insert into "Cities"("Id", "RegionId", "Name") values (12519, 1162, 'Abbeville');
insert into "Cities"("Id", "RegionId", "Name") values (12520, 1162, 'Abernant');
insert into "Cities"("Id", "RegionId", "Name") values (12521, 1162, 'Addison');
insert into "Cities"("Id", "RegionId", "Name") values (12522, 1162, 'Adger');
insert into "Cities"("Id", "RegionId", "Name") values (12523, 1162, 'Akron');
insert into "Cities"("Id", "RegionId", "Name") values (12524, 1162, 'Alberta');
insert into "Cities"("Id", "RegionId", "Name") values (12525, 1162, 'Alma');
insert into "Cities"("Id", "RegionId", "Name") values (12526, 1162, 'Alpine');
insert into "Cities"("Id", "RegionId", "Name") values (12527, 1162, 'Alton');
insert into "Cities"("Id", "RegionId", "Name") values (12528, 1162, 'Auburn');
insert into "Cities"("Id", "RegionId", "Name") values (12529, 1162, 'Birmingham');
insert into "Cities"("Id", "RegionId", "Name") values (12530, 1162, 'Bon Air');
insert into "Cities"("Id", "RegionId", "Name") values (12531, 1162, 'Campbell');
insert into "Cities"("Id", "RegionId", "Name") values (12532, 1162, 'Cullman');
insert into "Cities"("Id", "RegionId", "Name") values (12533, 1162, 'Decatur');
insert into "Cities"("Id", "RegionId", "Name") values (12534, 1162, 'Delmar');
insert into "Cities"("Id", "RegionId", "Name") values (12535, 1162, 'Detroit');
insert into "Cities"("Id", "RegionId", "Name") values (12536, 1162, 'Fort Rucker');
insert into "Cities"("Id", "RegionId", "Name") values (12537, 1162, 'Gadsden');
insert into "Cities"("Id", "RegionId", "Name") values (12538, 1162, 'Greensboro');
insert into "Cities"("Id", "RegionId", "Name") values (12539, 1162, 'Gulf Shores');
insert into "Cities"("Id", "RegionId", "Name") values (12540, 1162, 'Hollywood');
insert into "Cities"("Id", "RegionId", "Name") values (12541, 1162, 'Huntsville');
insert into "Cities"("Id", "RegionId", "Name") values (12542, 1162, 'Jacksonville');
insert into "Cities"("Id", "RegionId", "Name") values (12543, 1162, 'Mobile');
insert into "Cities"("Id", "RegionId", "Name") values (12544, 1162, 'Montgomery');
insert into "Cities"("Id", "RegionId", "Name") values (12545, 1162, 'Opp');
insert into "Cities"("Id", "RegionId", "Name") values (12546, 1162, 'Orange Beach');
insert into "Cities"("Id", "RegionId", "Name") values (12547, 1162, 'Sweet Water');
insert into "Cities"("Id", "RegionId", "Name") values (12548, 1162, 'Troy');
insert into "Cities"("Id", "RegionId", "Name") values (12549, 1162, 'York');
insert into "Regions"("Id", "CountryId", "Name") values (1215, 153, 'Ahuachapan');
insert into "Regions"("Id", "CountryId", "Name") values (1216, 153, 'La Libertad');
insert into "Regions"("Id", "CountryId", "Name") values (1217, 153, 'La Paz');
insert into "Regions"("Id", "CountryId", "Name") values (1218, 153, 'La Union');
insert into "Regions"("Id", "CountryId", "Name") values (1219, 153, 'San Miguel');
insert into "Regions"("Id", "CountryId", "Name") values (1220, 153, 'San Salvador');
insert into "Cities"("Id", "RegionId", "Name") values (12550, 693, 'Pozzallo');
insert into "Cities"("Id", "RegionId", "Name") values (12551, 693, 'Ragusa');
insert into "Cities"("Id", "RegionId", "Name") values (12552, 693, 'Scicli');
insert into "Cities"("Id", "RegionId", "Name") values (12553, 693, 'Vittoria');
insert into "Cities"("Id", "RegionId", "Name") values (12554, 993, '');
insert into "Cities"("Id", "RegionId", "Name") values (12555, 993, 'Aanstad');
insert into "Cities"("Id", "RegionId", "Name") values (12556, 993, 'Berg');
insert into "Cities"("Id", "RegionId", "Name") values (12557, 993, 'Finnsnes');
insert into "Cities"("Id", "RegionId", "Name") values (12558, 993, 'Harstad');
insert into "Cities"("Id", "RegionId", "Name") values (12559, 993, 'Kirkesjord');
insert into "Cities"("Id", "RegionId", "Name") values (12560, 993, 'Nordlenangen');
insert into "Cities"("Id", "RegionId", "Name") values (12561, 993, 'Skjervy');
insert into "Cities"("Id", "RegionId", "Name") values (12562, 993, 'Troms');
insert into "Cities"("Id", "RegionId", "Name") values (12563, 993, 'Vanneried');
insert into "Cities"("Id", "RegionId", "Name") values (12564, 1021, 'Huancayo');
insert into "Cities"("Id", "RegionId", "Name") values (12565, 1021, 'Jauja');
insert into "Cities"("Id", "RegionId", "Name") values (12566, 1021, 'Satipo');
insert into "Cities"("Id", "RegionId", "Name") values (12567, 1043, 'Braniewo');
insert into "Cities"("Id", "RegionId", "Name") values (12568, 1043, 'Elblag');
insert into "Cities"("Id", "RegionId", "Name") values (12569, 1102, 'Arganil');
insert into "Cities"("Id", "RegionId", "Name") values (12570, 1102, 'Avelar');
insert into "Cities"("Id", "RegionId", "Name") values (12571, 1102, 'Brasfemes');
insert into "Cities"("Id", "RegionId", "Name") values (12572, 1102, 'Coimbra');
insert into "Cities"("Id", "RegionId", "Name") values (12573, 1102, 'Figueira da Foz');
insert into "Cities"("Id", "RegionId", "Name") values (12574, 1102, 'Ponte de Vilela');
insert into "Cities"("Id", "RegionId", "Name") values (12575, 1122, 'Campulung-Muscel');
insert into "Cities"("Id", "RegionId", "Name") values (12576, 1122, 'Costesti');
insert into "Cities"("Id", "RegionId", "Name") values (12577, 1122, 'Curtea de Arges');
insert into "Cities"("Id", "RegionId", "Name") values (12578, 1122, 'Mioveni');
insert into "Cities"("Id", "RegionId", "Name") values (12579, 1122, 'Pitesti');
insert into "Cities"("Id", "RegionId", "Name") values (12580, 1122, 'Topoloveni');
insert into "Cities"("Id", "RegionId", "Name") values (12581, 1163, 'Adak');
insert into "Cities"("Id", "RegionId", "Name") values (12582, 1163, 'Aleknagik');
insert into "Cities"("Id", "RegionId", "Name") values (12583, 1163, 'Ambler');
insert into "Cities"("Id", "RegionId", "Name") values (12584, 1163, 'Anchorage');
insert into "Cities"("Id", "RegionId", "Name") values (12585, 1163, 'Angoon');
insert into "Cities"("Id", "RegionId", "Name") values (12586, 1163, 'Atka');
insert into "Cities"("Id", "RegionId", "Name") values (12587, 1163, 'Auke Bay');
insert into "Cities"("Id", "RegionId", "Name") values (12588, 1163, 'Barrow');
insert into "Cities"("Id", "RegionId", "Name") values (12589, 1163, 'Big Lake');
insert into "Cities"("Id", "RegionId", "Name") values (12590, 1163, 'Cordova');
insert into "Cities"("Id", "RegionId", "Name") values (12591, 1163, 'Delta Junction');
insert into "Cities"("Id", "RegionId", "Name") values (12592, 1163, 'Douglas');
insert into "Cities"("Id", "RegionId", "Name") values (12593, 1163, 'Fairbanks');
insert into "Cities"("Id", "RegionId", "Name") values (12594, 1163, 'Funny River');
insert into "Cities"("Id", "RegionId", "Name") values (12595, 1163, 'Homer');
insert into "Cities"("Id", "RegionId", "Name") values (12596, 1163, 'Juneau');
insert into "Cities"("Id", "RegionId", "Name") values (12597, 1163, 'Kenai');
insert into "Cities"("Id", "RegionId", "Name") values (12598, 1163, 'Ketchikan');
insert into "Cities"("Id", "RegionId", "Name") values (12599, 1163, 'Nome');
insert into "Cities"("Id", "RegionId", "Name") values (12600, 1163, 'North Pole');
insert into "Cities"("Id", "RegionId", "Name") values (12601, 1163, 'Petersburg');
insert into "Cities"("Id", "RegionId", "Name") values (12602, 1163, 'Russian Mission');
insert into "Cities"("Id", "RegionId", "Name") values (12603, 1163, 'Wasilla');
insert into "Cities"("Id", "RegionId", "Name") values (12604, 1163, 'Yakutat');
insert into "Cities"("Id", "RegionId", "Name") values (12605, 1215, 'Ахуачапан');
insert into "Regions"("Id", "CountryId", "Name") values (1221, 154, 'Самоа');
insert into "Cities"("Id", "RegionId", "Name") values (12606, 694, 'Augusta');
insert into "Cities"("Id", "RegionId", "Name") values (12607, 694, 'Pachino');
insert into "Cities"("Id", "RegionId", "Name") values (12608, 694, 'Siracusa');
insert into "Cities"("Id", "RegionId", "Name") values (12609, 694, 'Solarino');
insert into "Cities"("Id", "RegionId", "Name") values (12610, 994, 'Farestad');
insert into "Cities"("Id", "RegionId", "Name") values (12611, 994, 'Flekkefjord');
insert into "Cities"("Id", "RegionId", "Name") values (12612, 994, 'Grimestad');
insert into "Cities"("Id", "RegionId", "Name") values (12613, 994, 'Kristiansand');
insert into "Cities"("Id", "RegionId", "Name") values (12614, 994, 'Lyngdal');
insert into "Cities"("Id", "RegionId", "Name") values (12615, 994, 'Mandal');
insert into "Cities"("Id", "RegionId", "Name") values (12616, 994, 'Vennesla');
insert into "Cities"("Id", "RegionId", "Name") values (12617, 994, 'Vike');
insert into "Cities"("Id", "RegionId", "Name") values (12618, 1022, 'Chocope');
insert into "Cities"("Id", "RegionId", "Name") values (12619, 1022, 'Trujillo');
insert into "Cities"("Id", "RegionId", "Name") values (12620, 1044, 'Althtte');
insert into "Cities"("Id", "RegionId", "Name") values (12621, 1044, 'B‚otnik');
insert into "Cities"("Id", "RegionId", "Name") values (12622, 1044, 'Banino');
insert into "Cities"("Id", "RegionId", "Name") values (12623, 1044, 'Bieszki');
insert into "Cities"("Id", "RegionId", "Name") values (12624, 1044, 'Choczewo');
insert into "Cities"("Id", "RegionId", "Name") values (12625, 1044, 'Gdingen');
insert into "Cities"("Id", "RegionId", "Name") values (12626, 1044, 'Gdynia');
insert into "Cities"("Id", "RegionId", "Name") values (12627, 1044, 'Grki Zachodnie');
insert into "Cities"("Id", "RegionId", "Name") values (12628, 1044, 'Huta');
insert into "Cities"("Id", "RegionId", "Name") values (12629, 1044, 'Lezno');
insert into "Cities"("Id", "RegionId", "Name") values (12630, 1044, 'Sopot');
insert into "Cities"("Id", "RegionId", "Name") values (12631, 1044, 'Tczew');
insert into "Cities"("Id", "RegionId", "Name") values (12632, 1044, 'Wrzeszcz');
insert into "Cities"("Id", "RegionId", "Name") values (12633, 1103, 'Barro Branco');
insert into "Cities"("Id", "RegionId", "Name") values (12634, 1103, 'Casa Nova');
insert into "Cities"("Id", "RegionId", "Name") values (12635, 1103, 'vora');
insert into "Cities"("Id", "RegionId", "Name") values (12636, 1103, 'Reguengos de Monsaraz');
insert into "Cities"("Id", "RegionId", "Name") values (12637, 1103, 'Vendas Novas');
insert into "Cities"("Id", "RegionId", "Name") values (12638, 1123, 'Bacau');
insert into "Cities"("Id", "RegionId", "Name") values (12639, 1123, 'Buhusi');
insert into "Cities"("Id", "RegionId", "Name") values (12640, 1123, 'Comanesti');
insert into "Cities"("Id", "RegionId", "Name") values (12641, 1123, 'Darmanesti');
insert into "Cities"("Id", "RegionId", "Name") values (12642, 1123, 'Moinesti');
insert into "Cities"("Id", "RegionId", "Name") values (12643, 1123, 'Onesti');
insert into "Cities"("Id", "RegionId", "Name") values (12644, 1123, 'Slanic Moldova');
insert into "Cities"("Id", "RegionId", "Name") values (12645, 1123, 'Targu Ocna');
insert into "Cities"("Id", "RegionId", "Name") values (12646, 1164, 'Pago Pago');
insert into "Cities"("Id", "RegionId", "Name") values (12647, 1216, 'Нуэва Сан Салвадор');
insert into "Cities"("Id", "RegionId", "Name") values (12648, 1221, 'Алиа');
insert into "Cities"("Id", "RegionId", "Name") values (12649, 1221, 'Паго-Паго');
insert into "Regions"("Id", "CountryId", "Name") values (1222, 155, 'Acquaviva');
insert into "Regions"("Id", "CountryId", "Name") values (1223, 155, 'Chiesanuova');
insert into "Regions"("Id", "CountryId", "Name") values (1224, 155, 'Serravalle');
insert into "Cities"("Id", "RegionId", "Name") values (12650, 695, 'Marsala');
insert into "Cities"("Id", "RegionId", "Name") values (12651, 695, 'Trapani');
insert into "Cities"("Id", "RegionId", "Name") values (12652, 995, 's');
insert into "Cities"("Id", "RegionId", "Name") values (12653, 995, 'Bergan');
insert into "Cities"("Id", "RegionId", "Name") values (12654, 995, 'Bukta');
insert into "Cities"("Id", "RegionId", "Name") values (12655, 995, 'Horten');
insert into "Cities"("Id", "RegionId", "Name") values (12656, 995, 'Larvik');
insert into "Cities"("Id", "RegionId", "Name") values (12657, 995, 'Nttery');
insert into "Cities"("Id", "RegionId", "Name") values (12658, 995, 'Sandefjord');
insert into "Cities"("Id", "RegionId", "Name") values (12659, 995, 'Tjme');
insert into "Cities"("Id", "RegionId", "Name") values (12660, 995, 'Tnsberg');
insert into "Cities"("Id", "RegionId", "Name") values (12661, 1023, 'Chiclayo');
insert into "Cities"("Id", "RegionId", "Name") values (12662, 1023, 'Lambayeque');
insert into "Cities"("Id", "RegionId", "Name") values (12663, 1045, 'Gorzw Wielkopolski');
insert into "Cities"("Id", "RegionId", "Name") values (12664, 1045, 'Kostrzyn nad Odra');
insert into "Cities"("Id", "RegionId", "Name") values (12665, 1045, 'S‚ubice');
insert into "Cities"("Id", "RegionId", "Name") values (12666, 1104, 'Abutreira');
insert into "Cities"("Id", "RegionId", "Name") values (12667, 1104, 'Albufeira');
insert into "Cities"("Id", "RegionId", "Name") values (12668, 1104, 'Alcantarilha');
insert into "Cities"("Id", "RegionId", "Name") values (12669, 1104, 'Algoz');
insert into "Cities"("Id", "RegionId", "Name") values (12670, 1104, 'Aljezur');
insert into "Cities"("Id", "RegionId", "Name") values (12671, 1104, 'Almancil');
insert into "Cities"("Id", "RegionId", "Name") values (12672, 1104, 'Altura');
insert into "Cities"("Id", "RegionId", "Name") values (12673, 1104, 'Alvor');
insert into "Cities"("Id", "RegionId", "Name") values (12674, 1104, 'Armao de Pra');
insert into "Cities"("Id", "RegionId", "Name") values (12675, 1104, 'Belm');
insert into "Cities"("Id", "RegionId", "Name") values (12676, 1104, 'Cabanas');
insert into "Cities"("Id", "RegionId", "Name") values (12677, 1104, 'Esti');
insert into "Cities"("Id", "RegionId", "Name") values (12678, 1104, 'Faro');
insert into "Cities"("Id", "RegionId", "Name") values (12679, 1104, 'Foia');
insert into "Cities"("Id", "RegionId", "Name") values (12680, 1104, 'Lagoa');
insert into "Cities"("Id", "RegionId", "Name") values (12681, 1104, 'Lagoa');
insert into "Cities"("Id", "RegionId", "Name") values (12682, 1104, 'Lagoas');
insert into "Cities"("Id", "RegionId", "Name") values (12683, 1104, 'Lagos');
insert into "Cities"("Id", "RegionId", "Name") values (12684, 1104, 'Loul');
insert into "Cities"("Id", "RegionId", "Name") values (12685, 1104, 'Mexilhoeira Grande');
insert into "Cities"("Id", "RegionId", "Name") values (12686, 1104, 'Monte Negro');
insert into "Cities"("Id", "RegionId", "Name") values (12687, 1104, 'Odeceixe');
insert into "Cities"("Id", "RegionId", "Name") values (12688, 1104, 'Olho');
insert into "Cities"("Id", "RegionId", "Name") values (12689, 1104, 'Pero de Elvas');
insert into "Cities"("Id", "RegionId", "Name") values (12690, 1104, 'Portimo');
insert into "Cities"("Id", "RegionId", "Name") values (12691, 1104, 'Quarteira');
insert into "Cities"("Id", "RegionId", "Name") values (12692, 1104, 'Sagres');
insert into "Cities"("Id", "RegionId", "Name") values (12693, 1104, 'Silves');
insert into "Cities"("Id", "RegionId", "Name") values (12694, 1104, 'Tavira');
insert into "Cities"("Id", "RegionId", "Name") values (12695, 1104, 'Vila Real de San Antnio');
insert into "Cities"("Id", "RegionId", "Name") values (12696, 1104, 'Vila Real de Santo Antnio');
insert into "Cities"("Id", "RegionId", "Name") values (12697, 1124, 'Alesd');
insert into "Cities"("Id", "RegionId", "Name") values (12698, 1124, 'Beius');
insert into "Cities"("Id", "RegionId", "Name") values (12699, 1124, 'Marghita');
insert into "Cities"("Id", "RegionId", "Name") values (12700, 1124, 'Nucet');
insert into "Cities"("Id", "RegionId", "Name") values (12701, 1124, 'Oradea');
insert into "Cities"("Id", "RegionId", "Name") values (12702, 1124, 'Salonta');
insert into "Cities"("Id", "RegionId", "Name") values (12703, 1124, 'Stei');
insert into "Cities"("Id", "RegionId", "Name") values (12704, 1124, 'Valea lui Mihai');
insert into "Cities"("Id", "RegionId", "Name") values (12705, 1124, 'Vascau');
insert into "Cities"("Id", "RegionId", "Name") values (12706, 1165, 'Aguila');
insert into "Cities"("Id", "RegionId", "Name") values (12707, 1165, 'Ajo');
insert into "Cities"("Id", "RegionId", "Name") values (12708, 1165, 'Alpine');
insert into "Cities"("Id", "RegionId", "Name") values (12709, 1165, 'Amado');
insert into "Cities"("Id", "RegionId", "Name") values (12710, 1165, 'Arivaca');
insert into "Cities"("Id", "RegionId", "Name") values (12711, 1165, 'Arizona City');
insert into "Cities"("Id", "RegionId", "Name") values (12712, 1165, 'Ash Fork');
insert into "Cities"("Id", "RegionId", "Name") values (12713, 1165, 'Avondale');
insert into "Cities"("Id", "RegionId", "Name") values (12714, 1165, 'Benson');
insert into "Cities"("Id", "RegionId", "Name") values (12715, 1165, 'Big Park');
insert into "Cities"("Id", "RegionId", "Name") values (12716, 1165, 'Bullhead City');
insert into "Cities"("Id", "RegionId", "Name") values (12717, 1165, 'Carefree');
insert into "Cities"("Id", "RegionId", "Name") values (12718, 1165, 'Casa Grande');
insert into "Cities"("Id", "RegionId", "Name") values (12719, 1165, 'Chandler');
insert into "Cities"("Id", "RegionId", "Name") values (12720, 1165, 'Colorado City');
insert into "Cities"("Id", "RegionId", "Name") values (12721, 1165, 'Flagstaff');
insert into "Cities"("Id", "RegionId", "Name") values (12722, 1165, 'Fort Huachuca');
insert into "Cities"("Id", "RegionId", "Name") values (12723, 1165, 'Gilbert');
insert into "Cities"("Id", "RegionId", "Name") values (12724, 1165, 'Glendale');
insert into "Cities"("Id", "RegionId", "Name") values (12725, 1165, 'Kingman');
insert into "Cities"("Id", "RegionId", "Name") values (12726, 1165, 'Lake Havasu City');
insert into "Cities"("Id", "RegionId", "Name") values (12727, 1165, 'Lake Montezuma');
insert into "Cities"("Id", "RegionId", "Name") values (12728, 1165, 'LakeIde');
insert into "Cities"("Id", "RegionId", "Name") values (12729, 1165, 'Maricopa');
insert into "Cities"("Id", "RegionId", "Name") values (12730, 1165, 'Mesa');
insert into "Cities"("Id", "RegionId", "Name") values (12731, 1165, 'Miami');
insert into "Cities"("Id", "RegionId", "Name") values (12732, 1165, 'Paradise Valley');
insert into "Cities"("Id", "RegionId", "Name") values (12733, 1165, 'Payson');
insert into "Cities"("Id", "RegionId", "Name") values (12734, 1165, 'Peoria');
insert into "Cities"("Id", "RegionId", "Name") values (12735, 1165, 'Phoenix');
insert into "Cities"("Id", "RegionId", "Name") values (12736, 1165, 'Prescott Valley');
insert into "Cities"("Id", "RegionId", "Name") values (12737, 1165, 'Scottsdale');
insert into "Cities"("Id", "RegionId", "Name") values (12738, 1165, 'Tempe');
insert into "Cities"("Id", "RegionId", "Name") values (12739, 1165, 'Thatcher');
insert into "Cities"("Id", "RegionId", "Name") values (12740, 1165, 'Tucson');
insert into "Cities"("Id", "RegionId", "Name") values (12741, 1217, 'Закатеколука');
insert into "Cities"("Id", "RegionId", "Name") values (12742, 1222, 'Acquaviva');
insert into "Regions"("Id", "CountryId", "Name") values (1225, 156, 'Сан-Томе');
insert into "Cities"("Id", "RegionId", "Name") values (12743, 696, 'Anghiari');
insert into "Cities"("Id", "RegionId", "Name") values (12744, 696, 'Arezzo');
insert into "Cities"("Id", "RegionId", "Name") values (12745, 696, 'Castiglion Fiorentino');
insert into "Cities"("Id", "RegionId", "Name") values (12746, 696, 'Pieve Santo Stefano');
insert into "Cities"("Id", "RegionId", "Name") values (12747, 1024, 'Acacoto');
insert into "Cities"("Id", "RegionId", "Name") values (12748, 1024, 'Acho');
insert into "Cities"("Id", "RegionId", "Name") values (12749, 1024, 'Agua');
insert into "Cities"("Id", "RegionId", "Name") values (12750, 1024, 'Agustino');
insert into "Cities"("Id", "RegionId", "Name") values (12751, 1024, 'Balconcillo de Aviyay');
insert into "Cities"("Id", "RegionId", "Name") values (12752, 1024, 'Chorrillos');
insert into "Cities"("Id", "RegionId", "Name") values (12753, 1024, 'Chosica');
insert into "Cities"("Id", "RegionId", "Name") values (12754, 1024, 'Higuereta');
insert into "Cities"("Id", "RegionId", "Name") values (12755, 1024, 'Huacho');
insert into "Cities"("Id", "RegionId", "Name") values (12756, 1024, 'La Victoria');
insert into "Cities"("Id", "RegionId", "Name") values (12757, 1024, 'Lima');
insert into "Cities"("Id", "RegionId", "Name") values (12758, 1024, 'Litma');
insert into "Cities"("Id", "RegionId", "Name") values (12759, 1024, 'Los Cipreses');
insert into "Cities"("Id", "RegionId", "Name") values (12760, 1024, 'Los Olivos');
insert into "Cities"("Id", "RegionId", "Name") values (12761, 1024, 'Magdalena del Mar');
insert into "Cities"("Id", "RegionId", "Name") values (12762, 1024, 'Miraflores');
insert into "Cities"("Id", "RegionId", "Name") values (12763, 1024, 'Rmac');
insert into "Cities"("Id", "RegionId", "Name") values (12764, 1024, 'San Borja');
insert into "Cities"("Id", "RegionId", "Name") values (12765, 1024, 'Santa Anita');
insert into "Cities"("Id", "RegionId", "Name") values (12766, 1024, 'Santiago de Surco');
insert into "Cities"("Id", "RegionId", "Name") values (12767, 1024, 'Surco');
insert into "Cities"("Id", "RegionId", "Name") values (12768, 1024, 'Vitarte');
insert into "Cities"("Id", "RegionId", "Name") values (12769, 1046, 'Boles‚awiec');
insert into "Cities"("Id", "RegionId", "Name") values (12770, 1046, 'Boleslawice');
insert into "Cities"("Id", "RegionId", "Name") values (12771, 1046, 'Czarne');
insert into "Cities"("Id", "RegionId", "Name") values (12772, 1046, 'Wlen');
insert into "Cities"("Id", "RegionId", "Name") values (12773, 1046, 'Zgorzelec');
insert into "Cities"("Id", "RegionId", "Name") values (12774, 1046, 'Zgorzelice');
insert into "Cities"("Id", "RegionId", "Name") values (12775, 1105, 'Albardeiros');
insert into "Cities"("Id", "RegionId", "Name") values (12776, 1105, 'Alcarva');
insert into "Cities"("Id", "RegionId", "Name") values (12777, 1105, 'Guarda');
insert into "Cities"("Id", "RegionId", "Name") values (12778, 1105, 'Seia');
insert into "Cities"("Id", "RegionId", "Name") values (12779, 1105, 'Vila Nova de Fozcoa');
insert into "Cities"("Id", "RegionId", "Name") values (12780, 1125, 'Beclean');
insert into "Cities"("Id", "RegionId", "Name") values (12781, 1125, 'Bistrita');
insert into "Cities"("Id", "RegionId", "Name") values (12782, 1125, 'Nasaud');
insert into "Cities"("Id", "RegionId", "Name") values (12783, 1125, 'Sangeorz-Bai');
insert into "Cities"("Id", "RegionId", "Name") values (12784, 1166, 'Alicia');
insert into "Cities"("Id", "RegionId", "Name") values (12785, 1166, 'Avoca');
insert into "Cities"("Id", "RegionId", "Name") values (12786, 1166, 'Bentonville');
insert into "Cities"("Id", "RegionId", "Name") values (12787, 1166, 'CIdester');
insert into "Cities"("Id", "RegionId", "Name") values (12788, 1166, 'Conway');
insert into "Cities"("Id", "RegionId", "Name") values (12789, 1166, 'England');
insert into "Cities"("Id", "RegionId", "Name") values (12790, 1166, 'Fayetteville');
insert into "Cities"("Id", "RegionId", "Name") values (12791, 1166, 'Lavaca');
insert into "Cities"("Id", "RegionId", "Name") values (12792, 1166, 'Little Rock');
insert into "Cities"("Id", "RegionId", "Name") values (12793, 1166, 'Magnolia');
insert into "Cities"("Id", "RegionId", "Name") values (12794, 1166, 'Paris');
insert into "Cities"("Id", "RegionId", "Name") values (12795, 1166, 'Pine Bluff');
insert into "Cities"("Id", "RegionId", "Name") values (12796, 1166, 'Sims');
insert into "Cities"("Id", "RegionId", "Name") values (12797, 1218, 'Ла Унион');
insert into "Cities"("Id", "RegionId", "Name") values (12798, 1223, 'Chiesanuova');
insert into "Cities"("Id", "RegionId", "Name") values (12799, 1225, 'Сан-Томе');
insert into "Regions"("Id", "CountryId", "Name") values (1226, 157, 'Саудовская Аравия');
insert into "Cities"("Id", "RegionId", "Name") values (12800, 697, 'Bagno a Ripoli');
insert into "Cities"("Id", "RegionId", "Name") values (12801, 697, 'Castelfiorentino');
insert into "Cities"("Id", "RegionId", "Name") values (12802, 697, 'Empoli');
insert into "Cities"("Id", "RegionId", "Name") values (12803, 697, 'Fiesole');
insert into "Cities"("Id", "RegionId", "Name") values (12804, 697, 'Figline Valdarno');
insert into "Cities"("Id", "RegionId", "Name") values (12805, 697, 'Firenze');
insert into "Cities"("Id", "RegionId", "Name") values (12806, 697, 'Fucecchio');
insert into "Cities"("Id", "RegionId", "Name") values (12807, 1025, 'Iquitos');
insert into "Cities"("Id", "RegionId", "Name") values (12808, 1047, 'Kalisz');
insert into "Cities"("Id", "RegionId", "Name") values (12809, 1047, 'Ostrw Wielkopolski');
insert into "Cities"("Id", "RegionId", "Name") values (12810, 1106, 'Alcobaa');
insert into "Cities"("Id", "RegionId", "Name") values (12811, 1106, 'Amor');
insert into "Cities"("Id", "RegionId", "Name") values (12812, 1106, 'Batalha');
insert into "Cities"("Id", "RegionId", "Name") values (12813, 1106, 'Benedita');
insert into "Cities"("Id", "RegionId", "Name") values (12814, 1106, 'Caldad da Rainha');
insert into "Cities"("Id", "RegionId", "Name") values (12815, 1106, 'Caldas da Rainha');
insert into "Cities"("Id", "RegionId", "Name") values (12816, 1106, 'Famalico');
insert into "Cities"("Id", "RegionId", "Name") values (12817, 1106, 'Leira');
insert into "Cities"("Id", "RegionId", "Name") values (12818, 1106, 'Leiria');
insert into "Cities"("Id", "RegionId", "Name") values (12819, 1106, 'Marinha Grande');
insert into "Cities"("Id", "RegionId", "Name") values (12820, 1106, 'Martingana');
insert into "Cities"("Id", "RegionId", "Name") values (12821, 1106, 'Mira d''''Aire');
insert into "Cities"("Id", "RegionId", "Name") values (12822, 1106, 'Nazar');
insert into "Cities"("Id", "RegionId", "Name") values (12823, 1106, 'Peniche');
insert into "Cities"("Id", "RegionId", "Name") values (12824, 1106, 'Pinheiros');
insert into "Cities"("Id", "RegionId", "Name") values (12825, 1106, 'Pombal');
insert into "Cities"("Id", "RegionId", "Name") values (12826, 1106, 'Porto de Ms');
insert into "Cities"("Id", "RegionId", "Name") values (12827, 1106, 'So Martinho de Porto');
insert into "Cities"("Id", "RegionId", "Name") values (12828, 1106, 'So Martinho do Porto');
insert into "Cities"("Id", "RegionId", "Name") values (12829, 1106, 'Vermoil');
insert into "Cities"("Id", "RegionId", "Name") values (12830, 1106, 'Zambujal');
insert into "Cities"("Id", "RegionId", "Name") values (12831, 1126, 'Botosani');
insert into "Cities"("Id", "RegionId", "Name") values (12832, 1126, 'Darabani');
insert into "Cities"("Id", "RegionId", "Name") values (12833, 1126, 'Dorohoi');
insert into "Cities"("Id", "RegionId", "Name") values (12834, 1126, 'Saveni');
insert into "Cities"("Id", "RegionId", "Name") values (12835, 1167, 'Acampo');
insert into "Cities"("Id", "RegionId", "Name") values (12836, 1167, 'Acton');
insert into "Cities"("Id", "RegionId", "Name") values (12837, 1167, 'Adelanto');
insert into "Cities"("Id", "RegionId", "Name") values (12838, 1167, 'Adin');
insert into "Cities"("Id", "RegionId", "Name") values (12839, 1167, 'Aguanga');
insert into "Cities"("Id", "RegionId", "Name") values (12840, 1167, 'Ahwahnee');
insert into "Cities"("Id", "RegionId", "Name") values (12841, 1167, 'Alameda');
insert into "Cities"("Id", "RegionId", "Name") values (12842, 1167, 'Alamo');
insert into "Cities"("Id", "RegionId", "Name") values (12843, 1167, 'Albany');
insert into "Cities"("Id", "RegionId", "Name") values (12844, 1167, 'Aliso Viejo');
insert into "Cities"("Id", "RegionId", "Name") values (12845, 1167, 'Alleghany');
insert into "Cities"("Id", "RegionId", "Name") values (12846, 1167, 'Alta');
insert into "Cities"("Id", "RegionId", "Name") values (12847, 1167, 'Alta Loma');
insert into "Cities"("Id", "RegionId", "Name") values (12848, 1167, 'Altadena');
insert into "Cities"("Id", "RegionId", "Name") values (12849, 1167, 'Amador City');
insert into "Cities"("Id", "RegionId", "Name") values (12850, 1167, 'Amboy');
insert into "Cities"("Id", "RegionId", "Name") values (12851, 1167, 'American Canyon');
insert into "Cities"("Id", "RegionId", "Name") values (12852, 1167, 'Anaheim');
insert into "Cities"("Id", "RegionId", "Name") values (12853, 1167, 'Anderson');
insert into "Cities"("Id", "RegionId", "Name") values (12854, 1167, 'Angels Camp');
insert into "Cities"("Id", "RegionId", "Name") values (12855, 1167, 'Annapolis');
insert into "Cities"("Id", "RegionId", "Name") values (12856, 1167, 'Antelope');
insert into "Cities"("Id", "RegionId", "Name") values (12857, 1167, 'Arcadia');
insert into "Cities"("Id", "RegionId", "Name") values (12858, 1167, 'Auburn');
insert into "Cities"("Id", "RegionId", "Name") values (12859, 1167, 'Avenal');
insert into "Cities"("Id", "RegionId", "Name") values (12860, 1167, 'Bakersfield');
insert into "Cities"("Id", "RegionId", "Name") values (12861, 1167, 'Barstow');
insert into "Cities"("Id", "RegionId", "Name") values (12862, 1167, 'Bass Lake');
insert into "Cities"("Id", "RegionId", "Name") values (12863, 1167, 'Belmont');
insert into "Cities"("Id", "RegionId", "Name") values (12864, 1167, 'Berkeley');
insert into "Cities"("Id", "RegionId", "Name") values (12865, 1167, 'Beverly Hills');
insert into "Cities"("Id", "RegionId", "Name") values (12866, 1167, 'Big Bar');
insert into "Cities"("Id", "RegionId", "Name") values (12867, 1167, 'Bishop');
insert into "Cities"("Id", "RegionId", "Name") values (12868, 1167, 'Blue Lake');
insert into "Cities"("Id", "RegionId", "Name") values (12869, 1167, 'Boyes Hot Springs');
insert into "Cities"("Id", "RegionId", "Name") values (12870, 1167, 'Brea');
insert into "Cities"("Id", "RegionId", "Name") values (12871, 1167, 'Brentwood');
insert into "Cities"("Id", "RegionId", "Name") values (12872, 1167, 'Brooks');
insert into "Cities"("Id", "RegionId", "Name") values (12873, 1167, 'Burbank');
insert into "Cities"("Id", "RegionId", "Name") values (12874, 1167, 'Calabasas');
insert into "Cities"("Id", "RegionId", "Name") values (12875, 1167, 'California City');
insert into "Cities"("Id", "RegionId", "Name") values (12876, 1167, 'California Hot Springs');
insert into "Cities"("Id", "RegionId", "Name") values (12877, 1167, 'Camarillo');
insert into "Cities"("Id", "RegionId", "Name") values (12878, 1167, 'Campbell');
insert into "Cities"("Id", "RegionId", "Name") values (12879, 1167, 'Cantil');
insert into "Cities"("Id", "RegionId", "Name") values (12880, 1167, 'Capistrano Beach');
insert into "Cities"("Id", "RegionId", "Name") values (12881, 1167, 'Carlsbad');
insert into "Cities"("Id", "RegionId", "Name") values (12882, 1167, 'Carmichael');
insert into "Cities"("Id", "RegionId", "Name") values (12883, 1167, 'Castro Valley');
insert into "Cities"("Id", "RegionId", "Name") values (12884, 1167, 'Cazadero');
insert into "Cities"("Id", "RegionId", "Name") values (12885, 1167, 'Ceres');
insert into "Cities"("Id", "RegionId", "Name") values (12886, 1167, 'Chicago Park');
insert into "Cities"("Id", "RegionId", "Name") values (12887, 1167, 'Chico');
insert into "Cities"("Id", "RegionId", "Name") values (12888, 1167, 'Chino');
insert into "Cities"("Id", "RegionId", "Name") values (12889, 1167, 'Chula Vista');
insert into "Cities"("Id", "RegionId", "Name") values (12890, 1167, 'Citrus Heights');
insert into "Cities"("Id", "RegionId", "Name") values (12891, 1167, 'Clovis');
insert into "Cities"("Id", "RegionId", "Name") values (12892, 1167, 'Concord');
insert into "Cities"("Id", "RegionId", "Name") values (12893, 1167, 'Cool');
insert into "Cities"("Id", "RegionId", "Name") values (12894, 1167, 'Corona');
insert into "Cities"("Id", "RegionId", "Name") values (12895, 1167, 'Coronado');
insert into "Cities"("Id", "RegionId", "Name") values (12896, 1167, 'Corte Madera');
insert into "Cities"("Id", "RegionId", "Name") values (12897, 1167, 'Costa Mesa');
insert into "Cities"("Id", "RegionId", "Name") values (12898, 1167, 'Covina');
insert into "Cities"("Id", "RegionId", "Name") values (12899, 1167, 'Coyote');
insert into "Cities"("Id", "RegionId", "Name") values (12900, 1167, 'Crest Park');
insert into "Cities"("Id", "RegionId", "Name") values (12901, 1167, 'Cupertino');
insert into "Cities"("Id", "RegionId", "Name") values (12902, 1167, 'Daly City');
insert into "Cities"("Id", "RegionId", "Name") values (12903, 1167, 'Danville');
insert into "Cities"("Id", "RegionId", "Name") values (12904, 1167, 'Davis');
insert into "Cities"("Id", "RegionId", "Name") values (12905, 1167, 'Del Mar');
insert into "Cities"("Id", "RegionId", "Name") values (12906, 1167, 'Dos Rios');
insert into "Cities"("Id", "RegionId", "Name") values (12907, 1167, 'Dublin');
insert into "Cities"("Id", "RegionId", "Name") values (12908, 1167, 'Dunnigan');
insert into "Cities"("Id", "RegionId", "Name") values (12909, 1167, 'El Cajon');
insert into "Cities"("Id", "RegionId", "Name") values (12910, 1167, 'El Cerrito');
insert into "Cities"("Id", "RegionId", "Name") values (12911, 1167, 'El Dorado Hills');
insert into "Cities"("Id", "RegionId", "Name") values (12912, 1167, 'Encino');
insert into "Cities"("Id", "RegionId", "Name") values (12913, 1167, 'Eureka');
insert into "Cities"("Id", "RegionId", "Name") values (12914, 1167, 'Fairfield');
insert into "Cities"("Id", "RegionId", "Name") values (12915, 1167, 'Foster City');
insert into "Cities"("Id", "RegionId", "Name") values (12916, 1167, 'Fountain Valley');
insert into "Cities"("Id", "RegionId", "Name") values (12917, 1167, 'Fremont');
insert into "Cities"("Id", "RegionId", "Name") values (12918, 1167, 'Fresno');
insert into "Cities"("Id", "RegionId", "Name") values (12919, 1167, 'Gerber');
insert into "Cities"("Id", "RegionId", "Name") values (12920, 1167, 'Gilroy');
insert into "Cities"("Id", "RegionId", "Name") values (12921, 1167, 'Glendale');
insert into "Cities"("Id", "RegionId", "Name") values (12922, 1167, 'Granada Hills');
insert into "Cities"("Id", "RegionId", "Name") values (12923, 1167, 'Half Moon Bay');
insert into "Cities"("Id", "RegionId", "Name") values (12924, 1167, 'Hayward');
insert into "Cities"("Id", "RegionId", "Name") values (12925, 1167, 'Holy City');
insert into "Cities"("Id", "RegionId", "Name") values (12926, 1167, 'Huntington Beach');
insert into "Cities"("Id", "RegionId", "Name") values (12927, 1167, 'Huntington Park');
insert into "Cities"("Id", "RegionId", "Name") values (12928, 1167, 'Ione');
insert into "Cities"("Id", "RegionId", "Name") values (12929, 1167, 'Irvine');
insert into "Cities"("Id", "RegionId", "Name") values (12930, 1167, 'Jackson');
insert into "Cities"("Id", "RegionId", "Name") values (12931, 1167, 'King City');
insert into "Cities"("Id", "RegionId", "Name") values (12932, 1167, 'Kingsburg');
insert into "Cities"("Id", "RegionId", "Name") values (12933, 1167, 'Kyburz');
insert into "Cities"("Id", "RegionId", "Name") values (12934, 1167, 'La Grange');
insert into "Cities"("Id", "RegionId", "Name") values (12935, 1167, 'La Habra');
insert into "Cities"("Id", "RegionId", "Name") values (12936, 1167, 'La Jolla');
insert into "Cities"("Id", "RegionId", "Name") values (12937, 1167, 'Lafayette');
insert into "Cities"("Id", "RegionId", "Name") values (12938, 1167, 'Laguna Beach');
insert into "Cities"("Id", "RegionId", "Name") values (12939, 1167, 'Laguna Hills');
insert into "Cities"("Id", "RegionId", "Name") values (12940, 1167, 'Lake Elsinore');
insert into "Cities"("Id", "RegionId", "Name") values (12941, 1167, 'Lake Forest');
insert into "Cities"("Id", "RegionId", "Name") values (12942, 1167, 'Lakewood');
insert into "Cities"("Id", "RegionId", "Name") values (12943, 1167, 'Lancaster');
insert into "Cities"("Id", "RegionId", "Name") values (12944, 1167, 'Laton');
insert into "Cities"("Id", "RegionId", "Name") values (12945, 1167, 'Long Beach');
insert into "Cities"("Id", "RegionId", "Name") values (12946, 1167, 'Los Alamitos');
insert into "Cities"("Id", "RegionId", "Name") values (12947, 1167, 'Los Altos');
insert into "Cities"("Id", "RegionId", "Name") values (12948, 1167, 'Los Angeles');
insert into "Cities"("Id", "RegionId", "Name") values (12949, 1167, 'Los Gatos');
insert into "Cities"("Id", "RegionId", "Name") values (12950, 1167, 'Malibu');
insert into "Cities"("Id", "RegionId", "Name") values (12951, 1167, 'Manhattan Beach');
insert into "Cities"("Id", "RegionId", "Name") values (12952, 1167, 'Manteca');
insert into "Cities"("Id", "RegionId", "Name") values (12953, 1167, 'Marina');
insert into "Cities"("Id", "RegionId", "Name") values (12954, 1167, 'Merced');
insert into "Cities"("Id", "RegionId", "Name") values (12955, 1167, 'Mill Valley');
insert into "Cities"("Id", "RegionId", "Name") values (12956, 1167, 'Millbrae');
insert into "Cities"("Id", "RegionId", "Name") values (12957, 1167, 'Milpitas');
insert into "Cities"("Id", "RegionId", "Name") values (12958, 1167, 'Mira Loma');
insert into "Cities"("Id", "RegionId", "Name") values (12959, 1167, 'Mission Hills');
insert into "Cities"("Id", "RegionId", "Name") values (12960, 1167, 'Mission Viejo');
insert into "Cities"("Id", "RegionId", "Name") values (12961, 1167, 'Modesto');
insert into "Cities"("Id", "RegionId", "Name") values (12962, 1167, 'Monterey');
insert into "Cities"("Id", "RegionId", "Name") values (12963, 1167, 'Mountain View');
insert into "Cities"("Id", "RegionId", "Name") values (12964, 1167, 'National City');
insert into "Cities"("Id", "RegionId", "Name") values (12965, 1167, 'Nevada City');
insert into "Cities"("Id", "RegionId", "Name") values (12966, 1167, 'Newport Beach');
insert into "Cities"("Id", "RegionId", "Name") values (12967, 1167, 'North Hollywood');
insert into "Cities"("Id", "RegionId", "Name") values (12968, 1167, 'Novato');
insert into "Cities"("Id", "RegionId", "Name") values (12969, 1167, 'Oakland');
insert into "Cities"("Id", "RegionId", "Name") values (12970, 1167, 'OceanIde');
insert into "Cities"("Id", "RegionId", "Name") values (12971, 1167, 'Ontario');
insert into "Cities"("Id", "RegionId", "Name") values (12972, 1167, 'Oxnard');
insert into "Cities"("Id", "RegionId", "Name") values (12973, 1167, 'Pacifica');
insert into "Cities"("Id", "RegionId", "Name") values (12974, 1167, 'Palm Desert');
insert into "Cities"("Id", "RegionId", "Name") values (12975, 1167, 'Palm Springs');
insert into "Cities"("Id", "RegionId", "Name") values (12976, 1167, 'Palmdale');
insert into "Cities"("Id", "RegionId", "Name") values (12977, 1167, 'Palo Alto');
insert into "Cities"("Id", "RegionId", "Name") values (12978, 1167, 'Palo Verde');
insert into "Cities"("Id", "RegionId", "Name") values (12979, 1167, 'Pasadena');
insert into "Cities"("Id", "RegionId", "Name") values (12980, 1167, 'Penn Valley');
insert into "Cities"("Id", "RegionId", "Name") values (12981, 1167, 'Pittsburg');
insert into "Cities"("Id", "RegionId", "Name") values (12982, 1167, 'Pleasant Hill');
insert into "Cities"("Id", "RegionId", "Name") values (12983, 1167, 'Pomona');
insert into "Cities"("Id", "RegionId", "Name") values (12984, 1167, 'Poway');
insert into "Cities"("Id", "RegionId", "Name") values (12985, 1167, 'Rancho Cordova');
insert into "Cities"("Id", "RegionId", "Name") values (12986, 1167, 'Rancho Santa Margarita');
insert into "Cities"("Id", "RegionId", "Name") values (12987, 1167, 'Redding');
insert into "Cities"("Id", "RegionId", "Name") values (12988, 1167, 'Redondo Beach');
insert into "Cities"("Id", "RegionId", "Name") values (12989, 1167, 'Redwood City');
insert into "Cities"("Id", "RegionId", "Name") values (12990, 1167, 'RiverIde');
insert into "Cities"("Id", "RegionId", "Name") values (12991, 1167, 'Rocklin');
insert into "Cities"("Id", "RegionId", "Name") values (12992, 1167, 'Roseville');
insert into "Cities"("Id", "RegionId", "Name") values (12993, 1167, 'Sacramento');
insert into "Cities"("Id", "RegionId", "Name") values (12994, 1167, 'Salinas');
insert into "Cities"("Id", "RegionId", "Name") values (12995, 1167, 'San Ardo');
insert into "Cities"("Id", "RegionId", "Name") values (12996, 1167, 'San Bernardino');
insert into "Cities"("Id", "RegionId", "Name") values (12997, 1167, 'San Bruno');
insert into "Cities"("Id", "RegionId", "Name") values (12998, 1167, 'San Clemente');
insert into "Cities"("Id", "RegionId", "Name") values (12999, 1167, 'San Diego');
insert into "Cities"("Id", "RegionId", "Name") values (13000, 1167, 'San Francisco');
insert into "Cities"("Id", "RegionId", "Name") values (13001, 1167, 'San Gabriel');
insert into "Cities"("Id", "RegionId", "Name") values (13002, 1167, 'San Jose');
insert into "Cities"("Id", "RegionId", "Name") values (13003, 1167, 'San Marcos');
insert into "Cities"("Id", "RegionId", "Name") values (13004, 1167, 'San Marino');
insert into "Cities"("Id", "RegionId", "Name") values (13005, 1167, 'San Mateo');
insert into "Cities"("Id", "RegionId", "Name") values (13006, 1167, 'San Pedro');
insert into "Cities"("Id", "RegionId", "Name") values (13007, 1167, 'San Rafael');
insert into "Cities"("Id", "RegionId", "Name") values (13008, 1167, 'San Ramon');
insert into "Cities"("Id", "RegionId", "Name") values (13009, 1167, 'Santa Ana');
insert into "Cities"("Id", "RegionId", "Name") values (13010, 1167, 'Santa Barbara');
insert into "Cities"("Id", "RegionId", "Name") values (13011, 1167, 'Santa Clara');
insert into "Cities"("Id", "RegionId", "Name") values (13012, 1167, 'Santa Cruz');
insert into "Cities"("Id", "RegionId", "Name") values (13013, 1167, 'Santa Monica');
insert into "Cities"("Id", "RegionId", "Name") values (13014, 1167, 'Santa Rosa');
insert into "Cities"("Id", "RegionId", "Name") values (13015, 1167, 'Sherman Oaks');
insert into "Cities"("Id", "RegionId", "Name") values (13016, 1167, 'Simi Valley');
insert into "Cities"("Id", "RegionId", "Name") values (13017, 1167, 'Smith River');
insert into "Cities"("Id", "RegionId", "Name") values (13018, 1167, 'South Lake Tahoe');
insert into "Cities"("Id", "RegionId", "Name") values (13019, 1167, 'South San Francisco');
insert into "Cities"("Id", "RegionId", "Name") values (13020, 1167, 'Squaw Valley');
insert into "Cities"("Id", "RegionId", "Name") values (13021, 1167, 'Stanford');
insert into "Cities"("Id", "RegionId", "Name") values (13022, 1167, 'Stockton');
insert into "Cities"("Id", "RegionId", "Name") values (13023, 1167, 'Studio City');
insert into "Cities"("Id", "RegionId", "Name") values (13024, 1167, 'Sunnyvale');
insert into "Cities"("Id", "RegionId", "Name") values (13025, 1167, 'Tarzana');
insert into "Cities"("Id", "RegionId", "Name") values (13026, 1167, 'Temecula');
insert into "Cities"("Id", "RegionId", "Name") values (13027, 1167, 'Thousand Oaks');
insert into "Cities"("Id", "RegionId", "Name") values (13028, 1167, 'Toluca Lake');
insert into "Cities"("Id", "RegionId", "Name") values (13029, 1167, 'Torrance');
insert into "Cities"("Id", "RegionId", "Name") values (13030, 1167, 'Tracy');
insert into "Cities"("Id", "RegionId", "Name") values (13031, 1167, 'Turlock');
insert into "Cities"("Id", "RegionId", "Name") values (13032, 1167, 'Tustin');
insert into "Cities"("Id", "RegionId", "Name") values (13033, 1167, 'Vallejo');
insert into "Cities"("Id", "RegionId", "Name") values (13034, 1167, 'Van Nuys');
insert into "Cities"("Id", "RegionId", "Name") values (13035, 1167, 'Venice');
insert into "Cities"("Id", "RegionId", "Name") values (13036, 1167, 'Ventura');
insert into "Cities"("Id", "RegionId", "Name") values (13037, 1167, 'Walnut Creek');
insert into "Cities"("Id", "RegionId", "Name") values (13038, 1167, 'Washington');
insert into "Cities"("Id", "RegionId", "Name") values (13039, 1167, 'Weed');
insert into "Cities"("Id", "RegionId", "Name") values (13040, 1167, 'West Hollywood');
insert into "Cities"("Id", "RegionId", "Name") values (13041, 1167, 'Westwood');
insert into "Cities"("Id", "RegionId", "Name") values (13042, 1167, 'Whittier');
insert into "Cities"("Id", "RegionId", "Name") values (13043, 1167, 'Woodland Hills');
insert into "Cities"("Id", "RegionId", "Name") values (13044, 1167, 'Yettem');
insert into "Cities"("Id", "RegionId", "Name") values (13045, 1167, 'Yolo');
insert into "Cities"("Id", "RegionId", "Name") values (13046, 1167, 'Yuba City');
insert into "Cities"("Id", "RegionId", "Name") values (13047, 1219, 'Сан Мигуэл');
insert into "Cities"("Id", "RegionId", "Name") values (13048, 1224, 'Falciano');
insert into "Cities"("Id", "RegionId", "Name") values (13049, 1224, 'Serravalle');
insert into "Cities"("Id", "RegionId", "Name") values (13050, 1226, 'Бурайда');
insert into "Cities"("Id", "RegionId", "Name") values (13051, 1226, 'Дамам');
insert into "Cities"("Id", "RegionId", "Name") values (13052, 1226, 'Джидда');
insert into "Cities"("Id", "RegionId", "Name") values (13053, 1226, 'Мекка');
insert into "Cities"("Id", "RegionId", "Name") values (13054, 1226, 'Эль-Бир');
insert into "Cities"("Id", "RegionId", "Name") values (13055, 1226, 'Эр-Рияд');
insert into "Regions"("Id", "CountryId", "Name") values (1227, 158, 'Свазиленд');
insert into "Cities"("Id", "RegionId", "Name") values (13056, 698, 'Castiglione della Pescaia');
insert into "Cities"("Id", "RegionId", "Name") values (13057, 698, 'Follonica');
insert into "Cities"("Id", "RegionId", "Name") values (13058, 698, 'Gavorrano');
insert into "Cities"("Id", "RegionId", "Name") values (13059, 698, 'Grosseto');
insert into "Cities"("Id", "RegionId", "Name") values (13060, 698, 'Roccastrada');
insert into "Cities"("Id", "RegionId", "Name") values (13061, 1026, 'Esperana');
insert into "Cities"("Id", "RegionId", "Name") values (13062, 1048, 'Bedzin');
insert into "Cities"("Id", "RegionId", "Name") values (13063, 1048, 'Bobrek Karf');
insert into "Cities"("Id", "RegionId", "Name") values (13064, 1048, 'Bytom');
insert into "Cities"("Id", "RegionId", "Name") values (13065, 1048, 'Dabrowa Gornicza');
insert into "Cities"("Id", "RegionId", "Name") values (13066, 1048, 'Gliwice');
insert into "Cities"("Id", "RegionId", "Name") values (13067, 1048, 'Jaworzno');
insert into "Cities"("Id", "RegionId", "Name") values (13068, 1048, 'Katowice-Bogucice');
insert into "Cities"("Id", "RegionId", "Name") values (13069, 1048, 'Katowice-Brynw');
insert into "Cities"("Id", "RegionId", "Name") values (13070, 1048, 'Kattowice-Nord');
insert into "Cities"("Id", "RegionId", "Name") values (13071, 1048, 'Kattowice-West');
insert into "Cities"("Id", "RegionId", "Name") values (13072, 1048, 'Piekary Slaskie');
insert into "Cities"("Id", "RegionId", "Name") values (13073, 1048, 'Racibrz');
insert into "Cities"("Id", "RegionId", "Name") values (13074, 1048, 'Rybnik');
insert into "Cities"("Id", "RegionId", "Name") values (13075, 1048, 'Sosnowiec');
insert into "Cities"("Id", "RegionId", "Name") values (13076, 1048, 'Tarnowskie Gry');
insert into "Cities"("Id", "RegionId", "Name") values (13077, 1048, 'Tychy');
insert into "Cities"("Id", "RegionId", "Name") values (13078, 1048, 'Zabrze');
insert into "Cities"("Id", "RegionId", "Name") values (13079, 1107, 'Agualva');
insert into "Cities"("Id", "RegionId", "Name") values (13080, 1107, 'Alcntara');
insert into "Cities"("Id", "RegionId", "Name") values (13081, 1107, 'Alenquer');
insert into "Cities"("Id", "RegionId", "Name") values (13082, 1107, 'Alhandra');
insert into "Cities"("Id", "RegionId", "Name") values (13083, 1107, 'Almada');
insert into "Cities"("Id", "RegionId", "Name") values (13084, 1107, 'Alverca');
insert into "Cities"("Id", "RegionId", "Name") values (13085, 1107, 'Amadora');
insert into "Cities"("Id", "RegionId", "Name") values (13086, 1107, 'Arruda dos Vinhos');
insert into "Cities"("Id", "RegionId", "Name") values (13087, 1107, 'Assenta');
insert into "Cities"("Id", "RegionId", "Name") values (13088, 1107, 'Barreira');
insert into "Cities"("Id", "RegionId", "Name") values (13089, 1107, 'Benfica');
insert into "Cities"("Id", "RegionId", "Name") values (13090, 1107, 'Bucelas');
insert into "Cities"("Id", "RegionId", "Name") values (13091, 1107, 'Cacm');
insert into "Cities"("Id", "RegionId", "Name") values (13092, 1107, 'Cadaval');
insert into "Cities"("Id", "RegionId", "Name") values (13093, 1107, 'CampoIde');
insert into "Cities"("Id", "RegionId", "Name") values (13094, 1107, 'Carcavelos');
insert into "Cities"("Id", "RegionId", "Name") values (13095, 1107, 'Carcavelos');
insert into "Cities"("Id", "RegionId", "Name") values (13096, 1107, 'Carregado');
insert into "Cities"("Id", "RegionId", "Name") values (13097, 1107, 'Casais');
insert into "Cities"("Id", "RegionId", "Name") values (13098, 1107, 'Casais');
insert into "Cities"("Id", "RegionId", "Name") values (13099, 1107, 'Cascais');
insert into "Cities"("Id", "RegionId", "Name") values (13100, 1107, 'Covas');
insert into "Cities"("Id", "RegionId", "Name") values (13101, 1107, 'Estoril');
insert into "Cities"("Id", "RegionId", "Name") values (13102, 1107, 'Funchal');
insert into "Cities"("Id", "RegionId", "Name") values (13103, 1107, 'Lisboa');
insert into "Cities"("Id", "RegionId", "Name") values (13104, 1107, 'Lisbon');
insert into "Cities"("Id", "RegionId", "Name") values (13105, 1107, 'Lissabon');
insert into "Cities"("Id", "RegionId", "Name") values (13106, 1107, 'Lourel');
insert into "Cities"("Id", "RegionId", "Name") values (13107, 1107, 'Loures');
insert into "Cities"("Id", "RegionId", "Name") values (13108, 1107, 'Lourinh');
insert into "Cities"("Id", "RegionId", "Name") values (13109, 1107, 'Mafra');
insert into "Cities"("Id", "RegionId", "Name") values (13110, 1107, 'Manique de Baixo');
insert into "Cities"("Id", "RegionId", "Name") values (13111, 1107, 'Mem Martim');
insert into "Cities"("Id", "RegionId", "Name") values (13112, 1107, 'Mem Martins');
insert into "Cities"("Id", "RegionId", "Name") values (13113, 1107, 'Monte Estoril');
insert into "Cities"("Id", "RegionId", "Name") values (13114, 1107, 'MoscaIde');
insert into "Cities"("Id", "RegionId", "Name") values (13115, 1107, 'Odivelas');
insert into "Cities"("Id", "RegionId", "Name") values (13116, 1107, 'Oeiras');
insert into "Cities"("Id", "RegionId", "Name") values (13117, 1107, 'Pao de Arcos');
insert into "Cities"("Id", "RegionId", "Name") values (13118, 1107, 'Parede');
insert into "Cities"("Id", "RegionId", "Name") values (13119, 1107, 'Pontinha');
insert into "Cities"("Id", "RegionId", "Name") values (13120, 1107, 'Portela');
insert into "Cities"("Id", "RegionId", "Name") values (13121, 1107, 'Porto');
insert into "Cities"("Id", "RegionId", "Name") values (13122, 1107, 'Pvoa da Galega');
insert into "Cities"("Id", "RegionId", "Name") values (13123, 1107, 'Pvoa Santa Iria');
insert into "Cities"("Id", "RegionId", "Name") values (13124, 1107, 'Pragana');
insert into "Cities"("Id", "RegionId", "Name") values (13125, 1107, 'Queluz');
insert into "Cities"("Id", "RegionId", "Name") values (13126, 1107, 'Santa Cruz');
insert into "Cities"("Id", "RegionId", "Name") values (13127, 1107, 'Santo Estvo');
insert into "Cities"("Id", "RegionId", "Name") values (13128, 1107, 'So Domingos de Rana');
insert into "Cities"("Id", "RegionId", "Name") values (13129, 1107, 'Seixal');
insert into "Cities"("Id", "RegionId", "Name") values (13130, 1107, 'Sintra');
insert into "Cities"("Id", "RegionId", "Name") values (13131, 1107, 'Tires');
insert into "Cities"("Id", "RegionId", "Name") values (13132, 1107, 'Torres Vedras');
insert into "Cities"("Id", "RegionId", "Name") values (13133, 1107, 'Vila Franca de Xira');
insert into "Cities"("Id", "RegionId", "Name") values (13134, 1107, 'Vimeiro');
insert into "Cities"("Id", "RegionId", "Name") values (13135, 1127, 'Braila');
insert into "Cities"("Id", "RegionId", "Name") values (13136, 1127, 'Faurei');
insert into "Cities"("Id", "RegionId", "Name") values (13137, 1127, 'Ianca');
insert into "Cities"("Id", "RegionId", "Name") values (13138, 1127, 'Insuratei');
insert into "Cities"("Id", "RegionId", "Name") values (13139, 1168, 'Agate');
insert into "Cities"("Id", "RegionId", "Name") values (13140, 1168, 'Akron');
insert into "Cities"("Id", "RegionId", "Name") values (13141, 1168, 'Almont');
insert into "Cities"("Id", "RegionId", "Name") values (13142, 1168, 'Arvada');
insert into "Cities"("Id", "RegionId", "Name") values (13143, 1168, 'Aspen');
insert into "Cities"("Id", "RegionId", "Name") values (13144, 1168, 'Aurora');
insert into "Cities"("Id", "RegionId", "Name") values (13145, 1168, 'Avon');
insert into "Cities"("Id", "RegionId", "Name") values (13146, 1168, 'Bennett');
insert into "Cities"("Id", "RegionId", "Name") values (13147, 1168, 'Bond');
insert into "Cities"("Id", "RegionId", "Name") values (13148, 1168, 'Boulder');
insert into "Cities"("Id", "RegionId", "Name") values (13149, 1168, 'BreckenIdge');
insert into "Cities"("Id", "RegionId", "Name") values (13150, 1168, 'Brighton');
insert into "Cities"("Id", "RegionId", "Name") values (13151, 1168, 'Broomfield');
insert into "Cities"("Id", "RegionId", "Name") values (13152, 1168, 'Carbondale');
insert into "Cities"("Id", "RegionId", "Name") values (13153, 1168, 'Castle Rock');
insert into "Cities"("Id", "RegionId", "Name") values (13154, 1168, 'Colorado City');
insert into "Cities"("Id", "RegionId", "Name") values (13155, 1168, 'Colorado Springs');
insert into "Cities"("Id", "RegionId", "Name") values (13156, 1168, 'Denver');
insert into "Cities"("Id", "RegionId", "Name") values (13157, 1168, 'Dillon');
insert into "Cities"("Id", "RegionId", "Name") values (13158, 1168, 'Durango');
insert into "Cities"("Id", "RegionId", "Name") values (13159, 1168, 'Englewood');
insert into "Cities"("Id", "RegionId", "Name") values (13160, 1168, 'Estes Park');
insert into "Cities"("Id", "RegionId", "Name") values (13161, 1168, 'Evergreen');
insert into "Cities"("Id", "RegionId", "Name") values (13162, 1168, 'Fort Collins');
insert into "Cities"("Id", "RegionId", "Name") values (13163, 1168, 'Glenwood Springs');
insert into "Cities"("Id", "RegionId", "Name") values (13164, 1168, 'Golden');
insert into "Cities"("Id", "RegionId", "Name") values (13165, 1168, 'Grand Junction');
insert into "Cities"("Id", "RegionId", "Name") values (13166, 1168, '"Id"aho Springs');
insert into "Cities"("Id", "RegionId", "Name") values (13167, 1168, 'Littleton');
insert into "Cities"("Id", "RegionId", "Name") values (13168, 1168, 'Longmont');
insert into "Cities"("Id", "RegionId", "Name") values (13169, 1168, 'Loveland');
insert into "Cities"("Id", "RegionId", "Name") values (13170, 1168, 'Montrose');
insert into "Cities"("Id", "RegionId", "Name") values (13171, 1168, 'Ordway');
insert into "Cities"("Id", "RegionId", "Name") values (13172, 1168, 'Parker');
insert into "Cities"("Id", "RegionId", "Name") values (13173, 1168, 'San Pablo');
insert into "Cities"("Id", "RegionId", "Name") values (13174, 1168, 'Silverthorne');
insert into "Cities"("Id", "RegionId", "Name") values (13175, 1168, 'Steamboat Springs');
insert into "Cities"("Id", "RegionId", "Name") values (13176, 1168, 'Thornton');
insert into "Cities"("Id", "RegionId", "Name") values (13177, 1168, 'Vail');
insert into "Cities"("Id", "RegionId", "Name") values (13178, 1168, 'Westminster');
insert into "Cities"("Id", "RegionId", "Name") values (13179, 1220, 'Сан-Сальвадор');
insert into "Cities"("Id", "RegionId", "Name") values (13180, 1227, 'Мбабане');
insert into "Regions"("Id", "CountryId", "Name") values (1228, 159, 'Кастри');
insert into "Cities"("Id", "RegionId", "Name") values (13181, 699, 'Campo nell''''Elba');
insert into "Cities"("Id", "RegionId", "Name") values (13182, 699, 'Cecina');
insert into "Cities"("Id", "RegionId", "Name") values (13183, 699, 'Livorno');
insert into "Cities"("Id", "RegionId", "Name") values (13184, 699, 'Marciana');
insert into "Cities"("Id", "RegionId", "Name") values (13185, 699, 'Piombino');
insert into "Cities"("Id", "RegionId", "Name") values (13186, 699, 'Portoferraio');
insert into "Cities"("Id", "RegionId", "Name") values (13187, 699, 'Rio nell''''Elba');
insert into "Cities"("Id", "RegionId", "Name") values (13188, 699, 'Rosignano Marittimo');
insert into "Cities"("Id", "RegionId", "Name") values (13189, 699, 'San Vincenzo');
insert into "Cities"("Id", "RegionId", "Name") values (13190, 1027, 'Queseras');
insert into "Cities"("Id", "RegionId", "Name") values (13191, 1049, 'Adamw');
insert into "Cities"("Id", "RegionId", "Name") values (13192, 1049, 'Bilcza');
insert into "Cities"("Id", "RegionId", "Name") values (13193, 1049, 'Busko-Zdrj');
insert into "Cities"("Id", "RegionId", "Name") values (13194, 1049, 'Cminsk Swiate‚ek');
insert into "Cities"("Id", "RegionId", "Name") values (13195, 1049, 'Kaziny');
insert into "Cities"("Id", "RegionId", "Name") values (13196, 1049, 'Kraskw');
insert into "Cities"("Id", "RegionId", "Name") values (13197, 1049, 'Ostrowiec');
insert into "Cities"("Id", "RegionId", "Name") values (13198, 1049, 'Ostrowiec Swietokrzyski');
insert into "Cities"("Id", "RegionId", "Name") values (13199, 1049, 'Skarzysko-Kamienna');
insert into "Cities"("Id", "RegionId", "Name") values (13200, 1108, 'gua de Pena');
insert into "Cities"("Id", "RegionId", "Name") values (13201, 1108, 'Cabo da Ribeira');
insert into "Cities"("Id", "RegionId", "Name") values (13202, 1108, 'Camacha');
insert into "Cities"("Id", "RegionId", "Name") values (13203, 1108, 'Canio');
insert into "Cities"("Id", "RegionId", "Name") values (13204, 1108, 'Carreira');
insert into "Cities"("Id", "RegionId", "Name") values (13205, 1108, 'Estreito de Cmara de Lobos');
insert into "Cities"("Id", "RegionId", "Name") values (13206, 1108, 'Funchal');
insert into "Cities"("Id", "RegionId", "Name") values (13207, 1108, 'Porto Santo');
insert into "Cities"("Id", "RegionId", "Name") values (13208, 1108, 'Santo da Serra');
insert into "Cities"("Id", "RegionId", "Name") values (13209, 1108, 'Tbua');
insert into "Cities"("Id", "RegionId", "Name") values (13210, 1128, 'Brasov');
insert into "Cities"("Id", "RegionId", "Name") values (13211, 1128, 'Codlea');
insert into "Cities"("Id", "RegionId", "Name") values (13212, 1128, 'Fagaras');
insert into "Cities"("Id", "RegionId", "Name") values (13213, 1128, 'Predeal');
insert into "Cities"("Id", "RegionId", "Name") values (13214, 1128, 'Rasnov');
insert into "Cities"("Id", "RegionId", "Name") values (13215, 1128, 'Rupea');
insert into "Cities"("Id", "RegionId", "Name") values (13216, 1128, 'Sacele');
insert into "Cities"("Id", "RegionId", "Name") values (13217, 1128, 'Victoria');
insert into "Cities"("Id", "RegionId", "Name") values (13218, 1128, 'Zarnesti');
insert into "Cities"("Id", "RegionId", "Name") values (13219, 1169, 'Andover');
insert into "Cities"("Id", "RegionId", "Name") values (13220, 1169, 'Avon');
insert into "Cities"("Id", "RegionId", "Name") values (13221, 1169, 'Baltic');
insert into "Cities"("Id", "RegionId", "Name") values (13222, 1169, 'Bolton');
insert into "Cities"("Id", "RegionId", "Name") values (13223, 1169, 'BIdgeport');
insert into "Cities"("Id", "RegionId", "Name") values (13224, 1169, 'Bristol');
insert into "Cities"("Id", "RegionId", "Name") values (13225, 1169, 'Brooklyn');
insert into "Cities"("Id", "RegionId", "Name") values (13226, 1169, 'Canaan');
insert into "Cities"("Id", "RegionId", "Name") values (13227, 1169, 'Cheshire');
insert into "Cities"("Id", "RegionId", "Name") values (13228, 1169, 'Clinton');
insert into "Cities"("Id", "RegionId", "Name") values (13229, 1169, 'Columbia');
insert into "Cities"("Id", "RegionId", "Name") values (13230, 1169, 'Cromwell');
insert into "Cities"("Id", "RegionId", "Name") values (13231, 1169, 'Danbury');
insert into "Cities"("Id", "RegionId", "Name") values (13232, 1169, 'Dayville');
insert into "Cities"("Id", "RegionId", "Name") values (13233, 1169, 'Derby');
insert into "Cities"("Id", "RegionId", "Name") values (13234, 1169, 'East Berlin');
insert into "Cities"("Id", "RegionId", "Name") values (13235, 1169, 'East Hartford');
insert into "Cities"("Id", "RegionId", "Name") values (13236, 1169, 'Enfield');
insert into "Cities"("Id", "RegionId", "Name") values (13237, 1169, 'Essex');
insert into "Cities"("Id", "RegionId", "Name") values (13238, 1169, 'Fairfield');
insert into "Cities"("Id", "RegionId", "Name") values (13239, 1169, 'Falls Village');
insert into "Cities"("Id", "RegionId", "Name") values (13240, 1169, 'Farmington');
insert into "Cities"("Id", "RegionId", "Name") values (13241, 1169, 'Glastonbury');
insert into "Cities"("Id", "RegionId", "Name") values (13242, 1169, 'Greenwich');
insert into "Cities"("Id", "RegionId", "Name") values (13243, 1169, 'Groton');
insert into "Cities"("Id", "RegionId", "Name") values (13244, 1169, 'Hamden');
insert into "Cities"("Id", "RegionId", "Name") values (13245, 1169, 'Hartford');
insert into "Cities"("Id", "RegionId", "Name") values (13246, 1169, 'Manchester');
insert into "Cities"("Id", "RegionId", "Name") values (13247, 1169, 'MeIden');
insert into "Cities"("Id", "RegionId", "Name") values (13248, 1169, 'Milford');
insert into "Cities"("Id", "RegionId", "Name") values (13249, 1169, 'Mystic');
insert into "Cities"("Id", "RegionId", "Name") values (13250, 1169, 'New Britain');
insert into "Cities"("Id", "RegionId", "Name") values (13251, 1169, 'New Canaan');
insert into "Cities"("Id", "RegionId", "Name") values (13252, 1169, 'New Haven');
insert into "Cities"("Id", "RegionId", "Name") values (13253, 1169, 'New London');
insert into "Cities"("Id", "RegionId", "Name") values (13254, 1169, 'Newington');
insert into "Cities"("Id", "RegionId", "Name") values (13255, 1169, 'Niantic');
insert into "Cities"("Id", "RegionId", "Name") values (13256, 1169, 'North Haven');
insert into "Cities"("Id", "RegionId", "Name") values (13257, 1169, 'Norwalk');
insert into "Cities"("Id", "RegionId", "Name") values (13258, 1169, 'Norwich');
insert into "Cities"("Id", "RegionId", "Name") values (13259, 1169, 'Pawcatuck');
insert into "Cities"("Id", "RegionId", "Name") values (13260, 1169, 'Redding Center');
insert into "Cities"("Id", "RegionId", "Name") values (13261, 1169, 'Rocky Hill');
insert into "Cities"("Id", "RegionId", "Name") values (13262, 1169, 'Shelton');
insert into "Cities"("Id", "RegionId", "Name") values (13263, 1169, 'Simsbury');
insert into "Cities"("Id", "RegionId", "Name") values (13264, 1169, 'Southbury');
insert into "Cities"("Id", "RegionId", "Name") values (13265, 1169, 'Southport');
insert into "Cities"("Id", "RegionId", "Name") values (13266, 1169, 'Stafford');
insert into "Cities"("Id", "RegionId", "Name") values (13267, 1169, 'Stamford');
insert into "Cities"("Id", "RegionId", "Name") values (13268, 1169, 'Stratford');
insert into "Cities"("Id", "RegionId", "Name") values (13269, 1169, 'Suffield');
insert into "Cities"("Id", "RegionId", "Name") values (13270, 1169, 'Trumbull');
insert into "Cities"("Id", "RegionId", "Name") values (13271, 1169, 'W Hartford');
insert into "Cities"("Id", "RegionId", "Name") values (13272, 1169, 'Wallingford');
insert into "Cities"("Id", "RegionId", "Name") values (13273, 1169, 'Waterbury');
insert into "Cities"("Id", "RegionId", "Name") values (13274, 1169, 'Watertown');
insert into "Cities"("Id", "RegionId", "Name") values (13275, 1169, 'West Hartland');
insert into "Cities"("Id", "RegionId", "Name") values (13276, 1169, 'West Haven');
insert into "Cities"("Id", "RegionId", "Name") values (13277, 1169, 'Westport');
insert into "Cities"("Id", "RegionId", "Name") values (13278, 1169, 'Wethersfield');
insert into "Cities"("Id", "RegionId", "Name") values (13279, 1169, 'Willimantic');
insert into "Cities"("Id", "RegionId", "Name") values (13280, 1169, 'Wilton');
insert into "Cities"("Id", "RegionId", "Name") values (13281, 1169, 'Windham');
insert into "Cities"("Id", "RegionId", "Name") values (13282, 1169, 'Windsor');
insert into "Cities"("Id", "RegionId", "Name") values (13283, 1169, 'Woodbury');
insert into "Cities"("Id", "RegionId", "Name") values (13284, 1228, 'Кастри');
insert into "Regions"("Id", "CountryId", "Name") values (1229, 160, 'Джеймстаун');
insert into "Cities"("Id", "RegionId", "Name") values (13285, 700, 'Forte dei Marmi');
insert into "Cities"("Id", "RegionId", "Name") values (13286, 700, 'Lucca');
insert into "Cities"("Id", "RegionId", "Name") values (13287, 700, 'Porcari');
insert into "Cities"("Id", "RegionId", "Name") values (13288, 700, 'Viareggio');
insert into "Cities"("Id", "RegionId", "Name") values (13289, 1028, 'San Juan');
insert into "Cities"("Id", "RegionId", "Name") values (13290, 1050, 'Babin');
insert into "Cities"("Id", "RegionId", "Name") values (13291, 1050, 'Dabrowica');
insert into "Cities"("Id", "RegionId", "Name") values (13292, 1050, 'Konin');
insert into "Cities"("Id", "RegionId", "Name") values (13293, 1109, 'Venda da Costa');
insert into "Cities"("Id", "RegionId", "Name") values (13294, 1129, 'Bucuresti');
insert into "Cities"("Id", "RegionId", "Name") values (13295, 1170, 'Bear');
insert into "Cities"("Id", "RegionId", "Name") values (13296, 1170, 'Bethany Beach');
insert into "Cities"("Id", "RegionId", "Name") values (13297, 1170, 'Dagsboro');
insert into "Cities"("Id", "RegionId", "Name") values (13298, 1170, 'Delmar');
insert into "Cities"("Id", "RegionId", "Name") values (13299, 1170, 'Dover');
insert into "Cities"("Id", "RegionId", "Name") values (13300, 1170, 'Dover AFB');
insert into "Cities"("Id", "RegionId", "Name") values (13301, 1170, 'Fenwick Island');
insert into "Cities"("Id", "RegionId", "Name") values (13302, 1170, 'Hockessin');
insert into "Cities"("Id", "RegionId", "Name") values (13303, 1170, 'Milton');
insert into "Cities"("Id", "RegionId", "Name") values (13304, 1170, 'Newark');
insert into "Cities"("Id", "RegionId", "Name") values (13305, 1170, 'Rehoboth Beach');
insert into "Cities"("Id", "RegionId", "Name") values (13306, 1170, 'Wilmington');
insert into "Cities"("Id", "RegionId", "Name") values (13307, 1229, 'Джеймстаун');
insert into "Regions"("Id", "CountryId", "Name") values (1230, 161, 'Korea');
insert into "Cities"("Id", "RegionId", "Name") values (13308, 701, 'Carrara');
insert into "Cities"("Id", "RegionId", "Name") values (13309, 701, 'Massa');
insert into "Cities"("Id", "RegionId", "Name") values (13310, 1029, 'Castilla');
insert into "Cities"("Id", "RegionId", "Name") values (13311, 1029, 'Piura');
insert into "Cities"("Id", "RegionId", "Name") values (13312, 1051, 'Preczw');
insert into "Cities"("Id", "RegionId", "Name") values (13313, 1110, 'Entre Ribeiras');
insert into "Cities"("Id", "RegionId", "Name") values (13314, 1110, 'Portalegre');
insert into "Cities"("Id", "RegionId", "Name") values (13315, 1130, 'Buzau');
insert into "Cities"("Id", "RegionId", "Name") values (13316, 1130, 'Nehoiu');
insert into "Cities"("Id", "RegionId", "Name") values (13317, 1130, 'Pogoanele');
insert into "Cities"("Id", "RegionId", "Name") values (13318, 1130, 'Ramnicu Sarat');
insert into "Cities"("Id", "RegionId", "Name") values (13319, 1171, 'Washington');
insert into "Cities"("Id", "RegionId", "Name") values (13320, 1230, 'Dagu');
insert into "Regions"("Id", "CountryId", "Name") values (1231, 162, 'Сейшеллы');
insert into "Cities"("Id", "RegionId", "Name") values (13321, 702, 'Buti');
insert into "Cities"("Id", "RegionId", "Name") values (13322, 702, 'Calcinaia');
insert into "Cities"("Id", "RegionId", "Name") values (13323, 702, 'Casciana Terme');
insert into "Cities"("Id", "RegionId", "Name") values (13324, 702, 'Cascina');
insert into "Cities"("Id", "RegionId", "Name") values (13325, 702, 'Guardistallo');
insert into "Cities"("Id", "RegionId", "Name") values (13326, 702, 'Orciano Pisano');
insert into "Cities"("Id", "RegionId", "Name") values (13327, 702, 'Pisa');
insert into "Cities"("Id", "RegionId", "Name") values (13328, 702, 'Pontedera');
insert into "Cities"("Id", "RegionId", "Name") values (13329, 702, 'Santa Croce sull''''Arno');
insert into "Cities"("Id", "RegionId", "Name") values (13330, 702, 'Volterra');
insert into "Cities"("Id", "RegionId", "Name") values (13331, 1030, 'Azngaro');
insert into "Cities"("Id", "RegionId", "Name") values (13332, 1030, 'Puno');
insert into "Cities"("Id", "RegionId", "Name") values (13333, 1052, 'Balice');
insert into "Cities"("Id", "RegionId", "Name") values (13334, 1052, 'Batowice');
insert into "Cities"("Id", "RegionId", "Name") values (13335, 1052, 'Borek');
insert into "Cities"("Id", "RegionId", "Name") values (13336, 1052, 'Borek Fa‚ecki');
insert into "Cities"("Id", "RegionId", "Name") values (13337, 1052, 'Czechy');
insert into "Cities"("Id", "RegionId", "Name") values (13338, 1052, 'Ibramowice');
insert into "Cities"("Id", "RegionId", "Name") values (13339, 1052, 'Janowice');
insert into "Cities"("Id", "RegionId", "Name") values (13340, 1052, 'Kaszw');
insert into "Cities"("Id", "RegionId", "Name") values (13341, 1052, 'Kazimierz');
insert into "Cities"("Id", "RegionId", "Name") values (13342, 1052, 'Konary');
insert into "Cities"("Id", "RegionId", "Name") values (13343, 1052, 'Kozmice');
insert into "Cities"("Id", "RegionId", "Name") values (13344, 1052, 'Krakuszowice');
insert into "Cities"("Id", "RegionId", "Name") values (13345, 1052, 'Krowodrza');
insert into "Cities"("Id", "RegionId", "Name") values (13346, 1052, 'Krzykwka');
insert into "Cities"("Id", "RegionId", "Name") values (13347, 1052, 'Kunice');
insert into "Cities"("Id", "RegionId", "Name") values (13348, 1052, 'Mi‚ocice');
insert into "Cities"("Id", "RegionId", "Name") values (13349, 1052, 'Myslenice');
insert into "Cities"("Id", "RegionId", "Name") values (13350, 1052, 'Nowa Huta');
insert into "Cities"("Id", "RegionId", "Name") values (13351, 1052, 'Pieskowa Ska‚a');
insert into "Cities"("Id", "RegionId", "Name") values (13352, 1052, 'Wawel');
insert into "Cities"("Id", "RegionId", "Name") values (13353, 1052, 'Zbik');
insert into "Cities"("Id", "RegionId", "Name") values (13354, 1052, 'Zielona');
insert into "Cities"("Id", "RegionId", "Name") values (13355, 1111, 'Aguadeira');
insert into "Cities"("Id", "RegionId", "Name") values (13356, 1111, 'Albergaria');
insert into "Cities"("Id", "RegionId", "Name") values (13357, 1111, 'Alfena');
insert into "Cities"("Id", "RegionId", "Name") values (13358, 1111, 'Amarante');
insert into "Cities"("Id", "RegionId", "Name") values (13359, 1111, 'Aves');
insert into "Cities"("Id", "RegionId", "Name") values (13360, 1111, 'Ermezinde');
insert into "Cities"("Id", "RegionId", "Name") values (13361, 1111, 'Foz');
insert into "Cities"("Id", "RegionId", "Name") values (13362, 1111, 'Gaia');
insert into "Cities"("Id", "RegionId", "Name") values (13363, 1111, 'Gondomar');
insert into "Cities"("Id", "RegionId", "Name") values (13364, 1111, 'Maia');
insert into "Cities"("Id", "RegionId", "Name") values (13365, 1111, 'Matosinhos');
insert into "Cities"("Id", "RegionId", "Name") values (13366, 1111, 'Matosinhos');
insert into "Cities"("Id", "RegionId", "Name") values (13367, 1111, 'Paos de Ferreira');
insert into "Cities"("Id", "RegionId", "Name") values (13368, 1111, 'Paredes');
insert into "Cities"("Id", "RegionId", "Name") values (13369, 1111, 'Paredes');
insert into "Cities"("Id", "RegionId", "Name") values (13370, 1111, 'Penafiel');
insert into "Cities"("Id", "RegionId", "Name") values (13371, 1111, 'Porto');
insert into "Cities"("Id", "RegionId", "Name") values (13372, 1111, 'Pvoa de Varzim');
insert into "Cities"("Id", "RegionId", "Name") values (13373, 1111, 'Trofa Velha');
insert into "Cities"("Id", "RegionId", "Name") values (13374, 1111, 'Vale');
insert into "Cities"("Id", "RegionId", "Name") values (13375, 1111, 'Vila do Conde');
insert into "Cities"("Id", "RegionId", "Name") values (13376, 1111, 'Vila Nova de Gaia');
insert into "Cities"("Id", "RegionId", "Name") values (13377, 1111, 'Vizela');
insert into "Cities"("Id", "RegionId", "Name") values (13378, 1131, 'Budesti');
insert into "Cities"("Id", "RegionId", "Name") values (13379, 1131, 'Calarasi');
insert into "Cities"("Id", "RegionId", "Name") values (13380, 1131, 'Fundulea');
insert into "Cities"("Id", "RegionId", "Name") values (13381, 1131, 'Lehliu Gara');
insert into "Cities"("Id", "RegionId", "Name") values (13382, 1131, 'Oltenita');
insert into "Cities"("Id", "RegionId", "Name") values (13383, 1172, 'Alachua');
insert into "Cities"("Id", "RegionId", "Name") values (13384, 1172, 'Alford');
insert into "Cities"("Id", "RegionId", "Name") values (13385, 1172, 'Altamonte Springs');
insert into "Cities"("Id", "RegionId", "Name") values (13386, 1172, 'Altoona');
insert into "Cities"("Id", "RegionId", "Name") values (13387, 1172, 'Alva');
insert into "Cities"("Id", "RegionId", "Name") values (13388, 1172, 'Anna Maria');
insert into "Cities"("Id", "RegionId", "Name") values (13389, 1172, 'Apollo Beach');
insert into "Cities"("Id", "RegionId", "Name") values (13390, 1172, 'Apopka');
insert into "Cities"("Id", "RegionId", "Name") values (13391, 1172, 'Arcadia');
insert into "Cities"("Id", "RegionId", "Name") values (13392, 1172, 'Archer');
insert into "Cities"("Id", "RegionId", "Name") values (13393, 1172, 'Argyle');
insert into "Cities"("Id", "RegionId", "Name") values (13394, 1172, 'Astatula');
insert into "Cities"("Id", "RegionId", "Name") values (13395, 1172, 'Astor');
insert into "Cities"("Id", "RegionId", "Name") values (13396, 1172, 'Atlantic Beach');
insert into "Cities"("Id", "RegionId", "Name") values (13397, 1172, 'Auburndale');
insert into "Cities"("Id", "RegionId", "Name") values (13398, 1172, 'Avon Park');
insert into "Cities"("Id", "RegionId", "Name") values (13399, 1172, 'Bartow');
insert into "Cities"("Id", "RegionId", "Name") values (13400, 1172, 'Beverly Hills');
insert into "Cities"("Id", "RegionId", "Name") values (13401, 1172, 'Blountstown');
insert into "Cities"("Id", "RegionId", "Name") values (13402, 1172, 'Boca Raton');
insert into "Cities"("Id", "RegionId", "Name") values (13403, 1172, 'Boynton Beach');
insert into "Cities"("Id", "RegionId", "Name") values (13404, 1172, 'Bradenton');
insert into "Cities"("Id", "RegionId", "Name") values (13405, 1172, 'Brandon');
insert into "Cities"("Id", "RegionId", "Name") values (13406, 1172, 'Bristol');
insert into "Cities"("Id", "RegionId", "Name") values (13407, 1172, 'Bunnell');
insert into "Cities"("Id", "RegionId", "Name") values (13408, 1172, 'Candler');
insert into "Cities"("Id", "RegionId", "Name") values (13409, 1172, 'Cape Coral');
insert into "Cities"("Id", "RegionId", "Name") values (13410, 1172, 'Casselberry');
insert into "Cities"("Id", "RegionId", "Name") values (13411, 1172, 'Chipley');
insert into "Cities"("Id", "RegionId", "Name") values (13412, 1172, 'Clearwater');
insert into "Cities"("Id", "RegionId", "Name") values (13413, 1172, 'Clearwater Beach');
insert into "Cities"("Id", "RegionId", "Name") values (13414, 1172, 'Clermont');
insert into "Cities"("Id", "RegionId", "Name") values (13415, 1172, 'Cocoa');
insert into "Cities"("Id", "RegionId", "Name") values (13416, 1172, 'Crescent City');
insert into "Cities"("Id", "RegionId", "Name") values (13417, 1172, 'Davenport');
insert into "Cities"("Id", "RegionId", "Name") values (13418, 1172, 'Daytona Beach');
insert into "Cities"("Id", "RegionId", "Name") values (13419, 1172, 'Deerfield Beach');
insert into "Cities"("Id", "RegionId", "Name") values (13420, 1172, 'Deland');
insert into "Cities"("Id", "RegionId", "Name") values (13421, 1172, 'Delray Beach');
insert into "Cities"("Id", "RegionId", "Name") values (13422, 1172, 'Deltona');
insert into "Cities"("Id", "RegionId", "Name") values (13423, 1172, 'Destin');
insert into "Cities"("Id", "RegionId", "Name") values (13424, 1172, 'Dunedin');
insert into "Cities"("Id", "RegionId", "Name") values (13425, 1172, 'Eglin AFB');
insert into "Cities"("Id", "RegionId", "Name") values (13426, 1172, 'Englewood');
insert into "Cities"("Id", "RegionId", "Name") values (13427, 1172, 'Flagler Beach');
insert into "Cities"("Id", "RegionId", "Name") values (13428, 1172, 'FloIda City');
insert into "Cities"("Id", "RegionId", "Name") values (13429, 1172, 'Fort Lauderdale');
insert into "Cities"("Id", "RegionId", "Name") values (13430, 1172, 'Fort Myers');
insert into "Cities"("Id", "RegionId", "Name") values (13431, 1172, 'Fort Walton Beach');
insert into "Cities"("Id", "RegionId", "Name") values (13432, 1172, 'Gainesville');
insert into "Cities"("Id", "RegionId", "Name") values (13433, 1172, 'Geneva');
insert into "Cities"("Id", "RegionId", "Name") values (13434, 1172, 'Groveland');
insert into "Cities"("Id", "RegionId", "Name") values (13435, 1172, 'Gulf Breeze');
insert into "Cities"("Id", "RegionId", "Name") values (13436, 1172, 'Hallandale');
insert into "Cities"("Id", "RegionId", "Name") values (13437, 1172, 'Hawthorne');
insert into "Cities"("Id", "RegionId", "Name") values (13438, 1172, 'Hialeah');
insert into "Cities"("Id", "RegionId", "Name") values (13439, 1172, 'Hollywood');
insert into "Cities"("Id", "RegionId", "Name") values (13440, 1172, 'Hudson');
insert into "Cities"("Id", "RegionId", "Name") values (13441, 1172, 'Indian Rocks Beach');
insert into "Cities"("Id", "RegionId", "Name") values (13442, 1172, 'Jacksonville');
insert into "Cities"("Id", "RegionId", "Name") values (13443, 1172, 'Jacksonville Beach');
insert into "Cities"("Id", "RegionId", "Name") values (13444, 1172, 'Key West');
insert into "Cities"("Id", "RegionId", "Name") values (13445, 1172, 'Kissimmee');
insert into "Cities"("Id", "RegionId", "Name") values (13446, 1172, 'Labelle');
insert into "Cities"("Id", "RegionId", "Name") values (13447, 1172, 'Lake City');
insert into "Cities"("Id", "RegionId", "Name") values (13448, 1172, 'Lake Mary');
insert into "Cities"("Id", "RegionId", "Name") values (13449, 1172, 'Land O'''' Lakes');
insert into "Cities"("Id", "RegionId", "Name") values (13450, 1172, 'Lantana');
insert into "Cities"("Id", "RegionId", "Name") values (13451, 1172, 'Largo');
insert into "Cities"("Id", "RegionId", "Name") values (13452, 1172, 'Madison');
insert into "Cities"("Id", "RegionId", "Name") values (13453, 1172, 'Marathon');
insert into "Cities"("Id", "RegionId", "Name") values (13454, 1172, 'Marco Island');
insert into "Cities"("Id", "RegionId", "Name") values (13455, 1172, 'Marianna');
insert into "Cities"("Id", "RegionId", "Name") values (13456, 1172, 'Melbourne');
insert into "Cities"("Id", "RegionId", "Name") values (13457, 1172, 'Merritt Island');
insert into "Cities"("Id", "RegionId", "Name") values (13458, 1172, 'Miami');
insert into "Cities"("Id", "RegionId", "Name") values (13459, 1172, 'Miami Beach');
insert into "Cities"("Id", "RegionId", "Name") values (13460, 1172, 'Miramar Beach');
insert into "Cities"("Id", "RegionId", "Name") values (13461, 1172, 'Naples');
insert into "Cities"("Id", "RegionId", "Name") values (13462, 1172, 'New Port Richey');
insert into "Cities"("Id", "RegionId", "Name") values (13463, 1172, 'North Miami Beach');
insert into "Cities"("Id", "RegionId", "Name") values (13464, 1172, 'North Port');
insert into "Cities"("Id", "RegionId", "Name") values (13465, 1172, 'Ocoee');
insert into "Cities"("Id", "RegionId", "Name") values (13466, 1172, 'Odessa');
insert into "Cities"("Id", "RegionId", "Name") values (13467, 1172, 'Orange City');
insert into "Cities"("Id", "RegionId", "Name") values (13468, 1172, 'Orlando');
insert into "Cities"("Id", "RegionId", "Name") values (13469, 1172, 'Ormond Beach');
insert into "Cities"("Id", "RegionId", "Name") values (13470, 1172, 'Palm Beach');
insert into "Cities"("Id", "RegionId", "Name") values (13471, 1172, 'Palm Coast');
insert into "Cities"("Id", "RegionId", "Name") values (13472, 1172, 'Panama City');
insert into "Cities"("Id", "RegionId", "Name") values (13473, 1172, 'Panama City Beach');
insert into "Cities"("Id", "RegionId", "Name") values (13474, 1172, 'Parrish');
insert into "Cities"("Id", "RegionId", "Name") values (13475, 1172, 'Pensacola');
insert into "Cities"("Id", "RegionId", "Name") values (13476, 1172, 'Pompano Beach');
insert into "Cities"("Id", "RegionId", "Name") values (13477, 1172, 'Ponte Vedra Beach');
insert into "Cities"("Id", "RegionId", "Name") values (13478, 1172, 'Port Charlotte');
insert into "Cities"("Id", "RegionId", "Name") values (13479, 1172, 'Port Orange');
insert into "Cities"("Id", "RegionId", "Name") values (13480, 1172, 'Port St. Lucie');
insert into "Cities"("Id", "RegionId", "Name") values (13481, 1172, 'Saint Augustine');
insert into "Cities"("Id", "RegionId", "Name") values (13482, 1172, 'Saint Petersburg');
insert into "Cities"("Id", "RegionId", "Name") values (13483, 1172, 'San Antonio');
insert into "Cities"("Id", "RegionId", "Name") values (13484, 1172, 'Santa Rosa Beach');
insert into "Cities"("Id", "RegionId", "Name") values (13485, 1172, 'Sarasota');
insert into "Cities"("Id", "RegionId", "Name") values (13486, 1172, 'Satellite Beach');
insert into "Cities"("Id", "RegionId", "Name") values (13487, 1172, 'Spring Hill');
insert into "Cities"("Id", "RegionId", "Name") values (13488, 1172, 'Tallahassee');
insert into "Cities"("Id", "RegionId", "Name") values (13489, 1172, 'Tampa');
insert into "Cities"("Id", "RegionId", "Name") values (13490, 1172, 'Tarpon Springs');
insert into "Cities"("Id", "RegionId", "Name") values (13491, 1172, 'Titusville');
insert into "Cities"("Id", "RegionId", "Name") values (13492, 1172, 'Venice');
insert into "Cities"("Id", "RegionId", "Name") values (13493, 1172, 'Vero Beach');
insert into "Cities"("Id", "RegionId", "Name") values (13494, 1172, 'West Palm Beach');
insert into "Cities"("Id", "RegionId", "Name") values (13495, 1172, 'Wewahitchka');
insert into "Cities"("Id", "RegionId", "Name") values (13496, 1172, 'Windermere');
insert into "Cities"("Id", "RegionId", "Name") values (13497, 1231, 'Виктория');
insert into "Regions"("Id", "CountryId", "Name") values (1232, 163, 'Сен-Пьер');
insert into "Cities"("Id", "RegionId", "Name") values (13498, 703, 'Montecatini-Terme');
insert into "Cities"("Id", "RegionId", "Name") values (13499, 703, 'Pescia');
insert into "Cities"("Id", "RegionId", "Name") values (13500, 703, 'Pistoia');
insert into "Cities"("Id", "RegionId", "Name") values (13501, 703, 'Ponte Buggianese');
insert into "Cities"("Id", "RegionId", "Name") values (13502, 703, 'Quarrata');
insert into "Cities"("Id", "RegionId", "Name") values (13503, 1031, 'Tarapoto');
insert into "Cities"("Id", "RegionId", "Name") values (13504, 1053, 'Bromberg');
insert into "Cities"("Id", "RegionId", "Name") values (13505, 1053, 'Bydgoszcz');
insert into "Cities"("Id", "RegionId", "Name") values (13506, 1112, 'Abrantes');
insert into "Cities"("Id", "RegionId", "Name") values (13507, 1112, 'gua Boa');
insert into "Cities"("Id", "RegionId", "Name") values (13508, 1112, 'Alcanena');
insert into "Cities"("Id", "RegionId", "Name") values (13509, 1112, 'Almeirim');
insert into "Cities"("Id", "RegionId", "Name") values (13510, 1112, 'Almeirim');
insert into "Cities"("Id", "RegionId", "Name") values (13511, 1112, 'Alviobeira');
insert into "Cities"("Id", "RegionId", "Name") values (13512, 1112, 'Amiis de Baixo');
insert into "Cities"("Id", "RegionId", "Name") values (13513, 1112, 'Asseiceira');
insert into "Cities"("Id", "RegionId", "Name") values (13514, 1112, 'Entrocamento');
insert into "Cities"("Id", "RegionId", "Name") values (13515, 1112, 'Entroncamento');
insert into "Cities"("Id", "RegionId", "Name") values (13516, 1112, 'Ftima');
insert into "Cities"("Id", "RegionId", "Name") values (13517, 1112, 'Minde');
insert into "Cities"("Id", "RegionId", "Name") values (13518, 1112, 'Ourm');
insert into "Cities"("Id", "RegionId", "Name") values (13519, 1112, 'Pvoa de Santarm');
insert into "Cities"("Id", "RegionId", "Name") values (13520, 1112, 'Praia do Ribatejo');
insert into "Cities"("Id", "RegionId", "Name") values (13521, 1112, 'Rio Maior');
insert into "Cities"("Id", "RegionId", "Name") values (13522, 1112, 'Salvaterra de Magos');
insert into "Cities"("Id", "RegionId", "Name") values (13523, 1112, 'Samora Correia');
insert into "Cities"("Id", "RegionId", "Name") values (13524, 1112, 'Santarm');
insert into "Cities"("Id", "RegionId", "Name") values (13525, 1112, 'Soudos');
insert into "Cities"("Id", "RegionId", "Name") values (13526, 1112, 'Tomar');
insert into "Cities"("Id", "RegionId", "Name") values (13527, 1112, 'Torres Novas');
insert into "Cities"("Id", "RegionId", "Name") values (13528, 1112, 'Vila Moreira');
insert into "Cities"("Id", "RegionId", "Name") values (13529, 1132, 'Anina');
insert into "Cities"("Id", "RegionId", "Name") values (13530, 1132, 'Baile Herculane');
insert into "Cities"("Id", "RegionId", "Name") values (13531, 1132, 'Bocsa');
insert into "Cities"("Id", "RegionId", "Name") values (13532, 1132, 'Caransebes');
insert into "Cities"("Id", "RegionId", "Name") values (13533, 1132, 'Moldova Noua');
insert into "Cities"("Id", "RegionId", "Name") values (13534, 1132, 'Oravita');
insert into "Cities"("Id", "RegionId", "Name") values (13535, 1132, 'Otelu Rosu');
insert into "Cities"("Id", "RegionId", "Name") values (13536, 1132, 'Resita');
insert into "Cities"("Id", "RegionId", "Name") values (13537, 1173, 'Abbeville');
insert into "Cities"("Id", "RegionId", "Name") values (13538, 1173, 'Acworth');
insert into "Cities"("Id", "RegionId", "Name") values (13539, 1173, 'Adrian');
insert into "Cities"("Id", "RegionId", "Name") values (13540, 1173, 'Allentown');
insert into "Cities"("Id", "RegionId", "Name") values (13541, 1173, 'Alpharetta');
insert into "Cities"("Id", "RegionId", "Name") values (13542, 1173, 'Alston');
insert into "Cities"("Id", "RegionId", "Name") values (13543, 1173, 'Alto');
insert into "Cities"("Id", "RegionId", "Name") values (13544, 1173, 'Arabi');
insert into "Cities"("Id", "RegionId", "Name") values (13545, 1173, 'Aragon');
insert into "Cities"("Id", "RegionId", "Name") values (13546, 1173, 'Athens');
insert into "Cities"("Id", "RegionId", "Name") values (13547, 1173, 'Atlanta');
insert into "Cities"("Id", "RegionId", "Name") values (13548, 1173, 'Augusta');
insert into "Cities"("Id", "RegionId", "Name") values (13549, 1173, 'Blue Idge');
insert into "Cities"("Id", "RegionId", "Name") values (13550, 1173, 'Boston');
insert into "Cities"("Id", "RegionId", "Name") values (13551, 1173, 'Canton');
insert into "Cities"("Id", "RegionId", "Name") values (13552, 1173, 'Carrollton');
insert into "Cities"("Id", "RegionId", "Name") values (13553, 1173, 'Clarkston');
insert into "Cities"("Id", "RegionId", "Name") values (13554, 1173, 'Columbus');
insert into "Cities"("Id", "RegionId", "Name") values (13555, 1173, 'Conyers');
insert into "Cities"("Id", "RegionId", "Name") values (13556, 1173, 'Dahlonega');
insert into "Cities"("Id", "RegionId", "Name") values (13557, 1173, 'Dallas');
insert into "Cities"("Id", "RegionId", "Name") values (13558, 1173, 'Duluth');
insert into "Cities"("Id", "RegionId", "Name") values (13559, 1173, 'Flowery Branch');
insert into "Cities"("Id", "RegionId", "Name") values (13560, 1173, 'Fort Benning');
insert into "Cities"("Id", "RegionId", "Name") values (13561, 1173, 'Gainesville');
insert into "Cities"("Id", "RegionId", "Name") values (13562, 1173, 'Hinesville');
insert into "Cities"("Id", "RegionId", "Name") values (13563, 1173, 'Kennesaw');
insert into "Cities"("Id", "RegionId", "Name") values (13564, 1173, 'Lagrange');
insert into "Cities"("Id", "RegionId", "Name") values (13565, 1173, 'Lawrenceville');
insert into "Cities"("Id", "RegionId", "Name") values (13566, 1173, 'Lilburn');
insert into "Cities"("Id", "RegionId", "Name") values (13567, 1173, 'Macon');
insert into "Cities"("Id", "RegionId", "Name") values (13568, 1173, 'Marietta');
insert into "Cities"("Id", "RegionId", "Name") values (13569, 1173, 'Norcross');
insert into "Cities"("Id", "RegionId", "Name") values (13570, 1173, 'Roswell');
insert into "Cities"("Id", "RegionId", "Name") values (13571, 1173, 'Saint George');
insert into "Cities"("Id", "RegionId", "Name") values (13572, 1173, 'Savannah');
insert into "Cities"("Id", "RegionId", "Name") values (13573, 1173, 'Stone Mountain');
insert into "Cities"("Id", "RegionId", "Name") values (13574, 1173, 'Toccoa');
insert into "Cities"("Id", "RegionId", "Name") values (13575, 1173, 'Washington');
insert into "Cities"("Id", "RegionId", "Name") values (13576, 1173, 'Winder');
insert into "Cities"("Id", "RegionId", "Name") values (13577, 1173, 'Zebulon');
insert into "Cities"("Id", "RegionId", "Name") values (13578, 1232, 'Сен-Пьер');
insert into "Regions"("Id", "CountryId", "Name") values (1233, 164, 'Сенегал');
insert into "Cities"("Id", "RegionId", "Name") values (13579, 704, 'Prato');
insert into "Cities"("Id", "RegionId", "Name") values (13580, 1032, 'Alto Per');
insert into "Cities"("Id", "RegionId", "Name") values (13581, 1032, 'Tacna');
insert into "Cities"("Id", "RegionId", "Name") values (13582, 1054, 'Jawor');
insert into "Cities"("Id", "RegionId", "Name") values (13583, 1054, 'Lignica');
insert into "Cities"("Id", "RegionId", "Name") values (13584, 1113, 'guas de Moura');
insert into "Cities"("Id", "RegionId", "Name") values (13585, 1113, 'Alccer do Sal');
insert into "Cities"("Id", "RegionId", "Name") values (13586, 1113, 'Almada');
insert into "Cities"("Id", "RegionId", "Name") values (13587, 1113, 'Amora');
insert into "Cities"("Id", "RegionId", "Name") values (13588, 1113, 'Arrentela');
insert into "Cities"("Id", "RegionId", "Name") values (13589, 1113, 'Barreiro');
insert into "Cities"("Id", "RegionId", "Name") values (13590, 1113, 'Costa de Caparica');
insert into "Cities"("Id", "RegionId", "Name") values (13591, 1113, 'Fogueteiro');
insert into "Cities"("Id", "RegionId", "Name") values (13592, 1113, 'Marateca');
insert into "Cities"("Id", "RegionId", "Name") values (13593, 1113, 'Moita');
insert into "Cities"("Id", "RegionId", "Name") values (13594, 1113, 'Montijo');
insert into "Cities"("Id", "RegionId", "Name") values (13595, 1113, 'Paio Pires');
insert into "Cities"("Id", "RegionId", "Name") values (13596, 1113, 'Palmela');
insert into "Cities"("Id", "RegionId", "Name") values (13597, 1113, 'Pinhal Novo');
insert into "Cities"("Id", "RegionId", "Name") values (13598, 1113, 'Pragal');
insert into "Cities"("Id", "RegionId", "Name") values (13599, 1113, 'Santo Andr');
insert into "Cities"("Id", "RegionId", "Name") values (13600, 1113, 'Sesimbra');
insert into "Cities"("Id", "RegionId", "Name") values (13601, 1113, 'Setabul');
insert into "Cities"("Id", "RegionId", "Name") values (13602, 1113, 'Setbal');
insert into "Cities"("Id", "RegionId", "Name") values (13603, 1113, 'Sines');
insert into "Cities"("Id", "RegionId", "Name") values (13604, 1113, 'Sisimbra');
insert into "Cities"("Id", "RegionId", "Name") values (13605, 1113, 'Torre da Marinha');
insert into "Cities"("Id", "RegionId", "Name") values (13606, 1133, 'Campia-Turzii');
insert into "Cities"("Id", "RegionId", "Name") values (13607, 1133, 'Cluj-Napoca');
insert into "Cities"("Id", "RegionId", "Name") values (13608, 1133, 'Dej');
insert into "Cities"("Id", "RegionId", "Name") values (13609, 1133, 'Gherla');
insert into "Cities"("Id", "RegionId", "Name") values (13610, 1133, 'Huedin');
insert into "Cities"("Id", "RegionId", "Name") values (13611, 1133, 'Turda');
insert into "Cities"("Id", "RegionId", "Name") values (13612, 1174, 'Haiku');
insert into "Cities"("Id", "RegionId", "Name") values (13613, 1174, 'Hakalau');
insert into "Cities"("Id", "RegionId", "Name") values (13614, 1174, 'Hanamaulu');
insert into "Cities"("Id", "RegionId", "Name") values (13615, 1174, 'Hawaiian Ocean View');
insert into "Cities"("Id", "RegionId", "Name") values (13616, 1174, 'Hawi');
insert into "Cities"("Id", "RegionId", "Name") values (13617, 1174, 'Honolulu');
insert into "Cities"("Id", "RegionId", "Name") values (13618, 1174, 'Kailua Kona');
insert into "Cities"("Id", "RegionId", "Name") values (13619, 1174, 'Kihei');
insert into "Cities"("Id", "RegionId", "Name") values (13620, 1174, 'Ocean View');
insert into "Cities"("Id", "RegionId", "Name") values (13621, 1174, 'Pahoa');
insert into "Cities"("Id", "RegionId", "Name") values (13622, 1174, 'Pearl Harbor');
insert into "Cities"("Id", "RegionId", "Name") values (13623, 1174, 'Wake Island');
insert into "Cities"("Id", "RegionId", "Name") values (13624, 1233, 'Дакар');
insert into "Regions"("Id", "CountryId", "Name") values (1234, 165, 'Бастер');
insert into "Cities"("Id", "RegionId", "Name") values (13625, 705, 'Castellina in Chianti');
insert into "Cities"("Id", "RegionId", "Name") values (13626, 705, 'Cetona');
insert into "Cities"("Id", "RegionId", "Name") values (13627, 705, 'Colle di Val d''''Elsa');
insert into "Cities"("Id", "RegionId", "Name") values (13628, 705, 'Montepulciano');
insert into "Cities"("Id", "RegionId", "Name") values (13629, 705, 'Monteroni d''''Arbia');
insert into "Cities"("Id", "RegionId", "Name") values (13630, 705, 'Pienza');
insert into "Cities"("Id", "RegionId", "Name") values (13631, 705, 'Poggibonsi');
insert into "Cities"("Id", "RegionId", "Name") values (13632, 705, 'Siena');
insert into "Cities"("Id", "RegionId", "Name") values (13633, 1033, 'La Garita');
insert into "Cities"("Id", "RegionId", "Name") values (13634, 1033, 'Tumbes');
insert into "Cities"("Id", "RegionId", "Name") values (13635, 1055, 'Gra');
insert into "Cities"("Id", "RegionId", "Name") values (13636, 1055, 'Gostyn');
insert into "Cities"("Id", "RegionId", "Name") values (13637, 1055, 'Leszno');
insert into "Cities"("Id", "RegionId", "Name") values (13638, 1114, 'Caminha');
insert into "Cities"("Id", "RegionId", "Name") values (13639, 1114, 'Mono');
insert into "Cities"("Id", "RegionId", "Name") values (13640, 1114, 'Valena');
insert into "Cities"("Id", "RegionId", "Name") values (13641, 1114, 'Viana do Castelo');
insert into "Cities"("Id", "RegionId", "Name") values (13642, 1114, 'Vianna do Castello');
insert into "Cities"("Id", "RegionId", "Name") values (13643, 1134, 'Basarabi');
insert into "Cities"("Id", "RegionId", "Name") values (13644, 1134, 'Cernavoda');
insert into "Cities"("Id", "RegionId", "Name") values (13645, 1134, 'Constanta');
insert into "Cities"("Id", "RegionId", "Name") values (13646, 1134, 'Eforie');
insert into "Cities"("Id", "RegionId", "Name") values (13647, 1134, 'Harsova');
insert into "Cities"("Id", "RegionId", "Name") values (13648, 1134, 'Mangalia');
insert into "Cities"("Id", "RegionId", "Name") values (13649, 1134, 'MedIdia');
insert into "Cities"("Id", "RegionId", "Name") values (13650, 1134, 'Navodari');
insert into "Cities"("Id", "RegionId", "Name") values (13651, 1134, 'Negru Voda');
insert into "Cities"("Id", "RegionId", "Name") values (13652, 1134, 'OIdiu');
insert into "Cities"("Id", "RegionId", "Name") values (13653, 1134, 'Techirghiol');
insert into "Cities"("Id", "RegionId", "Name") values (13654, 1175, 'American Falls');
insert into "Cities"("Id", "RegionId", "Name") values (13655, 1175, 'Boise');
insert into "Cities"("Id", "RegionId", "Name") values (13656, 1175, 'Conda');
insert into "Cities"("Id", "RegionId", "Name") values (13657, 1175, 'Fish Haven');
insert into "Cities"("Id", "RegionId", "Name") values (13658, 1175, '"Id"aho Falls');
insert into "Cities"("Id", "RegionId", "Name") values (13659, 1175, 'Moscow');
insert into "Cities"("Id", "RegionId", "Name") values (13660, 1175, 'Pocatello');
insert into "Cities"("Id", "RegionId", "Name") values (13661, 1175, 'Preston');
insert into "Cities"("Id", "RegionId", "Name") values (13662, 1175, 'Sandpoint');
insert into "Cities"("Id", "RegionId", "Name") values (13663, 1175, 'Twin Falls');
insert into "Cities"("Id", "RegionId", "Name") values (13664, 1234, 'Бастер');
insert into "Regions"("Id", "CountryId", "Name") values (1235, 166, 'Кингстаун');
insert into "Cities"("Id", "RegionId", "Name") values (13665, 706, 'Bolzano-Bozen');
insert into "Cities"("Id", "RegionId", "Name") values (13666, 706, 'Brennero-Brenner');
insert into "Cities"("Id", "RegionId", "Name") values (13667, 706, 'Bressanone-Brixen');
insert into "Cities"("Id", "RegionId", "Name") values (13668, 706, 'Brunico-Bruneck');
insert into "Cities"("Id", "RegionId", "Name") values (13669, 706, 'Dobbiaco-Toblach');
insert into "Cities"("Id", "RegionId", "Name") values (13670, 706, 'Merano-Meran');
insert into "Cities"("Id", "RegionId", "Name") values (13671, 706, 'Terento-Terenten');
insert into "Cities"("Id", "RegionId", "Name") values (13672, 1034, 'Callaria');
insert into "Cities"("Id", "RegionId", "Name") values (13673, 1034, 'Pucallpa');
insert into "Cities"("Id", "RegionId", "Name") values (13674, 1056, 'Aleksandrw');
insert into "Cities"("Id", "RegionId", "Name") values (13675, 1056, 'Anielin');
insert into "Cities"("Id", "RegionId", "Name") values (13676, 1056, 'Augustw');
insert into "Cities"("Id", "RegionId", "Name") values (13677, 1056, 'Ba‚uty');
insert into "Cities"("Id", "RegionId", "Name") values (13678, 1056, 'Be‚dow');
insert into "Cities"("Id", "RegionId", "Name") values (13679, 1056, 'Be‚dowek');
insert into "Cities"("Id", "RegionId", "Name") values (13680, 1056, 'Budy');
insert into "Cities"("Id", "RegionId", "Name") values (13681, 1056, 'Chojny');
insert into "Cities"("Id", "RegionId", "Name") values (13682, 1056, 'Glovno');
insert into "Cities"("Id", "RegionId", "Name") values (13683, 1056, 'Karolew');
insert into "Cities"("Id", "RegionId", "Name") values (13684, 1056, 'Kwilno');
insert into "Cities"("Id", "RegionId", "Name") values (13685, 1056, 'Lublinek');
insert into "Cities"("Id", "RegionId", "Name") values (13686, 1056, 'owicz');
insert into "Cities"("Id", "RegionId", "Name") values (13687, 1056, 'Olechw');
insert into "Cities"("Id", "RegionId", "Name") values (13688, 1056, 'Pabianice');
insert into "Cities"("Id", "RegionId", "Name") values (13689, 1056, 'Piaskowice');
insert into "Cities"("Id", "RegionId", "Name") values (13690, 1056, 'Radogoszcz');
insert into "Cities"("Id", "RegionId", "Name") values (13691, 1056, 'Retkinia');
insert into "Cities"("Id", "RegionId", "Name") values (13692, 1056, 'Teofilw');
insert into "Cities"("Id", "RegionId", "Name") values (13693, 1056, 'Idzew');
insert into "Cities"("Id", "RegionId", "Name") values (13694, 1056, 'Zgierz');
insert into "Cities"("Id", "RegionId", "Name") values (13695, 1115, 'Alijo');
insert into "Cities"("Id", "RegionId", "Name") values (13696, 1115, 'Chaves');
insert into "Cities"("Id", "RegionId", "Name") values (13697, 1115, 'Montalegre');
insert into "Cities"("Id", "RegionId", "Name") values (13698, 1115, 'Vila Real');
insert into "Cities"("Id", "RegionId", "Name") values (13699, 1135, 'Baraolt');
insert into "Cities"("Id", "RegionId", "Name") values (13700, 1135, 'Covasna');
insert into "Cities"("Id", "RegionId", "Name") values (13701, 1135, 'Intorsura Buzaului');
insert into "Cities"("Id", "RegionId", "Name") values (13702, 1135, 'Sfntu Gheorghe');
insert into "Cities"("Id", "RegionId", "Name") values (13703, 1135, 'Targu Secuiesc');
insert into "Cities"("Id", "RegionId", "Name") values (13704, 1176, 'Addison');
insert into "Cities"("Id", "RegionId", "Name") values (13705, 1176, 'Albany');
insert into "Cities"("Id", "RegionId", "Name") values (13706, 1176, 'Alsey');
insert into "Cities"("Id", "RegionId", "Name") values (13707, 1176, 'Alton');
insert into "Cities"("Id", "RegionId", "Name") values (13708, 1176, 'Anna');
insert into "Cities"("Id", "RegionId", "Name") values (13709, 1176, 'Arlington Heights');
insert into "Cities"("Id", "RegionId", "Name") values (13710, 1176, 'Aurora');
insert into "Cities"("Id", "RegionId", "Name") values (13711, 1176, 'Barrington');
insert into "Cities"("Id", "RegionId", "Name") values (13712, 1176, 'Belleville');
insert into "Cities"("Id", "RegionId", "Name") values (13713, 1176, 'Berwyn');
insert into "Cities"("Id", "RegionId", "Name") values (13714, 1176, 'Bloomingdale');
insert into "Cities"("Id", "RegionId", "Name") values (13715, 1176, 'Bolingbrook');
insert into "Cities"("Id", "RegionId", "Name") values (13716, 1176, 'Buffalo Grove');
insert into "Cities"("Id", "RegionId", "Name") values (13717, 1176, 'Bushnell');
insert into "Cities"("Id", "RegionId", "Name") values (13718, 1176, 'Cary');
insert into "Cities"("Id", "RegionId", "Name") values (13719, 1176, 'Champaign');
insert into "Cities"("Id", "RegionId", "Name") values (13720, 1176, 'Chicago');
insert into "Cities"("Id", "RegionId", "Name") values (13721, 1176, 'Chicago Heights');
insert into "Cities"("Id", "RegionId", "Name") values (13722, 1176, 'Chicago Idge');
insert into "Cities"("Id", "RegionId", "Name") values (13723, 1176, 'Darien');
insert into "Cities"("Id", "RegionId", "Name") values (13724, 1176, 'Deerfield');
insert into "Cities"("Id", "RegionId", "Name") values (13725, 1176, 'Des Plaines');
insert into "Cities"("Id", "RegionId", "Name") values (13726, 1176, 'Downers Grove');
insert into "Cities"("Id", "RegionId", "Name") values (13727, 1176, 'Elk Grove Village');
insert into "Cities"("Id", "RegionId", "Name") values (13728, 1176, 'Elmwood Park');
insert into "Cities"("Id", "RegionId", "Name") values (13729, 1176, 'Evanston');
insert into "Cities"("Id", "RegionId", "Name") values (13730, 1176, 'Franklin');
insert into "Cities"("Id", "RegionId", "Name") values (13731, 1176, 'Geneva');
insert into "Cities"("Id", "RegionId", "Name") values (13732, 1176, 'Glenview');
insert into "Cities"("Id", "RegionId", "Name") values (13733, 1176, 'Hammond');
insert into "Cities"("Id", "RegionId", "Name") values (13734, 1176, 'Harwood Heights');
insert into "Cities"("Id", "RegionId", "Name") values (13735, 1176, 'La Grange Park');
insert into "Cities"("Id", "RegionId", "Name") values (13736, 1176, 'Lemont');
insert into "Cities"("Id", "RegionId", "Name") values (13737, 1176, 'Long Grove');
insert into "Cities"("Id", "RegionId", "Name") values (13738, 1176, 'Loves Park');
insert into "Cities"("Id", "RegionId", "Name") values (13739, 1176, 'Madison');
insert into "Cities"("Id", "RegionId", "Name") values (13740, 1176, 'Monticello');
insert into "Cities"("Id", "RegionId", "Name") values (13741, 1176, 'Morton Grove');
insert into "Cities"("Id", "RegionId", "Name") values (13742, 1176, 'Mount Prospect');
insert into "Cities"("Id", "RegionId", "Name") values (13743, 1176, 'Mundelein');
insert into "Cities"("Id", "RegionId", "Name") values (13744, 1176, 'Naperville');
insert into "Cities"("Id", "RegionId", "Name") values (13745, 1176, 'Niles');
insert into "Cities"("Id", "RegionId", "Name") values (13746, 1176, 'Northbrook');
insert into "Cities"("Id", "RegionId", "Name") values (13747, 1176, 'Oak Lawn');
insert into "Cities"("Id", "RegionId", "Name") values (13748, 1176, 'Oak Park');
insert into "Cities"("Id", "RegionId", "Name") values (13749, 1176, 'Palatine');
insert into "Cities"("Id", "RegionId", "Name") values (13750, 1176, 'Rochester');
insert into "Cities"("Id", "RegionId", "Name") values (13751, 1176, 'Rockford');
insert into "Cities"("Id", "RegionId", "Name") values (13752, 1176, 'Rolling Meadows');
insert into "Cities"("Id", "RegionId", "Name") values (13753, 1176, 'Roselle');
insert into "Cities"("Id", "RegionId", "Name") values (13754, 1176, 'Round Lake');
insert into "Cities"("Id", "RegionId", "Name") values (13755, 1176, 'Schaumburg');
insert into "Cities"("Id", "RegionId", "Name") values (13756, 1176, 'Skokie');
insert into "Cities"("Id", "RegionId", "Name") values (13757, 1176, 'Springfield');
insert into "Cities"("Id", "RegionId", "Name") values (13758, 1176, 'Urbana');
insert into "Cities"("Id", "RegionId", "Name") values (13759, 1176, 'Vernon Hills');
insert into "Cities"("Id", "RegionId", "Name") values (13760, 1176, 'Waukegan');
insert into "Cities"("Id", "RegionId", "Name") values (13761, 1176, 'Westmont');
insert into "Cities"("Id", "RegionId", "Name") values (13762, 1176, 'Wheaton');
insert into "Cities"("Id", "RegionId", "Name") values (13763, 1176, 'Wheeling');
insert into "Cities"("Id", "RegionId", "Name") values (13764, 1235, 'Кингстаун');
insert into "Regions"("Id", "CountryId", "Name") values (1236, 167, 'Воеводина');
insert into "Regions"("Id", "CountryId", "Name") values (1237, 167, 'Косово и Метохия');
insert into "Regions"("Id", "CountryId", "Name") values (1238, 167, 'Центральная Сербия');
insert into "Cities"("Id", "RegionId", "Name") values (13765, 707, 'Arco');
insert into "Cities"("Id", "RegionId", "Name") values (13766, 707, 'Borgo Valsugana');
insert into "Cities"("Id", "RegionId", "Name") values (13767, 707, 'Mezzocorona');
insert into "Cities"("Id", "RegionId", "Name") values (13768, 707, 'Riva del Garda');
insert into "Cities"("Id", "RegionId", "Name") values (13769, 707, 'Rovereto');
insert into "Cities"("Id", "RegionId", "Name") values (13770, 707, 'Trento');
insert into "Cities"("Id", "RegionId", "Name") values (13771, 707, 'Vigo di Fassa');
insert into "Cities"("Id", "RegionId", "Name") values (13772, 1057, 'Litzmannstadt');
insert into "Cities"("Id", "RegionId", "Name") values (13773, 1116, 'Mangualde');
insert into "Cities"("Id", "RegionId", "Name") values (13774, 1116, 'Oliveira de Frades');
insert into "Cities"("Id", "RegionId", "Name") values (13775, 1116, 'Santa Comba Do');
insert into "Cities"("Id", "RegionId", "Name") values (13776, 1116, 'Santiago');
insert into "Cities"("Id", "RegionId", "Name") values (13777, 1116, 'So Joo da Pesqueira');
insert into "Cities"("Id", "RegionId", "Name") values (13778, 1116, 'So Pedro do Sul');
insert into "Cities"("Id", "RegionId", "Name") values (13779, 1116, 'Vimieiro');
insert into "Cities"("Id", "RegionId", "Name") values (13780, 1116, 'Viseu');
insert into "Cities"("Id", "RegionId", "Name") values (13781, 1116, 'Vizeu');
insert into "Cities"("Id", "RegionId", "Name") values (13782, 1136, 'Fieni');
insert into "Cities"("Id", "RegionId", "Name") values (13783, 1136, 'Gaesti');
insert into "Cities"("Id", "RegionId", "Name") values (13784, 1136, 'Moreni');
insert into "Cities"("Id", "RegionId", "Name") values (13785, 1136, 'Pucioasa');
insert into "Cities"("Id", "RegionId", "Name") values (13786, 1136, 'Targoviste');
insert into "Cities"("Id", "RegionId", "Name") values (13787, 1136, 'Titu');
insert into "Cities"("Id", "RegionId", "Name") values (13788, 1177, 'Akron');
insert into "Cities"("Id", "RegionId", "Name") values (13789, 1177, 'Angola');
insert into "Cities"("Id", "RegionId", "Name") values (13790, 1177, 'Atlanta');
insert into "Cities"("Id", "RegionId", "Name") values (13791, 1177, 'Attica');
insert into "Cities"("Id", "RegionId", "Name") values (13792, 1177, 'Bloomington');
insert into "Cities"("Id", "RegionId", "Name") values (13793, 1177, 'Carmel');
insert into "Cities"("Id", "RegionId", "Name") values (13794, 1177, 'Central');
insert into "Cities"("Id", "RegionId", "Name") values (13795, 1177, 'Elkhart');
insert into "Cities"("Id", "RegionId", "Name") values (13796, 1177, 'Fishers');
insert into "Cities"("Id", "RegionId", "Name") values (13797, 1177, 'Fort Wayne');
insert into "Cities"("Id", "RegionId", "Name") values (13798, 1177, 'Goshen');
insert into "Cities"("Id", "RegionId", "Name") values (13799, 1177, 'Greencastle');
insert into "Cities"("Id", "RegionId", "Name") values (13800, 1177, 'Indianapolis');
insert into "Cities"("Id", "RegionId", "Name") values (13801, 1177, 'Lafayette');
insert into "Cities"("Id", "RegionId", "Name") values (13802, 1177, 'Michigan City');
insert into "Cities"("Id", "RegionId", "Name") values (13803, 1177, 'Nappanee');
insert into "Cities"("Id", "RegionId", "Name") values (13804, 1177, 'New Albany');
insert into "Cities"("Id", "RegionId", "Name") values (13805, 1177, 'Richmond');
insert into "Cities"("Id", "RegionId", "Name") values (13806, 1177, 'Spencerville');
insert into "Cities"("Id", "RegionId", "Name") values (13807, 1177, 'Terre Haute');
insert into "Cities"("Id", "RegionId", "Name") values (13808, 1177, 'West Lafayette');
insert into "Cities"("Id", "RegionId", "Name") values (13809, 1236, 'Западная Бачка округ');
insert into "Cities"("Id", "RegionId", "Name") values (13810, 1236, 'Северная Бачка округ');
insert into "Cities"("Id", "RegionId", "Name") values (13811, 1236, 'Северно-Банатский округ');
insert into "Cities"("Id", "RegionId", "Name") values (13812, 1236, 'Средне-Банатский округ');
insert into "Cities"("Id", "RegionId", "Name") values (13813, 1236, 'Сремский округ');
insert into "Cities"("Id", "RegionId", "Name") values (13814, 1236, 'Южная Бачка округ');
insert into "Cities"("Id", "RegionId", "Name") values (13815, 1236, 'Южно-Банатский округ');
insert into "Regions"("Id", "CountryId", "Name") values (1239, 168, 'Сингапур');
insert into "Cities"("Id", "RegionId", "Name") values (13816, 708, 'Assisi');
insert into "Cities"("Id", "RegionId", "Name") values (13817, 708, 'Bastia Umbra');
insert into "Cities"("Id", "RegionId", "Name") values (13818, 708, 'Castiglione del Lago');
insert into "Cities"("Id", "RegionId", "Name") values (13819, 708, 'Citt di Castello');
insert into "Cities"("Id", "RegionId", "Name") values (13820, 708, 'Costacciaro');
insert into "Cities"("Id", "RegionId", "Name") values (13821, 708, 'Foligno');
insert into "Cities"("Id", "RegionId", "Name") values (13822, 708, 'Marsciano');
insert into "Cities"("Id", "RegionId", "Name") values (13823, 708, 'Nocera Umbra');
insert into "Cities"("Id", "RegionId", "Name") values (13824, 708, 'Perugia');
insert into "Cities"("Id", "RegionId", "Name") values (13825, 708, 'Spoleto');
insert into "Cities"("Id", "RegionId", "Name") values (13826, 708, 'Todi');
insert into "Cities"("Id", "RegionId", "Name") values (13827, 1058, 'Andrzejki');
insert into "Cities"("Id", "RegionId", "Name") values (13828, 1058, 'Barany');
insert into "Cities"("Id", "RegionId", "Name") values (13829, 1058, 'Zambrw');
insert into "Cities"("Id", "RegionId", "Name") values (13830, 1137, 'Bailesti');
insert into "Cities"("Id", "RegionId", "Name") values (13831, 1137, 'Calafat');
insert into "Cities"("Id", "RegionId", "Name") values (13832, 1137, 'Craiova');
insert into "Cities"("Id", "RegionId", "Name") values (13833, 1137, 'Filiasi');
insert into "Cities"("Id", "RegionId", "Name") values (13834, 1137, 'Segarcea');
insert into "Cities"("Id", "RegionId", "Name") values (13835, 1178, 'Afton');
insert into "Cities"("Id", "RegionId", "Name") values (13836, 1178, 'Ames');
insert into "Cities"("Id", "RegionId", "Name") values (13837, 1178, 'Bancroft');
insert into "Cities"("Id", "RegionId", "Name") values (13838, 1178, 'Cedar RaIds');
insert into "Cities"("Id", "RegionId", "Name") values (13839, 1178, 'Davenport');
insert into "Cities"("Id", "RegionId", "Name") values (13840, 1178, 'Des Moines');
insert into "Cities"("Id", "RegionId", "Name") values (13841, 1178, 'Iowa City');
insert into "Cities"("Id", "RegionId", "Name") values (13842, 1178, 'Oskaloosa');
insert into "Cities"("Id", "RegionId", "Name") values (13843, 1178, 'Postville');
insert into "Cities"("Id", "RegionId", "Name") values (13844, 1178, 'Story City');
insert into "Cities"("Id", "RegionId", "Name") values (13845, 1237, 'Косовскомитровачский округ');
insert into "Cities"("Id", "RegionId", "Name") values (13846, 1237, 'Призренский округ');
insert into "Cities"("Id", "RegionId", "Name") values (13847, 1239, 'Сингапур');
insert into "Regions"("Id", "CountryId", "Name") values (1240, 169, 'Дамаск');
insert into "Cities"("Id", "RegionId", "Name") values (13848, 709, 'Arrone');
insert into "Cities"("Id", "RegionId", "Name") values (13849, 709, 'Calvi dell''''Umbria');
insert into "Cities"("Id", "RegionId", "Name") values (13850, 709, 'Giove');
insert into "Cities"("Id", "RegionId", "Name") values (13851, 709, 'Orvieto');
insert into "Cities"("Id", "RegionId", "Name") values (13852, 709, 'Terni');
insert into "Cities"("Id", "RegionId", "Name") values (13853, 1059, 'Adampol');
insert into "Cities"("Id", "RegionId", "Name") values (13854, 1059, 'Basonia');
insert into "Cities"("Id", "RegionId", "Name") values (13855, 1059, 'Brzeznica Bychowska');
insert into "Cities"("Id", "RegionId", "Name") values (13856, 1059, 'Choiny');
insert into "Cities"("Id", "RegionId", "Name") values (13857, 1059, 'Kazimierz Dolny');
insert into "Cities"("Id", "RegionId", "Name") values (13858, 1059, 'Kock');
insert into "Cities"("Id", "RegionId", "Name") values (13859, 1059, 'Lubartw');
insert into "Cities"("Id", "RegionId", "Name") values (13860, 1059, 'Lubomirka');
insert into "Cities"("Id", "RegionId", "Name") values (13861, 1059, 'Ludwikw Grny');
insert into "Cities"("Id", "RegionId", "Name") values (13862, 1059, 'Ludwin');
insert into "Cities"("Id", "RegionId", "Name") values (13863, 1059, 'Milejw');
insert into "Cities"("Id", "RegionId", "Name") values (13864, 1059, 'Niemce');
insert into "Cities"("Id", "RegionId", "Name") values (13865, 1138, 'Beresti');
insert into "Cities"("Id", "RegionId", "Name") values (13866, 1138, 'Galati');
insert into "Cities"("Id", "RegionId", "Name") values (13867, 1138, 'Targu Bujor');
insert into "Cities"("Id", "RegionId", "Name") values (13868, 1138, 'Tecuci');
insert into "Cities"("Id", "RegionId", "Name") values (13869, 1179, 'Arkansas City');
insert into "Cities"("Id", "RegionId", "Name") values (13870, 1179, 'Arma');
insert into "Cities"("Id", "RegionId", "Name") values (13871, 1179, 'Atchison');
insert into "Cities"("Id", "RegionId", "Name") values (13872, 1179, 'Bonner Springs');
insert into "Cities"("Id", "RegionId", "Name") values (13873, 1179, 'Clay Center');
insert into "Cities"("Id", "RegionId", "Name") values (13874, 1179, 'Green');
insert into "Cities"("Id", "RegionId", "Name") values (13875, 1179, 'Kansas City');
insert into "Cities"("Id", "RegionId", "Name") values (13876, 1179, 'Lawrence');
insert into "Cities"("Id", "RegionId", "Name") values (13877, 1179, 'Manhattan');
insert into "Cities"("Id", "RegionId", "Name") values (13878, 1179, 'Rose Hill');
insert into "Cities"("Id", "RegionId", "Name") values (13879, 1179, 'Shawnee Mission');
insert into "Cities"("Id", "RegionId", "Name") values (13880, 1179, 'Topeka');
insert into "Cities"("Id", "RegionId", "Name") values (13881, 1179, 'Utica');
insert into "Cities"("Id", "RegionId", "Name") values (13882, 1179, 'Wichita');
insert into "Cities"("Id", "RegionId", "Name") values (13883, 1238, 'Белград');
insert into "Cities"("Id", "RegionId", "Name") values (13884, 1238, 'Борский округ');
insert into "Cities"("Id", "RegionId", "Name") values (13885, 1238, 'Заечарский округ');
insert into "Cities"("Id", "RegionId", "Name") values (13886, 1238, 'Златиборский округ');
insert into "Cities"("Id", "RegionId", "Name") values (13887, 1238, 'Моравичский округ');
insert into "Cities"("Id", "RegionId", "Name") values (13888, 1238, 'Нишавский округ');
insert into "Cities"("Id", "RegionId", "Name") values (13889, 1238, 'округ Рашка');
insert into "Cities"("Id", "RegionId", "Name") values (13890, 1238, 'Поморавский округ');
insert into "Cities"("Id", "RegionId", "Name") values (13891, 1238, 'Расинский округ');
insert into "Cities"("Id", "RegionId", "Name") values (13892, 1238, 'Шумадийский округ');
insert into "Cities"("Id", "RegionId", "Name") values (13893, 1238, 'Ябланичский округ');
insert into "Cities"("Id", "RegionId", "Name") values (13894, 1240, 'Дамаск');
insert into "Regions"("Id", "CountryId", "Name") values (1241, 170, 'Bratislava');
insert into "Regions"("Id", "CountryId", "Name") values (1242, 170, 'Kosice');
insert into "Regions"("Id", "CountryId", "Name") values (1243, 170, 'Nitra');
insert into "Regions"("Id", "CountryId", "Name") values (1244, 170, 'None');
insert into "Regions"("Id", "CountryId", "Name") values (1245, 170, 'Presov');
insert into "Regions"("Id", "CountryId", "Name") values (1246, 170, 'Trencin');
insert into "Regions"("Id", "CountryId", "Name") values (1247, 170, 'Trnava');
insert into "Cities"("Id", "RegionId", "Name") values (13895, 710, 'Aosta');
insert into "Cities"("Id", "RegionId", "Name") values (13896, 710, 'Saint-Oyen');
insert into "Cities"("Id", "RegionId", "Name") values (13897, 1060, 'Gruentberg');
insert into "Cities"("Id", "RegionId", "Name") values (13898, 1060, 'Grnberg');
insert into "Cities"("Id", "RegionId", "Name") values (13899, 1060, 'Zielona Gra');
insert into "Cities"("Id", "RegionId", "Name") values (13900, 1139, 'Bolintin-Vale');
insert into "Cities"("Id", "RegionId", "Name") values (13901, 1139, 'Giurgiu');
insert into "Cities"("Id", "RegionId", "Name") values (13902, 1139, 'Mihailesti');
insert into "Cities"("Id", "RegionId", "Name") values (13903, 1180, 'Adairville');
insert into "Cities"("Id", "RegionId", "Name") values (13904, 1180, 'Adams');
insert into "Cities"("Id", "RegionId", "Name") values (13905, 1180, 'Artemus');
insert into "Cities"("Id", "RegionId", "Name") values (13906, 1180, 'Bowling Green');
insert into "Cities"("Id", "RegionId", "Name") values (13907, 1180, 'Erlanger');
insert into "Cities"("Id", "RegionId", "Name") values (13908, 1180, 'Falmouth');
insert into "Cities"("Id", "RegionId", "Name") values (13909, 1180, 'Florence');
insert into "Cities"("Id", "RegionId", "Name") values (13910, 1180, 'Frankfort');
insert into "Cities"("Id", "RegionId", "Name") values (13911, 1180, 'Ft Mitchell');
insert into "Cities"("Id", "RegionId", "Name") values (13912, 1180, 'Hi Hat');
insert into "Cities"("Id", "RegionId", "Name") values (13913, 1180, 'Lancaster');
insert into "Cities"("Id", "RegionId", "Name") values (13914, 1180, 'Lexington');
insert into "Cities"("Id", "RegionId", "Name") values (13915, 1180, 'London');
insert into "Cities"("Id", "RegionId", "Name") values (13916, 1180, 'Louisville');
insert into "Cities"("Id", "RegionId", "Name") values (13917, 1180, 'Wendover');
insert into "Cities"("Id", "RegionId", "Name") values (13918, 1241, 'Bratislava');
insert into "Cities"("Id", "RegionId", "Name") values (13919, 1241, 'Bratislava-mesto');
insert into "Cities"("Id", "RegionId", "Name") values (13920, 1241, 'Pozsony');
insert into "Regions"("Id", "CountryId", "Name") values (1248, 171, 'Bohinj');
insert into "Regions"("Id", "CountryId", "Name") values (1249, 171, 'Brezovica');
insert into "Regions"("Id", "CountryId", "Name") values (1250, 171, 'None');
insert into "Cities"("Id", "RegionId", "Name") values (13921, 711, 'Belluno');
insert into "Cities"("Id", "RegionId", "Name") values (13922, 711, 'Domegge di Cadore');
insert into "Cities"("Id", "RegionId", "Name") values (13923, 711, 'Feltre');
insert into "Cities"("Id", "RegionId", "Name") values (13924, 711, 'Pieve di Cadore');
insert into "Cities"("Id", "RegionId", "Name") values (13925, 1061, 'Cracovia');
insert into "Cities"("Id", "RegionId", "Name") values (13926, 1061, 'Cracovie');
insert into "Cities"("Id", "RegionId", "Name") values (13927, 1061, 'Cracow');
insert into "Cities"("Id", "RegionId", "Name") values (13928, 1061, 'Krakau');
insert into "Cities"("Id", "RegionId", "Name") values (13929, 1061, 'Krakov');
insert into "Cities"("Id", "RegionId", "Name") values (13930, 1061, 'Krakw');
insert into "Cities"("Id", "RegionId", "Name") values (13931, 1140, 'Bumbesti-Jiu');
insert into "Cities"("Id", "RegionId", "Name") values (13932, 1140, 'Motru');
insert into "Cities"("Id", "RegionId", "Name") values (13933, 1140, 'Novaci');
insert into "Cities"("Id", "RegionId", "Name") values (13934, 1140, 'Rovinari');
insert into "Cities"("Id", "RegionId", "Name") values (13935, 1140, 'Targu Carbunesti');
insert into "Cities"("Id", "RegionId", "Name") values (13936, 1140, 'Targu Jiu');
insert into "Cities"("Id", "RegionId", "Name") values (13937, 1140, 'Ticleni');
insert into "Cities"("Id", "RegionId", "Name") values (13938, 1140, 'Tismana');
insert into "Cities"("Id", "RegionId", "Name") values (13939, 1181, 'Amelia');
insert into "Cities"("Id", "RegionId", "Name") values (13940, 1181, 'Anacoco');
insert into "Cities"("Id", "RegionId", "Name") values (13941, 1181, 'Arcadia');
insert into "Cities"("Id", "RegionId", "Name") values (13942, 1181, 'Baldwin');
insert into "Cities"("Id", "RegionId", "Name") values (13943, 1181, 'Baton Rouge');
insert into "Cities"("Id", "RegionId", "Name") values (13944, 1181, 'Blanks');
insert into "Cities"("Id", "RegionId", "Name") values (13945, 1181, 'Boutte');
insert into "Cities"("Id", "RegionId", "Name") values (13946, 1181, 'Chalmette');
insert into "Cities"("Id", "RegionId", "Name") values (13947, 1181, 'Covington');
insert into "Cities"("Id", "RegionId", "Name") values (13948, 1181, 'Creole');
insert into "Cities"("Id", "RegionId", "Name") values (13949, 1181, 'Geismar');
insert into "Cities"("Id", "RegionId", "Name") values (13950, 1181, 'Kenner');
insert into "Cities"("Id", "RegionId", "Name") values (13951, 1181, 'Lafayette');
insert into "Cities"("Id", "RegionId", "Name") values (13952, 1181, 'Lake Charles');
insert into "Cities"("Id", "RegionId", "Name") values (13953, 1181, 'Metairie');
insert into "Cities"("Id", "RegionId", "Name") values (13954, 1181, 'Natchitoches');
insert into "Cities"("Id", "RegionId", "Name") values (13955, 1181, 'New Orleans');
insert into "Cities"("Id", "RegionId", "Name") values (13956, 1181, 'Rayne');
insert into "Cities"("Id", "RegionId", "Name") values (13957, 1181, 'Shreveport');
insert into "Cities"("Id", "RegionId", "Name") values (13958, 1242, 'Kaschau');
insert into "Cities"("Id", "RegionId", "Name") values (13959, 1242, 'Kassa');
insert into "Cities"("Id", "RegionId", "Name") values (13960, 1242, 'Kosice');
insert into "Cities"("Id", "RegionId", "Name") values (13961, 1248, 'Dvori');
insert into "Cities"("Id", "RegionId", "Name") values (13962, 1248, 'Valica');
insert into "Regions"("Id", "CountryId", "Name") values (1251, 172, 'Соломоновы о-ва');
insert into "Cities"("Id", "RegionId", "Name") values (13963, 712, 'Abano Terme');
insert into "Cities"("Id", "RegionId", "Name") values (13964, 712, 'Agna');
insert into "Cities"("Id", "RegionId", "Name") values (13965, 712, 'Baone');
insert into "Cities"("Id", "RegionId", "Name") values (13966, 712, 'Battaglia Terme');
insert into "Cities"("Id", "RegionId", "Name") values (13967, 712, 'Carmignano di Brenta');
insert into "Cities"("Id", "RegionId", "Name") values (13968, 712, 'Casale di Scodosia');
insert into "Cities"("Id", "RegionId", "Name") values (13969, 712, 'Cittadella');
insert into "Cities"("Id", "RegionId", "Name") values (13970, 712, 'Conselve');
insert into "Cities"("Id", "RegionId", "Name") values (13971, 712, 'Este');
insert into "Cities"("Id", "RegionId", "Name") values (13972, 712, 'Legnaro');
insert into "Cities"("Id", "RegionId", "Name") values (13973, 712, 'Maser di Padova');
insert into "Cities"("Id", "RegionId", "Name") values (13974, 712, 'Monselice');
insert into "Cities"("Id", "RegionId", "Name") values (13975, 712, 'Montagnana');
insert into "Cities"("Id", "RegionId", "Name") values (13976, 712, 'Montegrotto Terme');
insert into "Cities"("Id", "RegionId", "Name") values (13977, 712, 'Padova');
insert into "Cities"("Id", "RegionId", "Name") values (13978, 712, 'Pozzonovo');
insert into "Cities"("Id", "RegionId", "Name") values (13979, 712, 'Rubano');
insert into "Cities"("Id", "RegionId", "Name") values (13980, 712, 'San Martino di Lupari');
insert into "Cities"("Id", "RegionId", "Name") values (13981, 712, 'Saonara');
insert into "Cities"("Id", "RegionId", "Name") values (13982, 712, 'Torreglia');
insert into "Cities"("Id", "RegionId", "Name") values (13983, 1062, 'Warszawa');
insert into "Cities"("Id", "RegionId", "Name") values (13984, 1141, 'Baile Tusnad');
insert into "Cities"("Id", "RegionId", "Name") values (13985, 1141, 'Balan');
insert into "Cities"("Id", "RegionId", "Name") values (13986, 1141, 'Borsec');
insert into "Cities"("Id", "RegionId", "Name") values (13987, 1141, 'Cristuru Secuiesc');
insert into "Cities"("Id", "RegionId", "Name") values (13988, 1141, 'Gheorgheni');
insert into "Cities"("Id", "RegionId", "Name") values (13989, 1141, 'Miercurea Ciuc');
insert into "Cities"("Id", "RegionId", "Name") values (13990, 1141, 'Odorheiu Secuiesc');
insert into "Cities"("Id", "RegionId", "Name") values (13991, 1141, 'Toplita');
insert into "Cities"("Id", "RegionId", "Name") values (13992, 1141, 'Vlahita');
insert into "Cities"("Id", "RegionId", "Name") values (13993, 1182, 'Auburn');
insert into "Cities"("Id", "RegionId", "Name") values (13994, 1182, 'Augusta');
insert into "Cities"("Id", "RegionId", "Name") values (13995, 1182, 'Bangor');
insert into "Cities"("Id", "RegionId", "Name") values (13996, 1182, 'Bar Harbor');
insert into "Cities"("Id", "RegionId", "Name") values (13997, 1182, 'Belfast');
insert into "Cities"("Id", "RegionId", "Name") values (13998, 1182, 'Bethel');
insert into "Cities"("Id", "RegionId", "Name") values (13999, 1182, 'Ellsworth');
insert into "Cities"("Id", "RegionId", "Name") values (14000, 1182, 'Northeast Harbor');
insert into "Cities"("Id", "RegionId", "Name") values (14001, 1182, 'Old Orchard Beach');
insert into "Cities"("Id", "RegionId", "Name") values (14002, 1182, 'Portland');
insert into "Cities"("Id", "RegionId", "Name") values (14003, 1182, 'Scarborough');
insert into "Cities"("Id", "RegionId", "Name") values (14004, 1182, 'Standish');
insert into "Cities"("Id", "RegionId", "Name") values (14005, 1182, 'Washington');
insert into "Cities"("Id", "RegionId", "Name") values (14006, 1182, 'York');
insert into "Cities"("Id", "RegionId", "Name") values (14007, 1182, 'York Beach');
insert into "Cities"("Id", "RegionId", "Name") values (14008, 1243, 'Nitra');
insert into "Cities"("Id", "RegionId", "Name") values (14009, 1249, 'Brezovec');
insert into "Cities"("Id", "RegionId", "Name") values (14010, 1249, 'Preseka');
insert into "Cities"("Id", "RegionId", "Name") values (14011, 1251, 'Хониара');
insert into "Regions"("Id", "CountryId", "Name") values (1252, 173, 'Могадишо');
insert into "Cities"("Id", "RegionId", "Name") values (14012, 713, 'Occhiobello');
insert into "Cities"("Id", "RegionId", "Name") values (14013, 713, 'Rovigo');
insert into "Cities"("Id", "RegionId", "Name") values (14014, 1063, 'Sodehnen');
insert into "Cities"("Id", "RegionId", "Name") values (14015, 1142, 'Aninoasa');
insert into "Cities"("Id", "RegionId", "Name") values (14016, 1142, 'Brad');
insert into "Cities"("Id", "RegionId", "Name") values (14017, 1142, 'Calan');
insert into "Cities"("Id", "RegionId", "Name") values (14018, 1142, 'Deva');
insert into "Cities"("Id", "RegionId", "Name") values (14019, 1142, 'Geoagiu');
insert into "Cities"("Id", "RegionId", "Name") values (14020, 1142, 'Hateg');
insert into "Cities"("Id", "RegionId", "Name") values (14021, 1142, 'Hunedoara');
insert into "Cities"("Id", "RegionId", "Name") values (14022, 1142, 'Lupeni');
insert into "Cities"("Id", "RegionId", "Name") values (14023, 1142, 'Orastie');
insert into "Cities"("Id", "RegionId", "Name") values (14024, 1142, 'Petrosani');
insert into "Cities"("Id", "RegionId", "Name") values (14025, 1142, 'Simeria');
insert into "Cities"("Id", "RegionId", "Name") values (14026, 1142, 'Uricani');
insert into "Cities"("Id", "RegionId", "Name") values (14027, 1142, 'Vulcan');
insert into "Cities"("Id", "RegionId", "Name") values (14028, 1183, 'Aberdeen');
insert into "Cities"("Id", "RegionId", "Name") values (14029, 1183, 'Aberdeen Proving Ground');
insert into "Cities"("Id", "RegionId", "Name") values (14030, 1183, 'Abingdon');
insert into "Cities"("Id", "RegionId", "Name") values (14031, 1183, 'Annapolis');
insert into "Cities"("Id", "RegionId", "Name") values (14032, 1183, 'Baltimore');
insert into "Cities"("Id", "RegionId", "Name") values (14033, 1183, 'Bel Air');
insert into "Cities"("Id", "RegionId", "Name") values (14034, 1183, 'Beltsville');
insert into "Cities"("Id", "RegionId", "Name") values (14035, 1183, 'Berlin');
insert into "Cities"("Id", "RegionId", "Name") values (14036, 1183, 'Bethesda');
insert into "Cities"("Id", "RegionId", "Name") values (14037, 1183, 'Bowie');
insert into "Cities"("Id", "RegionId", "Name") values (14038, 1183, 'California');
insert into "Cities"("Id", "RegionId", "Name") values (14039, 1183, 'CambIdge');
insert into "Cities"("Id", "RegionId", "Name") values (14040, 1183, 'Chevy Chase');
insert into "Cities"("Id", "RegionId", "Name") values (14041, 1183, 'College Park');
insert into "Cities"("Id", "RegionId", "Name") values (14042, 1183, 'Columbia');
insert into "Cities"("Id", "RegionId", "Name") values (14043, 1183, 'Crofton');
insert into "Cities"("Id", "RegionId", "Name") values (14044, 1183, 'Dundalk');
insert into "Cities"("Id", "RegionId", "Name") values (14045, 1183, 'Ellicott City');
insert into "Cities"("Id", "RegionId", "Name") values (14046, 1183, 'Frederick');
insert into "Cities"("Id", "RegionId", "Name") values (14047, 1183, 'Fulton');
insert into "Cities"("Id", "RegionId", "Name") values (14048, 1183, 'Gaithersburg');
insert into "Cities"("Id", "RegionId", "Name") values (14049, 1183, 'Germantown');
insert into "Cities"("Id", "RegionId", "Name") values (14050, 1183, 'Hagerstown');
insert into "Cities"("Id", "RegionId", "Name") values (14051, 1183, 'Hyattsville');
insert into "Cities"("Id", "RegionId", "Name") values (14052, 1183, 'Jefferson');
insert into "Cities"("Id", "RegionId", "Name") values (14053, 1183, 'Joppa');
insert into "Cities"("Id", "RegionId", "Name") values (14054, 1183, 'Laurel');
insert into "Cities"("Id", "RegionId", "Name") values (14055, 1183, 'Lusby');
insert into "Cities"("Id", "RegionId", "Name") values (14056, 1183, 'Lutherville Timonium');
insert into "Cities"("Id", "RegionId", "Name") values (14057, 1183, 'Montgomery Village');
insert into "Cities"("Id", "RegionId", "Name") values (14058, 1183, 'North East');
insert into "Cities"("Id", "RegionId", "Name") values (14059, 1183, 'Oakland');
insert into "Cities"("Id", "RegionId", "Name") values (14060, 1183, 'Ocean City');
insert into "Cities"("Id", "RegionId", "Name") values (14061, 1183, 'Owings Mills');
insert into "Cities"("Id", "RegionId", "Name") values (14062, 1183, 'Pikesville');
insert into "Cities"("Id", "RegionId", "Name") values (14063, 1183, 'Potomac');
insert into "Cities"("Id", "RegionId", "Name") values (14064, 1183, 'Reisterstown');
insert into "Cities"("Id", "RegionId", "Name") values (14065, 1183, 'Rockville');
insert into "Cities"("Id", "RegionId", "Name") values (14066, 1183, 'Salisbury');
insert into "Cities"("Id", "RegionId", "Name") values (14067, 1183, 'Severna Park');
insert into "Cities"("Id", "RegionId", "Name") values (14068, 1183, 'Silver Spring');
insert into "Cities"("Id", "RegionId", "Name") values (14069, 1183, 'Towson');
insert into "Cities"("Id", "RegionId", "Name") values (14070, 1244, 'Abrahamovce');
insert into "Cities"("Id", "RegionId", "Name") values (14071, 1244, 'Aha');
insert into "Cities"("Id", "RegionId", "Name") values (14072, 1244, 'Dunajsk Streda');
insert into "Cities"("Id", "RegionId", "Name") values (14073, 1244, 'Michalovce');
insert into "Cities"("Id", "RegionId", "Name") values (14074, 1244, 'PrieIdza');
insert into "Cities"("Id", "RegionId", "Name") values (14075, 1244, 'Zvolen');
insert into "Cities"("Id", "RegionId", "Name") values (14076, 1250, 'Celje');
insert into "Cities"("Id", "RegionId", "Name") values (14077, 1250, 'Dol pri Hrastniku');
insert into "Cities"("Id", "RegionId", "Name") values (14078, 1250, 'Ljubljana');
insert into "Cities"("Id", "RegionId", "Name") values (14079, 1250, 'Maribor');
insert into "Cities"("Id", "RegionId", "Name") values (14080, 1250, 'Nemcavci');
insert into "Cities"("Id", "RegionId", "Name") values (14081, 1250, 'Nova Gorica');
insert into "Cities"("Id", "RegionId", "Name") values (14082, 1250, 'Portorose');
insert into "Cities"("Id", "RegionId", "Name") values (14083, 1250, 'Velenje');
insert into "Cities"("Id", "RegionId", "Name") values (14084, 1252, 'Могадишо');
insert into "Regions"("Id", "CountryId", "Name") values (1253, 174, 'Судан');
insert into "Cities"("Id", "RegionId", "Name") values (14085, 714, 'Castelfranco Veneto');
insert into "Cities"("Id", "RegionId", "Name") values (14086, 714, 'Conegliano');
insert into "Cities"("Id", "RegionId", "Name") values (14087, 714, 'Giavera del Montello');
insert into "Cities"("Id", "RegionId", "Name") values (14088, 714, 'Mogliano Veneto');
insert into "Cities"("Id", "RegionId", "Name") values (14089, 714, 'Montebelluna');
insert into "Cities"("Id", "RegionId", "Name") values (14090, 714, 'Oderzo');
insert into "Cities"("Id", "RegionId", "Name") values (14091, 714, 'Orsago');
insert into "Cities"("Id", "RegionId", "Name") values (14092, 714, 'Paderno del Grappa');
insert into "Cities"("Id", "RegionId", "Name") values (14093, 714, 'Pieve di Soligo');
insert into "Cities"("Id", "RegionId", "Name") values (14094, 714, 'Quinto di Treviso');
insert into "Cities"("Id", "RegionId", "Name") values (14095, 714, 'Roncade');
insert into "Cities"("Id", "RegionId", "Name") values (14096, 714, 'Treviso');
insert into "Cities"("Id", "RegionId", "Name") values (14097, 714, 'Vittorio Veneto');
insert into "Cities"("Id", "RegionId", "Name") values (14098, 1064, 'Nowy Sacz');
insert into "Cities"("Id", "RegionId", "Name") values (14099, 1064, 'Tylicz');
insert into "Cities"("Id", "RegionId", "Name") values (14100, 1143, 'Fetesti');
insert into "Cities"("Id", "RegionId", "Name") values (14101, 1143, 'Slobozia');
insert into "Cities"("Id", "RegionId", "Name") values (14102, 1143, 'Tandarei');
insert into "Cities"("Id", "RegionId", "Name") values (14103, 1143, 'Urziceni');
insert into "Cities"("Id", "RegionId", "Name") values (14104, 1184, 'Acton');
insert into "Cities"("Id", "RegionId", "Name") values (14105, 1184, 'Agawam');
insert into "Cities"("Id", "RegionId", "Name") values (14106, 1184, 'Allston');
insert into "Cities"("Id", "RegionId", "Name") values (14107, 1184, 'Amesbury');
insert into "Cities"("Id", "RegionId", "Name") values (14108, 1184, 'Amherst');
insert into "Cities"("Id", "RegionId", "Name") values (14109, 1184, 'Andover');
insert into "Cities"("Id", "RegionId", "Name") values (14110, 1184, 'Attleboro');
insert into "Cities"("Id", "RegionId", "Name") values (14111, 1184, 'Becket');
insert into "Cities"("Id", "RegionId", "Name") values (14112, 1184, 'Berkley');
insert into "Cities"("Id", "RegionId", "Name") values (14113, 1184, 'Bolton');
insert into "Cities"("Id", "RegionId", "Name") values (14114, 1184, 'Boston');
insert into "Cities"("Id", "RegionId", "Name") values (14115, 1184, 'Brookline');
insert into "Cities"("Id", "RegionId", "Name") values (14116, 1184, 'Burlington');
insert into "Cities"("Id", "RegionId", "Name") values (14117, 1184, 'CambIdge');
insert into "Cities"("Id", "RegionId", "Name") values (14118, 1184, 'Canton');
insert into "Cities"("Id", "RegionId", "Name") values (14119, 1184, 'Centerville');
insert into "Cities"("Id", "RegionId", "Name") values (14120, 1184, 'Chicopee');
insert into "Cities"("Id", "RegionId", "Name") values (14121, 1184, 'Dennis Port');
insert into "Cities"("Id", "RegionId", "Name") values (14122, 1184, 'Eastham');
insert into "Cities"("Id", "RegionId", "Name") values (14123, 1184, 'Essex');
insert into "Cities"("Id", "RegionId", "Name") values (14124, 1184, 'Fall River');
insert into "Cities"("Id", "RegionId", "Name") values (14125, 1184, 'Feeding Hills');
insert into "Cities"("Id", "RegionId", "Name") values (14126, 1184, 'Framingham');
insert into "Cities"("Id", "RegionId", "Name") values (14127, 1184, 'Franklin');
insert into "Cities"("Id", "RegionId", "Name") values (14128, 1184, 'Greenfield');
insert into "Cities"("Id", "RegionId", "Name") values (14129, 1184, 'Hyannis');
insert into "Cities"("Id", "RegionId", "Name") values (14130, 1184, 'Lee');
insert into "Cities"("Id", "RegionId", "Name") values (14131, 1184, 'Lexington');
insert into "Cities"("Id", "RegionId", "Name") values (14132, 1184, 'Lynn');
insert into "Cities"("Id", "RegionId", "Name") values (14133, 1184, 'Manchester');
insert into "Cities"("Id", "RegionId", "Name") values (14134, 1184, 'Marlborough');
insert into "Cities"("Id", "RegionId", "Name") values (14135, 1184, 'Marstons Mills');
insert into "Cities"("Id", "RegionId", "Name") values (14136, 1184, 'Methuen');
insert into "Cities"("Id", "RegionId", "Name") values (14137, 1184, 'Nantucket');
insert into "Cities"("Id", "RegionId", "Name") values (14138, 1184, 'Newton');
insert into "Cities"("Id", "RegionId", "Name") values (14139, 1184, 'Newtonville');
insert into "Cities"("Id", "RegionId", "Name") values (14140, 1184, 'Northampton');
insert into "Cities"("Id", "RegionId", "Name") values (14141, 1184, 'Palmer');
insert into "Cities"("Id", "RegionId", "Name") values (14142, 1184, 'Pittsfield');
insert into "Cities"("Id", "RegionId", "Name") values (14143, 1184, 'Rutland');
insert into "Cities"("Id", "RegionId", "Name") values (14144, 1184, 'Salem');
insert into "Cities"("Id", "RegionId", "Name") values (14145, 1184, 'Shirley');
insert into "Cities"("Id", "RegionId", "Name") values (14146, 1184, 'South Hadley');
insert into "Cities"("Id", "RegionId", "Name") values (14147, 1184, 'South Yarmouth');
insert into "Cities"("Id", "RegionId", "Name") values (14148, 1184, 'Springfield');
insert into "Cities"("Id", "RegionId", "Name") values (14149, 1184, 'West Roxbury');
insert into "Cities"("Id", "RegionId", "Name") values (14150, 1184, 'West Springfield');
insert into "Cities"("Id", "RegionId", "Name") values (14151, 1184, 'West Yarmouth');
insert into "Cities"("Id", "RegionId", "Name") values (14152, 1184, 'Westfield');
insert into "Cities"("Id", "RegionId", "Name") values (14153, 1184, 'Worcester');
insert into "Cities"("Id", "RegionId", "Name") values (14154, 1245, 'Presov');
insert into "Cities"("Id", "RegionId", "Name") values (14155, 1253, 'Вади-Хальфа');
insert into "Cities"("Id", "RegionId", "Name") values (14156, 1253, 'Вау');
insert into "Cities"("Id", "RegionId", "Name") values (14157, 1253, 'Джуба');
insert into "Cities"("Id", "RegionId", "Name") values (14158, 1253, 'Малакаль');
insert into "Cities"("Id", "RegionId", "Name") values (14159, 1253, 'Омдурман');
insert into "Cities"("Id", "RegionId", "Name") values (14160, 1253, 'Порт-Судан');
insert into "Cities"("Id", "RegionId", "Name") values (14161, 1253, 'Хартум');
insert into "Cities"("Id", "RegionId", "Name") values (14162, 1253, 'Эль-Обейд');
insert into "Regions"("Id", "CountryId", "Name") values (1254, 175, 'Paramaribo');
insert into "Cities"("Id", "RegionId", "Name") values (14163, 715, 'Annone Veneto');
insert into "Cities"("Id", "RegionId", "Name") values (14164, 715, 'Cavarzere');
insert into "Cities"("Id", "RegionId", "Name") values (14165, 715, 'Chioggia');
insert into "Cities"("Id", "RegionId", "Name") values (14166, 715, 'Dolo');
insert into "Cities"("Id", "RegionId", "Name") values (14167, 715, 'Eraclea');
insert into "Cities"("Id", "RegionId", "Name") values (14168, 715, 'Iesolo');
insert into "Cities"("Id", "RegionId", "Name") values (14169, 715, 'Marcon');
insert into "Cities"("Id", "RegionId", "Name") values (14170, 715, 'Mira');
insert into "Cities"("Id", "RegionId", "Name") values (14171, 715, 'Mirano');
insert into "Cities"("Id", "RegionId", "Name") values (14172, 715, 'Pianiga');
insert into "Cities"("Id", "RegionId", "Name") values (14173, 715, 'Portogruaro');
insert into "Cities"("Id", "RegionId", "Name") values (14174, 715, 'San Don di Piave');
insert into "Cities"("Id", "RegionId", "Name") values (14175, 715, 'Scorz');
insert into "Cities"("Id", "RegionId", "Name") values (14176, 715, 'Spinea');
insert into "Cities"("Id", "RegionId", "Name") values (14177, 715, 'Stra');
insert into "Cities"("Id", "RegionId", "Name") values (14178, 715, 'Venezia');
insert into "Cities"("Id", "RegionId", "Name") values (14179, 1065, 'Bartenstein');
insert into "Cities"("Id", "RegionId", "Name") values (14180, 1065, 'Bartoszyce');
insert into "Cities"("Id", "RegionId", "Name") values (14181, 1065, 'Dobre Miasto');
insert into "Cities"("Id", "RegionId", "Name") values (14182, 1065, 'Ketrzyn');
insert into "Cities"("Id", "RegionId", "Name") values (14183, 1065, 'Stary Olsztyn');
insert into "Cities"("Id", "RegionId", "Name") values (14184, 1144, 'Harlau');
insert into "Cities"("Id", "RegionId", "Name") values (14185, 1144, 'Iasi');
insert into "Cities"("Id", "RegionId", "Name") values (14186, 1144, 'Pascani');
insert into "Cities"("Id", "RegionId", "Name") values (14187, 1144, 'Targu Frumos');
insert into "Cities"("Id", "RegionId", "Name") values (14188, 1185, 'Afton');
insert into "Cities"("Id", "RegionId", "Name") values (14189, 1185, 'Akron');
insert into "Cities"("Id", "RegionId", "Name") values (14190, 1185, 'Algonac');
insert into "Cities"("Id", "RegionId", "Name") values (14191, 1185, 'Alpena');
insert into "Cities"("Id", "RegionId", "Name") values (14192, 1185, 'Ann Arbor');
insert into "Cities"("Id", "RegionId", "Name") values (14193, 1185, 'Applegate');
insert into "Cities"("Id", "RegionId", "Name") values (14194, 1185, 'Atlanta');
insert into "Cities"("Id", "RegionId", "Name") values (14195, 1185, 'Auburn Hills');
insert into "Cities"("Id", "RegionId", "Name") values (14196, 1185, 'Berkley');
insert into "Cities"("Id", "RegionId", "Name") values (14197, 1185, 'Birmingham');
insert into "Cities"("Id", "RegionId", "Name") values (14198, 1185, 'Bloomfield Hills');
insert into "Cities"("Id", "RegionId", "Name") values (14199, 1185, 'Canton');
insert into "Cities"("Id", "RegionId", "Name") values (14200, 1185, 'Cedar Springs');
insert into "Cities"("Id", "RegionId", "Name") values (14201, 1185, 'Center Line');
insert into "Cities"("Id", "RegionId", "Name") values (14202, 1185, 'Clarkston');
insert into "Cities"("Id", "RegionId", "Name") values (14203, 1185, 'Coldwater');
insert into "Cities"("Id", "RegionId", "Name") values (14204, 1185, 'Commerce Township');
insert into "Cities"("Id", "RegionId", "Name") values (14205, 1185, 'Dearborn');
insert into "Cities"("Id", "RegionId", "Name") values (14206, 1185, 'Dearborn Heights');
insert into "Cities"("Id", "RegionId", "Name") values (14207, 1185, 'Deerton');
insert into "Cities"("Id", "RegionId", "Name") values (14208, 1185, 'Detroit');
insert into "Cities"("Id", "RegionId", "Name") values (14209, 1185, 'East Lansing');
insert into "Cities"("Id", "RegionId", "Name") values (14210, 1185, 'Farmington');
insert into "Cities"("Id", "RegionId", "Name") values (14211, 1185, 'Flint');
insert into "Cities"("Id", "RegionId", "Name") values (14212, 1185, 'Flushing');
insert into "Cities"("Id", "RegionId", "Name") values (14213, 1185, 'Grand RaIds');
insert into "Cities"("Id", "RegionId", "Name") values (14214, 1185, 'Greenville');
insert into "Cities"("Id", "RegionId", "Name") values (14215, 1185, 'Grosse Pointe');
insert into "Cities"("Id", "RegionId", "Name") values (14216, 1185, 'Hamtramck');
insert into "Cities"("Id", "RegionId", "Name") values (14217, 1185, 'Kalamazoo');
insert into "Cities"("Id", "RegionId", "Name") values (14218, 1185, 'Lake Odessa');
insert into "Cities"("Id", "RegionId", "Name") values (14219, 1185, 'Lake Orion');
insert into "Cities"("Id", "RegionId", "Name") values (14220, 1185, 'Lansing');
insert into "Cities"("Id", "RegionId", "Name") values (14221, 1185, 'Madison Heights');
insert into "Cities"("Id", "RegionId", "Name") values (14222, 1185, 'Novi');
insert into "Cities"("Id", "RegionId", "Name") values (14223, 1185, 'Oak Park');
insert into "Cities"("Id", "RegionId", "Name") values (14224, 1185, 'Oakland');
insert into "Cities"("Id", "RegionId", "Name") values (14225, 1185, 'Okemos');
insert into "Cities"("Id", "RegionId", "Name") values (14226, 1185, 'Pontiac');
insert into "Cities"("Id", "RegionId", "Name") values (14227, 1185, 'Riga');
insert into "Cities"("Id", "RegionId", "Name") values (14228, 1185, 'Rochester');
insert into "Cities"("Id", "RegionId", "Name") values (14229, 1185, 'Royal Oak');
insert into "Cities"("Id", "RegionId", "Name") values (14230, 1185, 'Saint Clair');
insert into "Cities"("Id", "RegionId", "Name") values (14231, 1185, 'Southfield');
insert into "Cities"("Id", "RegionId", "Name") values (14232, 1185, 'Sterling');
insert into "Cities"("Id", "RegionId", "Name") values (14233, 1185, 'Sterling Heights');
insert into "Cities"("Id", "RegionId", "Name") values (14234, 1185, 'Swartz Creek');
insert into "Cities"("Id", "RegionId", "Name") values (14235, 1185, 'Traverse City');
insert into "Cities"("Id", "RegionId", "Name") values (14236, 1185, 'Troy');
insert into "Cities"("Id", "RegionId", "Name") values (14237, 1185, 'Utica');
insert into "Cities"("Id", "RegionId", "Name") values (14238, 1185, 'Walled Lake');
insert into "Cities"("Id", "RegionId", "Name") values (14239, 1185, 'Warren');
insert into "Cities"("Id", "RegionId", "Name") values (14240, 1185, 'Waterford');
insert into "Cities"("Id", "RegionId", "Name") values (14241, 1185, 'West Bloomfield');
insert into "Cities"("Id", "RegionId", "Name") values (14242, 1185, 'Wixom');
insert into "Cities"("Id", "RegionId", "Name") values (14243, 1185, 'Ypsilanti');
insert into "Cities"("Id", "RegionId", "Name") values (14244, 1246, 'Trencin');
insert into "Cities"("Id", "RegionId", "Name") values (14245, 1254, 'Парамарибо');
insert into "Regions"("Id", "CountryId", "Name") values (1255, 176, 'Фритаун');
insert into "Cities"("Id", "RegionId", "Name") values (14246, 716, 'Affi');
insert into "Cities"("Id", "RegionId", "Name") values (14247, 716, 'Albaredo d''''Adige');
insert into "Cities"("Id", "RegionId", "Name") values (14248, 716, 'Bardolino');
insert into "Cities"("Id", "RegionId", "Name") values (14249, 716, 'Bovolone');
insert into "Cities"("Id", "RegionId", "Name") values (14250, 716, 'Casaleone');
insert into "Cities"("Id", "RegionId", "Name") values (14251, 716, 'Cologna Veneta');
insert into "Cities"("Id", "RegionId", "Name") values (14252, 716, 'Garda');
insert into "Cities"("Id", "RegionId", "Name") values (14253, 716, 'Isola della Scala');
insert into "Cities"("Id", "RegionId", "Name") values (14254, 716, 'Lazise');
insert into "Cities"("Id", "RegionId", "Name") values (14255, 716, 'Legnago');
insert into "Cities"("Id", "RegionId", "Name") values (14256, 716, 'Nogarole Rocca');
insert into "Cities"("Id", "RegionId", "Name") values (14257, 716, 'Peschiera del Garda');
insert into "Cities"("Id", "RegionId", "Name") values (14258, 716, 'San Bonifacio');
insert into "Cities"("Id", "RegionId", "Name") values (14259, 716, 'San Giovanni Ilarione');
insert into "Cities"("Id", "RegionId", "Name") values (14260, 716, 'Sanguinetto');
insert into "Cities"("Id", "RegionId", "Name") values (14261, 716, 'Sant''''Ambrogio di Valpolicella');
insert into "Cities"("Id", "RegionId", "Name") values (14262, 716, 'Verona');
insert into "Cities"("Id", "RegionId", "Name") values (14263, 716, 'Veronella');
insert into "Cities"("Id", "RegionId", "Name") values (14264, 716, 'Villafranca di Verona');
insert into "Cities"("Id", "RegionId", "Name") values (14265, 1066, 'Brieg');
insert into "Cities"("Id", "RegionId", "Name") values (14266, 1066, 'G‚ogowek');
insert into "Cities"("Id", "RegionId", "Name") values (14267, 1066, 'Grabczak');
insert into "Cities"("Id", "RegionId", "Name") values (14268, 1066, 'Kedzierzyn-Kozle');
insert into "Cities"("Id", "RegionId", "Name") values (14269, 1066, 'Kluczbork');
insert into "Cities"("Id", "RegionId", "Name") values (14270, 1066, 'Krapkowice');
insert into "Cities"("Id", "RegionId", "Name") values (14271, 1066, 'Lewice');
insert into "Cities"("Id", "RegionId", "Name") values (14272, 1066, 'Nysa');
insert into "Cities"("Id", "RegionId", "Name") values (14273, 1066, 'Opole-Szczepanowice');
insert into "Cities"("Id", "RegionId", "Name") values (14274, 1066, 'Polkowice');
insert into "Cities"("Id", "RegionId", "Name") values (14275, 1145, 'Buftea');
insert into "Cities"("Id", "RegionId", "Name") values (14276, 1145, 'Otopeni');
insert into "Cities"("Id", "RegionId", "Name") values (14277, 1186, 'Acton');
insert into "Cities"("Id", "RegionId", "Name") values (14278, 1186, 'Albert Lea');
insert into "Cities"("Id", "RegionId", "Name") values (14279, 1186, 'Alexandria');
insert into "Cities"("Id", "RegionId", "Name") values (14280, 1186, 'Andover');
insert into "Cities"("Id", "RegionId", "Name") values (14281, 1186, 'Anoka');
insert into "Cities"("Id", "RegionId", "Name") values (14282, 1186, 'Austin');
insert into "Cities"("Id", "RegionId", "Name") values (14283, 1186, 'Bagley');
insert into "Cities"("Id", "RegionId", "Name") values (14284, 1186, 'Belle Plaine');
insert into "Cities"("Id", "RegionId", "Name") values (14285, 1186, 'Blooming Prairie');
insert into "Cities"("Id", "RegionId", "Name") values (14286, 1186, 'Burnsville');
insert into "Cities"("Id", "RegionId", "Name") values (14287, 1186, 'Champlin');
insert into "Cities"("Id", "RegionId", "Name") values (14288, 1186, 'Chisago City');
insert into "Cities"("Id", "RegionId", "Name") values (14289, 1186, 'Cotton');
insert into "Cities"("Id", "RegionId", "Name") values (14290, 1186, 'Dayton');
insert into "Cities"("Id", "RegionId", "Name") values (14291, 1186, 'Detroit Lakes');
insert into "Cities"("Id", "RegionId", "Name") values (14292, 1186, 'Dover');
insert into "Cities"("Id", "RegionId", "Name") values (14293, 1186, 'Duluth');
insert into "Cities"("Id", "RegionId", "Name") values (14294, 1186, 'Eden Prairie');
insert into "Cities"("Id", "RegionId", "Name") values (14295, 1186, 'Elk River');
insert into "Cities"("Id", "RegionId", "Name") values (14296, 1186, 'Farmington');
insert into "Cities"("Id", "RegionId", "Name") values (14297, 1186, 'Grand RaIds');
insert into "Cities"("Id", "RegionId", "Name") values (14298, 1186, 'Hopkins');
insert into "Cities"("Id", "RegionId", "Name") values (14299, 1186, 'Isanti');
insert into "Cities"("Id", "RegionId", "Name") values (14300, 1186, 'Lake Elmo');
insert into "Cities"("Id", "RegionId", "Name") values (14301, 1186, 'Lakeville');
insert into "Cities"("Id", "RegionId", "Name") values (14302, 1186, 'Mankato');
insert into "Cities"("Id", "RegionId", "Name") values (14303, 1186, 'Minneapolis');
insert into "Cities"("Id", "RegionId", "Name") values (14304, 1186, 'Minnesota City');
insert into "Cities"("Id", "RegionId", "Name") values (14305, 1186, 'Minnetonka');
insert into "Cities"("Id", "RegionId", "Name") values (14306, 1186, 'Moorhead');
insert into "Cities"("Id", "RegionId", "Name") values (14307, 1186, 'Morris');
insert into "Cities"("Id", "RegionId", "Name") values (14308, 1186, 'Mound');
insert into "Cities"("Id", "RegionId", "Name") values (14309, 1186, 'North Branch');
insert into "Cities"("Id", "RegionId", "Name") values (14310, 1186, 'Prior Lake');
insert into "Cities"("Id", "RegionId", "Name") values (14311, 1186, 'Rochester');
insert into "Cities"("Id", "RegionId", "Name") values (14312, 1186, 'Rosemount');
insert into "Cities"("Id", "RegionId", "Name") values (14313, 1186, 'Rothsay');
insert into "Cities"("Id", "RegionId", "Name") values (14314, 1186, 'Saint Cloud');
insert into "Cities"("Id", "RegionId", "Name") values (14315, 1186, 'Saint Paul');
insert into "Cities"("Id", "RegionId", "Name") values (14316, 1186, 'Shakopee');
insert into "Cities"("Id", "RegionId", "Name") values (14317, 1186, 'Wayzata');
insert into "Cities"("Id", "RegionId", "Name") values (14318, 1247, 'Trnava');
insert into "Cities"("Id", "RegionId", "Name") values (14319, 1255, 'Фритаун');
insert into "Regions"("Id", "CountryId", "Name") values (1256, 177, 'Горно-Бадахшанская обл.');
insert into "Regions"("Id", "CountryId", "Name") values (1257, 177, 'Кулябская обл.');
insert into "Regions"("Id", "CountryId", "Name") values (1258, 177, 'Курган-Тюбинская обл.');
insert into "Regions"("Id", "CountryId", "Name") values (1259, 177, 'Согдийская обл.');
insert into "Regions"("Id", "CountryId", "Name") values (1260, 177, 'Таджикистан');
insert into "Cities"("Id", "RegionId", "Name") values (14320, 717, 'Altissimo');
insert into "Cities"("Id", "RegionId", "Name") values (14321, 717, 'Arzignano');
insert into "Cities"("Id", "RegionId", "Name") values (14322, 717, 'Asiago');
insert into "Cities"("Id", "RegionId", "Name") values (14323, 717, 'Bassano del Grappa');
insert into "Cities"("Id", "RegionId", "Name") values (14324, 717, 'Breganze');
insert into "Cities"("Id", "RegionId", "Name") values (14325, 717, 'Brendola');
insert into "Cities"("Id", "RegionId", "Name") values (14326, 717, 'Montecchio Maggiore');
insert into "Cities"("Id", "RegionId", "Name") values (14327, 717, 'Pianezze');
insert into "Cities"("Id", "RegionId", "Name") values (14328, 717, 'Schio');
insert into "Cities"("Id", "RegionId", "Name") values (14329, 717, 'Tezze sul Brenta');
insert into "Cities"("Id", "RegionId", "Name") values (14330, 717, 'Thiene');
insert into "Cities"("Id", "RegionId", "Name") values (14331, 717, 'Valdagno');
insert into "Cities"("Id", "RegionId", "Name") values (14332, 717, 'Vicenza');
insert into "Cities"("Id", "RegionId", "Name") values (14333, 1067, 'Ma‚kinia Gorna');
insert into "Cities"("Id", "RegionId", "Name") values (14334, 1067, 'Przasnysz');
insert into "Cities"("Id", "RegionId", "Name") values (14335, 1146, 'Baia Mare');
insert into "Cities"("Id", "RegionId", "Name") values (14336, 1146, 'Baia Sprie');
insert into "Cities"("Id", "RegionId", "Name") values (14337, 1146, 'Borsa');
insert into "Cities"("Id", "RegionId", "Name") values (14338, 1146, 'Cavnic');
insert into "Cities"("Id", "RegionId", "Name") values (14339, 1146, 'Seini');
insert into "Cities"("Id", "RegionId", "Name") values (14340, 1146, 'Sighetu Marmatiei');
insert into "Cities"("Id", "RegionId", "Name") values (14341, 1146, 'Targu Lapus');
insert into "Cities"("Id", "RegionId", "Name") values (14342, 1146, 'Viseu de Sus');
insert into "Cities"("Id", "RegionId", "Name") values (14343, 1187, 'Bay Springs');
insert into "Cities"("Id", "RegionId", "Name") values (14344, 1187, 'Biloxi');
insert into "Cities"("Id", "RegionId", "Name") values (14345, 1187, 'Cleveland');
insert into "Cities"("Id", "RegionId", "Name") values (14346, 1187, 'Gulfport');
insert into "Cities"("Id", "RegionId", "Name") values (14347, 1187, 'Itta Bena');
insert into "Cities"("Id", "RegionId", "Name") values (14348, 1187, 'Jackson');
insert into "Cities"("Id", "RegionId", "Name") values (14349, 1187, 'Lucedale');
insert into "Cities"("Id", "RegionId", "Name") values (14350, 1187, 'Natchez');
insert into "Cities"("Id", "RegionId", "Name") values (14351, 1187, 'Ocean Springs');
insert into "Cities"("Id", "RegionId", "Name") values (14352, 1187, 'Oxford');
insert into "Cities"("Id", "RegionId", "Name") values (14353, 1187, 'Pascagoula');
insert into "Cities"("Id", "RegionId", "Name") values (14354, 1187, 'Southaven');
insert into "Cities"("Id", "RegionId", "Name") values (14355, 1256, 'Ванч');
insert into "Cities"("Id", "RegionId", "Name") values (14356, 1256, 'Вранг');
insert into "Cities"("Id", "RegionId", "Name") values (14357, 1256, 'Ишкашим');
insert into "Cities"("Id", "RegionId", "Name") values (14358, 1256, 'Кудара');
insert into "Cities"("Id", "RegionId", "Name") values (14359, 1256, 'Мургаб');
insert into "Cities"("Id", "RegionId", "Name") values (14360, 1256, 'Рушан');
insert into "Cities"("Id", "RegionId", "Name") values (14361, 1256, 'Токтомуш');
insert into "Cities"("Id", "RegionId", "Name") values (14362, 1256, 'Хорог');
insert into "Regions"("Id", "CountryId", "Name") values (1261, 178, 'Тайвань');
insert into "Cities"("Id", "RegionId", "Name") values (14363, 1068, 'Trzcianka');
insert into "Cities"("Id", "RegionId", "Name") values (14364, 1147, 'Baia de Arama');
insert into "Cities"("Id", "RegionId", "Name") values (14365, 1147, 'Drobeta-Turnu-Severin');
insert into "Cities"("Id", "RegionId", "Name") values (14366, 1147, 'Orsova');
insert into "Cities"("Id", "RegionId", "Name") values (14367, 1147, 'Strehaia');
insert into "Cities"("Id", "RegionId", "Name") values (14368, 1147, 'Vanju Mare');
insert into "Cities"("Id", "RegionId", "Name") values (14369, 1188, 'Arnold');
insert into "Cities"("Id", "RegionId", "Name") values (14370, 1188, 'Belton');
insert into "Cities"("Id", "RegionId", "Name") values (14371, 1188, 'Branson');
insert into "Cities"("Id", "RegionId", "Name") values (14372, 1188, 'California');
insert into "Cities"("Id", "RegionId", "Name") values (14373, 1188, 'Columbia');
insert into "Cities"("Id", "RegionId", "Name") values (14374, 1188, 'Fulton');
insert into "Cities"("Id", "RegionId", "Name") values (14375, 1188, 'High Idge');
insert into "Cities"("Id", "RegionId", "Name") values (14376, 1188, 'Jefferson City');
insert into "Cities"("Id", "RegionId", "Name") values (14377, 1188, 'Kansas City');
insert into "Cities"("Id", "RegionId", "Name") values (14378, 1188, 'Lake Saint Louis');
insert into "Cities"("Id", "RegionId", "Name") values (14379, 1188, 'Lees Summit');
insert into "Cities"("Id", "RegionId", "Name") values (14380, 1188, 'Moberly');
insert into "Cities"("Id", "RegionId", "Name") values (14381, 1188, 'New Haven');
insert into "Cities"("Id", "RegionId", "Name") values (14382, 1188, 'Pomona');
insert into "Cities"("Id", "RegionId", "Name") values (14383, 1188, 'Raymore');
insert into "Cities"("Id", "RegionId", "Name") values (14384, 1188, 'Saint Charles');
insert into "Cities"("Id", "RegionId", "Name") values (14385, 1188, 'Saint Louis');
insert into "Cities"("Id", "RegionId", "Name") values (14386, 1188, 'Sedalia');
insert into "Cities"("Id", "RegionId", "Name") values (14387, 1188, 'Springfield');
insert into "Cities"("Id", "RegionId", "Name") values (14388, 1188, 'St. Robert');
insert into "Cities"("Id", "RegionId", "Name") values (14389, 1188, 'Sweet Springs');
insert into "Cities"("Id", "RegionId", "Name") values (14390, 1188, 'West Plains');
insert into "Cities"("Id", "RegionId", "Name") values (14391, 1257, 'Дангара');
insert into "Cities"("Id", "RegionId", "Name") values (14392, 1257, 'Куляб');
insert into "Cities"("Id", "RegionId", "Name") values (14393, 1257, 'Лениградский');
insert into "Cities"("Id", "RegionId", "Name") values (14394, 1257, 'Пархар');
insert into "Cities"("Id", "RegionId", "Name") values (14395, 1257, 'Советский');
insert into "Cities"("Id", "RegionId", "Name") values (14396, 1257, 'Ховалинг');
insert into "Cities"("Id", "RegionId", "Name") values (14397, 1261, 'Тайбэй');
insert into "Regions"("Id", "CountryId", "Name") values (1262, 179, 'Сураттани');
insert into "Regions"("Id", "CountryId", "Name") values (1263, 179, 'Тайланд');
insert into "Regions"("Id", "CountryId", "Name") values (1264, 179, 'Чон Бури');
insert into "Cities"("Id", "RegionId", "Name") values (14398, 1069, 'Piotrkw Trybunalski');
insert into "Cities"("Id", "RegionId", "Name") values (14399, 1069, 'Sulejw');
insert into "Cities"("Id", "RegionId", "Name") values (14400, 1069, 'Tomaszw Mazowiecki');
insert into "Cities"("Id", "RegionId", "Name") values (14401, 1148, 'Iernut');
insert into "Cities"("Id", "RegionId", "Name") values (14402, 1148, 'Ludus');
insert into "Cities"("Id", "RegionId", "Name") values (14403, 1148, 'Reghin');
insert into "Cities"("Id", "RegionId", "Name") values (14404, 1148, 'Sighisoara');
insert into "Cities"("Id", "RegionId", "Name") values (14405, 1148, 'Sovata');
insert into "Cities"("Id", "RegionId", "Name") values (14406, 1148, 'Targu Mures');
insert into "Cities"("Id", "RegionId", "Name") values (14407, 1148, 'Tarnaveni');
insert into "Cities"("Id", "RegionId", "Name") values (14408, 1189, 'Anaconda');
insert into "Cities"("Id", "RegionId", "Name") values (14409, 1189, 'Angela');
insert into "Cities"("Id", "RegionId", "Name") values (14410, 1189, 'Baker');
insert into "Cities"("Id", "RegionId", "Name") values (14411, 1189, 'Belt');
insert into "Cities"("Id", "RegionId", "Name") values (14412, 1189, 'Bigfork');
insert into "Cities"("Id", "RegionId", "Name") values (14413, 1189, 'Billings');
insert into "Cities"("Id", "RegionId", "Name") values (14414, 1189, 'Bozeman');
insert into "Cities"("Id", "RegionId", "Name") values (14415, 1189, 'Broadview');
insert into "Cities"("Id", "RegionId", "Name") values (14416, 1189, 'Florence');
insert into "Cities"("Id", "RegionId", "Name") values (14417, 1189, 'Frenchtown');
insert into "Cities"("Id", "RegionId", "Name") values (14418, 1189, 'Great Falls');
insert into "Cities"("Id", "RegionId", "Name") values (14419, 1189, 'Helena');
insert into "Cities"("Id", "RegionId", "Name") values (14420, 1189, 'Kalispell');
insert into "Cities"("Id", "RegionId", "Name") values (14421, 1189, 'Libby');
insert into "Cities"("Id", "RegionId", "Name") values (14422, 1189, 'Lincoln');
insert into "Cities"("Id", "RegionId", "Name") values (14423, 1189, 'Missoula');
insert into "Cities"("Id", "RegionId", "Name") values (14424, 1189, 'Polson');
insert into "Cities"("Id", "RegionId", "Name") values (14425, 1189, 'Silver Star');
insert into "Cities"("Id", "RegionId", "Name") values (14426, 1189, 'Sumatra');
insert into "Cities"("Id", "RegionId", "Name") values (14427, 1258, 'Калининабад');
insert into "Cities"("Id", "RegionId", "Name") values (14428, 1258, 'Колхозабад');
insert into "Cities"("Id", "RegionId", "Name") values (14429, 1258, 'Куйбышевский');
insert into "Cities"("Id", "RegionId", "Name") values (14430, 1258, 'Курган-Тюбе');
insert into "Cities"("Id", "RegionId", "Name") values (14431, 1258, 'Нижний Пяндж');
insert into "Cities"("Id", "RegionId", "Name") values (14432, 1258, 'Пяндж');
insert into "Cities"("Id", "RegionId", "Name") values (14433, 1258, 'Шаартуз');
insert into "Cities"("Id", "RegionId", "Name") values (14434, 1258, 'Яван');
insert into "Cities"("Id", "RegionId", "Name") values (14435, 1262, 'Самуи');
insert into "Regions"("Id", "CountryId", "Name") values (1265, 180, 'Танзания');
insert into "Cities"("Id", "RegionId", "Name") values (14436, 1070, 'P‚ock');
insert into "Cities"("Id", "RegionId", "Name") values (14437, 1070, 'Plotsk');
insert into "Cities"("Id", "RegionId", "Name") values (14438, 1149, 'Bicaz');
insert into "Cities"("Id", "RegionId", "Name") values (14439, 1149, 'Piatra Neamt');
insert into "Cities"("Id", "RegionId", "Name") values (14440, 1149, 'Roman');
insert into "Cities"("Id", "RegionId", "Name") values (14441, 1149, 'Targu Neam');
insert into "Cities"("Id", "RegionId", "Name") values (14442, 1190, 'Ansley');
insert into "Cities"("Id", "RegionId", "Name") values (14443, 1190, 'Lincoln');
insert into "Cities"("Id", "RegionId", "Name") values (14444, 1190, 'Omaha');
insert into "Cities"("Id", "RegionId", "Name") values (14445, 1190, 'Saint Edward');
insert into "Cities"("Id", "RegionId", "Name") values (14446, 1259, 'Адрасман');
insert into "Cities"("Id", "RegionId", "Name") values (14447, 1259, 'Айни');
insert into "Cities"("Id", "RegionId", "Name") values (14448, 1259, 'Ашт');
insert into "Cities"("Id", "RegionId", "Name") values (14449, 1259, 'Бустон');
insert into "Cities"("Id", "RegionId", "Name") values (14450, 1259, 'Ганчи');
insert into "Cities"("Id", "RegionId", "Name") values (14451, 1259, 'Гафуров');
insert into "Cities"("Id", "RegionId", "Name") values (14452, 1259, 'Зафарабад');
insert into "Cities"("Id", "RegionId", "Name") values (14453, 1259, 'Зеравшан');
insert into "Cities"("Id", "RegionId", "Name") values (14454, 1259, 'Истаравшан (Ура-Тюбе)');
insert into "Cities"("Id", "RegionId", "Name") values (14455, 1259, 'Исфара');
insert into "Cities"("Id", "RegionId", "Name") values (14456, 1259, 'Кайракуум');
insert into "Cities"("Id", "RegionId", "Name") values (14457, 1259, 'Канибадам');
insert into "Cities"("Id", "RegionId", "Name") values (14458, 1259, 'Кансай');
insert into "Cities"("Id", "RegionId", "Name") values (14459, 1259, 'Нау');
insert into "Cities"("Id", "RegionId", "Name") values (14460, 1259, 'Пенджикент');
insert into "Cities"("Id", "RegionId", "Name") values (14461, 1259, 'Пролетарск');
insert into "Cities"("Id", "RegionId", "Name") values (14462, 1259, 'Табошар');
insert into "Cities"("Id", "RegionId", "Name") values (14463, 1259, 'Худжанд');
insert into "Cities"("Id", "RegionId", "Name") values (14464, 1259, 'Чкаловск');
insert into "Cities"("Id", "RegionId", "Name") values (14465, 1259, 'Шураб');
insert into "Cities"("Id", "RegionId", "Name") values (14466, 1263, 'Бангкок');
insert into "Cities"("Id", "RegionId", "Name") values (14467, 1265, 'Дар-эс-Салам');
insert into "Cities"("Id", "RegionId", "Name") values (14468, 1265, 'Додома');
insert into "Cities"("Id", "RegionId", "Name") values (14469, 1265, 'Занзибар');
insert into "Cities"("Id", "RegionId", "Name") values (14470, 1265, 'Мванза');
insert into "Regions"("Id", "CountryId", "Name") values (1266, 181, 'Того');
insert into "Cities"("Id", "RegionId", "Name") values (14471, 1071, 'Reichshof');
insert into "Cities"("Id", "RegionId", "Name") values (14472, 1071, 'Rzeszw');
insert into "Cities"("Id", "RegionId", "Name") values (14473, 1071, 'Zheshev');
insert into "Cities"("Id", "RegionId", "Name") values (14474, 1071, 'Zheshuv');
insert into "Cities"("Id", "RegionId", "Name") values (14475, 1150, 'Bals');
insert into "Cities"("Id", "RegionId", "Name") values (14476, 1150, 'Corabia');
insert into "Cities"("Id", "RegionId", "Name") values (14477, 1150, 'Draganesti-Olt');
insert into "Cities"("Id", "RegionId", "Name") values (14478, 1150, 'Piatra Olt');
insert into "Cities"("Id", "RegionId", "Name") values (14479, 1150, 'Scornicesti');
insert into "Cities"("Id", "RegionId", "Name") values (14480, 1150, 'Slatina');
insert into "Cities"("Id", "RegionId", "Name") values (14481, 1191, 'Alamo');
insert into "Cities"("Id", "RegionId", "Name") values (14482, 1191, 'Gardnerville Ranchos');
insert into "Cities"("Id", "RegionId", "Name") values (14483, 1191, 'Henderson');
insert into "Cities"("Id", "RegionId", "Name") values (14484, 1191, 'Las Vegas');
insert into "Cities"("Id", "RegionId", "Name") values (14485, 1191, 'Manhattan');
insert into "Cities"("Id", "RegionId", "Name") values (14486, 1191, 'Nixon');
insert into "Cities"("Id", "RegionId", "Name") values (14487, 1191, 'Reno');
insert into "Cities"("Id", "RegionId", "Name") values (14488, 1191, 'Sun Valley');
insert into "Cities"("Id", "RegionId", "Name") values (14489, 1191, 'West Wendover');
insert into "Cities"("Id", "RegionId", "Name") values (14490, 1260, 'Варзоб');
insert into "Cities"("Id", "RegionId", "Name") values (14491, 1260, 'Вахш');
insert into "Cities"("Id", "RegionId", "Name") values (14492, 1260, 'Гарм');
insert into "Cities"("Id", "RegionId", "Name") values (14493, 1260, 'Гиссар');
insert into "Cities"("Id", "RegionId", "Name") values (14494, 1260, 'Джиргаталь');
insert into "Cities"("Id", "RegionId", "Name") values (14495, 1260, 'Дусти');
insert into "Cities"("Id", "RegionId", "Name") values (14496, 1260, 'Душанбе');
insert into "Cities"("Id", "RegionId", "Name") values (14497, 1260, 'Кофарнихон');
insert into "Cities"("Id", "RegionId", "Name") values (14498, 1260, 'Куйбышевск');
insert into "Cities"("Id", "RegionId", "Name") values (14499, 1260, 'Ленинский');
insert into "Cities"("Id", "RegionId", "Name") values (14500, 1260, 'Московский');
insert into "Cities"("Id", "RegionId", "Name") values (14501, 1260, 'Насруд');
insert into "Cities"("Id", "RegionId", "Name") values (14502, 1260, 'Нурек');
insert into "Cities"("Id", "RegionId", "Name") values (14503, 1260, 'Орджоникидзеабад');
insert into "Cities"("Id", "RegionId", "Name") values (14504, 1260, 'Турсунзаде');
insert into "Cities"("Id", "RegionId", "Name") values (14505, 1260, 'Файзабад');
insert into "Cities"("Id", "RegionId", "Name") values (14506, 1264, 'Паттая');
insert into "Cities"("Id", "RegionId", "Name") values (14507, 1266, 'Ломе');
insert into "Regions"("Id", "CountryId", "Name") values (1267, 182, 'Факаофо');
insert into "Cities"("Id", "RegionId", "Name") values (14508, 1072, 'Danzig');
insert into "Cities"("Id", "RegionId", "Name") values (14509, 1072, 'Gdansk');
insert into "Cities"("Id", "RegionId", "Name") values (14510, 1151, 'Azuga');
insert into "Cities"("Id", "RegionId", "Name") values (14511, 1151, 'Baicoi');
insert into "Cities"("Id", "RegionId", "Name") values (14512, 1151, 'Boldesti-Scaeni');
insert into "Cities"("Id", "RegionId", "Name") values (14513, 1151, 'Breaza');
insert into "Cities"("Id", "RegionId", "Name") values (14514, 1151, 'Busteni');
insert into "Cities"("Id", "RegionId", "Name") values (14515, 1151, 'Campina');
insert into "Cities"("Id", "RegionId", "Name") values (14516, 1151, 'Comarnic');
insert into "Cities"("Id", "RegionId", "Name") values (14517, 1151, 'Mizil');
insert into "Cities"("Id", "RegionId", "Name") values (14518, 1151, 'Ploiesti');
insert into "Cities"("Id", "RegionId", "Name") values (14519, 1151, 'Plopeni');
insert into "Cities"("Id", "RegionId", "Name") values (14520, 1151, 'Sinaia');
insert into "Cities"("Id", "RegionId", "Name") values (14521, 1151, 'Slanic');
insert into "Cities"("Id", "RegionId", "Name") values (14522, 1151, 'Urlai');
insert into "Cities"("Id", "RegionId", "Name") values (14523, 1151, 'Valenii de Munte');
insert into "Cities"("Id", "RegionId", "Name") values (14524, 1192, 'Amherst');
insert into "Cities"("Id", "RegionId", "Name") values (14525, 1192, 'Concord');
insert into "Cities"("Id", "RegionId", "Name") values (14526, 1192, 'Contoocook');
insert into "Cities"("Id", "RegionId", "Name") values (14527, 1192, 'Derry');
insert into "Cities"("Id", "RegionId", "Name") values (14528, 1192, 'Durham');
insert into "Cities"("Id", "RegionId", "Name") values (14529, 1192, 'East Derry');
insert into "Cities"("Id", "RegionId", "Name") values (14530, 1192, 'Exeter');
insert into "Cities"("Id", "RegionId", "Name") values (14531, 1192, 'Hampton');
insert into "Cities"("Id", "RegionId", "Name") values (14532, 1192, 'Laconia');
insert into "Cities"("Id", "RegionId", "Name") values (14533, 1192, 'Manchester');
insert into "Cities"("Id", "RegionId", "Name") values (14534, 1192, 'Merrimack');
insert into "Cities"("Id", "RegionId", "Name") values (14535, 1192, 'Nashua');
insert into "Cities"("Id", "RegionId", "Name") values (14536, 1192, 'Newport');
insert into "Cities"("Id", "RegionId", "Name") values (14537, 1192, 'Portsmouth');
insert into "Cities"("Id", "RegionId", "Name") values (14538, 1192, 'Rye');
insert into "Cities"("Id", "RegionId", "Name") values (14539, 1192, 'Salem');
insert into "Cities"("Id", "RegionId", "Name") values (14540, 1192, 'West Lebanon');
insert into "Cities"("Id", "RegionId", "Name") values (14541, 1192, 'Wolfeboro');
insert into "Cities"("Id", "RegionId", "Name") values (14542, 1267, 'Факаофо');
insert into "Regions"("Id", "CountryId", "Name") values (1268, 183, 'Тонга');
insert into "Cities"("Id", "RegionId", "Name") values (14543, 1073, 'Annopole');
insert into "Cities"("Id", "RegionId", "Name") values (14544, 1073, 'Dabrowka Lesna');
insert into "Cities"("Id", "RegionId", "Name") values (14545, 1073, 'Gniezno');
insert into "Cities"("Id", "RegionId", "Name") values (14546, 1073, 'Oborniki');
insert into "Cities"("Id", "RegionId", "Name") values (14547, 1073, 'Stare Miasto');
insert into "Cities"("Id", "RegionId", "Name") values (14548, 1073, 'Strzeszyn');
insert into "Cities"("Id", "RegionId", "Name") values (14549, 1073, 'Zielona Gra');
insert into "Cities"("Id", "RegionId", "Name") values (14550, 1152, 'Cehu Silvaniei');
insert into "Cities"("Id", "RegionId", "Name") values (14551, 1152, 'Jibou');
insert into "Cities"("Id", "RegionId", "Name") values (14552, 1152, 'Simleu Silvaniei');
insert into "Cities"("Id", "RegionId", "Name") values (14553, 1152, 'Zalau');
insert into "Cities"("Id", "RegionId", "Name") values (14554, 1193, 'Absecon');
insert into "Cities"("Id", "RegionId", "Name") values (14555, 1193, 'Allentown');
insert into "Cities"("Id", "RegionId", "Name") values (14556, 1193, 'Alpine');
insert into "Cities"("Id", "RegionId", "Name") values (14557, 1193, 'Asbury');
insert into "Cities"("Id", "RegionId", "Name") values (14558, 1193, 'Asbury Park');
insert into "Cities"("Id", "RegionId", "Name") values (14559, 1193, 'Atlantic City');
insert into "Cities"("Id", "RegionId", "Name") values (14560, 1193, 'Atlantic Highlands');
insert into "Cities"("Id", "RegionId", "Name") values (14561, 1193, 'Avalon');
insert into "Cities"("Id", "RegionId", "Name") values (14562, 1193, 'Avenel');
insert into "Cities"("Id", "RegionId", "Name") values (14563, 1193, 'Basking Idge');
insert into "Cities"("Id", "RegionId", "Name") values (14564, 1193, 'Bayonne');
insert into "Cities"("Id", "RegionId", "Name") values (14565, 1193, 'Beach Haven');
insert into "Cities"("Id", "RegionId", "Name") values (14566, 1193, 'Bedminster');
insert into "Cities"("Id", "RegionId", "Name") values (14567, 1193, 'Belle Mead');
insert into "Cities"("Id", "RegionId", "Name") values (14568, 1193, 'Belmar');
insert into "Cities"("Id", "RegionId", "Name") values (14569, 1193, 'Berlin');
insert into "Cities"("Id", "RegionId", "Name") values (14570, 1193, 'Bernards');
insert into "Cities"("Id", "RegionId", "Name") values (14571, 1193, 'Bloomfield');
insert into "Cities"("Id", "RegionId", "Name") values (14572, 1193, 'Bloomingdale');
insert into "Cities"("Id", "RegionId", "Name") values (14573, 1193, 'Bogota');
insert into "Cities"("Id", "RegionId", "Name") values (14574, 1193, 'Bordentown');
insert into "Cities"("Id", "RegionId", "Name") values (14575, 1193, 'Brick');
insert into "Cities"("Id", "RegionId", "Name") values (14576, 1193, 'BIdgewater');
insert into "Cities"("Id", "RegionId", "Name") values (14577, 1193, 'Budd Lake');
insert into "Cities"("Id", "RegionId", "Name") values (14578, 1193, 'Burlington');
insert into "Cities"("Id", "RegionId", "Name") values (14579, 1193, 'Cape May');
insert into "Cities"("Id", "RegionId", "Name") values (14580, 1193, 'Cape May Point');
insert into "Cities"("Id", "RegionId", "Name") values (14581, 1193, 'Carteret');
insert into "Cities"("Id", "RegionId", "Name") values (14582, 1193, 'Cherry Hill');
insert into "Cities"("Id", "RegionId", "Name") values (14583, 1193, 'Clark');
insert into "Cities"("Id", "RegionId", "Name") values (14584, 1193, 'Clementon');
insert into "Cities"("Id", "RegionId", "Name") values (14585, 1193, 'CliffIde Park');
insert into "Cities"("Id", "RegionId", "Name") values (14586, 1193, 'Clifton');
insert into "Cities"("Id", "RegionId", "Name") values (14587, 1193, 'Clinton');
insert into "Cities"("Id", "RegionId", "Name") values (14588, 1193, 'Closter');
insert into "Cities"("Id", "RegionId", "Name") values (14589, 1193, 'Columbia');
insert into "Cities"("Id", "RegionId", "Name") values (14590, 1193, 'Columbus');
insert into "Cities"("Id", "RegionId", "Name") values (14591, 1193, 'Cranbury');
insert into "Cities"("Id", "RegionId", "Name") values (14592, 1193, 'Cresskill');
insert into "Cities"("Id", "RegionId", "Name") values (14593, 1193, 'Deal');
insert into "Cities"("Id", "RegionId", "Name") values (14594, 1193, 'Delaware');
insert into "Cities"("Id", "RegionId", "Name") values (14595, 1193, 'Denville');
insert into "Cities"("Id", "RegionId", "Name") values (14596, 1193, 'Dover');
insert into "Cities"("Id", "RegionId", "Name") values (14597, 1193, 'Dumont');
insert into "Cities"("Id", "RegionId", "Name") values (14598, 1193, 'East Brunswick');
insert into "Cities"("Id", "RegionId", "Name") values (14599, 1193, 'East Hanover');
insert into "Cities"("Id", "RegionId", "Name") values (14600, 1193, 'East Orange');
insert into "Cities"("Id", "RegionId", "Name") values (14601, 1193, 'Eatontown');
insert into "Cities"("Id", "RegionId", "Name") values (14602, 1193, 'Edgewater');
insert into "Cities"("Id", "RegionId", "Name") values (14603, 1193, 'Edison');
insert into "Cities"("Id", "RegionId", "Name") values (14604, 1193, 'Elizabeth');
insert into "Cities"("Id", "RegionId", "Name") values (14605, 1193, 'Elmwood Park');
insert into "Cities"("Id", "RegionId", "Name") values (14606, 1193, 'Englewood');
insert into "Cities"("Id", "RegionId", "Name") values (14607, 1193, 'Englishtown');
insert into "Cities"("Id", "RegionId", "Name") values (14608, 1193, 'Essex Fells');
insert into "Cities"("Id", "RegionId", "Name") values (14609, 1193, 'Fair Lawn');
insert into "Cities"("Id", "RegionId", "Name") values (14610, 1193, 'Flemington');
insert into "Cities"("Id", "RegionId", "Name") values (14611, 1193, 'Florham Park');
insert into "Cities"("Id", "RegionId", "Name") values (14612, 1193, 'Fort Lee');
insert into "Cities"("Id", "RegionId", "Name") values (14613, 1193, 'Franklin Park');
insert into "Cities"("Id", "RegionId", "Name") values (14614, 1193, 'Freehold');
insert into "Cities"("Id", "RegionId", "Name") values (14615, 1193, 'Garfield');
insert into "Cities"("Id", "RegionId", "Name") values (14616, 1193, 'Glen Idge');
insert into "Cities"("Id", "RegionId", "Name") values (14617, 1193, 'Hackensack');
insert into "Cities"("Id", "RegionId", "Name") values (14618, 1193, 'Hackettstown');
insert into "Cities"("Id", "RegionId", "Name") values (14619, 1193, 'Hampton');
insert into "Cities"("Id", "RegionId", "Name") values (14620, 1193, 'Harrison');
insert into "Cities"("Id", "RegionId", "Name") values (14621, 1193, 'Hawthorne');
insert into "Cities"("Id", "RegionId", "Name") values (14622, 1193, 'Hazlet');
insert into "Cities"("Id", "RegionId", "Name") values (14623, 1193, 'Highland Park');
insert into "Cities"("Id", "RegionId", "Name") values (14624, 1193, 'Hillsdale');
insert into "Cities"("Id", "RegionId", "Name") values (14625, 1193, 'Hoboken');
insert into "Cities"("Id", "RegionId", "Name") values (14626, 1193, 'Holmdel');
insert into "Cities"("Id", "RegionId", "Name") values (14627, 1193, 'Hopewell');
insert into "Cities"("Id", "RegionId", "Name") values (14628, 1193, 'Howell');
insert into "Cities"("Id", "RegionId", "Name") values (14629, 1193, 'Jackson');
insert into "Cities"("Id", "RegionId", "Name") values (14630, 1193, 'Jamesburg');
insert into "Cities"("Id", "RegionId", "Name") values (14631, 1193, 'Jersey City');
insert into "Cities"("Id", "RegionId", "Name") values (14632, 1193, 'Kearny');
insert into "Cities"("Id", "RegionId", "Name") values (14633, 1193, 'Keasbey');
insert into "Cities"("Id", "RegionId", "Name") values (14634, 1193, 'Kenilworth');
insert into "Cities"("Id", "RegionId", "Name") values (14635, 1193, 'Lakehurst');
insert into "Cities"("Id", "RegionId", "Name") values (14636, 1193, 'Lakewood');
insert into "Cities"("Id", "RegionId", "Name") values (14637, 1193, 'Lincoln Park');
insert into "Cities"("Id", "RegionId", "Name") values (14638, 1193, 'Linden');
insert into "Cities"("Id", "RegionId", "Name") values (14639, 1193, 'Little Falls');
insert into "Cities"("Id", "RegionId", "Name") values (14640, 1193, 'Long Branch');
insert into "Cities"("Id", "RegionId", "Name") values (14641, 1193, 'Madison');
insert into "Cities"("Id", "RegionId", "Name") values (14642, 1193, 'Mahwah');
insert into "Cities"("Id", "RegionId", "Name") values (14643, 1193, 'Manville');
insert into "Cities"("Id", "RegionId", "Name") values (14644, 1193, 'Maplewood');
insert into "Cities"("Id", "RegionId", "Name") values (14645, 1193, 'Margate City');
insert into "Cities"("Id", "RegionId", "Name") values (14646, 1193, 'Marlboro');
insert into "Cities"("Id", "RegionId", "Name") values (14647, 1193, 'Marlton');
insert into "Cities"("Id", "RegionId", "Name") values (14648, 1193, 'Matawan');
insert into "Cities"("Id", "RegionId", "Name") values (14649, 1193, 'Iddletown');
insert into "Cities"("Id", "RegionId", "Name") values (14650, 1193, 'Millburn');
insert into "Cities"("Id", "RegionId", "Name") values (14651, 1193, 'Monmouth Junction');
insert into "Cities"("Id", "RegionId", "Name") values (14652, 1193, 'Montclair');
insert into "Cities"("Id", "RegionId", "Name") values (14653, 1193, 'Montvale');
insert into "Cities"("Id", "RegionId", "Name") values (14654, 1193, 'Montville');
insert into "Cities"("Id", "RegionId", "Name") values (14655, 1193, 'Morganville');
insert into "Cities"("Id", "RegionId", "Name") values (14656, 1193, 'Morris Plains');
insert into "Cities"("Id", "RegionId", "Name") values (14657, 1193, 'Morristown');
insert into "Cities"("Id", "RegionId", "Name") values (14658, 1193, 'Mount Arlington');
insert into "Cities"("Id", "RegionId", "Name") values (14659, 1193, 'Mount Laurel');
insert into "Cities"("Id", "RegionId", "Name") values (14660, 1193, 'Navesink');
insert into "Cities"("Id", "RegionId", "Name") values (14661, 1193, 'Neptune');
insert into "Cities"("Id", "RegionId", "Name") values (14662, 1193, 'New Brunswick');
insert into "Cities"("Id", "RegionId", "Name") values (14663, 1193, 'New Egypt');
insert into "Cities"("Id", "RegionId", "Name") values (14664, 1193, 'New York');
insert into "Cities"("Id", "RegionId", "Name") values (14665, 1193, 'Newark');
insert into "Cities"("Id", "RegionId", "Name") values (14666, 1193, 'Norma');
insert into "Cities"("Id", "RegionId", "Name") values (14667, 1193, 'North Arlington');
insert into "Cities"("Id", "RegionId", "Name") values (14668, 1193, 'North Bergen');
insert into "Cities"("Id", "RegionId", "Name") values (14669, 1193, 'North Brunswick');
insert into "Cities"("Id", "RegionId", "Name") values (14670, 1193, 'Nutley');
insert into "Cities"("Id", "RegionId", "Name") values (14671, 1193, 'Oakhurst');
insert into "Cities"("Id", "RegionId", "Name") values (14672, 1193, 'Ocean City');
insert into "Cities"("Id", "RegionId", "Name") values (14673, 1193, 'Old BIdge');
insert into "Cities"("Id", "RegionId", "Name") values (14674, 1193, 'Oradell');
insert into "Cities"("Id", "RegionId", "Name") values (14675, 1193, 'Orange');
insert into "Cities"("Id", "RegionId", "Name") values (14676, 1193, 'Palisades Park');
insert into "Cities"("Id", "RegionId", "Name") values (14677, 1193, 'Paramus');
insert into "Cities"("Id", "RegionId", "Name") values (14678, 1193, 'Parlin');
insert into "Cities"("Id", "RegionId", "Name") values (14679, 1193, 'Parsippany');
insert into "Cities"("Id", "RegionId", "Name") values (14680, 1193, 'Passaic');
insert into "Cities"("Id", "RegionId", "Name") values (14681, 1193, 'Paterson');
insert into "Cities"("Id", "RegionId", "Name") values (14682, 1193, 'Paulsboro');
insert into "Cities"("Id", "RegionId", "Name") values (14683, 1193, 'Perth Amboy');
insert into "Cities"("Id", "RegionId", "Name") values (14684, 1193, 'Phillipsburg');
insert into "Cities"("Id", "RegionId", "Name") values (14685, 1193, 'Piscataway');
insert into "Cities"("Id", "RegionId", "Name") values (14686, 1193, 'Plainfield');
insert into "Cities"("Id", "RegionId", "Name") values (14687, 1193, 'Plainsboro');
insert into "Cities"("Id", "RegionId", "Name") values (14688, 1193, 'Pomona');
insert into "Cities"("Id", "RegionId", "Name") values (14689, 1193, 'Princeton');
insert into "Cities"("Id", "RegionId", "Name") values (14690, 1193, 'Randolph');
insert into "Cities"("Id", "RegionId", "Name") values (14691, 1193, 'Red Bank');
insert into "Cities"("Id", "RegionId", "Name") values (14692, 1193, 'Idgewood');
insert into "Cities"("Id", "RegionId", "Name") values (14693, 1193, 'River Edge');
insert into "Cities"("Id", "RegionId", "Name") values (14694, 1193, 'Rockaway');
insert into "Cities"("Id", "RegionId", "Name") values (14695, 1193, 'Runnemede');
insert into "Cities"("Id", "RegionId", "Name") values (14696, 1193, 'Rutherford');
insert into "Cities"("Id", "RegionId", "Name") values (14697, 1193, 'Saddle Brook');
insert into "Cities"("Id", "RegionId", "Name") values (14698, 1193, 'Saddle River');
insert into "Cities"("Id", "RegionId", "Name") values (14699, 1193, 'Sayreville');
insert into "Cities"("Id", "RegionId", "Name") values (14700, 1193, 'Scotch Plains');
insert into "Cities"("Id", "RegionId", "Name") values (14701, 1193, 'Sea Girt');
insert into "Cities"("Id", "RegionId", "Name") values (14702, 1193, 'SeaIde Heights');
insert into "Cities"("Id", "RegionId", "Name") values (14703, 1193, 'Short Hills');
insert into "Cities"("Id", "RegionId", "Name") values (14704, 1193, 'Somerset');
insert into "Cities"("Id", "RegionId", "Name") values (14705, 1193, 'Somerville');
insert into "Cities"("Id", "RegionId", "Name") values (14706, 1193, 'South Amboy');
insert into "Cities"("Id", "RegionId", "Name") values (14707, 1193, 'South Orange');
insert into "Cities"("Id", "RegionId", "Name") values (14708, 1193, 'South River');
insert into "Cities"("Id", "RegionId", "Name") values (14709, 1193, 'Spring Lake');
insert into "Cities"("Id", "RegionId", "Name") values (14710, 1193, 'Springfield');
insert into "Cities"("Id", "RegionId", "Name") values (14711, 1193, 'Stirling');
insert into "Cities"("Id", "RegionId", "Name") values (14712, 1193, 'Stockton');
insert into "Cities"("Id", "RegionId", "Name") values (14713, 1193, 'Stone Harbor');
insert into "Cities"("Id", "RegionId", "Name") values (14714, 1193, 'Summit');
insert into "Cities"("Id", "RegionId", "Name") values (14715, 1193, 'Sussex');
insert into "Cities"("Id", "RegionId", "Name") values (14716, 1193, 'Teaneck');
insert into "Cities"("Id", "RegionId", "Name") values (14717, 1193, 'Toms River');
insert into "Cities"("Id", "RegionId", "Name") values (14718, 1193, 'Trenton');
insert into "Cities"("Id", "RegionId", "Name") values (14719, 1193, 'Union');
insert into "Cities"("Id", "RegionId", "Name") values (14720, 1193, 'Union City');
insert into "Cities"("Id", "RegionId", "Name") values (14721, 1193, 'Ventnor City');
insert into "Cities"("Id", "RegionId", "Name") values (14722, 1193, 'Vernon');
insert into "Cities"("Id", "RegionId", "Name") values (14723, 1193, 'Vineland');
insert into "Cities"("Id", "RegionId", "Name") values (14724, 1193, 'Wallington');
insert into "Cities"("Id", "RegionId", "Name") values (14725, 1193, 'Washington');
insert into "Cities"("Id", "RegionId", "Name") values (14726, 1193, 'Wayne');
insert into "Cities"("Id", "RegionId", "Name") values (14727, 1193, 'West New York');
insert into "Cities"("Id", "RegionId", "Name") values (14728, 1193, 'West Orange');
insert into "Cities"("Id", "RegionId", "Name") values (14729, 1193, 'West Paterson');
insert into "Cities"("Id", "RegionId", "Name") values (14730, 1193, 'Westfield');
insert into "Cities"("Id", "RegionId", "Name") values (14731, 1193, 'Westwood');
insert into "Cities"("Id", "RegionId", "Name") values (14732, 1193, 'Wharton');
insert into "Cities"("Id", "RegionId", "Name") values (14733, 1193, 'Wildwood');
insert into "Cities"("Id", "RegionId", "Name") values (14734, 1193, 'WoodbIdge');
insert into "Cities"("Id", "RegionId", "Name") values (14735, 1193, 'Woodcliff Lake');
insert into "Cities"("Id", "RegionId", "Name") values (14736, 1268, 'Нукуалофа');
insert into "Regions"("Id", "CountryId", "Name") values (1269, 184, 'Порт-оф-Спейн');
insert into "Cities"("Id", "RegionId", "Name") values (14737, 1074, 'Grki');
insert into "Cities"("Id", "RegionId", "Name") values (14738, 1074, 'Jaroslau');
insert into "Cities"("Id", "RegionId", "Name") values (14739, 1074, 'Przemysl');
insert into "Cities"("Id", "RegionId", "Name") values (14740, 1153, 'Carei');
insert into "Cities"("Id", "RegionId", "Name") values (14741, 1153, 'Negresti-Oas');
insert into "Cities"("Id", "RegionId", "Name") values (14742, 1153, 'Satu Mare');
insert into "Cities"("Id", "RegionId", "Name") values (14743, 1153, 'Tasnad');
insert into "Cities"("Id", "RegionId", "Name") values (14744, 1194, 'Alamogordo');
insert into "Cities"("Id", "RegionId", "Name") values (14745, 1194, 'Albuquerque');
insert into "Cities"("Id", "RegionId", "Name") values (14746, 1194, 'Angel Fire');
insert into "Cities"("Id", "RegionId", "Name") values (14747, 1194, 'Aragon');
insert into "Cities"("Id", "RegionId", "Name") values (14748, 1194, 'Cleveland');
insert into "Cities"("Id", "RegionId", "Name") values (14749, 1194, 'Cuba');
insert into "Cities"("Id", "RegionId", "Name") values (14750, 1194, 'Las Cruces');
insert into "Cities"("Id", "RegionId", "Name") values (14751, 1194, 'Las Vegas');
insert into "Cities"("Id", "RegionId", "Name") values (14752, 1194, 'Miami');
insert into "Cities"("Id", "RegionId", "Name") values (14753, 1194, 'Newkirk');
insert into "Cities"("Id", "RegionId", "Name") values (14754, 1194, 'Portales');
insert into "Cities"("Id", "RegionId", "Name") values (14755, 1194, 'Roswell');
insert into "Cities"("Id", "RegionId", "Name") values (14756, 1194, 'Santa Fe');
insert into "Cities"("Id", "RegionId", "Name") values (14757, 1269, 'Порт-оф-Спейн');
insert into "Regions"("Id", "CountryId", "Name") values (1270, 185, 'Тувалу');
insert into "Cities"("Id", "RegionId", "Name") values (14758, 1075, 'Radom');
insert into "Cities"("Id", "RegionId", "Name") values (14759, 1154, 'Agnita');
insert into "Cities"("Id", "RegionId", "Name") values (14760, 1154, 'Avrig');
insert into "Cities"("Id", "RegionId", "Name") values (14761, 1154, 'Cisnadie');
insert into "Cities"("Id", "RegionId", "Name") values (14762, 1154, 'Copsa Mica');
insert into "Cities"("Id", "RegionId", "Name") values (14763, 1154, 'Dumbraveni');
insert into "Cities"("Id", "RegionId", "Name") values (14764, 1154, 'Medias');
insert into "Cities"("Id", "RegionId", "Name") values (14765, 1154, 'Ocna Sibiului');
insert into "Cities"("Id", "RegionId", "Name") values (14766, 1154, 'Sibiu');
insert into "Cities"("Id", "RegionId", "Name") values (14767, 1154, 'Talmaciu');
insert into "Cities"("Id", "RegionId", "Name") values (14768, 1195, 'Accord');
insert into "Cities"("Id", "RegionId", "Name") values (14769, 1195, 'Acra');
insert into "Cities"("Id", "RegionId", "Name") values (14770, 1195, 'Adams');
insert into "Cities"("Id", "RegionId", "Name") values (14771, 1195, 'Adams Basin');
insert into "Cities"("Id", "RegionId", "Name") values (14772, 1195, 'Adams Center');
insert into "Cities"("Id", "RegionId", "Name") values (14773, 1195, 'Addison');
insert into "Cities"("Id", "RegionId", "Name") values (14774, 1195, 'Adirondack');
insert into "Cities"("Id", "RegionId", "Name") values (14775, 1195, 'Afton');
insert into "Cities"("Id", "RegionId", "Name") values (14776, 1195, 'Alabama');
insert into "Cities"("Id", "RegionId", "Name") values (14777, 1195, 'Albany');
insert into "Cities"("Id", "RegionId", "Name") values (14778, 1195, 'Albion');
insert into "Cities"("Id", "RegionId", "Name") values (14779, 1195, 'Alden');
insert into "Cities"("Id", "RegionId", "Name") values (14780, 1195, 'Alexander');
insert into "Cities"("Id", "RegionId", "Name") values (14781, 1195, 'Alexandria Bay');
insert into "Cities"("Id", "RegionId", "Name") values (14782, 1195, 'Alfred');
insert into "Cities"("Id", "RegionId", "Name") values (14783, 1195, 'Alpine');
insert into "Cities"("Id", "RegionId", "Name") values (14784, 1195, 'Altamont');
insert into "Cities"("Id", "RegionId", "Name") values (14785, 1195, 'Amsterdam');
insert into "Cities"("Id", "RegionId", "Name") values (14786, 1195, 'Angelica');
insert into "Cities"("Id", "RegionId", "Name") values (14787, 1195, 'Ardsley');
insert into "Cities"("Id", "RegionId", "Name") values (14788, 1195, 'Ardsley On Hudson');
insert into "Cities"("Id", "RegionId", "Name") values (14789, 1195, 'Armonk');
insert into "Cities"("Id", "RegionId", "Name") values (14790, 1195, 'Astoria');
insert into "Cities"("Id", "RegionId", "Name") values (14791, 1195, 'Athol');
insert into "Cities"("Id", "RegionId", "Name") values (14792, 1195, 'Atlanta');
insert into "Cities"("Id", "RegionId", "Name") values (14793, 1195, 'Atlantic Beach');
insert into "Cities"("Id", "RegionId", "Name") values (14794, 1195, 'Babylon');
insert into "Cities"("Id", "RegionId", "Name") values (14795, 1195, 'Barneveld');
insert into "Cities"("Id", "RegionId", "Name") values (14796, 1195, 'Barton');
insert into "Cities"("Id", "RegionId", "Name") values (14797, 1195, 'Basom');
insert into "Cities"("Id", "RegionId", "Name") values (14798, 1195, 'Bellerose');
insert into "Cities"("Id", "RegionId", "Name") values (14799, 1195, 'Black River');
insert into "Cities"("Id", "RegionId", "Name") values (14800, 1195, 'Bolton Landing');
insert into "Cities"("Id", "RegionId", "Name") values (14801, 1195, 'Boston');
insert into "Cities"("Id", "RegionId", "Name") values (14802, 1195, 'Bradford');
insert into "Cities"("Id", "RegionId", "Name") values (14803, 1195, 'Brasher Falls');
insert into "Cities"("Id", "RegionId", "Name") values (14804, 1195, 'Breezy Point');
insert into "Cities"("Id", "RegionId", "Name") values (14805, 1195, 'Bronx');
insert into "Cities"("Id", "RegionId", "Name") values (14806, 1195, 'Brooklyn');
insert into "Cities"("Id", "RegionId", "Name") values (14807, 1195, 'Buffalo');
insert into "Cities"("Id", "RegionId", "Name") values (14808, 1195, 'Byron');
insert into "Cities"("Id", "RegionId", "Name") values (14809, 1195, 'CambIdge');
insert into "Cities"("Id", "RegionId", "Name") values (14810, 1195, 'Cameron');
insert into "Cities"("Id", "RegionId", "Name") values (14811, 1195, 'Carthage');
insert into "Cities"("Id", "RegionId", "Name") values (14812, 1195, 'Ceres');
insert into "Cities"("Id", "RegionId", "Name") values (14813, 1195, 'Chelsea');
insert into "Cities"("Id", "RegionId", "Name") values (14814, 1195, 'Cleveland');
insert into "Cities"("Id", "RegionId", "Name") values (14815, 1195, 'Clifton Park');
insert into "Cities"("Id", "RegionId", "Name") values (14816, 1195, 'Climax');
insert into "Cities"("Id", "RegionId", "Name") values (14817, 1195, 'Colden');
insert into "Cities"("Id", "RegionId", "Name") values (14818, 1195, 'College Point');
insert into "Cities"("Id", "RegionId", "Name") values (14819, 1195, 'Conklin');
insert into "Cities"("Id", "RegionId", "Name") values (14820, 1195, 'Copiague');
insert into "Cities"("Id", "RegionId", "Name") values (14821, 1195, 'Corona');
insert into "Cities"("Id", "RegionId", "Name") values (14822, 1195, 'Denver');
insert into "Cities"("Id", "RegionId", "Name") values (14823, 1195, 'Dexter');
insert into "Cities"("Id", "RegionId", "Name") values (14824, 1195, 'East Hampton');
insert into "Cities"("Id", "RegionId", "Name") values (14825, 1195, 'East Northport');
insert into "Cities"("Id", "RegionId", "Name") values (14826, 1195, 'Ellenburg');
insert into "Cities"("Id", "RegionId", "Name") values (14827, 1195, 'Elmhurst');
insert into "Cities"("Id", "RegionId", "Name") values (14828, 1195, 'Far Rockaway');
insert into "Cities"("Id", "RegionId", "Name") values (14829, 1195, 'FloIda');
insert into "Cities"("Id", "RegionId", "Name") values (14830, 1195, 'Flushing');
insert into "Cities"("Id", "RegionId", "Name") values (14831, 1195, 'Forest Hills');
insert into "Cities"("Id", "RegionId", "Name") values (14832, 1195, 'Fresh Meadows');
insert into "Cities"("Id", "RegionId", "Name") values (14833, 1195, 'Garden City');
insert into "Cities"("Id", "RegionId", "Name") values (14834, 1195, 'Ghent');
insert into "Cities"("Id", "RegionId", "Name") values (14835, 1195, 'Hampton');
insert into "Cities"("Id", "RegionId", "Name") values (14836, 1195, 'Hauppauge');
insert into "Cities"("Id", "RegionId", "Name") values (14837, 1195, 'Hempstead');
insert into "Cities"("Id", "RegionId", "Name") values (14838, 1195, 'Hicksville');
insert into "Cities"("Id", "RegionId", "Name") values (14839, 1195, 'Hortonville');
insert into "Cities"("Id", "RegionId", "Name") values (14840, 1195, 'Huntington');
insert into "Cities"("Id", "RegionId", "Name") values (14841, 1195, 'Hyde Park');
insert into "Cities"("Id", "RegionId", "Name") values (14842, 1195, 'Ithaca');
insert into "Cities"("Id", "RegionId", "Name") values (14843, 1195, 'Jacksonville');
insert into "Cities"("Id", "RegionId", "Name") values (14844, 1195, 'Jamaica');
insert into "Cities"("Id", "RegionId", "Name") values (14845, 1195, 'Kendall');
insert into "Cities"("Id", "RegionId", "Name") values (14846, 1195, 'Kew Gardens');
insert into "Cities"("Id", "RegionId", "Name") values (14847, 1195, 'Kingston');
insert into "Cities"("Id", "RegionId", "Name") values (14848, 1195, 'Lake PlaId');
insert into "Cities"("Id", "RegionId", "Name") values (14849, 1195, 'Laurens');
insert into "Cities"("Id", "RegionId", "Name") values (14850, 1195, 'Long Beach');
insert into "Cities"("Id", "RegionId", "Name") values (14851, 1195, 'Long Island City');
insert into "Cities"("Id", "RegionId", "Name") values (14852, 1195, 'Macedon');
insert into "Cities"("Id", "RegionId", "Name") values (14853, 1195, 'Mahopac');
insert into "Cities"("Id", "RegionId", "Name") values (14854, 1195, 'Malden On Hudson');
insert into "Cities"("Id", "RegionId", "Name") values (14855, 1195, 'Manchester');
insert into "Cities"("Id", "RegionId", "Name") values (14856, 1195, 'Manhasset');
insert into "Cities"("Id", "RegionId", "Name") values (14857, 1195, 'Marathon');
insert into "Cities"("Id", "RegionId", "Name") values (14858, 1195, 'Marlboro');
insert into "Cities"("Id", "RegionId", "Name") values (14859, 1195, 'Massapequa');
insert into "Cities"("Id", "RegionId", "Name") values (14860, 1195, 'Massapequa Park');
insert into "Cities"("Id", "RegionId", "Name") values (14861, 1195, 'Mastic Beach');
insert into "Cities"("Id", "RegionId", "Name") values (14862, 1195, 'Iddletown');
insert into "Cities"("Id", "RegionId", "Name") values (14863, 1195, 'Miller Place');
insert into "Cities"("Id", "RegionId", "Name") values (14864, 1195, 'Modena');
insert into "Cities"("Id", "RegionId", "Name") values (14865, 1195, 'Monsey');
insert into "Cities"("Id", "RegionId", "Name") values (14866, 1195, 'Moriah Center');
insert into "Cities"("Id", "RegionId", "Name") values (14867, 1195, 'Mount Kisco');
insert into "Cities"("Id", "RegionId", "Name") values (14868, 1195, 'Mount Vernon');
insert into "Cities"("Id", "RegionId", "Name") values (14869, 1195, 'Nanuet');
insert into "Cities"("Id", "RegionId", "Name") values (14870, 1195, 'Natural BIdge');
insert into "Cities"("Id", "RegionId", "Name") values (14871, 1195, 'New Baltimore');
insert into "Cities"("Id", "RegionId", "Name") values (14872, 1195, 'New City');
insert into "Cities"("Id", "RegionId", "Name") values (14873, 1195, 'New Hampton');
insert into "Cities"("Id", "RegionId", "Name") values (14874, 1195, 'New Hartford');
insert into "Cities"("Id", "RegionId", "Name") values (14875, 1195, 'New Paltz');
insert into "Cities"("Id", "RegionId", "Name") values (14876, 1195, 'New Rochelle');
insert into "Cities"("Id", "RegionId", "Name") values (14877, 1195, 'New Russia');
insert into "Cities"("Id", "RegionId", "Name") values (14878, 1195, 'New Windsor');
insert into "Cities"("Id", "RegionId", "Name") values (14879, 1195, 'New York');
insert into "Cities"("Id", "RegionId", "Name") values (14880, 1195, 'New York Mills');
insert into "Cities"("Id", "RegionId", "Name") values (14881, 1195, 'Newark');
insert into "Cities"("Id", "RegionId", "Name") values (14882, 1195, 'Newburgh');
insert into "Cities"("Id", "RegionId", "Name") values (14883, 1195, 'OceanIde');
insert into "Cities"("Id", "RegionId", "Name") values (14884, 1195, 'Odessa');
insert into "Cities"("Id", "RegionId", "Name") values (14885, 1195, 'Oriskany');
insert into "Cities"("Id", "RegionId", "Name") values (14886, 1195, 'Ossining');
insert into "Cities"("Id", "RegionId", "Name") values (14887, 1195, 'Oxford');
insert into "Cities"("Id", "RegionId", "Name") values (14888, 1195, 'Oyster Bay');
insert into "Cities"("Id", "RegionId", "Name") values (14889, 1195, 'Patchogue');
insert into "Cities"("Id", "RegionId", "Name") values (14890, 1195, 'Philadelphia');
insert into "Cities"("Id", "RegionId", "Name") values (14891, 1195, 'Phoenicia');
insert into "Cities"("Id", "RegionId", "Name") values (14892, 1195, 'Plattsburgh');
insert into "Cities"("Id", "RegionId", "Name") values (14893, 1195, 'Port Washington');
insert into "Cities"("Id", "RegionId", "Name") values (14894, 1195, 'Potsdam');
insert into "Cities"("Id", "RegionId", "Name") values (14895, 1195, 'Queens Village');
insert into "Cities"("Id", "RegionId", "Name") values (14896, 1195, 'Rego Park');
insert into "Cities"("Id", "RegionId", "Name") values (14897, 1195, 'Richmond Hill');
insert into "Cities"("Id", "RegionId", "Name") values (14898, 1195, 'Idgewood');
insert into "Cities"("Id", "RegionId", "Name") values (14899, 1195, 'Riverhead');
insert into "Cities"("Id", "RegionId", "Name") values (14900, 1195, 'Rochester');
insert into "Cities"("Id", "RegionId", "Name") values (14901, 1195, 'Rome');
insert into "Cities"("Id", "RegionId", "Name") values (14902, 1195, 'Russell');
insert into "Cities"("Id", "RegionId", "Name") values (14903, 1195, 'Sardinia');
insert into "Cities"("Id", "RegionId", "Name") values (14904, 1195, 'Scarsdale');
insert into "Cities"("Id", "RegionId", "Name") values (14905, 1195, 'Schenectady');
insert into "Cities"("Id", "RegionId", "Name") values (14906, 1195, 'Idney');
insert into "Cities"("Id", "RegionId", "Name") values (14907, 1195, 'Sound Beach');
insert into "Cities"("Id", "RegionId", "Name") values (14908, 1195, 'Southampton');
insert into "Cities"("Id", "RegionId", "Name") values (14909, 1195, 'Spring Valley');
insert into "Cities"("Id", "RegionId", "Name") values (14910, 1195, 'Stony Brook');
insert into "Cities"("Id", "RegionId", "Name") values (14911, 1195, 'SunnyIde');
insert into "Cities"("Id", "RegionId", "Name") values (14912, 1195, 'Syosset');
insert into "Cities"("Id", "RegionId", "Name") values (14913, 1195, 'Syracuse');
insert into "Cities"("Id", "RegionId", "Name") values (14914, 1195, 'Taberg');
insert into "Cities"("Id", "RegionId", "Name") values (14915, 1195, 'Utica');
insert into "Cities"("Id", "RegionId", "Name") values (14916, 1195, 'Valley Stream');
insert into "Cities"("Id", "RegionId", "Name") values (14917, 1195, 'Wappingers Falls');
insert into "Cities"("Id", "RegionId", "Name") values (14918, 1195, 'Wellsburg');
insert into "Cities"("Id", "RegionId", "Name") values (14919, 1195, 'West Nyack');
insert into "Cities"("Id", "RegionId", "Name") values (14920, 1195, 'West Park');
insert into "Cities"("Id", "RegionId", "Name") values (14921, 1195, 'Westbury');
insert into "Cities"("Id", "RegionId", "Name") values (14922, 1195, 'Westford');
insert into "Cities"("Id", "RegionId", "Name") values (14923, 1195, 'Westport');
insert into "Cities"("Id", "RegionId", "Name") values (14924, 1195, 'White Plains');
insert into "Cities"("Id", "RegionId", "Name") values (14925, 1195, 'Wolcott');
insert into "Cities"("Id", "RegionId", "Name") values (14926, 1195, 'Yonkers');
insert into "Cities"("Id", "RegionId", "Name") values (14927, 1195, 'York');
insert into "Cities"("Id", "RegionId", "Name") values (14928, 1195, 'Yorktown Heights');
insert into "Cities"("Id", "RegionId", "Name") values (14929, 1270, 'Фунафути');
insert into "Regions"("Id", "CountryId", "Name") values (1271, 186, 'Tunisia');
insert into "Cities"("Id", "RegionId", "Name") values (14930, 1076, 'Baranwka');
insert into "Cities"("Id", "RegionId", "Name") values (14931, 1076, 'Kielnarowa');
insert into "Cities"("Id", "RegionId", "Name") values (14932, 1076, 'Kolbuszowa');
insert into "Cities"("Id", "RegionId", "Name") values (14933, 1076, 'Mielec');
insert into "Cities"("Id", "RegionId", "Name") values (14934, 1076, 'Ropczyce');
insert into "Cities"("Id", "RegionId", "Name") values (14935, 1076, 'Sieklwka');
insert into "Cities"("Id", "RegionId", "Name") values (14936, 1076, 'Tyczyn');
insert into "Cities"("Id", "RegionId", "Name") values (14937, 1155, 'Campulung Moldovenesc');
insert into "Cities"("Id", "RegionId", "Name") values (14938, 1155, 'Falticeni');
insert into "Cities"("Id", "RegionId", "Name") values (14939, 1155, 'Gura Humorului');
insert into "Cities"("Id", "RegionId", "Name") values (14940, 1155, 'Radauti');
insert into "Cities"("Id", "RegionId", "Name") values (14941, 1155, 'Siret');
insert into "Cities"("Id", "RegionId", "Name") values (14942, 1155, 'Solca');
insert into "Cities"("Id", "RegionId", "Name") values (14943, 1155, 'Suceava');
insert into "Cities"("Id", "RegionId", "Name") values (14944, 1155, 'Vatra Dornei');
insert into "Cities"("Id", "RegionId", "Name") values (14945, 1196, 'Aberdeen');
insert into "Cities"("Id", "RegionId", "Name") values (14946, 1196, 'Apex');
insert into "Cities"("Id", "RegionId", "Name") values (14947, 1196, 'Asheville');
insert into "Cities"("Id", "RegionId", "Name") values (14948, 1196, 'Brevard');
insert into "Cities"("Id", "RegionId", "Name") values (14949, 1196, 'Candler');
insert into "Cities"("Id", "RegionId", "Name") values (14950, 1196, 'Carolina Beach');
insert into "Cities"("Id", "RegionId", "Name") values (14951, 1196, 'Cary');
insert into "Cities"("Id", "RegionId", "Name") values (14952, 1196, 'Cashiers');
insert into "Cities"("Id", "RegionId", "Name") values (14953, 1196, 'Chapel Hill');
insert into "Cities"("Id", "RegionId", "Name") values (14954, 1196, 'Charlotte');
insert into "Cities"("Id", "RegionId", "Name") values (14955, 1196, 'Deep Gap');
insert into "Cities"("Id", "RegionId", "Name") values (14956, 1196, 'Durham');
insert into "Cities"("Id", "RegionId", "Name") values (14957, 1196, 'Eden');
insert into "Cities"("Id", "RegionId", "Name") values (14958, 1196, 'Elizabeth City');
insert into "Cities"("Id", "RegionId", "Name") values (14959, 1196, 'Fayetteville');
insert into "Cities"("Id", "RegionId", "Name") values (14960, 1196, 'Fort Bragg');
insert into "Cities"("Id", "RegionId", "Name") values (14961, 1196, 'Fuquay Varina');
insert into "Cities"("Id", "RegionId", "Name") values (14962, 1196, 'Gastonia');
insert into "Cities"("Id", "RegionId", "Name") values (14963, 1196, 'Graham');
insert into "Cities"("Id", "RegionId", "Name") values (14964, 1196, 'Greensboro');
insert into "Cities"("Id", "RegionId", "Name") values (14965, 1196, 'Greenville');
insert into "Cities"("Id", "RegionId", "Name") values (14966, 1196, 'Grifton');
insert into "Cities"("Id", "RegionId", "Name") values (14967, 1196, 'Hendersonville');
insert into "Cities"("Id", "RegionId", "Name") values (14968, 1196, 'Indian Trail');
insert into "Cities"("Id", "RegionId", "Name") values (14969, 1196, 'Jacksonville');
insert into "Cities"("Id", "RegionId", "Name") values (14970, 1196, 'Kernersville');
insert into "Cities"("Id", "RegionId", "Name") values (14971, 1196, 'Kill Devil Hills');
insert into "Cities"("Id", "RegionId", "Name") values (14972, 1196, 'Kitty Hawk');
insert into "Cities"("Id", "RegionId", "Name") values (14973, 1196, 'Matthews');
insert into "Cities"("Id", "RegionId", "Name") values (14974, 1196, 'Minneapolis');
insert into "Cities"("Id", "RegionId", "Name") values (14975, 1196, 'Morrisville');
insert into "Cities"("Id", "RegionId", "Name") values (14976, 1196, 'Mount Olive');
insert into "Cities"("Id", "RegionId", "Name") values (14977, 1196, 'Moyock');
insert into "Cities"("Id", "RegionId", "Name") values (14978, 1196, 'New Bern');
insert into "Cities"("Id", "RegionId", "Name") values (14979, 1196, 'Raeford');
insert into "Cities"("Id", "RegionId", "Name") values (14980, 1196, 'Raleigh');
insert into "Cities"("Id", "RegionId", "Name") values (14981, 1196, 'Shelby');
insert into "Cities"("Id", "RegionId", "Name") values (14982, 1196, 'Wake Forest');
insert into "Cities"("Id", "RegionId", "Name") values (14983, 1196, 'Wilmington');
insert into "Cities"("Id", "RegionId", "Name") values (14984, 1196, 'Winston Salem');
insert into "Cities"("Id", "RegionId", "Name") values (14985, 1196, 'Woodleaf');
insert into "Cities"("Id", "RegionId", "Name") values (14986, 1196, 'Wrightsville Beach');
insert into "Cities"("Id", "RegionId", "Name") values (14987, 1271, 'Nabeul');
insert into "Regions"("Id", "CountryId", "Name") values (1272, 187, 'Ашхабадская обл.');
insert into "Regions"("Id", "CountryId", "Name") values (1273, 187, 'Красноводская обл.');
insert into "Regions"("Id", "CountryId", "Name") values (1274, 187, 'Марыйская обл.');
insert into "Regions"("Id", "CountryId", "Name") values (1275, 187, 'Ташаузская обл.');
insert into "Regions"("Id", "CountryId", "Name") values (1276, 187, 'Чарджоуская обл.');
insert into "Cities"("Id", "RegionId", "Name") values (14988, 1077, 'Siedlce');
insert into "Cities"("Id", "RegionId", "Name") values (14989, 1077, 'Zembrw');
insert into "Cities"("Id", "RegionId", "Name") values (14990, 1156, 'Alexandria');
insert into "Cities"("Id", "RegionId", "Name") values (14991, 1156, 'Rosiori de Vede');
insert into "Cities"("Id", "RegionId", "Name") values (14992, 1156, 'Turnu Magurele');
insert into "Cities"("Id", "RegionId", "Name") values (14993, 1156, 'Idele');
insert into "Cities"("Id", "RegionId", "Name") values (14994, 1156, 'Zimnicea');
insert into "Cities"("Id", "RegionId", "Name") values (14995, 1197, 'Bismarck');
insert into "Cities"("Id", "RegionId", "Name") values (14996, 1197, 'Fargo');
insert into "Cities"("Id", "RegionId", "Name") values (14997, 1272, 'Ашхабад');
insert into "Cities"("Id", "RegionId", "Name") values (14998, 1272, 'Бахарден');
insert into "Cities"("Id", "RegionId", "Name") values (14999, 1272, 'Безмеин');
insert into "Cities"("Id", "RegionId", "Name") values (15000, 1272, 'Геок-Тепе');
insert into "Cities"("Id", "RegionId", "Name") values (15001, 1272, 'Дарваза');
insert into "Cities"("Id", "RegionId", "Name") values (15002, 1272, 'Каахка');
insert into "Cities"("Id", "RegionId", "Name") values (15003, 1272, 'Кировск');
insert into "Cities"("Id", "RegionId", "Name") values (15004, 1272, 'Серахс');
insert into "Cities"("Id", "RegionId", "Name") values (15005, 1272, 'Теджен');
insert into "Regions"("Id", "CountryId", "Name") values (1277, 188, 'Grand Turk');
insert into "Cities"("Id", "RegionId", "Name") values (15006, 1078, 'Seradz');
insert into "Cities"("Id", "RegionId", "Name") values (15007, 1078, 'Sieradz');
insert into "Cities"("Id", "RegionId", "Name") values (15008, 1078, 'Zdunska Wola');
insert into "Cities"("Id", "RegionId", "Name") values (15009, 1157, 'Buzias');
insert into "Cities"("Id", "RegionId", "Name") values (15010, 1157, 'Deta');
insert into "Cities"("Id", "RegionId", "Name") values (15011, 1157, 'Faget');
insert into "Cities"("Id", "RegionId", "Name") values (15012, 1157, 'Jimbolia');
insert into "Cities"("Id", "RegionId", "Name") values (15013, 1157, 'Lugoj');
insert into "Cities"("Id", "RegionId", "Name") values (15014, 1157, 'Sannicolau Mare');
insert into "Cities"("Id", "RegionId", "Name") values (15015, 1157, 'Timisoara');
insert into "Cities"("Id", "RegionId", "Name") values (15016, 1198, 'Akron');
insert into "Cities"("Id", "RegionId", "Name") values (15017, 1198, 'Alliance');
insert into "Cities"("Id", "RegionId", "Name") values (15018, 1198, 'Alpha');
insert into "Cities"("Id", "RegionId", "Name") values (15019, 1198, 'Ansonia');
insert into "Cities"("Id", "RegionId", "Name") values (15020, 1198, 'Arcadia');
insert into "Cities"("Id", "RegionId", "Name") values (15021, 1198, 'Athens');
insert into "Cities"("Id", "RegionId", "Name") values (15022, 1198, 'Aurora');
insert into "Cities"("Id", "RegionId", "Name") values (15023, 1198, 'Beachwood');
insert into "Cities"("Id", "RegionId", "Name") values (15024, 1198, 'Bedford');
insert into "Cities"("Id", "RegionId", "Name") values (15025, 1198, 'Canton');
insert into "Cities"("Id", "RegionId", "Name") values (15026, 1198, 'Cherry Fork');
insert into "Cities"("Id", "RegionId", "Name") values (15027, 1198, 'Chesterland');
insert into "Cities"("Id", "RegionId", "Name") values (15028, 1198, 'Cincinnati');
insert into "Cities"("Id", "RegionId", "Name") values (15029, 1198, 'Cleveland');
insert into "Cities"("Id", "RegionId", "Name") values (15030, 1198, 'Columbus');
insert into "Cities"("Id", "RegionId", "Name") values (15031, 1198, 'Dayton');
insert into "Cities"("Id", "RegionId", "Name") values (15032, 1198, 'Hartville');
insert into "Cities"("Id", "RegionId", "Name") values (15033, 1198, 'Hudson');
insert into "Cities"("Id", "RegionId", "Name") values (15034, 1198, 'Huron');
insert into "Cities"("Id", "RegionId", "Name") values (15035, 1198, 'Kent');
insert into "Cities"("Id", "RegionId", "Name") values (15036, 1198, 'Lebanon');
insert into "Cities"("Id", "RegionId", "Name") values (15037, 1198, 'Lockbourne');
insert into "Cities"("Id", "RegionId", "Name") values (15038, 1198, 'Loveland');
insert into "Cities"("Id", "RegionId", "Name") values (15039, 1198, 'Lyons');
insert into "Cities"("Id", "RegionId", "Name") values (15040, 1198, 'Maineville');
insert into "Cities"("Id", "RegionId", "Name") values (15041, 1198, 'Mansfield');
insert into "Cities"("Id", "RegionId", "Name") values (15042, 1198, 'Marietta');
insert into "Cities"("Id", "RegionId", "Name") values (15043, 1198, 'Massillon');
insert into "Cities"("Id", "RegionId", "Name") values (15044, 1198, 'Newark');
insert into "Cities"("Id", "RegionId", "Name") values (15045, 1198, 'North Royalton');
insert into "Cities"("Id", "RegionId", "Name") values (15046, 1198, 'Oakwood');
insert into "Cities"("Id", "RegionId", "Name") values (15047, 1198, 'Oberlin');
insert into "Cities"("Id", "RegionId", "Name") values (15048, 1198, 'Ohio City');
insert into "Cities"("Id", "RegionId", "Name") values (15049, 1198, 'Richmond');
insert into "Cities"("Id", "RegionId", "Name") values (15050, 1198, 'Sandusky');
insert into "Cities"("Id", "RegionId", "Name") values (15051, 1198, 'Springfield');
insert into "Cities"("Id", "RegionId", "Name") values (15052, 1198, 'Sylvania');
insert into "Cities"("Id", "RegionId", "Name") values (15053, 1198, 'Toledo');
insert into "Cities"("Id", "RegionId", "Name") values (15054, 1198, 'Warren');
insert into "Cities"("Id", "RegionId", "Name") values (15055, 1198, 'West Chester');
insert into "Cities"("Id", "RegionId", "Name") values (15056, 1198, 'Willoughby');
insert into "Cities"("Id", "RegionId", "Name") values (15057, 1198, 'Zanesville');
insert into "Cities"("Id", "RegionId", "Name") values (15058, 1273, 'Бекдаш');
insert into "Cities"("Id", "RegionId", "Name") values (15059, 1273, 'Гасан-Кули');
insert into "Cities"("Id", "RegionId", "Name") values (15060, 1273, 'Джанга');
insert into "Cities"("Id", "RegionId", "Name") values (15061, 1273, 'Казанджик');
insert into "Cities"("Id", "RegionId", "Name") values (15062, 1273, 'Карагель');
insert into "Cities"("Id", "RegionId", "Name") values (15063, 1273, 'Кизыл-Арват');
insert into "Cities"("Id", "RegionId", "Name") values (15064, 1273, 'Красноводск');
insert into "Cities"("Id", "RegionId", "Name") values (15065, 1273, 'Небит-Даг');
insert into "Cities"("Id", "RegionId", "Name") values (15066, 1273, 'Челекен');
insert into "Cities"("Id", "RegionId", "Name") values (15067, 1277, 'Кев');
insert into "Cities"("Id", "RegionId", "Name") values (15068, 1277, 'Теркс-Айлендс');
insert into "Regions"("Id", "CountryId", "Name") values (1278, 189, 'Bartin');
insert into "Regions"("Id", "CountryId", "Name") values (1279, 189, 'Bayburt');
insert into "Regions"("Id", "CountryId", "Name") values (1280, 189, 'Karabuk');
insert into "Regions"("Id", "CountryId", "Name") values (1281, 189, 'Адана');
insert into "Regions"("Id", "CountryId", "Name") values (1282, 189, 'Айдын');
insert into "Regions"("Id", "CountryId", "Name") values (1283, 189, 'Амасья');
insert into "Regions"("Id", "CountryId", "Name") values (1284, 189, 'Анкара');
insert into "Regions"("Id", "CountryId", "Name") values (1285, 189, 'Анталья');
insert into "Regions"("Id", "CountryId", "Name") values (1286, 189, 'Артвин');
insert into "Regions"("Id", "CountryId", "Name") values (1287, 189, 'Афьон');
insert into "Regions"("Id", "CountryId", "Name") values (1288, 189, 'Балыкесир');
insert into "Regions"("Id", "CountryId", "Name") values (1289, 189, 'Биледжик');
insert into "Regions"("Id", "CountryId", "Name") values (1290, 189, 'Бурса');
insert into "Regions"("Id", "CountryId", "Name") values (1291, 189, 'Газиантеп');
insert into "Regions"("Id", "CountryId", "Name") values (1292, 189, 'Денизли');
insert into "Regions"("Id", "CountryId", "Name") values (1293, 189, 'Измир');
insert into "Regions"("Id", "CountryId", "Name") values (1294, 189, 'Испарта');
insert into "Regions"("Id", "CountryId", "Name") values (1295, 189, 'Ичель');
insert into "Regions"("Id", "CountryId", "Name") values (1296, 189, 'Кайсери');
insert into "Regions"("Id", "CountryId", "Name") values (1297, 189, 'Карс');
insert into "Regions"("Id", "CountryId", "Name") values (1298, 189, 'Коджаэли');
insert into "Regions"("Id", "CountryId", "Name") values (1299, 189, 'Конья');
insert into "Regions"("Id", "CountryId", "Name") values (1300, 189, 'Кыркларели');
insert into "Regions"("Id", "CountryId", "Name") values (1301, 189, 'Кютахья');
insert into "Regions"("Id", "CountryId", "Name") values (1302, 189, 'Малатья');
insert into "Regions"("Id", "CountryId", "Name") values (1303, 189, 'Маниса');
insert into "Regions"("Id", "CountryId", "Name") values (1304, 189, 'Сакарья');
insert into "Regions"("Id", "CountryId", "Name") values (1305, 189, 'Самсун');
insert into "Regions"("Id", "CountryId", "Name") values (1306, 189, 'Сивас');
insert into "Regions"("Id", "CountryId", "Name") values (1307, 189, 'Стамбул');
insert into "Regions"("Id", "CountryId", "Name") values (1308, 189, 'Чорум');
insert into "Regions"("Id", "CountryId", "Name") values (1309, 189, 'Эдирне');
insert into "Regions"("Id", "CountryId", "Name") values (1310, 189, 'Элязыг');
insert into "Regions"("Id", "CountryId", "Name") values (1311, 189, 'Эрзинджан');
insert into "Regions"("Id", "CountryId", "Name") values (1312, 189, 'Эрзурум');
insert into "Regions"("Id", "CountryId", "Name") values (1313, 189, 'Эскишехир');
insert into "Cities"("Id", "RegionId", "Name") values (15069, 1079, 'Skieniewice');
insert into "Cities"("Id", "RegionId", "Name") values (15070, 1079, 'Sochaczew');
insert into "Cities"("Id", "RegionId", "Name") values (15071, 1158, 'Babadag');
insert into "Cities"("Id", "RegionId", "Name") values (15072, 1158, 'Isaccea');
insert into "Cities"("Id", "RegionId", "Name") values (15073, 1158, 'Macin');
insert into "Cities"("Id", "RegionId", "Name") values (15074, 1158, 'Sulina');
insert into "Cities"("Id", "RegionId", "Name") values (15075, 1158, 'Tulcea');
insert into "Cities"("Id", "RegionId", "Name") values (15076, 1199, 'Dover');
insert into "Cities"("Id", "RegionId", "Name") values (15077, 1199, 'Fort Sill');
insert into "Cities"("Id", "RegionId", "Name") values (15078, 1199, 'Jenks');
insert into "Cities"("Id", "RegionId", "Name") values (15079, 1199, 'Lawton');
insert into "Cities"("Id", "RegionId", "Name") values (15080, 1199, 'Norman');
insert into "Cities"("Id", "RegionId", "Name") values (15081, 1199, 'Oklahoma City');
insert into "Cities"("Id", "RegionId", "Name") values (15082, 1199, 'Stillwater');
insert into "Cities"("Id", "RegionId", "Name") values (15083, 1199, 'Tulsa');
insert into "Cities"("Id", "RegionId", "Name") values (15084, 1274, 'Байрам-Али');
insert into "Cities"("Id", "RegionId", "Name") values (15085, 1274, 'Иолотань');
insert into "Cities"("Id", "RegionId", "Name") values (15086, 1274, 'Мары');
insert into "Cities"("Id", "RegionId", "Name") values (15087, 1274, 'Сакар-Чага');
insert into "Cities"("Id", "RegionId", "Name") values (15088, 1274, 'Тахта-Базар');
insert into "Cities"("Id", "RegionId", "Name") values (15089, 1274, 'Туркмен-Кала');
insert into "Cities"("Id", "RegionId", "Name") values (15090, 1278, 'Бартын');
insert into "Regions"("Id", "CountryId", "Name") values (1314, 190, 'Jinja');
insert into "Regions"("Id", "CountryId", "Name") values (1315, 190, 'Kampala');
insert into "Cities"("Id", "RegionId", "Name") values (15091, 1080, 'Katowice');
insert into "Cities"("Id", "RegionId", "Name") values (15092, 1080, 'Kattowitz');
insert into "Cities"("Id", "RegionId", "Name") values (15093, 1080, 'Stalinogorod');
insert into "Cities"("Id", "RegionId", "Name") values (15094, 1159, 'Baile Govora');
insert into "Cities"("Id", "RegionId", "Name") values (15095, 1159, 'Baile Olanesti');
insert into "Cities"("Id", "RegionId", "Name") values (15096, 1159, 'Brezoi');
insert into "Cities"("Id", "RegionId", "Name") values (15097, 1159, 'Calimanesti-Caciulata');
insert into "Cities"("Id", "RegionId", "Name") values (15098, 1159, 'Dragasani');
insert into "Cities"("Id", "RegionId", "Name") values (15099, 1159, 'Horezu');
insert into "Cities"("Id", "RegionId", "Name") values (15100, 1159, 'Ocnele Mari');
insert into "Cities"("Id", "RegionId", "Name") values (15101, 1159, 'Rmnicu Vlcea');
insert into "Cities"("Id", "RegionId", "Name") values (15102, 1200, 'Albany');
insert into "Cities"("Id", "RegionId", "Name") values (15103, 1200, 'Beaverton');
insert into "Cities"("Id", "RegionId", "Name") values (15104, 1200, 'Bend');
insert into "Cities"("Id", "RegionId", "Name") values (15105, 1200, 'Clackamas');
insert into "Cities"("Id", "RegionId", "Name") values (15106, 1200, 'Corvallis');
insert into "Cities"("Id", "RegionId", "Name") values (15107, 1200, 'Dallas');
insert into "Cities"("Id", "RegionId", "Name") values (15108, 1200, 'Detroit');
insert into "Cities"("Id", "RegionId", "Name") values (15109, 1200, 'Estacada');
insert into "Cities"("Id", "RegionId", "Name") values (15110, 1200, 'Eugene');
insert into "Cities"("Id", "RegionId", "Name") values (15111, 1200, 'Gervais');
insert into "Cities"("Id", "RegionId", "Name") values (15112, 1200, 'Gresham');
insert into "Cities"("Id", "RegionId", "Name") values (15113, 1200, 'Hillsboro');
insert into "Cities"("Id", "RegionId", "Name") values (15114, 1200, 'Lake Oswego');
insert into "Cities"("Id", "RegionId", "Name") values (15115, 1200, 'Medford');
insert into "Cities"("Id", "RegionId", "Name") values (15116, 1200, 'Phoenix');
insert into "Cities"("Id", "RegionId", "Name") values (15117, 1200, 'Portland');
insert into "Cities"("Id", "RegionId", "Name") values (15118, 1200, 'Powell Butte');
insert into "Cities"("Id", "RegionId", "Name") values (15119, 1200, 'Salem');
insert into "Cities"("Id", "RegionId", "Name") values (15120, 1200, 'Stayton');
insert into "Cities"("Id", "RegionId", "Name") values (15121, 1200, 'Troutdale');
insert into "Cities"("Id", "RegionId", "Name") values (15122, 1200, 'Woodburn');
insert into "Cities"("Id", "RegionId", "Name") values (15123, 1275, 'Куня-Ургенч');
insert into "Cities"("Id", "RegionId", "Name") values (15124, 1275, 'Ташауз');
insert into "Cities"("Id", "RegionId", "Name") values (15125, 1279, 'Байбурт');
insert into "Cities"("Id", "RegionId", "Name") values (15126, 1314, 'Йиня');
insert into "Regions"("Id", "CountryId", "Name") values (1316, 191, 'Андижанская обл.');
insert into "Regions"("Id", "CountryId", "Name") values (1317, 191, 'Бухарская обл.');
insert into "Regions"("Id", "CountryId", "Name") values (1318, 191, 'Джизакская обл.');
insert into "Regions"("Id", "CountryId", "Name") values (1319, 191, 'Каракалпакия');
insert into "Regions"("Id", "CountryId", "Name") values (1320, 191, 'Кашкадарьинская обл.');
insert into "Regions"("Id", "CountryId", "Name") values (1321, 191, 'Навоийская обл.');
insert into "Regions"("Id", "CountryId", "Name") values (1322, 191, 'Наманганская обл.');
insert into "Regions"("Id", "CountryId", "Name") values (1323, 191, 'Самаркандская обл.');
insert into "Regions"("Id", "CountryId", "Name") values (1324, 191, 'Сурхандарьинская обл.');
insert into "Regions"("Id", "CountryId", "Name") values (1325, 191, 'Сырдарьинская обл.');
insert into "Regions"("Id", "CountryId", "Name") values (1326, 191, 'Ташкентская обл.');
insert into "Regions"("Id", "CountryId", "Name") values (1327, 191, 'Ферганская обл.');
insert into "Regions"("Id", "CountryId", "Name") values (1328, 191, 'Хорезмская обл.');
insert into "Cities"("Id", "RegionId", "Name") values (15127, 1081, 'Dobra');
insert into "Cities"("Id", "RegionId", "Name") values (15128, 1081, 'S‚upsk');
insert into "Cities"("Id", "RegionId", "Name") values (15129, 1081, 'Stolp in Pommern');
insert into "Cities"("Id", "RegionId", "Name") values (15130, 1160, 'Barlad');
insert into "Cities"("Id", "RegionId", "Name") values (15131, 1160, 'Husi');
insert into "Cities"("Id", "RegionId", "Name") values (15132, 1160, 'Negresti');
insert into "Cities"("Id", "RegionId", "Name") values (15133, 1160, 'Vaslui');
insert into "Cities"("Id", "RegionId", "Name") values (15134, 1201, 'Abington');
insert into "Cities"("Id", "RegionId", "Name") values (15135, 1201, 'Adamstown');
insert into "Cities"("Id", "RegionId", "Name") values (15136, 1201, 'Akron');
insert into "Cities"("Id", "RegionId", "Name") values (15137, 1201, 'Allentown');
insert into "Cities"("Id", "RegionId", "Name") values (15138, 1201, 'Apollo');
insert into "Cities"("Id", "RegionId", "Name") values (15139, 1201, 'Bensalem');
insert into "Cities"("Id", "RegionId", "Name") values (15140, 1201, 'Berlin');
insert into "Cities"("Id", "RegionId", "Name") values (15141, 1201, 'Bethlehem');
insert into "Cities"("Id", "RegionId", "Name") values (15142, 1201, 'Birdsboro');
insert into "Cities"("Id", "RegionId", "Name") values (15143, 1201, 'Bristol');
insert into "Cities"("Id", "RegionId", "Name") values (15144, 1201, 'Brooklyn');
insert into "Cities"("Id", "RegionId", "Name") values (15145, 1201, 'Brookville');
insert into "Cities"("Id", "RegionId", "Name") values (15146, 1201, 'Camp Hill');
insert into "Cities"("Id", "RegionId", "Name") values (15147, 1201, 'Catasauqua');
insert into "Cities"("Id", "RegionId", "Name") values (15148, 1201, 'Clarion');
insert into "Cities"("Id", "RegionId", "Name") values (15149, 1201, 'Clarks Summit');
insert into "Cities"("Id", "RegionId", "Name") values (15150, 1201, 'Coaldale');
insert into "Cities"("Id", "RegionId", "Name") values (15151, 1201, 'Cranberry Twp');
insert into "Cities"("Id", "RegionId", "Name") values (15152, 1201, 'Denver');
insert into "Cities"("Id", "RegionId", "Name") values (15153, 1201, 'Eagleville');
insert into "Cities"("Id", "RegionId", "Name") values (15154, 1201, 'East Earl');
insert into "Cities"("Id", "RegionId", "Name") values (15155, 1201, 'Easton');
insert into "Cities"("Id", "RegionId", "Name") values (15156, 1201, 'Enola');
insert into "Cities"("Id", "RegionId", "Name") values (15157, 1201, 'Erie');
insert into "Cities"("Id", "RegionId", "Name") values (15158, 1201, 'Exton');
insert into "Cities"("Id", "RegionId", "Name") values (15159, 1201, 'Feasterville Trevose');
insert into "Cities"("Id", "RegionId", "Name") values (15160, 1201, 'Franconia');
insert into "Cities"("Id", "RegionId", "Name") values (15161, 1201, 'Gettysburg');
insert into "Cities"("Id", "RegionId", "Name") values (15162, 1201, 'Girard');
insert into "Cities"("Id", "RegionId", "Name") values (15163, 1201, 'Gladwyne');
insert into "Cities"("Id", "RegionId", "Name") values (15164, 1201, 'Greensburg');
insert into "Cities"("Id", "RegionId", "Name") values (15165, 1201, 'Harrisburg');
insert into "Cities"("Id", "RegionId", "Name") values (15166, 1201, 'Hazleton');
insert into "Cities"("Id", "RegionId", "Name") values (15167, 1201, 'Hershey');
insert into "Cities"("Id", "RegionId", "Name") values (15168, 1201, 'Jamison');
insert into "Cities"("Id", "RegionId", "Name") values (15169, 1201, 'King Of Prussia');
insert into "Cities"("Id", "RegionId", "Name") values (15170, 1201, 'Lancaster');
insert into "Cities"("Id", "RegionId", "Name") values (15171, 1201, 'Langhorne');
insert into "Cities"("Id", "RegionId", "Name") values (15172, 1201, 'Lansdale');
insert into "Cities"("Id", "RegionId", "Name") values (15173, 1201, 'Levittown');
insert into "Cities"("Id", "RegionId", "Name") values (15174, 1201, 'Lewisburg');
insert into "Cities"("Id", "RegionId", "Name") values (15175, 1201, 'Lewistown');
insert into "Cities"("Id", "RegionId", "Name") values (15176, 1201, 'Lock Haven');
insert into "Cities"("Id", "RegionId", "Name") values (15177, 1201, 'Mexico');
insert into "Cities"("Id", "RegionId", "Name") values (15178, 1201, 'Monessen');
insert into "Cities"("Id", "RegionId", "Name") values (15179, 1201, 'Morrisville');
insert into "Cities"("Id", "RegionId", "Name") values (15180, 1201, 'Moscow');
insert into "Cities"("Id", "RegionId", "Name") values (15181, 1201, 'Mountain Top');
insert into "Cities"("Id", "RegionId", "Name") values (15182, 1201, 'New Hope');
insert into "Cities"("Id", "RegionId", "Name") values (15183, 1201, 'Newtown');
insert into "Cities"("Id", "RegionId", "Name") values (15184, 1201, 'Norristown');
insert into "Cities"("Id", "RegionId", "Name") values (15185, 1201, 'North East');
insert into "Cities"("Id", "RegionId", "Name") values (15186, 1201, 'Oxford');
insert into "Cities"("Id", "RegionId", "Name") values (15187, 1201, 'Philadelphia');
insert into "Cities"("Id", "RegionId", "Name") values (15188, 1201, 'Philipsburg');
insert into "Cities"("Id", "RegionId", "Name") values (15189, 1201, 'Pittsburgh');
insert into "Cities"("Id", "RegionId", "Name") values (15190, 1201, 'Reading');
insert into "Cities"("Id", "RegionId", "Name") values (15191, 1201, 'Richboro');
insert into "Cities"("Id", "RegionId", "Name") values (15192, 1201, 'Scranton');
insert into "Cities"("Id", "RegionId", "Name") values (15193, 1201, 'State College');
insert into "Cities"("Id", "RegionId", "Name") values (15194, 1201, 'Strasburg');
insert into "Cities"("Id", "RegionId", "Name") values (15195, 1201, 'Stroudsburg');
insert into "Cities"("Id", "RegionId", "Name") values (15196, 1201, 'Susquehanna');
insert into "Cities"("Id", "RegionId", "Name") values (15197, 1201, 'Tobyhanna');
insert into "Cities"("Id", "RegionId", "Name") values (15198, 1201, 'Towanda');
insert into "Cities"("Id", "RegionId", "Name") values (15199, 1201, 'Uniontown');
insert into "Cities"("Id", "RegionId", "Name") values (15200, 1201, 'Washington');
insert into "Cities"("Id", "RegionId", "Name") values (15201, 1201, 'Wilkes Barre');
insert into "Cities"("Id", "RegionId", "Name") values (15202, 1201, 'Willow Street');
insert into "Cities"("Id", "RegionId", "Name") values (15203, 1276, 'Аму-Дарья');
insert into "Cities"("Id", "RegionId", "Name") values (15204, 1276, 'Газ-Ачак');
insert into "Cities"("Id", "RegionId", "Name") values (15205, 1276, 'Гаурдак');
insert into "Cities"("Id", "RegionId", "Name") values (15206, 1276, 'Дейнау');
insert into "Cities"("Id", "RegionId", "Name") values (15207, 1276, 'Карабекаул');
insert into "Cities"("Id", "RegionId", "Name") values (15208, 1276, 'Керки');
insert into "Cities"("Id", "RegionId", "Name") values (15209, 1276, 'Мукры');
insert into "Cities"("Id", "RegionId", "Name") values (15210, 1276, 'Нефтезаводск');
insert into "Cities"("Id", "RegionId", "Name") values (15211, 1276, 'Сакар');
insert into "Cities"("Id", "RegionId", "Name") values (15212, 1276, 'Саят');
insert into "Cities"("Id", "RegionId", "Name") values (15213, 1276, 'Фараб');
insert into "Cities"("Id", "RegionId", "Name") values (15214, 1276, 'Халач');
insert into "Cities"("Id", "RegionId", "Name") values (15215, 1276, 'Чарджоу');
insert into "Cities"("Id", "RegionId", "Name") values (15216, 1276, 'Чаршанга');
insert into "Cities"("Id", "RegionId", "Name") values (15217, 1280, 'Карабук');
insert into "Cities"("Id", "RegionId", "Name") values (15218, 1315, 'Кампала');
insert into "Cities"("Id", "RegionId", "Name") values (15219, 1316, 'Алтынкуль');
insert into "Cities"("Id", "RegionId", "Name") values (15220, 1316, 'Андижан');
insert into "Cities"("Id", "RegionId", "Name") values (15221, 1316, 'Балыкчи');
insert into "Cities"("Id", "RegionId", "Name") values (15222, 1316, 'Ленинск');
insert into "Cities"("Id", "RegionId", "Name") values (15223, 1316, 'Мархамат');
insert into "Cities"("Id", "RegionId", "Name") values (15224, 1316, 'Советабад');
insert into "Cities"("Id", "RegionId", "Name") values (15225, 1316, 'Шахрихан');
insert into "Regions"("Id", "CountryId", "Name") values (1329, 192, 'Canelones');
insert into "Regions"("Id", "CountryId", "Name") values (1330, 192, 'Colonia');
insert into "Regions"("Id", "CountryId", "Name") values (1331, 192, 'Lavalleja');
insert into "Regions"("Id", "CountryId", "Name") values (1332, 192, 'Maldonado');
insert into "Regions"("Id", "CountryId", "Name") values (1333, 192, 'MonteIdeo');
insert into "Regions"("Id", "CountryId", "Name") values (1334, 192, 'Paysand');
insert into "Regions"("Id", "CountryId", "Name") values (1335, 192, 'Ro Negro');
insert into "Regions"("Id", "CountryId", "Name") values (1336, 192, 'Rivera');
insert into "Regions"("Id", "CountryId", "Name") values (1337, 192, 'Salto');
insert into "Regions"("Id", "CountryId", "Name") values (1338, 192, 'Tacuaremb');
insert into "Regions"("Id", "CountryId", "Name") values (1339, 192, 'Treinta y Tres');
insert into "Cities"("Id", "RegionId", "Name") values (15226, 1082, 'Augustw');
insert into "Cities"("Id", "RegionId", "Name") values (15227, 1082, 'Suvalkai');
insert into "Cities"("Id", "RegionId", "Name") values (15228, 1082, 'Suvalki');
insert into "Cities"("Id", "RegionId", "Name") values (15229, 1082, 'Wygryny');
insert into "Cities"("Id", "RegionId", "Name") values (15230, 1161, 'Adjud');
insert into "Cities"("Id", "RegionId", "Name") values (15231, 1161, 'Focsani');
insert into "Cities"("Id", "RegionId", "Name") values (15232, 1161, 'Marasesti');
insert into "Cities"("Id", "RegionId", "Name") values (15233, 1161, 'Odobesti');
insert into "Cities"("Id", "RegionId", "Name") values (15234, 1161, 'Panciu');
insert into "Cities"("Id", "RegionId", "Name") values (15235, 1281, 'Адана');
insert into "Cities"("Id", "RegionId", "Name") values (15236, 1317, 'Алат');
insert into "Cities"("Id", "RegionId", "Name") values (15237, 1317, 'Бухара');
insert into "Cities"("Id", "RegionId", "Name") values (15238, 1317, 'Вабкент');
insert into "Cities"("Id", "RegionId", "Name") values (15239, 1317, 'Газли');
insert into "Cities"("Id", "RegionId", "Name") values (15240, 1317, 'Галаасия');
insert into "Cities"("Id", "RegionId", "Name") values (15241, 1317, 'Гиждуван');
insert into "Cities"("Id", "RegionId", "Name") values (15242, 1317, 'Каган');
insert into "Cities"("Id", "RegionId", "Name") values (15243, 1317, 'Каракуль');
insert into "Cities"("Id", "RegionId", "Name") values (15244, 1317, 'Ромитан');
insert into "Cities"("Id", "RegionId", "Name") values (15245, 1329, 'Arenal');
insert into "Cities"("Id", "RegionId", "Name") values (15246, 1329, 'Canelones');
insert into "Regions"("Id", "CountryId", "Name") values (1340, 193, 'Торсхавн');
insert into "Cities"("Id", "RegionId", "Name") values (15247, 1083, 'Kielce');
insert into "Cities"("Id", "RegionId", "Name") values (15248, 1282, 'Айдын');
insert into "Cities"("Id", "RegionId", "Name") values (15249, 1318, 'Галляарал');
insert into "Cities"("Id", "RegionId", "Name") values (15250, 1318, 'Джизак');
insert into "Cities"("Id", "RegionId", "Name") values (15251, 1318, 'Заамин');
insert into "Cities"("Id", "RegionId", "Name") values (15252, 1318, 'Усмат');
insert into "Cities"("Id", "RegionId", "Name") values (15253, 1318, 'Янгикишлак');
insert into "Cities"("Id", "RegionId", "Name") values (15254, 1330, 'Pueblo de la Paz');
insert into "Cities"("Id", "RegionId", "Name") values (15255, 1340, 'Торсхавн');
insert into "Regions"("Id", "CountryId", "Name") values (1341, 194, 'Фиджи');
insert into "Cities"("Id", "RegionId", "Name") values (15256, 1084, 'Sandomierz');
insert into "Cities"("Id", "RegionId", "Name") values (15257, 1084, 'Stalowa Wola');
insert into "Cities"("Id", "RegionId", "Name") values (15258, 1084, 'Tarnobrzeg');
insert into "Cities"("Id", "RegionId", "Name") values (15259, 1283, 'Амасья');
insert into "Cities"("Id", "RegionId", "Name") values (15260, 1319, 'Кегейли');
insert into "Cities"("Id", "RegionId", "Name") values (15261, 1319, 'Кунград');
insert into "Cities"("Id", "RegionId", "Name") values (15262, 1319, 'Мангит');
insert into "Cities"("Id", "RegionId", "Name") values (15263, 1319, 'Муйнак');
insert into "Cities"("Id", "RegionId", "Name") values (15264, 1319, 'Нукус');
insert into "Cities"("Id", "RegionId", "Name") values (15265, 1319, 'Тахиаташ');
insert into "Cities"("Id", "RegionId", "Name") values (15266, 1319, 'Тахтакупыр');
insert into "Cities"("Id", "RegionId", "Name") values (15267, 1319, 'Турткуль');
insert into "Cities"("Id", "RegionId", "Name") values (15268, 1319, 'Ходжейли');
insert into "Cities"("Id", "RegionId", "Name") values (15269, 1319, 'Чимбай');
insert into "Cities"("Id", "RegionId", "Name") values (15270, 1319, 'Шуманай');
insert into "Cities"("Id", "RegionId", "Name") values (15271, 1331, 'Minas');
insert into "Cities"("Id", "RegionId", "Name") values (15272, 1341, 'Нукуалофа');
insert into "Cities"("Id", "RegionId", "Name") values (15273, 1341, 'Сува');
insert into "Regions"("Id", "CountryId", "Name") values (1342, 195, 'Филиппины');
insert into "Cities"("Id", "RegionId", "Name") values (15274, 1085, 'Brzesko');
insert into "Cities"("Id", "RegionId", "Name") values (15275, 1085, 'Debica');
insert into "Cities"("Id", "RegionId", "Name") values (15276, 1085, 'Tarnw');
insert into "Cities"("Id", "RegionId", "Name") values (15277, 1284, 'Анкара');
insert into "Cities"("Id", "RegionId", "Name") values (15278, 1320, 'Бешкент');
insert into "Cities"("Id", "RegionId", "Name") values (15279, 1320, 'Гузар');
insert into "Cities"("Id", "RegionId", "Name") values (15280, 1320, 'Камаши');
insert into "Cities"("Id", "RegionId", "Name") values (15281, 1320, 'Карши');
insert into "Cities"("Id", "RegionId", "Name") values (15282, 1320, 'Касан');
insert into "Cities"("Id", "RegionId", "Name") values (15283, 1320, 'Китаб');
insert into "Cities"("Id", "RegionId", "Name") values (15284, 1320, 'Шахрисабз');
insert into "Cities"("Id", "RegionId", "Name") values (15285, 1332, 'Maldonado');
insert into "Cities"("Id", "RegionId", "Name") values (15286, 1332, 'Punta del Este');
insert into "Cities"("Id", "RegionId", "Name") values (15287, 1342, 'Давао');
insert into "Cities"("Id", "RegionId", "Name") values (15288, 1342, 'Замбоанга');
insert into "Cities"("Id", "RegionId", "Name") values (15289, 1342, 'Илоило');
insert into "Cities"("Id", "RegionId", "Name") values (15290, 1342, 'Кессон-Сити');
insert into "Cities"("Id", "RegionId", "Name") values (15291, 1342, 'Легаспи');
insert into "Cities"("Id", "RegionId", "Name") values (15292, 1342, 'Манила');
insert into "Cities"("Id", "RegionId", "Name") values (15293, 1342, 'Себу');
insert into "Regions"("Id", "CountryId", "Name") values (1343, 196, '•land');
insert into "Regions"("Id", "CountryId", "Name") values (1344, 196, 'Eastern Finland');
insert into "Regions"("Id", "CountryId", "Name") values (1345, 196, 'Lapland');
insert into "Regions"("Id", "CountryId", "Name") values (1346, 196, 'None');
insert into "Regions"("Id", "CountryId", "Name") values (1347, 196, 'Oulu');
insert into "Regions"("Id", "CountryId", "Name") values (1348, 196, 'Southern Finland');
insert into "Regions"("Id", "CountryId", "Name") values (1349, 196, 'Western Finland');
insert into "Cities"("Id", "RegionId", "Name") values (15294, 1086, 'Grudziadz');
insert into "Cities"("Id", "RegionId", "Name") values (15295, 1086, 'Torun');
insert into "Cities"("Id", "RegionId", "Name") values (15296, 1086, 'Wabrzezno');
insert into "Cities"("Id", "RegionId", "Name") values (15297, 1285, 'Анталия');
insert into "Cities"("Id", "RegionId", "Name") values (15298, 1321, 'Зарафшан');
insert into "Cities"("Id", "RegionId", "Name") values (15299, 1321, 'Навои');
insert into "Cities"("Id", "RegionId", "Name") values (15300, 1321, 'Тамдыбулак');
insert into "Cities"("Id", "RegionId", "Name") values (15301, 1321, 'Учкудук');
insert into "Cities"("Id", "RegionId", "Name") values (15302, 1333, 'Balneario Chacarita');
insert into "Cities"("Id", "RegionId", "Name") values (15303, 1333, 'Buceo');
insert into "Cities"("Id", "RegionId", "Name") values (15304, 1333, 'MonteIdeo');
insert into "Cities"("Id", "RegionId", "Name") values (15305, 1333, 'Pocitos');
insert into "Cities"("Id", "RegionId", "Name") values (15306, 1333, 'Villa Muoz');
insert into "Cities"("Id", "RegionId", "Name") values (15307, 1343, 'kerlund');
insert into "Cities"("Id", "RegionId", "Name") values (15308, 1343, 'Bast');
insert into "Cities"("Id", "RegionId", "Name") values (15309, 1343, 'Bengtsble');
insert into "Cities"("Id", "RegionId", "Name") values (15310, 1343, 'Fgl');
insert into "Cities"("Id", "RegionId", "Name") values (15311, 1343, 'Godby');
insert into "Cities"("Id", "RegionId", "Name") values (15312, 1343, 'Jomala');
insert into "Cities"("Id", "RegionId", "Name") values (15313, 1343, 'Karleby');
insert into "Cities"("Id", "RegionId", "Name") values (15314, 1343, 'Karlgrd');
insert into "Cities"("Id", "RegionId", "Name") values (15315, 1343, 'Marianhamina');
insert into "Cities"("Id", "RegionId", "Name") values (15316, 1343, 'Mariehamn');
insert into "Cities"("Id", "RegionId", "Name") values (15317, 1343, 'Norrberg');
insert into "Regions"("Id", "CountryId", "Name") values (1350, 197, 'Ain');
insert into "Regions"("Id", "CountryId", "Name") values (1351, 197, 'Aisne');
insert into "Regions"("Id", "CountryId", "Name") values (1352, 197, 'Allier');
insert into "Regions"("Id", "CountryId", "Name") values (1353, 197, 'Alpes-de-Haute-Provence');
insert into "Regions"("Id", "CountryId", "Name") values (1354, 197, 'Alpes-Maritimes');
insert into "Regions"("Id", "CountryId", "Name") values (1355, 197, 'Ardche');
insert into "Regions"("Id", "CountryId", "Name") values (1356, 197, 'Ardennes');
insert into "Regions"("Id", "CountryId", "Name") values (1357, 197, 'Arige');
insert into "Regions"("Id", "CountryId", "Name") values (1358, 197, 'Aube');
insert into "Regions"("Id", "CountryId", "Name") values (1359, 197, 'Aude');
insert into "Regions"("Id", "CountryId", "Name") values (1360, 197, 'Aveyron');
insert into "Regions"("Id", "CountryId", "Name") values (1361, 197, 'Bas Rhin');
insert into "Regions"("Id", "CountryId", "Name") values (1362, 197, 'Bouches-du-Rhne');
insert into "Regions"("Id", "CountryId", "Name") values (1363, 197, 'Calvados');
insert into "Regions"("Id", "CountryId", "Name") values (1364, 197, 'Cantal');
insert into "Regions"("Id", "CountryId", "Name") values (1365, 197, 'Charente');
insert into "Regions"("Id", "CountryId", "Name") values (1366, 197, 'Charente Maritime');
insert into "Regions"("Id", "CountryId", "Name") values (1367, 197, 'Cher');
insert into "Regions"("Id", "CountryId", "Name") values (1368, 197, 'Corrze');
insert into "Regions"("Id", "CountryId", "Name") values (1369, 197, 'Corse');
insert into "Regions"("Id", "CountryId", "Name") values (1370, 197, 'Cte d''''Or');
insert into "Regions"("Id", "CountryId", "Name") values (1371, 197, 'Ctes d''''Armor');
insert into "Regions"("Id", "CountryId", "Name") values (1372, 197, 'Creuse');
insert into "Regions"("Id", "CountryId", "Name") values (1373, 197, 'Deux-Svres');
insert into "Regions"("Id", "CountryId", "Name") values (1374, 197, 'Dordogne');
insert into "Regions"("Id", "CountryId", "Name") values (1375, 197, 'Doubs');
insert into "Regions"("Id", "CountryId", "Name") values (1376, 197, 'Drme');
insert into "Regions"("Id", "CountryId", "Name") values (1377, 197, 'Essone');
insert into "Regions"("Id", "CountryId", "Name") values (1378, 197, 'Eure');
insert into "Regions"("Id", "CountryId", "Name") values (1379, 197, 'Eure-et-Loire');
insert into "Regions"("Id", "CountryId", "Name") values (1380, 197, 'Finistre');
insert into "Regions"("Id", "CountryId", "Name") values (1381, 197, 'Gard');
insert into "Regions"("Id", "CountryId", "Name") values (1382, 197, 'Gers');
insert into "Regions"("Id", "CountryId", "Name") values (1383, 197, 'Gironde');
insert into "Regions"("Id", "CountryId", "Name") values (1384, 197, 'Haut Rhin');
insert into "Regions"("Id", "CountryId", "Name") values (1385, 197, 'Haute-Garonne');
insert into "Regions"("Id", "CountryId", "Name") values (1386, 197, 'Haute-Loire');
insert into "Regions"("Id", "CountryId", "Name") values (1387, 197, 'Haute-Marne');
insert into "Regions"("Id", "CountryId", "Name") values (1388, 197, 'Haute-Sane');
insert into "Regions"("Id", "CountryId", "Name") values (1389, 197, 'Haute-Savoie');
insert into "Regions"("Id", "CountryId", "Name") values (1390, 197, 'Haute-Vienne');
insert into "Regions"("Id", "CountryId", "Name") values (1391, 197, 'Hautes-Alpes');
insert into "Regions"("Id", "CountryId", "Name") values (1392, 197, 'Hautes-Pyrnes');
insert into "Regions"("Id", "CountryId", "Name") values (1393, 197, 'Hauts-de-Seine');
insert into "Regions"("Id", "CountryId", "Name") values (1394, 197, 'Hrault');
insert into "Regions"("Id", "CountryId", "Name") values (1395, 197, 'Ille et Vilaine');
insert into "Regions"("Id", "CountryId", "Name") values (1396, 197, 'Indre');
insert into "Regions"("Id", "CountryId", "Name") values (1397, 197, 'Indre-et-Loire');
insert into "Regions"("Id", "CountryId", "Name") values (1398, 197, 'Isre');
insert into "Regions"("Id", "CountryId", "Name") values (1399, 197, 'Jura');
insert into "Regions"("Id", "CountryId", "Name") values (1400, 197, 'Landes');
insert into "Regions"("Id", "CountryId", "Name") values (1401, 197, 'Loir-et-Cher');
insert into "Regions"("Id", "CountryId", "Name") values (1402, 197, 'Loire');
insert into "Regions"("Id", "CountryId", "Name") values (1403, 197, 'Loire Atlantique');
insert into "Regions"("Id", "CountryId", "Name") values (1404, 197, 'Loiret');
insert into "Regions"("Id", "CountryId", "Name") values (1405, 197, 'Lot');
insert into "Regions"("Id", "CountryId", "Name") values (1406, 197, 'Lot-et-Garonne');
insert into "Regions"("Id", "CountryId", "Name") values (1407, 197, 'Lozre');
insert into "Regions"("Id", "CountryId", "Name") values (1408, 197, 'Maine et Loire');
insert into "Regions"("Id", "CountryId", "Name") values (1409, 197, 'Manche');
insert into "Regions"("Id", "CountryId", "Name") values (1410, 197, 'Marne');
insert into "Regions"("Id", "CountryId", "Name") values (1411, 197, 'Mayenne');
insert into "Regions"("Id", "CountryId", "Name") values (1412, 197, 'Meurthe-et-Moselle');
insert into "Regions"("Id", "CountryId", "Name") values (1413, 197, 'Meuse');
insert into "Regions"("Id", "CountryId", "Name") values (1414, 197, 'Morbihan');
insert into "Regions"("Id", "CountryId", "Name") values (1415, 197, 'Moselle');
insert into "Regions"("Id", "CountryId", "Name") values (1416, 197, 'Nord');
insert into "Regions"("Id", "CountryId", "Name") values (1417, 197, 'Oise');
insert into "Regions"("Id", "CountryId", "Name") values (1418, 197, 'Orne');
insert into "Regions"("Id", "CountryId", "Name") values (1419, 197, 'Paris');
insert into "Regions"("Id", "CountryId", "Name") values (1420, 197, 'Pas-de-Calais');
insert into "Regions"("Id", "CountryId", "Name") values (1421, 197, 'Puy-de-Dme');
insert into "Regions"("Id", "CountryId", "Name") values (1422, 197, 'Pyrnes-Atlantiques');
insert into "Regions"("Id", "CountryId", "Name") values (1423, 197, 'Pyrnes-Orientales');
insert into "Regions"("Id", "CountryId", "Name") values (1424, 197, 'Rhne');
insert into "Regions"("Id", "CountryId", "Name") values (1425, 197, 'Sane et Loire');
insert into "Regions"("Id", "CountryId", "Name") values (1426, 197, 'Savoie');
insert into "Regions"("Id", "CountryId", "Name") values (1427, 197, 'Seine-et-Marne');
insert into "Regions"("Id", "CountryId", "Name") values (1428, 197, 'Seine-Maritime');
insert into "Regions"("Id", "CountryId", "Name") values (1429, 197, 'Seine-Saint-Denis');
insert into "Regions"("Id", "CountryId", "Name") values (1430, 197, 'Somme');
insert into "Regions"("Id", "CountryId", "Name") values (1431, 197, 'Tarn');
insert into "Regions"("Id", "CountryId", "Name") values (1432, 197, 'Tarn-et-Garonne');
insert into "Regions"("Id", "CountryId", "Name") values (1433, 197, 'Territoire de Belfort');
insert into "Regions"("Id", "CountryId", "Name") values (1434, 197, 'Val-d''''Oise');
insert into "Regions"("Id", "CountryId", "Name") values (1435, 197, 'Val-de-Marne');
insert into "Regions"("Id", "CountryId", "Name") values (1436, 197, 'Var');
insert into "Regions"("Id", "CountryId", "Name") values (1437, 197, 'Vaucluse');
insert into "Regions"("Id", "CountryId", "Name") values (1438, 197, 'Vende');
insert into "Regions"("Id", "CountryId", "Name") values (1439, 197, 'Vienne');
insert into "Regions"("Id", "CountryId", "Name") values (1440, 197, 'Vosges');
insert into "Regions"("Id", "CountryId", "Name") values (1441, 197, 'Yonne');
insert into "Regions"("Id", "CountryId", "Name") values (1442, 197, 'Yvelines');
insert into "Cities"("Id", "RegionId", "Name") values (15318, 1087, 'Szczawno-Zdrj');
insert into "Cities"("Id", "RegionId", "Name") values (15319, 1286, 'Артвин');
insert into "Cities"("Id", "RegionId", "Name") values (15320, 1322, 'Касансай');
insert into "Cities"("Id", "RegionId", "Name") values (15321, 1322, 'Наманган');
insert into "Cities"("Id", "RegionId", "Name") values (15322, 1322, 'Пап');
insert into "Cities"("Id", "RegionId", "Name") values (15323, 1322, 'Учкурган');
insert into "Cities"("Id", "RegionId", "Name") values (15324, 1322, 'Чартак');
insert into "Cities"("Id", "RegionId", "Name") values (15325, 1322, 'Чуст');
insert into "Cities"("Id", "RegionId", "Name") values (15326, 1322, 'Янгикурган');
insert into "Cities"("Id", "RegionId", "Name") values (15327, 1334, 'Poblado del Borracho');
insert into "Cities"("Id", "RegionId", "Name") values (15328, 1344, 'Ahvenlahti');
insert into "Cities"("Id", "RegionId", "Name") values (15329, 1344, 'Aatola');
insert into "Cities"("Id", "RegionId", "Name") values (15330, 1344, 'Ahmovaara');
insert into "Cities"("Id", "RegionId", "Name") values (15331, 1344, 'Ahola');
insert into "Cities"("Id", "RegionId", "Name") values (15332, 1344, 'Airaksela');
insert into "Cities"("Id", "RegionId", "Name") values (15333, 1344, 'Egyptinkorpi');
insert into "Cities"("Id", "RegionId", "Name") values (15334, 1344, 'Haso');
insert into "Cities"("Id", "RegionId", "Name") values (15335, 1344, 'Heiniemi');
insert into "Cities"("Id", "RegionId", "Name") values (15336, 1344, 'Hernejrvi');
insert into "Cities"("Id", "RegionId", "Name") values (15337, 1344, 'Hieru');
insert into "Cities"("Id", "RegionId", "Name") values (15338, 1344, 'Iisalmi');
insert into "Cities"("Id", "RegionId", "Name") values (15339, 1344, 'Isal''''mi');
insert into "Cities"("Id", "RegionId", "Name") values (15340, 1344, 'Isomki');
insert into "Cities"("Id", "RegionId", "Name") values (15341, 1344, 'Joensuu');
insert into "Cities"("Id", "RegionId", "Name") values (15342, 1344, 'Joroinen');
insert into "Cities"("Id", "RegionId", "Name") values (15343, 1344, 'Juankoski');
insert into "Cities"("Id", "RegionId", "Name") values (15344, 1344, 'Juva');
insert into "Cities"("Id", "RegionId", "Name") values (15345, 1344, 'Kaavi');
insert into "Cities"("Id", "RegionId", "Name") values (15346, 1344, 'Kalamki');
insert into "Cities"("Id", "RegionId", "Name") values (15347, 1344, 'Kitee');
insert into "Cities"("Id", "RegionId", "Name") values (15348, 1344, 'Kokkola');
insert into "Cities"("Id", "RegionId", "Name") values (15349, 1344, 'Kontioranta');
insert into "Cities"("Id", "RegionId", "Name") values (15350, 1344, 'Kuomiokoski');
insert into "Cities"("Id", "RegionId", "Name") values (15351, 1344, 'Kuopio');
insert into "Cities"("Id", "RegionId", "Name") values (15352, 1344, 'Leppvirta');
insert into "Cities"("Id", "RegionId", "Name") values (15353, 1344, 'Lieksa');
insert into "Cities"("Id", "RegionId", "Name") values (15354, 1344, 'Mikkeli');
insert into "Cities"("Id", "RegionId", "Name") values (15355, 1344, 'Mikkelin Maalaiskunta');
insert into "Cities"("Id", "RegionId", "Name") values (15356, 1344, 'Nilsi');
insert into "Cities"("Id", "RegionId", "Name") values (15357, 1344, 'Noljakka');
insert into "Cities"("Id", "RegionId", "Name") values (15358, 1344, 'Nurmes');
insert into "Cities"("Id", "RegionId", "Name") values (15359, 1344, 'Nurmijrvi');
insert into "Cities"("Id", "RegionId", "Name") values (15360, 1344, 'Outokumpu');
insert into "Cities"("Id", "RegionId", "Name") values (15361, 1344, 'Pieksmki');
insert into "Cities"("Id", "RegionId", "Name") values (15362, 1344, 'Punkaharju');
insert into "Cities"("Id", "RegionId", "Name") values (15363, 1344, 'Puumala');
insert into "Cities"("Id", "RegionId", "Name") values (15364, 1344, 'Pyhjrvi');
insert into "Cities"("Id", "RegionId", "Name") values (15365, 1344, 'Salo');
insert into "Cities"("Id", "RegionId", "Name") values (15366, 1344, 'Savonlinna');
insert into "Cities"("Id", "RegionId", "Name") values (15367, 1344, 'Siilinjrvi');
insert into "Cities"("Id", "RegionId", "Name") values (15368, 1344, 'Suonenjoki');
insert into "Cities"("Id", "RegionId", "Name") values (15369, 1344, 'Tohmajrvi');
insert into "Cities"("Id", "RegionId", "Name") values (15370, 1344, 'Tusku');
insert into "Cities"("Id", "RegionId", "Name") values (15371, 1344, 'Varkaus');
insert into "Cities"("Id", "RegionId", "Name") values (15372, 1344, 'Vehmersalmi');
insert into "Cities"("Id", "RegionId", "Name") values (15373, 1344, 'Viitasaari');
insert into "Cities"("Id", "RegionId", "Name") values (15374, 1350, 'Amareins');
insert into "Cities"("Id", "RegionId", "Name") values (15375, 1350, 'Argis');
insert into "Cities"("Id", "RegionId", "Name") values (15376, 1350, 'Bg-la-Ville');
insert into "Cities"("Id", "RegionId", "Name") values (15377, 1350, 'Bourg-en-Bresse');
insert into "Cities"("Id", "RegionId", "Name") values (15378, 1350, 'Bouvent');
insert into "Cities"("Id", "RegionId", "Name") values (15379, 1350, 'Cessy');
insert into "Cities"("Id", "RegionId", "Name") values (15380, 1350, 'Confort');
insert into "Cities"("Id", "RegionId", "Name") values (15381, 1350, 'Divonne-les-Bains');
insert into "Cities"("Id", "RegionId", "Name") values (15382, 1350, 'Ferney-Voltaire');
insert into "Cities"("Id", "RegionId", "Name") values (15383, 1350, 'Montceaux');
insert into "Cities"("Id", "RegionId", "Name") values (15384, 1350, 'Pron');
insert into "Cities"("Id", "RegionId", "Name") values (15385, 1350, 'Port');
insert into "Cities"("Id", "RegionId", "Name") values (15386, 1350, 'Saint-Nizier-le-Bouchoux');
insert into "Cities"("Id", "RegionId", "Name") values (15387, 1350, 'Saint-Vulbas');
insert into "Cities"("Id", "RegionId", "Name") values (15388, 1350, 'Vesancy');
insert into "Cities"("Id", "RegionId", "Name") values (15389, 1350, 'Vonnas');
insert into "Regions"("Id", "CountryId", "Name") values (1443, 198, 'Caennes');
insert into "Cities"("Id", "RegionId", "Name") values (15390, 1088, 'Olsztyn');
insert into "Cities"("Id", "RegionId", "Name") values (15391, 1287, 'Афьон');
insert into "Cities"("Id", "RegionId", "Name") values (15392, 1323, 'Акташ');
insert into "Cities"("Id", "RegionId", "Name") values (15393, 1323, 'Зиадин');
insert into "Cities"("Id", "RegionId", "Name") values (15394, 1323, 'Ингичка');
insert into "Cities"("Id", "RegionId", "Name") values (15395, 1323, 'Каттакурган');
insert into "Cities"("Id", "RegionId", "Name") values (15396, 1323, 'Красногвардейск');
insert into "Cities"("Id", "RegionId", "Name") values (15397, 1323, 'Самарканд');
insert into "Cities"("Id", "RegionId", "Name") values (15398, 1323, 'Ургут');
insert into "Cities"("Id", "RegionId", "Name") values (15399, 1335, 'Sauce');
insert into "Cities"("Id", "RegionId", "Name") values (15400, 1345, 'Aanaar');
insert into "Cities"("Id", "RegionId", "Name") values (15401, 1345, 'Aatsinki');
insert into "Cities"("Id", "RegionId", "Name") values (15402, 1345, 'Ahola');
insert into "Cities"("Id", "RegionId", "Name") values (15403, 1345, 'Akanlahti');
insert into "Cities"("Id", "RegionId", "Name") values (15404, 1345, 'Alanampa');
insert into "Cities"("Id", "RegionId", "Name") values (15405, 1345, 'Arvola');
insert into "Cities"("Id", "RegionId", "Name") values (15406, 1345, 'Haara');
insert into "Cities"("Id", "RegionId", "Name") values (15407, 1345, 'Hepola');
insert into "Cities"("Id", "RegionId", "Name") values (15408, 1345, 'Hoikkaniemi');
insert into "Cities"("Id", "RegionId", "Name") values (15409, 1345, 'Inari');
insert into "Cities"("Id", "RegionId", "Name") values (15410, 1345, 'Ivalo');
insert into "Cities"("Id", "RegionId", "Name") values (15411, 1345, 'Kainuu');
insert into "Cities"("Id", "RegionId", "Name") values (15412, 1345, 'Kemi');
insert into "Cities"("Id", "RegionId", "Name") values (15413, 1345, 'Kemijrvi');
insert into "Cities"("Id", "RegionId", "Name") values (15414, 1345, 'Keminmaa');
insert into "Cities"("Id", "RegionId", "Name") values (15415, 1345, 'Ketola');
insert into "Cities"("Id", "RegionId", "Name") values (15416, 1345, 'Kittil');
insert into "Cities"("Id", "RegionId", "Name") values (15417, 1345, 'Koivu');
insert into "Cities"("Id", "RegionId", "Name") values (15418, 1345, 'Kolari');
insert into "Cities"("Id", "RegionId", "Name") values (15419, 1345, 'Kngs');
insert into "Cities"("Id", "RegionId", "Name") values (15420, 1345, 'Lappea');
insert into "Cities"("Id", "RegionId", "Name") values (15421, 1345, 'Pello');
insert into "Cities"("Id", "RegionId", "Name") values (15422, 1345, 'Rovala');
insert into "Cities"("Id", "RegionId", "Name") values (15423, 1345, 'Rovaniemi');
insert into "Cities"("Id", "RegionId", "Name") values (15424, 1345, 'Rovanieni');
insert into "Cities"("Id", "RegionId", "Name") values (15425, 1345, 'Runkaus');
insert into "Cities"("Id", "RegionId", "Name") values (15426, 1345, 'Tervola');
insert into "Cities"("Id", "RegionId", "Name") values (15427, 1345, 'Tohmo');
insert into "Cities"("Id", "RegionId", "Name") values (15428, 1345, 'Tornio');
insert into "Cities"("Id", "RegionId", "Name") values (15429, 1345, 'Turska');
insert into "Cities"("Id", "RegionId", "Name") values (15430, 1351, 'Achery');
insert into "Cities"("Id", "RegionId", "Name") values (15431, 1351, 'Acy');
insert into "Cities"("Id", "RegionId", "Name") values (15432, 1351, 'Hirson');
insert into "Cities"("Id", "RegionId", "Name") values (15433, 1351, 'Saint-Quentin');
insert into "Cities"("Id", "RegionId", "Name") values (15434, 1351, 'Soissons');
insert into "Cities"("Id", "RegionId", "Name") values (15435, 1351, 'Soize');
insert into "Cities"("Id", "RegionId", "Name") values (15436, 1443, 'Cayenne');
insert into "Cities"("Id", "RegionId", "Name") values (15437, 1443, 'Kourou');
insert into "Cities"("Id", "RegionId", "Name") values (15438, 1443, 'Sinnamary');
insert into "Regions"("Id", "CountryId", "Name") values (1444, 199, 'Папеэте');
insert into "Cities"("Id", "RegionId", "Name") values (15439, 1089, 'Anin');
insert into "Cities"("Id", "RegionId", "Name") values (15440, 1089, 'Bielany');
insert into "Cities"("Id", "RegionId", "Name") values (15441, 1089, 'Bieliny');
insert into "Cities"("Id", "RegionId", "Name") values (15442, 1089, 'Dziekanow Lesny');
insert into "Cities"("Id", "RegionId", "Name") values (15443, 1089, 'Janczewice');
insert into "Cities"("Id", "RegionId", "Name") values (15444, 1089, 'Jankw Nowy');
insert into "Cities"("Id", "RegionId", "Name") values (15445, 1089, 'Legionowo');
insert into "Cities"("Id", "RegionId", "Name") values (15446, 1089, 'Ostrw');
insert into "Cities"("Id", "RegionId", "Name") values (15447, 1089, 'Ozarow Mazowiecki');
insert into "Cities"("Id", "RegionId", "Name") values (15448, 1089, 'Praga');
insert into "Cities"("Id", "RegionId", "Name") values (15449, 1089, 'Pruszkw');
insert into "Cities"("Id", "RegionId", "Name") values (15450, 1089, 'Radzymin');
insert into "Cities"("Id", "RegionId", "Name") values (15451, 1089, 'Varsavia');
insert into "Cities"("Id", "RegionId", "Name") values (15452, 1089, 'Varshava');
insert into "Cities"("Id", "RegionId", "Name") values (15453, 1089, 'Varsovie');
insert into "Cities"("Id", "RegionId", "Name") values (15454, 1089, 'Warsaw');
insert into "Cities"("Id", "RegionId", "Name") values (15455, 1089, 'Warschau');
insert into "Cities"("Id", "RegionId", "Name") values (15456, 1089, 'Warszawa');
insert into "Cities"("Id", "RegionId", "Name") values (15457, 1089, 'Warszwka');
insert into "Cities"("Id", "RegionId", "Name") values (15458, 1089, 'Wawer');
insert into "Cities"("Id", "RegionId", "Name") values (15459, 1089, 'Wawrzyszew Nowy');
insert into "Cities"("Id", "RegionId", "Name") values (15460, 1089, 'Wolominek');
insert into "Cities"("Id", "RegionId", "Name") values (15461, 1089, 'Zielona');
insert into "Cities"("Id", "RegionId", "Name") values (15462, 1089, 'Zoliborz');
insert into "Cities"("Id", "RegionId", "Name") values (15463, 1288, 'Балыкесир');
insert into "Cities"("Id", "RegionId", "Name") values (15464, 1324, 'Байсун');
insert into "Cities"("Id", "RegionId", "Name") values (15465, 1324, 'Денау');
insert into "Cities"("Id", "RegionId", "Name") values (15466, 1324, 'Карлук');
insert into "Cities"("Id", "RegionId", "Name") values (15467, 1324, 'Термез');
insert into "Cities"("Id", "RegionId", "Name") values (15468, 1324, 'Узун');
insert into "Cities"("Id", "RegionId", "Name") values (15469, 1324, 'Шерабад');
insert into "Cities"("Id", "RegionId", "Name") values (15470, 1324, 'Шурчи');
insert into "Cities"("Id", "RegionId", "Name") values (15471, 1336, 'Cortume');
insert into "Cities"("Id", "RegionId", "Name") values (15472, 1336, 'Los Potreros');
insert into "Cities"("Id", "RegionId", "Name") values (15473, 1336, 'Rivera');
insert into "Cities"("Id", "RegionId", "Name") values (15474, 1346, 'Hiukkamki');
insert into "Cities"("Id", "RegionId", "Name") values (15475, 1346, 'Kinola');
insert into "Cities"("Id", "RegionId", "Name") values (15476, 1346, 'Ruokojrvi');
insert into "Cities"("Id", "RegionId", "Name") values (15477, 1346, 'Vihavuoren Saha');
insert into "Cities"("Id", "RegionId", "Name") values (15478, 1352, 'Abrest');
insert into "Cities"("Id", "RegionId", "Name") values (15479, 1352, 'Bayet');
insert into "Cities"("Id", "RegionId", "Name") values (15480, 1352, 'Charmes');
insert into "Cities"("Id", "RegionId", "Name") values (15481, 1352, 'Montluon');
insert into "Cities"("Id", "RegionId", "Name") values (15482, 1352, 'Vichy');
insert into "Cities"("Id", "RegionId", "Name") values (15483, 1444, 'Папеэте');
insert into "Regions"("Id", "CountryId", "Name") values (1445, 200, 'Dubrovacko-Neretvanska');
insert into "Regions"("Id", "CountryId", "Name") values (1446, 200, 'Grad Zagreb');
insert into "Regions"("Id", "CountryId", "Name") values (1447, 200, 'Istarska');
insert into "Regions"("Id", "CountryId", "Name") values (1448, 200, 'Karlovacka');
insert into "Regions"("Id", "CountryId", "Name") values (1449, 200, 'Medimurska');
insert into "Regions"("Id", "CountryId", "Name") values (1450, 200, 'None');
insert into "Regions"("Id", "CountryId", "Name") values (1451, 200, 'Primorsko-Goranska');
insert into "Regions"("Id", "CountryId", "Name") values (1452, 200, 'Sibensko-Kninska');
insert into "Regions"("Id", "CountryId", "Name") values (1453, 200, 'Sisacko-Moslavacka');
insert into "Regions"("Id", "CountryId", "Name") values (1454, 200, 'Splitsko-Dalmatinska');
insert into "Regions"("Id", "CountryId", "Name") values (1455, 200, 'Varazdinska');
insert into "Regions"("Id", "CountryId", "Name") values (1456, 200, 'Zagrebacka');
insert into "Cities"("Id", "RegionId", "Name") values (15484, 1090, 'Posen');
insert into "Cities"("Id", "RegionId", "Name") values (15485, 1090, 'Poznan');
insert into "Cities"("Id", "RegionId", "Name") values (15486, 1289, 'Биледжик');
insert into "Cities"("Id", "RegionId", "Name") values (15487, 1325, 'Бахт');
insert into "Cities"("Id", "RegionId", "Name") values (15488, 1325, 'Гулистан');
insert into "Cities"("Id", "RegionId", "Name") values (15489, 1325, 'Димитровское');
insert into "Cities"("Id", "RegionId", "Name") values (15490, 1325, 'Крестьянский');
insert into "Cities"("Id", "RegionId", "Name") values (15491, 1325, 'Сырдарья');
insert into "Cities"("Id", "RegionId", "Name") values (15492, 1325, 'Сырьдарья');
insert into "Cities"("Id", "RegionId", "Name") values (15493, 1325, 'Хаваст');
insert into "Cities"("Id", "RegionId", "Name") values (15494, 1325, 'Ширин');
insert into "Cities"("Id", "RegionId", "Name") values (15495, 1325, 'Янгиер');
insert into "Cities"("Id", "RegionId", "Name") values (15496, 1337, 'Salto');
insert into "Cities"("Id", "RegionId", "Name") values (15497, 1347, 'Aaita');
insert into "Cities"("Id", "RegionId", "Name") values (15498, 1347, 'Ahenp');
insert into "Cities"("Id", "RegionId", "Name") values (15499, 1347, 'Aho');
insert into "Cities"("Id", "RegionId", "Name") values (15500, 1347, 'Aitta');
insert into "Cities"("Id", "RegionId", "Name") values (15501, 1347, 'Alajrvi');
insert into "Cities"("Id", "RegionId", "Name") values (15502, 1347, 'Auho');
insert into "Cities"("Id", "RegionId", "Name") values (15503, 1347, 'Haapajrvi');
insert into "Cities"("Id", "RegionId", "Name") values (15504, 1347, 'Haapavesi');
insert into "Cities"("Id", "RegionId", "Name") values (15505, 1347, 'Haukipudas');
insert into "Cities"("Id", "RegionId", "Name") values (15506, 1347, 'Hyrynsaimi');
insert into "Cities"("Id", "RegionId", "Name") values (15507, 1347, 'Jrvenp');
insert into "Cities"("Id", "RegionId", "Name") values (15508, 1347, 'Kajaani');
insert into "Cities"("Id", "RegionId", "Name") values (15509, 1347, 'Kalajoki');
insert into "Cities"("Id", "RegionId", "Name") values (15510, 1347, 'Kankaanp');
insert into "Cities"("Id", "RegionId", "Name") values (15511, 1347, 'Kempele');
insert into "Cities"("Id", "RegionId", "Name") values (15512, 1347, 'Kestil');
insert into "Cities"("Id", "RegionId", "Name") values (15513, 1347, 'Kuhmo');
insert into "Cities"("Id", "RegionId", "Name") values (15514, 1347, 'Kurki');
insert into "Cities"("Id", "RegionId", "Name") values (15515, 1347, 'Kuusamo');
insert into "Cities"("Id", "RegionId", "Name") values (15516, 1347, 'Muhos');
insert into "Cities"("Id", "RegionId", "Name") values (15517, 1347, 'Nivala');
insert into "Cities"("Id", "RegionId", "Name") values (15518, 1347, 'Oulainen');
insert into "Cities"("Id", "RegionId", "Name") values (15519, 1347, 'Oulu');
insert into "Cities"("Id", "RegionId", "Name") values (15520, 1347, 'Paltamo');
insert into "Cities"("Id", "RegionId", "Name") values (15521, 1347, 'Puolivlinkangas');
insert into "Cities"("Id", "RegionId", "Name") values (15522, 1347, 'Pyhsalmi');
insert into "Cities"("Id", "RegionId", "Name") values (15523, 1347, 'Raahe');
insert into "Cities"("Id", "RegionId", "Name") values (15524, 1347, 'Sievi');
insert into "Cities"("Id", "RegionId", "Name") values (15525, 1347, 'Somero');
insert into "Cities"("Id", "RegionId", "Name") values (15526, 1347, 'Sotkamo');
insert into "Cities"("Id", "RegionId", "Name") values (15527, 1347, 'Suomusal''''mi');
insert into "Cities"("Id", "RegionId", "Name") values (15528, 1347, 'Suomussalmi');
insert into "Cities"("Id", "RegionId", "Name") values (15529, 1347, 'Taipalo');
insert into "Cities"("Id", "RegionId", "Name") values (15530, 1347, 'Utajrvi');
insert into "Cities"("Id", "RegionId", "Name") values (15531, 1347, 'Vaala');
insert into "Cities"("Id", "RegionId", "Name") values (15532, 1347, 'Vesa');
insert into "Cities"("Id", "RegionId", "Name") values (15533, 1347, 'Vuokatti');
insert into "Cities"("Id", "RegionId", "Name") values (15534, 1347, 'Ylivieska');
insert into "Cities"("Id", "RegionId", "Name") values (15535, 1353, 'Argens');
insert into "Cities"("Id", "RegionId", "Name") values (15536, 1353, 'Banon');
insert into "Cities"("Id", "RegionId", "Name") values (15537, 1353, 'Mlan');
insert into "Cities"("Id", "RegionId", "Name") values (15538, 1353, 'Saint-Andr-les-Alpes');
insert into "Cities"("Id", "RegionId", "Name") values (15539, 1445, 'Dubrovnik');
insert into "Regions"("Id", "CountryId", "Name") values (1457, 201, 'Чад');
insert into "Cities"("Id", "RegionId", "Name") values (15540, 1091, 'Rypin');
insert into "Cities"("Id", "RegionId", "Name") values (15541, 1091, 'W‚oc‚awek');
insert into "Cities"("Id", "RegionId", "Name") values (15542, 1290, 'Бурса');
insert into "Cities"("Id", "RegionId", "Name") values (15543, 1326, 'Алимкент');
insert into "Cities"("Id", "RegionId", "Name") values (15544, 1326, 'Алмазар');
insert into "Cities"("Id", "RegionId", "Name") values (15545, 1326, 'Алмалык');
insert into "Cities"("Id", "RegionId", "Name") values (15546, 1326, 'Ангрен');
insert into "Cities"("Id", "RegionId", "Name") values (15547, 1326, 'Ахангаран');
insert into "Cities"("Id", "RegionId", "Name") values (15548, 1326, 'Бакабад');
insert into "Cities"("Id", "RegionId", "Name") values (15549, 1326, 'Бекабад');
insert into "Cities"("Id", "RegionId", "Name") values (15550, 1326, 'Бука');
insert into "Cities"("Id", "RegionId", "Name") values (15551, 1326, 'Газалкент');
insert into "Cities"("Id", "RegionId", "Name") values (15552, 1326, 'Искандар');
insert into "Cities"("Id", "RegionId", "Name") values (15553, 1326, 'Келес');
insert into "Cities"("Id", "RegionId", "Name") values (15554, 1326, 'Паркент');
insert into "Cities"("Id", "RegionId", "Name") values (15555, 1326, 'Пскент');
insert into "Cities"("Id", "RegionId", "Name") values (15556, 1326, 'Сиджак');
insert into "Cities"("Id", "RegionId", "Name") values (15557, 1326, 'Солдатский');
insert into "Cities"("Id", "RegionId", "Name") values (15558, 1326, 'Ташкент');
insert into "Cities"("Id", "RegionId", "Name") values (15559, 1326, 'Тойтепа');
insert into "Cities"("Id", "RegionId", "Name") values (15560, 1326, 'Чиназ');
insert into "Cities"("Id", "RegionId", "Name") values (15561, 1326, 'Чирчик');
insert into "Cities"("Id", "RegionId", "Name") values (15562, 1326, 'Янгиабад');
insert into "Cities"("Id", "RegionId", "Name") values (15563, 1326, 'Янгибазар');
insert into "Cities"("Id", "RegionId", "Name") values (15564, 1326, 'Янгиюль');
insert into "Cities"("Id", "RegionId", "Name") values (15565, 1338, 'Tacuaremb');
insert into "Cities"("Id", "RegionId", "Name") values (15566, 1348, 'by');
insert into "Cities"("Id", "RegionId", "Name") values (15567, 1348, 'Ahjo');
insert into "Cities"("Id", "RegionId", "Name") values (15568, 1348, 'Ahola');
insert into "Cities"("Id", "RegionId", "Name") values (15569, 1348, 'Ala-Malmi');
insert into "Cities"("Id", "RegionId", "Name") values (15570, 1348, 'minnefors');
insert into "Cities"("Id", "RegionId", "Name") values (15571, 1348, 'Asikkala');
insert into "Cities"("Id", "RegionId", "Name") values (15572, 1348, 'Askola');
insert into "Cities"("Id", "RegionId", "Name") values (15573, 1348, 'Bengtsr');
insert into "Cities"("Id", "RegionId", "Name") values (15574, 1348, 'Borg');
insert into "Cities"("Id", "RegionId", "Name") values (15575, 1348, 'Box');
insert into "Cities"("Id", "RegionId", "Name") values (15576, 1348, 'Daj');
insert into "Cities"("Id", "RegionId", "Name") values (15577, 1348, 'Epoo');
insert into "Cities"("Id", "RegionId", "Name") values (15578, 1348, 'Esbo');
insert into "Cities"("Id", "RegionId", "Name") values (15579, 1348, 'Espoo');
insert into "Cities"("Id", "RegionId", "Name") values (15580, 1348, 'Forssa');
insert into "Cities"("Id", "RegionId", "Name") values (15581, 1348, 'Haaga');
insert into "Cities"("Id", "RegionId", "Name") values (15582, 1348, 'Hakunila');
insert into "Cities"("Id", "RegionId", "Name") values (15583, 1348, 'Hlsinge');
insert into "Cities"("Id", "RegionId", "Name") values (15584, 1348, 'Hmeenlinna');
insert into "Cities"("Id", "RegionId", "Name") values (15585, 1348, 'Hamina');
insert into "Cities"("Id", "RegionId", "Name") values (15586, 1348, 'Hanko');
insert into "Cities"("Id", "RegionId", "Name") values (15587, 1348, 'Hanski');
insert into "Cities"("Id", "RegionId", "Name") values (15588, 1348, 'Hauho');
insert into "Cities"("Id", "RegionId", "Name") values (15589, 1348, 'Heimala');
insert into "Cities"("Id", "RegionId", "Name") values (15590, 1348, 'Heinola');
insert into "Cities"("Id", "RegionId", "Name") values (15591, 1348, 'Helsinge');
insert into "Cities"("Id", "RegionId", "Name") values (15592, 1348, 'Helsingfors');
insert into "Cities"("Id", "RegionId", "Name") values (15593, 1348, 'Helsinki');
insert into "Cities"("Id", "RegionId", "Name") values (15594, 1348, 'Hyvinge');
insert into "Cities"("Id", "RegionId", "Name") values (15595, 1348, 'Hyvink');
insert into "Cities"("Id", "RegionId", "Name") values (15596, 1348, 'Imatra');
insert into "Cities"("Id", "RegionId", "Name") values (15597, 1348, 'Ing');
insert into "Cities"("Id", "RegionId", "Name") values (15598, 1348, 'Janakkala');
insert into "Cities"("Id", "RegionId", "Name") values (15599, 1348, 'Jrvenp');
insert into "Cities"("Id", "RegionId", "Name") values (15600, 1348, 'Joensuu');
insert into "Cities"("Id", "RegionId", "Name") values (15601, 1348, 'Joutseno');
insert into "Cities"("Id", "RegionId", "Name") values (15602, 1348, 'Kaipiainen');
insert into "Cities"("Id", "RegionId", "Name") values (15603, 1348, 'Karjaa');
insert into "Cities"("Id", "RegionId", "Name") values (15604, 1348, 'Kerava');
insert into "Cities"("Id", "RegionId", "Name") values (15605, 1348, 'Kirkkonummi');
insert into "Cities"("Id", "RegionId", "Name") values (15606, 1348, 'Klaukkala');
insert into "Cities"("Id", "RegionId", "Name") values (15607, 1348, 'Kontro');
insert into "Cities"("Id", "RegionId", "Name") values (15608, 1348, 'Kotimki');
insert into "Cities"("Id", "RegionId", "Name") values (15609, 1348, 'Kotka');
insert into "Cities"("Id", "RegionId", "Name") values (15610, 1348, 'Kourula');
insert into "Cities"("Id", "RegionId", "Name") values (15611, 1348, 'Kouvola');
insert into "Cities"("Id", "RegionId", "Name") values (15612, 1348, 'Kouvola-Tornionmki');
insert into "Cities"("Id", "RegionId", "Name") values (15613, 1348, 'Kuopiola');
insert into "Cities"("Id", "RegionId", "Name") values (15614, 1348, 'Kuusankoski');
insert into "Cities"("Id", "RegionId", "Name") values (15615, 1348, 'Kymin Tehtaat');
insert into "Cities"("Id", "RegionId", "Name") values (15616, 1348, 'Lahti');
insert into "Cities"("Id", "RegionId", "Name") values (15617, 1348, 'Lappeenranta');
insert into "Cities"("Id", "RegionId", "Name") values (15618, 1348, 'Lappenranta');
insert into "Cities"("Id", "RegionId", "Name") values (15619, 1348, 'Liljendal');
insert into "Cities"("Id", "RegionId", "Name") values (15620, 1348, 'Lohja');
insert into "Cities"("Id", "RegionId", "Name") values (15621, 1348, 'Loviisa');
insert into "Cities"("Id", "RegionId", "Name") values (15622, 1348, 'Lovisa');
insert into "Cities"("Id", "RegionId", "Name") values (15623, 1348, 'Malmi');
insert into "Cities"("Id", "RegionId", "Name") values (15624, 1348, 'Miehikkl');
insert into "Cities"("Id", "RegionId", "Name") values (15625, 1348, 'Nummela');
insert into "Cities"("Id", "RegionId", "Name") values (15626, 1348, 'Nurmijrvi');
insert into "Cities"("Id", "RegionId", "Name") values (15627, 1348, 'Oulunkyl');
insert into "Cities"("Id", "RegionId", "Name") values (15628, 1348, 'Parikkala');
insert into "Cities"("Id", "RegionId", "Name") values (15629, 1348, 'Porvo');
insert into "Cities"("Id", "RegionId", "Name") values (15630, 1348, 'Porvoo');
insert into "Cities"("Id", "RegionId", "Name") values (15631, 1348, 'Pukkila');
insert into "Cities"("Id", "RegionId", "Name") values (15632, 1348, 'Pyhjrvi');
insert into "Cities"("Id", "RegionId", "Name") values (15633, 1348, 'Riihimki');
insert into "Cities"("Id", "RegionId", "Name") values (15634, 1348, 'Salo');
insert into "Cities"("Id", "RegionId", "Name") values (15635, 1348, 'Simpele');
insert into "Cities"("Id", "RegionId", "Name") values (15636, 1348, 'Siuntio');
insert into "Cities"("Id", "RegionId", "Name") values (15637, 1348, 'Storkrr');
insert into "Cities"("Id", "RegionId", "Name") values (15638, 1348, 'Tammisaari');
insert into "Cities"("Id", "RegionId", "Name") values (15639, 1348, 'Tapiola');
insert into "Cities"("Id", "RegionId", "Name") values (15640, 1348, 'Tavastehus');
insert into "Cities"("Id", "RegionId", "Name") values (15641, 1348, 'Tenhola');
insert into "Cities"("Id", "RegionId", "Name") values (15642, 1348, 'Turkia');
insert into "Cities"("Id", "RegionId", "Name") values (15643, 1348, 'Uusimaa');
insert into "Cities"("Id", "RegionId", "Name") values (15644, 1348, 'Vainikkala');
insert into "Cities"("Id", "RegionId", "Name") values (15645, 1348, 'Vanda');
insert into "Cities"("Id", "RegionId", "Name") values (15646, 1348, 'Vantaa');
insert into "Cities"("Id", "RegionId", "Name") values (15647, 1348, 'Yelsinki');
insert into "Cities"("Id", "RegionId", "Name") values (15648, 1354, 'Aiglun');
insert into "Cities"("Id", "RegionId", "Name") values (15649, 1354, 'Antibes');
insert into "Cities"("Id", "RegionId", "Name") values (15650, 1354, 'Auribeau-sur-Siagne');
insert into "Cities"("Id", "RegionId", "Name") values (15651, 1354, 'Auvare');
insert into "Cities"("Id", "RegionId", "Name") values (15652, 1354, 'Beaulieu-sur-Mer');
insert into "Cities"("Id", "RegionId", "Name") values (15653, 1354, 'Beausoleil');
insert into "Cities"("Id", "RegionId", "Name") values (15654, 1354, 'Belvdre');
insert into "Cities"("Id", "RegionId", "Name") values (15655, 1354, 'Biot');
insert into "Cities"("Id", "RegionId", "Name") values (15656, 1354, 'Cannes');
insert into "Cities"("Id", "RegionId", "Name") values (15657, 1354, 'Cap-d''''Ail');
insert into "Cities"("Id", "RegionId", "Name") values (15658, 1354, 'Juan-les-Pins');
insert into "Cities"("Id", "RegionId", "Name") values (15659, 1354, 'La Tour');
insert into "Cities"("Id", "RegionId", "Name") values (15660, 1354, 'Mandelieu-la-Napoule');
insert into "Cities"("Id", "RegionId", "Name") values (15661, 1354, 'Menton');
insert into "Cities"("Id", "RegionId", "Name") values (15662, 1354, 'Mougins');
insert into "Cities"("Id", "RegionId", "Name") values (15663, 1354, 'Nice');
insert into "Cities"("Id", "RegionId", "Name") values (15664, 1354, 'Saint-Jean-Cap-Ferrat');
insert into "Cities"("Id", "RegionId", "Name") values (15665, 1354, 'Valbonne');
insert into "Cities"("Id", "RegionId", "Name") values (15666, 1354, 'Villeneuve-Loubet');
insert into "Cities"("Id", "RegionId", "Name") values (15667, 1446, 'Adamovec');
insert into "Cities"("Id", "RegionId", "Name") values (15668, 1446, 'Dubrava');
insert into "Cities"("Id", "RegionId", "Name") values (15669, 1446, 'Sesvete');
insert into "Cities"("Id", "RegionId", "Name") values (15670, 1446, 'Zabreg');
insert into "Cities"("Id", "RegionId", "Name") values (15671, 1446, 'Zagrabia');
insert into "Cities"("Id", "RegionId", "Name") values (15672, 1446, 'Zagreb');
insert into "Cities"("Id", "RegionId", "Name") values (15673, 1457, 'Абеше');
insert into "Cities"("Id", "RegionId", "Name") values (15674, 1457, 'Ларжо');
insert into "Cities"("Id", "RegionId", "Name") values (15675, 1457, 'Нджамена');
insert into "Regions"("Id", "CountryId", "Name") values (1458, 202, 'Черногория');
insert into "Cities"("Id", "RegionId", "Name") values (15676, 1092, 'Baki');
insert into "Cities"("Id", "RegionId", "Name") values (15677, 1092, 'Brzykw');
insert into "Cities"("Id", "RegionId", "Name") values (15678, 1092, 'Bukownica');
insert into "Cities"("Id", "RegionId", "Name") values (15679, 1092, 'Krzyki');
insert into "Cities"("Id", "RegionId", "Name") values (15680, 1092, 'Olesnica');
insert into "Cities"("Id", "RegionId", "Name") values (15681, 1092, 'Srodmiescie');
insert into "Cities"("Id", "RegionId", "Name") values (15682, 1092, 'SIdnica Polska');
insert into "Cities"("Id", "RegionId", "Name") values (15683, 1092, 'Wo‚ow');
insert into "Cities"("Id", "RegionId", "Name") values (15684, 1092, 'Wroc‚aw Bartoszewice');
insert into "Cities"("Id", "RegionId", "Name") values (15685, 1092, 'Wroc‚aw Pracze');
insert into "Cities"("Id", "RegionId", "Name") values (15686, 1092, 'Wroc‚aw Strachowice');
insert into "Cities"("Id", "RegionId", "Name") values (15687, 1092, 'Wroc‚aw-Gadow Ma‚y');
insert into "Cities"("Id", "RegionId", "Name") values (15688, 1092, 'Wroc‚aw-Kar‚owice');
insert into "Cities"("Id", "RegionId", "Name") values (15689, 1092, 'Wroc‚aw-Osobowice');
insert into "Cities"("Id", "RegionId", "Name") values (15690, 1092, 'Wroc‚aw-Psie Pole');
insert into "Cities"("Id", "RegionId", "Name") values (15691, 1291, 'Газиантеп');
insert into "Cities"("Id", "RegionId", "Name") values (15692, 1327, 'Алтыарык');
insert into "Cities"("Id", "RegionId", "Name") values (15693, 1327, 'Бешарык');
insert into "Cities"("Id", "RegionId", "Name") values (15694, 1327, 'Вуадиль');
insert into "Cities"("Id", "RegionId", "Name") values (15695, 1327, 'Дангара');
insert into "Cities"("Id", "RegionId", "Name") values (15696, 1327, 'Коканд');
insert into "Cities"("Id", "RegionId", "Name") values (15697, 1327, 'Кува');
insert into "Cities"("Id", "RegionId", "Name") values (15698, 1327, 'Кувасай');
insert into "Cities"("Id", "RegionId", "Name") values (15699, 1327, 'Маргилан');
insert into "Cities"("Id", "RegionId", "Name") values (15700, 1327, 'Учкуприк');
insert into "Cities"("Id", "RegionId", "Name") values (15701, 1327, 'Фергана');
insert into "Cities"("Id", "RegionId", "Name") values (15702, 1327, 'Яйпан');
insert into "Cities"("Id", "RegionId", "Name") values (15703, 1339, 'Arrozal Treinta y Tres');
insert into "Cities"("Id", "RegionId", "Name") values (15704, 1339, 'Paso de Piriz');
insert into "Cities"("Id", "RegionId", "Name") values (15705, 1349, 'nekoski');
insert into "Cities"("Id", "RegionId", "Name") values (15706, 1349, 'Aarlahti');
insert into "Cities"("Id", "RegionId", "Name") values (15707, 1349, 'Aartuka');
insert into "Cities"("Id", "RegionId", "Name") values (15708, 1349, 'Aasla');
insert into "Cities"("Id", "RegionId", "Name") values (15709, 1349, 'bo');
insert into "Cities"("Id", "RegionId", "Name") values (15710, 1349, 'Ahlholm');
insert into "Cities"("Id", "RegionId", "Name") values (15711, 1349, 'Aho');
insert into "Cities"("Id", "RegionId", "Name") values (15712, 1349, 'Aijala');
insert into "Cities"("Id", "RegionId", "Name") values (15713, 1349, 'Alajrvi');
insert into "Cities"("Id", "RegionId", "Name") values (15714, 1349, 'Alastaro');
insert into "Cities"("Id", "RegionId", "Name") values (15715, 1349, 'Brnd');
insert into "Cities"("Id", "RegionId", "Name") values (15716, 1349, 'Etel-Vartsala');
insert into "Cities"("Id", "RegionId", "Name") values (15717, 1349, 'Eura');
insert into "Cities"("Id", "RegionId", "Name") values (15718, 1349, 'Haapamki');
insert into "Cities"("Id", "RegionId", "Name") values (15719, 1349, 'Haapasalo');
insert into "Cities"("Id", "RegionId", "Name") values (15720, 1349, 'Halikko');
insert into "Cities"("Id", "RegionId", "Name") values (15721, 1349, 'Helsinge');
insert into "Cities"("Id", "RegionId", "Name") values (15722, 1349, 'Helsinki');
insert into "Cities"("Id", "RegionId", "Name") values (15723, 1349, 'Huittinen');
insert into "Cities"("Id", "RegionId", "Name") values (15724, 1349, 'Jakobstad');
insert into "Cities"("Id", "RegionId", "Name") values (15725, 1349, 'Jms');
insert into "Cities"("Id", "RegionId", "Name") values (15726, 1349, 'Jeppo');
insert into "Cities"("Id", "RegionId", "Name") values (15727, 1349, 'Joensuu');
insert into "Cities"("Id", "RegionId", "Name") values (15728, 1349, 'Jokela');
insert into "Cities"("Id", "RegionId", "Name") values (15729, 1349, 'Juva');
insert into "Cities"("Id", "RegionId", "Name") values (15730, 1349, 'Jyvskyl');
insert into "Cities"("Id", "RegionId", "Name") values (15731, 1349, 'Jyvskyln Maalaiskunta');
insert into "Cities"("Id", "RegionId", "Name") values (15732, 1349, 'Kaarina');
insert into "Cities"("Id", "RegionId", "Name") values (15733, 1349, 'Kangasala');
insert into "Cities"("Id", "RegionId", "Name") values (15734, 1349, 'Kangasniemi');
insert into "Cities"("Id", "RegionId", "Name") values (15735, 1349, 'Kankaanp');
insert into "Cities"("Id", "RegionId", "Name") values (15736, 1349, 'Kauhajoki');
insert into "Cities"("Id", "RegionId", "Name") values (15737, 1349, 'Kauhava');
insert into "Cities"("Id", "RegionId", "Name") values (15738, 1349, 'Kaustinen');
insert into "Cities"("Id", "RegionId", "Name") values (15739, 1349, 'Keuruu');
insert into "Cities"("Id", "RegionId", "Name") values (15740, 1349, 'Kokemki');
insert into "Cities"("Id", "RegionId", "Name") values (15741, 1349, 'Kokkola');
insert into "Cities"("Id", "RegionId", "Name") values (15742, 1349, 'Kotka');
insert into "Cities"("Id", "RegionId", "Name") values (15743, 1349, 'Kouvala');
insert into "Cities"("Id", "RegionId", "Name") values (15744, 1349, 'Kouvola');
insert into "Cities"("Id", "RegionId", "Name") values (15745, 1349, 'Kovalanmki');
insert into "Cities"("Id", "RegionId", "Name") values (15746, 1349, 'Kristinestad');
insert into "Cities"("Id", "RegionId", "Name") values (15747, 1349, 'Kurejoki');
insert into "Cities"("Id", "RegionId", "Name") values (15748, 1349, 'Kurikka');
insert into "Cities"("Id", "RegionId", "Name") values (15749, 1349, 'Laasala');
insert into "Cities"("Id", "RegionId", "Name") values (15750, 1349, 'Lahti');
insert into "Cities"("Id", "RegionId", "Name") values (15751, 1349, 'Lahtinen');
insert into "Cities"("Id", "RegionId", "Name") values (15752, 1349, 'Lappajrvi');
insert into "Cities"("Id", "RegionId", "Name") values (15753, 1349, 'Lapua');
insert into "Cities"("Id", "RegionId", "Name") values (15754, 1349, 'Laukaa');
insert into "Cities"("Id", "RegionId", "Name") values (15755, 1349, 'Laupunen');
insert into "Cities"("Id", "RegionId", "Name") values (15756, 1349, 'Lieto');
insert into "Cities"("Id", "RegionId", "Name") values (15757, 1349, 'Loimaa');
insert into "Cities"("Id", "RegionId", "Name") values (15758, 1349, 'Maunula');
insert into "Cities"("Id", "RegionId", "Name") values (15759, 1349, 'Merikarvia');
insert into "Cities"("Id", "RegionId", "Name") values (15760, 1349, 'Naantali');
insert into "Cities"("Id", "RegionId", "Name") values (15761, 1349, 'Nrpes');
insert into "Cities"("Id", "RegionId", "Name") values (15762, 1349, 'Nyukarlebyu');
insert into "Cities"("Id", "RegionId", "Name") values (15763, 1349, 'Parkano');
insert into "Cities"("Id", "RegionId", "Name") values (15764, 1349, 'Pietarsaari');
insert into "Cities"("Id", "RegionId", "Name") values (15765, 1349, 'Pitkjrvi');
insert into "Cities"("Id", "RegionId", "Name") values (15766, 1349, 'Pori');
insert into "Cities"("Id", "RegionId", "Name") values (15767, 1349, 'Raisio');
insert into "Cities"("Id", "RegionId", "Name") values (15768, 1349, 'Ramsi');
insert into "Cities"("Id", "RegionId", "Name") values (15769, 1349, 'Rauma');
insert into "Cities"("Id", "RegionId", "Name") values (15770, 1349, 'Redamo');
insert into "Cities"("Id", "RegionId", "Name") values (15771, 1349, 'Riihikoski');
insert into "Cities"("Id", "RegionId", "Name") values (15772, 1349, 'Riihimki');
insert into "Cities"("Id", "RegionId", "Name") values (15773, 1349, 'Salo');
insert into "Cities"("Id", "RegionId", "Name") values (15774, 1349, 'Seinjoki');
insert into "Cities"("Id", "RegionId", "Name") values (15775, 1349, 'Somerniemi');
insert into "Cities"("Id", "RegionId", "Name") values (15776, 1349, 'Somero');
insert into "Cities"("Id", "RegionId", "Name") values (15777, 1349, 'Sydnmaa');
insert into "Cities"("Id", "RegionId", "Name") values (15778, 1349, 'Tammerfors');
insert into "Cities"("Id", "RegionId", "Name") values (15779, 1349, 'Tampere');
insert into "Cities"("Id", "RegionId", "Name") values (15780, 1349, 'Tourula');
insert into "Cities"("Id", "RegionId", "Name") values (15781, 1349, 'Turku');
insert into "Cities"("Id", "RegionId", "Name") values (15782, 1349, 'Tuuri');
insert into "Cities"("Id", "RegionId", "Name") values (15783, 1349, 'Urjala');
insert into "Cities"("Id", "RegionId", "Name") values (15784, 1349, 'Usikaupunki');
insert into "Cities"("Id", "RegionId", "Name") values (15785, 1349, 'Uusikaupunki');
insert into "Cities"("Id", "RegionId", "Name") values (15786, 1349, 'Vaasa');
insert into "Cities"("Id", "RegionId", "Name") values (15787, 1349, 'Valkeakoski');
insert into "Cities"("Id", "RegionId", "Name") values (15788, 1349, 'Vammala');
insert into "Cities"("Id", "RegionId", "Name") values (15789, 1349, 'Vasa');
insert into "Cities"("Id", "RegionId", "Name") values (15790, 1349, 'Vihtavuori');
insert into "Cities"("Id", "RegionId", "Name") values (15791, 1349, 'Virrat');
insert into "Cities"("Id", "RegionId", "Name") values (15792, 1349, 'Vista');
insert into "Cities"("Id", "RegionId", "Name") values (15793, 1349, 'Vuoskoski');
insert into "Cities"("Id", "RegionId", "Name") values (15794, 1349, 'Wasa');
insert into "Cities"("Id", "RegionId", "Name") values (15795, 1355, 'Alboussire');
insert into "Cities"("Id", "RegionId", "Name") values (15796, 1355, 'Aubenas');
insert into "Cities"("Id", "RegionId", "Name") values (15797, 1355, 'Beauvne');
insert into "Cities"("Id", "RegionId", "Name") values (15798, 1355, 'Chambonas');
insert into "Cities"("Id", "RegionId", "Name") values (15799, 1355, 'Joyeuse');
insert into "Cities"("Id", "RegionId", "Name") values (15800, 1355, 'La Voulte-sur-Rhne');
insert into "Cities"("Id", "RegionId", "Name") values (15801, 1355, 'Saint-Pray');
insert into "Cities"("Id", "RegionId", "Name") values (15802, 1447, 'Abrega');
insert into "Cities"("Id", "RegionId", "Name") values (15803, 1447, 'Materada');
insert into "Cities"("Id", "RegionId", "Name") values (15804, 1447, 'Opatija');
insert into "Cities"("Id", "RegionId", "Name") values (15805, 1447, 'Pazin');
insert into "Cities"("Id", "RegionId", "Name") values (15806, 1447, 'Porec');
insert into "Cities"("Id", "RegionId", "Name") values (15807, 1447, 'Rovinj');
insert into "Cities"("Id", "RegionId", "Name") values (15808, 1458, 'Бар');
insert into "Cities"("Id", "RegionId", "Name") values (15809, 1458, 'Будва');
insert into "Cities"("Id", "RegionId", "Name") values (15810, 1458, 'Колашин');
insert into "Cities"("Id", "RegionId", "Name") values (15811, 1458, 'Подгорица');
insert into "Cities"("Id", "RegionId", "Name") values (15812, 1458, 'Тиват');
insert into "Cities"("Id", "RegionId", "Name") values (15813, 1458, 'Херцег-Нови');
insert into "Cities"("Id", "RegionId", "Name") values (15814, 1458, 'Цетинье');
insert into "Regions"("Id", "CountryId", "Name") values (1459, 203, 'Hlavni Mesto Praha');
insert into "Regions"("Id", "CountryId", "Name") values (1460, 203, 'Jihocesky Kraj');
insert into "Regions"("Id", "CountryId", "Name") values (1461, 203, 'Jihomoravsky Kraj');
insert into "Regions"("Id", "CountryId", "Name") values (1462, 203, 'Karlovarsky Kraj');
insert into "Regions"("Id", "CountryId", "Name") values (1463, 203, 'Kralovehradecky Kraj');
insert into "Regions"("Id", "CountryId", "Name") values (1464, 203, 'Liberecky Kraj');
insert into "Regions"("Id", "CountryId", "Name") values (1465, 203, 'Moravskoslezsky Kraj');
insert into "Regions"("Id", "CountryId", "Name") values (1466, 203, 'None');
insert into "Regions"("Id", "CountryId", "Name") values (1467, 203, 'Olomoucky Kraj');
insert into "Regions"("Id", "CountryId", "Name") values (1468, 203, 'Pardubicky Kraj');
insert into "Regions"("Id", "CountryId", "Name") values (1469, 203, 'Plzensky Kraj');
insert into "Regions"("Id", "CountryId", "Name") values (1470, 203, 'Stredocesky Kraj');
insert into "Regions"("Id", "CountryId", "Name") values (1471, 203, 'Ustecky Kraj');
insert into "Regions"("Id", "CountryId", "Name") values (1472, 203, 'Vysocina');
insert into "Regions"("Id", "CountryId", "Name") values (1473, 203, 'Zlinsky Kraj');
insert into "Cities"("Id", "RegionId", "Name") values (15815, 1093, 'Abtei');
insert into "Cities"("Id", "RegionId", "Name") values (15816, 1093, 'Bia‚ogard');
insert into "Cities"("Id", "RegionId", "Name") values (15817, 1093, 'Borne');
insert into "Cities"("Id", "RegionId", "Name") values (15818, 1093, 'Kalisz Pomorski');
insert into "Cities"("Id", "RegionId", "Name") values (15819, 1093, 'Ko‚obrzeg');
insert into "Cities"("Id", "RegionId", "Name") values (15820, 1093, 'Kolberg');
insert into "Cities"("Id", "RegionId", "Name") values (15821, 1093, 'Koszalin');
insert into "Cities"("Id", "RegionId", "Name") values (15822, 1093, 'Plate');
insert into "Cities"("Id", "RegionId", "Name") values (15823, 1093, 'S‚ajsino');
insert into "Cities"("Id", "RegionId", "Name") values (15824, 1093, 'Stargard Szczecinski');
insert into "Cities"("Id", "RegionId", "Name") values (15825, 1093, 'Stettin');
insert into "Cities"("Id", "RegionId", "Name") values (15826, 1093, 'Swinioujscie');
insert into "Cities"("Id", "RegionId", "Name") values (15827, 1093, 'Swinoujscie');
insert into "Cities"("Id", "RegionId", "Name") values (15828, 1093, 'Szczecin');
insert into "Cities"("Id", "RegionId", "Name") values (15829, 1093, 'Szczecin Gumience');
insert into "Cities"("Id", "RegionId", "Name") values (15830, 1093, 'Szczecinek');
insert into "Cities"("Id", "RegionId", "Name") values (15831, 1093, 'Trzebiatw');
insert into "Cities"("Id", "RegionId", "Name") values (15832, 1292, 'Денизли');
insert into "Cities"("Id", "RegionId", "Name") values (15833, 1328, 'Ургенч');
insert into "Cities"("Id", "RegionId", "Name") values (15834, 1328, 'Хива');
insert into "Cities"("Id", "RegionId", "Name") values (15835, 1356, 'Aiglemont');
insert into "Cities"("Id", "RegionId", "Name") values (15836, 1356, 'Charleville-Mzires');
insert into "Cities"("Id", "RegionId", "Name") values (15837, 1356, 'Rethel');
insert into "Cities"("Id", "RegionId", "Name") values (15838, 1356, 'Sedan');
insert into "Cities"("Id", "RegionId", "Name") values (15839, 1448, 'Karlovac');
insert into "Cities"("Id", "RegionId", "Name") values (15840, 1459, 'Praha');
insert into "Regions"("Id", "CountryId", "Name") values (1474, 204, 'Aisn del General Carlos Ibnez del Campo');
insert into "Regions"("Id", "CountryId", "Name") values (1475, 204, 'Antofagasta');
insert into "Regions"("Id", "CountryId", "Name") values (1476, 204, 'Araucana');
insert into "Regions"("Id", "CountryId", "Name") values (1477, 204, 'Atacama');
insert into "Regions"("Id", "CountryId", "Name") values (1478, 204, 'Bo-Bo');
insert into "Regions"("Id", "CountryId", "Name") values (1479, 204, 'Coquimbo');
insert into "Regions"("Id", "CountryId", "Name") values (1480, 204, 'Libertador General Bernardo O''''Higgins');
insert into "Regions"("Id", "CountryId", "Name") values (1481, 204, 'Los Lagos');
insert into "Regions"("Id", "CountryId", "Name") values (1482, 204, 'Magallanes y de la Antrtica Chilena');
insert into "Regions"("Id", "CountryId", "Name") values (1483, 204, 'Maule');
insert into "Regions"("Id", "CountryId", "Name") values (1484, 204, 'Region Metropolitana');
insert into "Regions"("Id", "CountryId", "Name") values (1485, 204, 'Tarapac');
insert into "Regions"("Id", "CountryId", "Name") values (1486, 204, 'Valparaso');
insert into "Cities"("Id", "RegionId", "Name") values (15841, 1094, 'Dub');
insert into "Cities"("Id", "RegionId", "Name") values (15842, 1094, 'Tomaszw Lubelski');
insert into "Cities"("Id", "RegionId", "Name") values (15843, 1094, 'Zamosc');
insert into "Cities"("Id", "RegionId", "Name") values (15844, 1293, 'Измир');
insert into "Cities"("Id", "RegionId", "Name") values (15845, 1357, 'Aigues-Vives');
insert into "Cities"("Id", "RegionId", "Name") values (15846, 1357, 'Albis');
insert into "Cities"("Id", "RegionId", "Name") values (15847, 1357, 'Allires');
insert into "Cities"("Id", "RegionId", "Name") values (15848, 1357, 'Saverdun');
insert into "Cities"("Id", "RegionId", "Name") values (15849, 1357, 'Sem');
insert into "Cities"("Id", "RegionId", "Name") values (15850, 1449, 'Cakovec');
insert into "Cities"("Id", "RegionId", "Name") values (15851, 1449, 'Nedelisce');
insert into "Cities"("Id", "RegionId", "Name") values (15852, 1460, 'Bhmisch Budweis');
insert into "Cities"("Id", "RegionId", "Name") values (15853, 1460, 'Budejovice');
insert into "Cities"("Id", "RegionId", "Name") values (15854, 1460, 'Budweis');
insert into "Cities"("Id", "RegionId", "Name") values (15855, 1460, 'Ceske Budejovice');
insert into "Cities"("Id", "RegionId", "Name") values (15856, 1460, 'Ceske Krumlov');
insert into "Cities"("Id", "RegionId", "Name") values (15857, 1460, 'Cesky Krumlov');
insert into "Cities"("Id", "RegionId", "Name") values (15858, 1460, 'Krummau');
insert into "Cities"("Id", "RegionId", "Name") values (15859, 1460, 'Psek');
insert into "Cities"("Id", "RegionId", "Name") values (15860, 1460, 'Prachatice');
insert into "Cities"("Id", "RegionId", "Name") values (15861, 1460, 'Prachatitz');
insert into "Cities"("Id", "RegionId", "Name") values (15862, 1460, 'Strakonice');
insert into "Cities"("Id", "RegionId", "Name") values (15863, 1460, 'Tbor');
insert into "Cities"("Id", "RegionId", "Name") values (15864, 1474, 'Coihaique');
insert into "Cities"("Id", "RegionId", "Name") values (15865, 1474, 'Coyhaique');
insert into "Regions"("Id", "CountryId", "Name") values (1487, 205, 'Aargau');
insert into "Regions"("Id", "CountryId", "Name") values (1488, 205, 'Appenzell Ausserrhoden');
insert into "Regions"("Id", "CountryId", "Name") values (1489, 205, 'Appenzell Innerrhoden');
insert into "Regions"("Id", "CountryId", "Name") values (1490, 205, 'Basel-Landschaft');
insert into "Regions"("Id", "CountryId", "Name") values (1491, 205, 'Basel-Stadt');
insert into "Regions"("Id", "CountryId", "Name") values (1492, 205, 'Bern');
insert into "Regions"("Id", "CountryId", "Name") values (1493, 205, 'Fribourg');
insert into "Regions"("Id", "CountryId", "Name") values (1494, 205, 'Genve');
insert into "Regions"("Id", "CountryId", "Name") values (1495, 205, 'Glarus');
insert into "Regions"("Id", "CountryId", "Name") values (1496, 205, 'Graubnden');
insert into "Regions"("Id", "CountryId", "Name") values (1497, 205, 'Jura');
insert into "Regions"("Id", "CountryId", "Name") values (1498, 205, 'Luzern');
insert into "Regions"("Id", "CountryId", "Name") values (1499, 205, 'Neuchtel');
insert into "Regions"("Id", "CountryId", "Name") values (1500, 205, 'Idwalden');
insert into "Regions"("Id", "CountryId", "Name") values (1501, 205, 'Obwalden');
insert into "Regions"("Id", "CountryId", "Name") values (1502, 205, 'Sankt Gallen');
insert into "Regions"("Id", "CountryId", "Name") values (1503, 205, 'Schaffhausen');
insert into "Regions"("Id", "CountryId", "Name") values (1504, 205, 'Schwyz');
insert into "Regions"("Id", "CountryId", "Name") values (1505, 205, 'Solothurn');
insert into "Regions"("Id", "CountryId", "Name") values (1506, 205, 'Thurgau');
insert into "Regions"("Id", "CountryId", "Name") values (1507, 205, 'Ticino');
insert into "Regions"("Id", "CountryId", "Name") values (1508, 205, 'Uri');
insert into "Regions"("Id", "CountryId", "Name") values (1509, 205, 'Valais');
insert into "Regions"("Id", "CountryId", "Name") values (1510, 205, 'Vaud');
insert into "Regions"("Id", "CountryId", "Name") values (1511, 205, 'Zug');
insert into "Regions"("Id", "CountryId", "Name") values (1512, 205, 'Zrich');
insert into "Cities"("Id", "RegionId", "Name") values (15866, 1095, 'Gubin');
insert into "Cities"("Id", "RegionId", "Name") values (15867, 1095, 'Krosno Odrzanskie');
insert into "Cities"("Id", "RegionId", "Name") values (15868, 1095, 'Sulechw');
insert into "Cities"("Id", "RegionId", "Name") values (15869, 1095, 'Zagan');
insert into "Cities"("Id", "RegionId", "Name") values (15870, 1095, 'Zary');
insert into "Cities"("Id", "RegionId", "Name") values (15871, 1294, 'Испарта');
insert into "Cities"("Id", "RegionId", "Name") values (15872, 1358, 'Ailleville');
insert into "Cities"("Id", "RegionId", "Name") values (15873, 1358, 'Amance');
insert into "Cities"("Id", "RegionId", "Name") values (15874, 1358, 'Arsonval');
insert into "Cities"("Id", "RegionId", "Name") values (15875, 1358, 'Bar-sur-Seine');
insert into "Cities"("Id", "RegionId", "Name") values (15876, 1358, 'Mry-sur-Seine');
insert into "Cities"("Id", "RegionId", "Name") values (15877, 1358, 'Troyes');
insert into "Cities"("Id", "RegionId", "Name") values (15878, 1450, 'Pula');
insert into "Cities"("Id", "RegionId", "Name") values (15879, 1461, 'Berno');
insert into "Cities"("Id", "RegionId", "Name") values (15880, 1461, 'Blansko');
insert into "Cities"("Id", "RegionId", "Name") values (15881, 1461, 'Breclav');
insert into "Cities"("Id", "RegionId", "Name") values (15882, 1461, 'Brno');
insert into "Cities"("Id", "RegionId", "Name") values (15883, 1461, 'Brnn');
insert into "Cities"("Id", "RegionId", "Name") values (15884, 1461, 'Hodonn');
insert into "Cities"("Id", "RegionId", "Name") values (15885, 1461, 'Vyskov');
insert into "Cities"("Id", "RegionId", "Name") values (15886, 1461, 'Znojmo');
insert into "Cities"("Id", "RegionId", "Name") values (15887, 1475, 'Antofagasta');
insert into "Cities"("Id", "RegionId", "Name") values (15888, 1487, 'Aarau');
insert into "Cities"("Id", "RegionId", "Name") values (15889, 1487, 'Aarburg');
insert into "Cities"("Id", "RegionId", "Name") values (15890, 1487, 'Baden');
insert into "Cities"("Id", "RegionId", "Name") values (15891, 1487, 'Birr');
insert into "Cities"("Id", "RegionId", "Name") values (15892, 1487, 'Dttingen');
insert into "Cities"("Id", "RegionId", "Name") values (15893, 1487, 'Frick');
insert into "Cities"("Id", "RegionId", "Name") values (15894, 1487, 'Kaiseraugst');
insert into "Cities"("Id", "RegionId", "Name") values (15895, 1487, 'Lenzburg');
insert into "Cities"("Id", "RegionId", "Name") values (15896, 1487, 'Mellingen');
insert into "Cities"("Id", "RegionId", "Name") values (15897, 1487, 'Menziken');
insert into "Cities"("Id", "RegionId", "Name") values (15898, 1487, 'Merenschwand');
insert into "Cities"("Id", "RegionId", "Name") values (15899, 1487, 'Mumpf');
insert into "Cities"("Id", "RegionId", "Name") values (15900, 1487, 'Niederlenz');
insert into "Cities"("Id", "RegionId", "Name") values (15901, 1487, 'Oberentfelden');
insert into "Cities"("Id", "RegionId", "Name") values (15902, 1487, 'Oberrti');
insert into "Cities"("Id", "RegionId", "Name") values (15903, 1487, 'Rheinfelden');
insert into "Cities"("Id", "RegionId", "Name") values (15904, 1487, 'Seengen');
insert into "Cities"("Id", "RegionId", "Name") values (15905, 1487, 'Sins');
insert into "Cities"("Id", "RegionId", "Name") values (15906, 1487, 'Stilli');
insert into "Cities"("Id", "RegionId", "Name") values (15907, 1487, 'Suhr');
insert into "Cities"("Id", "RegionId", "Name") values (15908, 1487, 'Turgi');
insert into "Cities"("Id", "RegionId", "Name") values (15909, 1487, 'Villmergen');
insert into "Cities"("Id", "RegionId", "Name") values (15910, 1487, 'Wettingen');
insert into "Cities"("Id", "RegionId", "Name") values (15911, 1487, 'Wrenlingen');
insert into "Cities"("Id", "RegionId", "Name") values (15912, 1487, 'Zofingen');
insert into "Regions"("Id", "CountryId", "Name") values (1513, 206, 'Blekinge Lan');
insert into "Regions"("Id", "CountryId", "Name") values (1514, 206, 'Dalarnas Lan');
insert into "Regions"("Id", "CountryId", "Name") values (1515, 206, 'Gavleborgs Lan');
insert into "Regions"("Id", "CountryId", "Name") values (1516, 206, 'Gotlands Lan');
insert into "Regions"("Id", "CountryId", "Name") values (1517, 206, 'Hallands Lan');
insert into "Regions"("Id", "CountryId", "Name") values (1518, 206, 'Jamtlands Lan');
insert into "Regions"("Id", "CountryId", "Name") values (1519, 206, 'Jonkopings Lan');
insert into "Regions"("Id", "CountryId", "Name") values (1520, 206, 'Kalmar Lan');
insert into "Regions"("Id", "CountryId", "Name") values (1521, 206, 'Kronobergs Lan');
insert into "Regions"("Id", "CountryId", "Name") values (1522, 206, 'None');
insert into "Regions"("Id", "CountryId", "Name") values (1523, 206, 'Norrbottens Lan');
insert into "Regions"("Id", "CountryId", "Name") values (1524, 206, 'Orebro Lan');
insert into "Regions"("Id", "CountryId", "Name") values (1525, 206, 'Ostergotlands Lan');
insert into "Regions"("Id", "CountryId", "Name") values (1526, 206, 'Skane Lan');
insert into "Regions"("Id", "CountryId", "Name") values (1527, 206, 'Sodermanlands Lan');
insert into "Regions"("Id", "CountryId", "Name") values (1528, 206, 'Stockholms Lan');
insert into "Regions"("Id", "CountryId", "Name") values (1529, 206, 'Uppsala Lan');
insert into "Regions"("Id", "CountryId", "Name") values (1530, 206, 'Varmlands Lan');
insert into "Regions"("Id", "CountryId", "Name") values (1531, 206, 'Vasterbottens Lan');
insert into "Regions"("Id", "CountryId", "Name") values (1532, 206, 'Vasternorrlands Lan');
insert into "Regions"("Id", "CountryId", "Name") values (1533, 206, 'Vastmanlands Lan');
insert into "Regions"("Id", "CountryId", "Name") values (1534, 206, 'Vastra Gotaland');
insert into "Cities"("Id", "RegionId", "Name") values (15913, 1295, 'Мерсин');
insert into "Cities"("Id", "RegionId", "Name") values (15914, 1359, 'Ajac');
insert into "Cities"("Id", "RegionId", "Name") values (15915, 1359, 'Azille');
insert into "Cities"("Id", "RegionId", "Name") values (15916, 1359, 'Carcassonne');
insert into "Cities"("Id", "RegionId", "Name") values (15917, 1359, 'Castelnaudary');
insert into "Cities"("Id", "RegionId", "Name") values (15918, 1359, 'Fa');
insert into "Cities"("Id", "RegionId", "Name") values (15919, 1359, 'Fabrezan');
insert into "Cities"("Id", "RegionId", "Name") values (15920, 1359, 'Lzignan-Corbires');
insert into "Cities"("Id", "RegionId", "Name") values (15921, 1359, 'Limoux');
insert into "Cities"("Id", "RegionId", "Name") values (15922, 1359, 'Luc-sur-Orbieu');
insert into "Cities"("Id", "RegionId", "Name") values (15923, 1359, 'Narbonne');
insert into "Cities"("Id", "RegionId", "Name") values (15924, 1359, 'Narbonne-Plage');
insert into "Cities"("Id", "RegionId", "Name") values (15925, 1359, 'Villelongue-d''''Aude');
insert into "Cities"("Id", "RegionId", "Name") values (15926, 1451, 'Barusic');
insert into "Cities"("Id", "RegionId", "Name") values (15927, 1451, 'Opatija');
insert into "Cities"("Id", "RegionId", "Name") values (15928, 1451, 'Rijeka');
insert into "Cities"("Id", "RegionId", "Name") values (15929, 1462, 'Carlsbad');
insert into "Cities"("Id", "RegionId", "Name") values (15930, 1462, 'Cheb');
insert into "Cities"("Id", "RegionId", "Name") values (15931, 1462, 'Eger');
insert into "Cities"("Id", "RegionId", "Name") values (15932, 1462, 'Falkenau');
insert into "Cities"("Id", "RegionId", "Name") values (15933, 1462, 'Falknov');
insert into "Cities"("Id", "RegionId", "Name") values (15934, 1462, 'Karl Vary');
insert into "Cities"("Id", "RegionId", "Name") values (15935, 1462, 'Karlovy Vary');
insert into "Cities"("Id", "RegionId", "Name") values (15936, 1462, 'Karlsbad');
insert into "Cities"("Id", "RegionId", "Name") values (15937, 1462, 'Sokolov');
insert into "Cities"("Id", "RegionId", "Name") values (15938, 1462, 'Sokolov nad Ohri');
insert into "Cities"("Id", "RegionId", "Name") values (15939, 1476, 'Pucn');
insert into "Cities"("Id", "RegionId", "Name") values (15940, 1476, 'Temuco');
insert into "Cities"("Id", "RegionId", "Name") values (15941, 1488, 'Gais');
insert into "Cities"("Id", "RegionId", "Name") values (15942, 1488, 'HIden');
insert into "Cities"("Id", "RegionId", "Name") values (15943, 1488, 'Herisau');
insert into "Cities"("Id", "RegionId", "Name") values (15944, 1488, 'Zrchersmhle');
insert into "Cities"("Id", "RegionId", "Name") values (15945, 1513, 'Abborremla');
insert into "Cities"("Id", "RegionId", "Name") values (15946, 1513, 'lmtamla');
insert into "Cities"("Id", "RegionId", "Name") values (15947, 1513, 'Asarum');
insert into "Cities"("Id", "RegionId", "Name") values (15948, 1513, 'Backaryd');
insert into "Cities"("Id", "RegionId", "Name") values (15949, 1513, 'Karlshamn');
insert into "Cities"("Id", "RegionId", "Name") values (15950, 1513, 'Karlskrona');
insert into "Cities"("Id", "RegionId", "Name") values (15951, 1513, 'Kylinge');
insert into "Cities"("Id", "RegionId", "Name") values (15952, 1513, 'Olofstrm');
insert into "Cities"("Id", "RegionId", "Name") values (15953, 1513, 'Rdeby');
insert into "Cities"("Id", "RegionId", "Name") values (15954, 1513, 'Ronneby');
insert into "Cities"("Id", "RegionId", "Name") values (15955, 1513, 'Slvesborg');
insert into "Regions"("Id", "CountryId", "Name") values (1535, 207, 'Шри-Ланка');
insert into "Cities"("Id", "RegionId", "Name") values (15956, 1296, 'Кэйсери');
insert into "Cities"("Id", "RegionId", "Name") values (15957, 1360, 'Agen-d''''Aveyron');
insert into "Cities"("Id", "RegionId", "Name") values (15958, 1360, 'Auriac-Lagast');
insert into "Cities"("Id", "RegionId", "Name") values (15959, 1360, 'Bozouls');
insert into "Cities"("Id", "RegionId", "Name") values (15960, 1360, 'Brandonnet');
insert into "Cities"("Id", "RegionId", "Name") values (15961, 1360, 'Brommat');
insert into "Cities"("Id", "RegionId", "Name") values (15962, 1360, 'Curan');
insert into "Cities"("Id", "RegionId", "Name") values (15963, 1360, 'Nant');
insert into "Cities"("Id", "RegionId", "Name") values (15964, 1360, 'Rodez');
insert into "Cities"("Id", "RegionId", "Name") values (15965, 1360, 'Saint-Beaulize');
insert into "Cities"("Id", "RegionId", "Name") values (15966, 1452, 'Sebenico');
insert into "Cities"("Id", "RegionId", "Name") values (15967, 1452, 'Sibenik');
insert into "Cities"("Id", "RegionId", "Name") values (15968, 1463, 'Gradets Kralove');
insert into "Cities"("Id", "RegionId", "Name") values (15969, 1463, 'Hradec Krlov');
insert into "Cities"("Id", "RegionId", "Name") values (15970, 1463, 'Jicin');
insert into "Cities"("Id", "RegionId", "Name") values (15971, 1463, 'Nchod');
insert into "Cities"("Id", "RegionId", "Name") values (15972, 1463, 'Reichenau');
insert into "Cities"("Id", "RegionId", "Name") values (15973, 1463, 'Rychnov nad Kneznou');
insert into "Cities"("Id", "RegionId", "Name") values (15974, 1463, 'Trutnov');
insert into "Cities"("Id", "RegionId", "Name") values (15975, 1477, 'Copiap');
insert into "Cities"("Id", "RegionId", "Name") values (15976, 1489, 'Appenzell');
insert into "Cities"("Id", "RegionId", "Name") values (15977, 1489, 'Gonten');
insert into "Cities"("Id", "RegionId", "Name") values (15978, 1514, 'Avesta');
insert into "Cities"("Id", "RegionId", "Name") values (15979, 1514, 'Bodarna');
insert into "Cities"("Id", "RegionId", "Name") values (15980, 1514, 'Borlnge');
insert into "Cities"("Id", "RegionId", "Name") values (15981, 1514, 'Falun');
insert into "Cities"("Id", "RegionId", "Name") values (15982, 1514, 'Gagnef');
insert into "Cities"("Id", "RegionId", "Name") values (15983, 1514, 'Grngesberg');
insert into "Cities"("Id", "RegionId", "Name") values (15984, 1514, 'Hedemora');
insert into "Cities"("Id", "RegionId", "Name") values (15985, 1514, 'Hkberget');
insert into "Cities"("Id", "RegionId", "Name") values (15986, 1514, 'Ludvika');
insert into "Cities"("Id", "RegionId", "Name") values (15987, 1514, 'Mora-Noret');
insert into "Cities"("Id", "RegionId", "Name") values (15988, 1535, 'Коломбо');
insert into "Regions"("Id", "CountryId", "Name") values (1536, 208, 'Azuay');
insert into "Regions"("Id", "CountryId", "Name") values (1537, 208, 'Bolvar');
insert into "Regions"("Id", "CountryId", "Name") values (1538, 208, 'Chimborazo');
insert into "Regions"("Id", "CountryId", "Name") values (1539, 208, 'El Oro');
insert into "Regions"("Id", "CountryId", "Name") values (1540, 208, 'Galpagos');
insert into "Regions"("Id", "CountryId", "Name") values (1541, 208, 'Guayas');
insert into "Regions"("Id", "CountryId", "Name") values (1542, 208, 'Imbabura');
insert into "Regions"("Id", "CountryId", "Name") values (1543, 208, 'Loja');
insert into "Regions"("Id", "CountryId", "Name") values (1544, 208, 'Manab');
insert into "Regions"("Id", "CountryId", "Name") values (1545, 208, 'Napo');
insert into "Regions"("Id", "CountryId", "Name") values (1546, 208, 'Pastaza');
insert into "Regions"("Id", "CountryId", "Name") values (1547, 208, 'Pichincha');
insert into "Regions"("Id", "CountryId", "Name") values (1548, 208, 'Tungurahua');
insert into "Cities"("Id", "RegionId", "Name") values (15989, 1297, 'Карс');
insert into "Cities"("Id", "RegionId", "Name") values (15990, 1361, 'Achenheim');
insert into "Cities"("Id", "RegionId", "Name") values (15991, 1361, 'Allenwiller');
insert into "Cities"("Id", "RegionId", "Name") values (15992, 1361, 'Altenheim');
insert into "Cities"("Id", "RegionId", "Name") values (15993, 1361, 'Barr');
insert into "Cities"("Id", "RegionId", "Name") values (15994, 1361, 'Illkirch-Graffenstaden');
insert into "Cities"("Id", "RegionId", "Name") values (15995, 1361, 'Niederbronn-les-Bains');
insert into "Cities"("Id", "RegionId", "Name") values (15996, 1361, 'Russ');
insert into "Cities"("Id", "RegionId", "Name") values (15997, 1361, 'Saverne');
insert into "Cities"("Id", "RegionId", "Name") values (15998, 1361, 'Schiltigheim');
insert into "Cities"("Id", "RegionId", "Name") values (15999, 1361, 'Slestat');
insert into "Cities"("Id", "RegionId", "Name") values (16000, 1361, 'Strasbourg');
insert into "Cities"("Id", "RegionId", "Name") values (16001, 1361, 'Wintzenbach');
insert into "Cities"("Id", "RegionId", "Name") values (16002, 1453, 'Cesko Selo');
insert into "Cities"("Id", "RegionId", "Name") values (16003, 1453, 'Sisak');
insert into "Cities"("Id", "RegionId", "Name") values (16004, 1464, 'Ceska Lipa');
insert into "Cities"("Id", "RegionId", "Name") values (16005, 1464, 'Jablonec');
insert into "Cities"("Id", "RegionId", "Name") values (16006, 1464, 'Jablonec nad Nisou');
insert into "Cities"("Id", "RegionId", "Name") values (16007, 1464, 'Liberec');
insert into "Cities"("Id", "RegionId", "Name") values (16008, 1464, 'Lipa');
insert into "Cities"("Id", "RegionId", "Name") values (16009, 1464, 'Reichenberg');
insert into "Cities"("Id", "RegionId", "Name") values (16010, 1464, 'Semily');
insert into "Cities"("Id", "RegionId", "Name") values (16011, 1478, 'Boca Bo-Bo');
insert into "Cities"("Id", "RegionId", "Name") values (16012, 1478, 'Cabrero');
insert into "Cities"("Id", "RegionId", "Name") values (16013, 1478, 'Cajn de Mela');
insert into "Cities"("Id", "RegionId", "Name") values (16014, 1478, 'Callaqui');
insert into "Cities"("Id", "RegionId", "Name") values (16015, 1478, 'Chilln');
insert into "Cities"("Id", "RegionId", "Name") values (16016, 1478, 'Ciudad de Concepcion');
insert into "Cities"("Id", "RegionId", "Name") values (16017, 1478, 'Concepcin');
insert into "Cities"("Id", "RegionId", "Name") values (16018, 1478, 'Lota Alto');
insert into "Cities"("Id", "RegionId", "Name") values (16019, 1478, 'Quirihue');
insert into "Cities"("Id", "RegionId", "Name") values (16020, 1490, 'Allschwil');
insert into "Cities"("Id", "RegionId", "Name") values (16021, 1490, 'Arisdorf');
insert into "Cities"("Id", "RegionId", "Name") values (16022, 1490, 'Arlesheim');
insert into "Cities"("Id", "RegionId", "Name") values (16023, 1490, 'Binningen');
insert into "Cities"("Id", "RegionId", "Name") values (16024, 1490, 'Ettingen');
insert into "Cities"("Id", "RegionId", "Name") values (16025, 1490, 'Frenkendorf');
insert into "Cities"("Id", "RegionId", "Name") values (16026, 1490, 'Laufen');
insert into "Cities"("Id", "RegionId", "Name") values (16027, 1490, 'Liestal');
insert into "Cities"("Id", "RegionId", "Name") values (16028, 1490, 'Mnchenstein');
insert into "Cities"("Id", "RegionId", "Name") values (16029, 1490, 'Muttenz');
insert into "Cities"("Id", "RegionId", "Name") values (16030, 1490, 'Sissach');
insert into "Cities"("Id", "RegionId", "Name") values (16031, 1515, 'Bollns');
insert into "Cities"("Id", "RegionId", "Name") values (16032, 1515, 'Delsbo');
insert into "Cities"("Id", "RegionId", "Name") values (16033, 1515, 'Gfle');
insert into "Cities"("Id", "RegionId", "Name") values (16034, 1515, 'Gvle');
insert into "Cities"("Id", "RegionId", "Name") values (16035, 1515, 'Hudiksvall');
insert into "Cities"("Id", "RegionId", "Name") values (16036, 1515, 'Ljusdal');
insert into "Cities"("Id", "RegionId", "Name") values (16037, 1515, 'Sandviken');
insert into "Cities"("Id", "RegionId", "Name") values (16038, 1515, 'Sderhamn');
insert into "Cities"("Id", "RegionId", "Name") values (16039, 1515, 'Valbo');
insert into "Cities"("Id", "RegionId", "Name") values (16040, 1536, 'Cuenca');
insert into "Regions"("Id", "CountryId", "Name") values (1549, 209, 'Малабо');
insert into "Cities"("Id", "RegionId", "Name") values (16041, 1298, 'Измит');
insert into "Cities"("Id", "RegionId", "Name") values (16042, 1298, 'Кокели');
insert into "Cities"("Id", "RegionId", "Name") values (16043, 1362, 'Aix-en-Provence');
insert into "Cities"("Id", "RegionId", "Name") values (16044, 1362, 'Arles');
insert into "Cities"("Id", "RegionId", "Name") values (16045, 1362, 'Aubagne');
insert into "Cities"("Id", "RegionId", "Name") values (16046, 1362, 'Belcodne');
insert into "Cities"("Id", "RegionId", "Name") values (16047, 1362, 'Bouc-Bel-Air');
insert into "Cities"("Id", "RegionId", "Name") values (16048, 1362, 'Carry-le-Rouet');
insert into "Cities"("Id", "RegionId", "Name") values (16049, 1362, 'Marseille');
insert into "Cities"("Id", "RegionId", "Name") values (16050, 1362, 'Martigues');
insert into "Cities"("Id", "RegionId", "Name") values (16051, 1362, 'Saint-Paul-lez-Durance');
insert into "Cities"("Id", "RegionId", "Name") values (16052, 1362, 'Salon-de-Provence');
insert into "Cities"("Id", "RegionId", "Name") values (16053, 1362, 'Tarascon');
insert into "Cities"("Id", "RegionId", "Name") values (16054, 1454, 'Spalato');
insert into "Cities"("Id", "RegionId", "Name") values (16055, 1454, 'Split');
insert into "Cities"("Id", "RegionId", "Name") values (16056, 1465, 'Bruntl');
insert into "Cities"("Id", "RegionId", "Name") values (16057, 1465, 'Freistadt');
insert into "Cities"("Id", "RegionId", "Name") values (16058, 1465, 'Frdek-Mstek');
insert into "Cities"("Id", "RegionId", "Name") values (16059, 1465, 'Karvin');
insert into "Cities"("Id", "RegionId", "Name") values (16060, 1465, 'Novy Jicin');
insert into "Cities"("Id", "RegionId", "Name") values (16061, 1465, 'Opava');
insert into "Cities"("Id", "RegionId", "Name") values (16062, 1465, 'Ostrava');
insert into "Cities"("Id", "RegionId", "Name") values (16063, 1479, 'Algarrobo');
insert into "Cities"("Id", "RegionId", "Name") values (16064, 1479, 'Illapel');
insert into "Cities"("Id", "RegionId", "Name") values (16065, 1479, 'La Serena');
insert into "Cities"("Id", "RegionId", "Name") values (16066, 1479, 'Ovalle');
insert into "Cities"("Id", "RegionId", "Name") values (16067, 1479, 'Vicua');
insert into "Cities"("Id", "RegionId", "Name") values (16068, 1491, 'Basel');
insert into "Cities"("Id", "RegionId", "Name") values (16069, 1491, 'Bettingen');
insert into "Cities"("Id", "RegionId", "Name") values (16070, 1516, 'Alby');
insert into "Cities"("Id", "RegionId", "Name") values (16071, 1516, 'Roma');
insert into "Cities"("Id", "RegionId", "Name") values (16072, 1516, 'Visby');
insert into "Cities"("Id", "RegionId", "Name") values (16073, 1537, 'Asuncin');
insert into "Cities"("Id", "RegionId", "Name") values (16074, 1537, 'Bilovn');
insert into "Cities"("Id", "RegionId", "Name") values (16075, 1549, 'Малабо');
insert into "Regions"("Id", "CountryId", "Name") values (1550, 210, 'Эритрея');
insert into "Cities"("Id", "RegionId", "Name") values (16076, 1299, 'Кониа');
insert into "Cities"("Id", "RegionId", "Name") values (16077, 1363, 'Ablon');
insert into "Cities"("Id", "RegionId", "Name") values (16078, 1363, 'Anisy');
insert into "Cities"("Id", "RegionId", "Name") values (16079, 1363, 'Caen');
insert into "Cities"("Id", "RegionId", "Name") values (16080, 1363, 'Canon');
insert into "Cities"("Id", "RegionId", "Name") values (16081, 1363, 'Deauville');
insert into "Cities"("Id", "RegionId", "Name") values (16082, 1363, 'Douville-en-Auge');
insert into "Cities"("Id", "RegionId", "Name") values (16083, 1455, 'Varazdin');
insert into "Cities"("Id", "RegionId", "Name") values (16084, 1466, 'Abaschin');
insert into "Cities"("Id", "RegionId", "Name") values (16085, 1466, 'Adlerova Hut');
insert into "Cities"("Id", "RegionId", "Name") values (16086, 1466, 'Brno-Kralovo');
insert into "Cities"("Id", "RegionId", "Name") values (16087, 1466, 'Filz');
insert into "Cities"("Id", "RegionId", "Name") values (16088, 1466, 'Jablonn nad Orlic');
insert into "Cities"("Id", "RegionId", "Name") values (16089, 1466, 'Kladno');
insert into "Cities"("Id", "RegionId", "Name") values (16090, 1466, 'Krupka');
insert into "Cities"("Id", "RegionId", "Name") values (16091, 1466, 'Mal Skla');
insert into "Cities"("Id", "RegionId", "Name") values (16092, 1466, 'Prague-Vinohrady');
insert into "Cities"("Id", "RegionId", "Name") values (16093, 1466, 'Pretin');
insert into "Cities"("Id", "RegionId", "Name") values (16094, 1466, 'Raabe');
insert into "Cities"("Id", "RegionId", "Name") values (16095, 1466, 'Vsebor');
insert into "Cities"("Id", "RegionId", "Name") values (16096, 1480, 'Codegua');
insert into "Cities"("Id", "RegionId", "Name") values (16097, 1480, 'Isla del Guindo');
insert into "Cities"("Id", "RegionId", "Name") values (16098, 1480, 'Peumo');
insert into "Cities"("Id", "RegionId", "Name") values (16099, 1480, 'Rancagua');
insert into "Cities"("Id", "RegionId", "Name") values (16100, 1480, 'San Vicente de Taguatagua');
insert into "Cities"("Id", "RegionId", "Name") values (16101, 1492, 'Arch');
insert into "Cities"("Id", "RegionId", "Name") values (16102, 1492, 'Bellelay');
insert into "Cities"("Id", "RegionId", "Name") values (16103, 1492, 'Belp');
insert into "Cities"("Id", "RegionId", "Name") values (16104, 1492, 'Bern');
insert into "Cities"("Id", "RegionId", "Name") values (16105, 1492, 'Biglen');
insert into "Cities"("Id", "RegionId", "Name") values (16106, 1492, 'Boll');
insert into "Cities"("Id", "RegionId", "Name") values (16107, 1492, 'Brienzwiler');
insert into "Cities"("Id", "RegionId", "Name") values (16108, 1492, 'Corgmont');
insert into "Cities"("Id", "RegionId", "Name") values (16109, 1492, 'Heimenschwand');
insert into "Cities"("Id", "RegionId", "Name") values (16110, 1492, 'Herzogenbuchsee');
insert into "Cities"("Id", "RegionId", "Name") values (16111, 1492, 'Huttwil');
insert into "Cities"("Id", "RegionId", "Name") values (16112, 1492, 'Interlaken');
insert into "Cities"("Id", "RegionId", "Name") values (16113, 1492, 'Langenthal');
insert into "Cities"("Id", "RegionId", "Name") values (16114, 1492, 'Lotzwil');
insert into "Cities"("Id", "RegionId", "Name") values (16115, 1492, 'Lyss');
insert into "Cities"("Id", "RegionId", "Name") values (16116, 1492, 'Mrigen');
insert into "Cities"("Id", "RegionId", "Name") values (16117, 1492, 'Idau');
insert into "Cities"("Id", "RegionId", "Name") values (16118, 1492, 'Steffisburg');
insert into "Cities"("Id", "RegionId", "Name") values (16119, 1492, 'Thun');
insert into "Cities"("Id", "RegionId", "Name") values (16120, 1492, 'Uttigen');
insert into "Cities"("Id", "RegionId", "Name") values (16121, 1492, 'Zweiltschinen');
insert into "Cities"("Id", "RegionId", "Name") values (16122, 1517, 'Abild');
insert into "Cities"("Id", "RegionId", "Name") values (16123, 1517, 'ker');
insert into "Cities"("Id", "RegionId", "Name") values (16124, 1517, 'Allared');
insert into "Cities"("Id", "RegionId", "Name") values (16125, 1517, 'Falkenberg');
insert into "Cities"("Id", "RegionId", "Name") values (16126, 1517, 'Halmstad');
insert into "Cities"("Id", "RegionId", "Name") values (16127, 1517, 'Hyltebruk');
insert into "Cities"("Id", "RegionId", "Name") values (16128, 1517, 'Kpinge');
insert into "Cities"("Id", "RegionId", "Name") values (16129, 1517, 'Kungsbacka');
insert into "Cities"("Id", "RegionId", "Name") values (16130, 1517, 'Varberg');
insert into "Cities"("Id", "RegionId", "Name") values (16131, 1538, 'Riobamba');
insert into "Cities"("Id", "RegionId", "Name") values (16132, 1550, 'Асмара');
insert into "Regions"("Id", "CountryId", "Name") values (1551, 211, 'Эстония');
insert into "Cities"("Id", "RegionId", "Name") values (16133, 1300, 'Кириккал');
insert into "Cities"("Id", "RegionId", "Name") values (16134, 1364, 'Aurillac');
insert into "Cities"("Id", "RegionId", "Name") values (16135, 1364, 'Bassignac');
insert into "Cities"("Id", "RegionId", "Name") values (16136, 1456, 'Dubrava');
insert into "Cities"("Id", "RegionId", "Name") values (16137, 1456, 'Topolje');
insert into "Cities"("Id", "RegionId", "Name") values (16138, 1456, 'Vrbovec');
insert into "Cities"("Id", "RegionId", "Name") values (16139, 1456, 'Zadar');
insert into "Cities"("Id", "RegionId", "Name") values (16140, 1456, 'Zara');
insert into "Cities"("Id", "RegionId", "Name") values (16141, 1467, 'Jesenk');
insert into "Cities"("Id", "RegionId", "Name") values (16142, 1467, 'Olomouc');
insert into "Cities"("Id", "RegionId", "Name") values (16143, 1467, 'Prerov');
insert into "Cities"("Id", "RegionId", "Name") values (16144, 1467, 'Prostejov');
insert into "Cities"("Id", "RegionId", "Name") values (16145, 1467, 'Sumperk');
insert into "Cities"("Id", "RegionId", "Name") values (16146, 1481, 'Aguas Buenas');
insert into "Cities"("Id", "RegionId", "Name") values (16147, 1481, 'Ancud');
insert into "Cities"("Id", "RegionId", "Name") values (16148, 1481, 'Antillanca');
insert into "Cities"("Id", "RegionId", "Name") values (16149, 1481, 'California');
insert into "Cities"("Id", "RegionId", "Name") values (16150, 1481, 'Castro');
insert into "Cities"("Id", "RegionId", "Name") values (16151, 1481, 'Osorno');
insert into "Cities"("Id", "RegionId", "Name") values (16152, 1481, 'Pichil');
insert into "Cities"("Id", "RegionId", "Name") values (16153, 1481, 'Puerto Montt');
insert into "Cities"("Id", "RegionId", "Name") values (16154, 1481, 'Valdivia');
insert into "Cities"("Id", "RegionId", "Name") values (16155, 1493, 'Barberche');
insert into "Cities"("Id", "RegionId", "Name") values (16156, 1493, 'Bulle');
insert into "Cities"("Id", "RegionId", "Name") values (16157, 1493, 'Cheyres');
insert into "Cities"("Id", "RegionId", "Name") values (16158, 1493, 'Fribourg');
insert into "Cities"("Id", "RegionId", "Name") values (16159, 1518, 'lven');
insert into "Cities"("Id", "RegionId", "Name") values (16160, 1518, 'stersund');
insert into "Cities"("Id", "RegionId", "Name") values (16161, 1518, 'Stockholm');
insert into "Cities"("Id", "RegionId", "Name") values (16162, 1539, 'Alvarez');
insert into "Cities"("Id", "RegionId", "Name") values (16163, 1539, 'Machala');
insert into "Cities"("Id", "RegionId", "Name") values (16164, 1551, 'Абья-Палуоя');
insert into "Cities"("Id", "RegionId", "Name") values (16165, 1551, 'Азери');
insert into "Cities"("Id", "RegionId", "Name") values (16166, 1551, 'Антсла');
insert into "Cities"("Id", "RegionId", "Name") values (16167, 1551, 'Валга');
insert into "Cities"("Id", "RegionId", "Name") values (16168, 1551, 'Васкнарва');
insert into "Cities"("Id", "RegionId", "Name") values (16169, 1551, 'Вильянди');
insert into "Cities"("Id", "RegionId", "Name") values (16170, 1551, 'Выру');
insert into "Cities"("Id", "RegionId", "Name") values (16171, 1551, 'Йыгева');
insert into "Cities"("Id", "RegionId", "Name") values (16172, 1551, 'Йыхви');
insert into "Cities"("Id", "RegionId", "Name") values (16173, 1551, 'Калласте');
insert into "Cities"("Id", "RegionId", "Name") values (16174, 1551, 'Кейла');
insert into "Cities"("Id", "RegionId", "Name") values (16175, 1551, 'Кехра');
insert into "Cities"("Id", "RegionId", "Name") values (16176, 1551, 'Кивиыли');
insert into "Cities"("Id", "RegionId", "Name") values (16177, 1551, 'Килинги');
insert into "Cities"("Id", "RegionId", "Name") values (16178, 1551, 'Килинги-Нымме');
insert into "Cities"("Id", "RegionId", "Name") values (16179, 1551, 'Кингисепп');
insert into "Cities"("Id", "RegionId", "Name") values (16180, 1551, 'Кохтла-Ярве');
insert into "Cities"("Id", "RegionId", "Name") values (16181, 1551, 'Кунда');
insert into "Cities"("Id", "RegionId", "Name") values (16182, 1551, 'Куресааре');
insert into "Cities"("Id", "RegionId", "Name") values (16183, 1551, 'Кярдла');
insert into "Cities"("Id", "RegionId", "Name") values (16184, 1551, 'Муствээ');
insert into "Cities"("Id", "RegionId", "Name") values (16185, 1551, 'Мыйзакюла');
insert into "Cities"("Id", "RegionId", "Name") values (16186, 1551, 'Нарва');
insert into "Cities"("Id", "RegionId", "Name") values (16187, 1551, 'Пайде');
insert into "Cities"("Id", "RegionId", "Name") values (16188, 1551, 'Палдиски');
insert into "Cities"("Id", "RegionId", "Name") values (16189, 1551, 'Пылва');
insert into "Cities"("Id", "RegionId", "Name") values (16190, 1551, 'Пылтсамаа');
insert into "Cities"("Id", "RegionId", "Name") values (16191, 1551, 'Пярну');
insert into "Cities"("Id", "RegionId", "Name") values (16192, 1551, 'Раквере');
insert into "Cities"("Id", "RegionId", "Name") values (16193, 1551, 'Рапла');
insert into "Cities"("Id", "RegionId", "Name") values (16194, 1551, 'Ряпино');
insert into "Cities"("Id", "RegionId", "Name") values (16195, 1551, 'Силламяэ');
insert into "Cities"("Id", "RegionId", "Name") values (16196, 1551, 'Сууре-Яани');
insert into "Cities"("Id", "RegionId", "Name") values (16197, 1551, 'Таллин');
insert into "Cities"("Id", "RegionId", "Name") values (16198, 1551, 'Тапа');
insert into "Cities"("Id", "RegionId", "Name") values (16199, 1551, 'Тарту');
insert into "Cities"("Id", "RegionId", "Name") values (16200, 1551, 'Тырва');
insert into "Cities"("Id", "RegionId", "Name") values (16201, 1551, 'Хаапсалу');
insert into "Cities"("Id", "RegionId", "Name") values (16202, 1551, 'Эльва');
insert into "Regions"("Id", "CountryId", "Name") values (1552, 212, 'Эфиопия');
insert into "Cities"("Id", "RegionId", "Name") values (16203, 1301, 'Кутахиа');
insert into "Cities"("Id", "RegionId", "Name") values (16204, 1365, 'Aigre');
insert into "Cities"("Id", "RegionId", "Name") values (16205, 1365, 'Angoulme');
insert into "Cities"("Id", "RegionId", "Name") values (16206, 1365, 'Cognac');
insert into "Cities"("Id", "RegionId", "Name") values (16207, 1468, 'Chrudim');
insert into "Cities"("Id", "RegionId", "Name") values (16208, 1468, 'Pardubice');
insert into "Cities"("Id", "RegionId", "Name") values (16209, 1468, 'Pardubitz');
insert into "Cities"("Id", "RegionId", "Name") values (16210, 1468, 'Svitave');
insert into "Cities"("Id", "RegionId", "Name") values (16211, 1468, 'st nad Orlic');
insert into "Cities"("Id", "RegionId", "Name") values (16212, 1482, 'Magallanes');
insert into "Cities"("Id", "RegionId", "Name") values (16213, 1482, 'Punta Arenas');
insert into "Cities"("Id", "RegionId", "Name") values (16214, 1494, 'Bellevue');
insert into "Cities"("Id", "RegionId", "Name") values (16215, 1494, 'Bernex');
insert into "Cities"("Id", "RegionId", "Name") values (16216, 1494, 'Chambsy');
insert into "Cities"("Id", "RegionId", "Name") values (16217, 1494, 'Chancy');
insert into "Cities"("Id", "RegionId", "Name") values (16218, 1494, 'Chne-Bougeries');
insert into "Cities"("Id", "RegionId", "Name") values (16219, 1494, 'Collonge-Bellerive');
insert into "Cities"("Id", "RegionId", "Name") values (16220, 1494, 'Cologny');
insert into "Cities"("Id", "RegionId", "Name") values (16221, 1494, 'Confignon');
insert into "Cities"("Id", "RegionId", "Name") values (16222, 1494, 'Genf');
insert into "Cities"("Id", "RegionId", "Name") values (16223, 1494, 'Hermance');
insert into "Cities"("Id", "RegionId", "Name") values (16224, 1494, 'Jussy');
insert into "Cities"("Id", "RegionId", "Name") values (16225, 1494, 'La Praille');
insert into "Cities"("Id", "RegionId", "Name") values (16226, 1494, 'Le Grand-Saconnex');
insert into "Cities"("Id", "RegionId", "Name") values (16227, 1494, 'Meyrin');
insert into "Cities"("Id", "RegionId", "Name") values (16228, 1494, 'Onex');
insert into "Cities"("Id", "RegionId", "Name") values (16229, 1494, 'Plan-les-Ouates');
insert into "Cities"("Id", "RegionId", "Name") values (16230, 1494, 'Russin');
insert into "Cities"("Id", "RegionId", "Name") values (16231, 1494, 'Vernier');
insert into "Cities"("Id", "RegionId", "Name") values (16232, 1494, 'Versoix');
insert into "Cities"("Id", "RegionId", "Name") values (16233, 1494, 'Vsenaz');
insert into "Cities"("Id", "RegionId", "Name") values (16234, 1519, 'Bodafors');
insert into "Cities"("Id", "RegionId", "Name") values (16235, 1519, 'Eksj');
insert into "Cities"("Id", "RegionId", "Name") values (16236, 1519, 'Gislaved');
insert into "Cities"("Id", "RegionId", "Name") values (16237, 1519, 'Huskvarna');
insert into "Cities"("Id", "RegionId", "Name") values (16238, 1519, 'Jnkping');
insert into "Cities"("Id", "RegionId", "Name") values (16239, 1519, 'Nssj');
insert into "Cities"("Id", "RegionId", "Name") values (16240, 1519, 'Trans');
insert into "Cities"("Id", "RegionId", "Name") values (16241, 1519, 'Vrnamo');
insert into "Cities"("Id", "RegionId", "Name") values (16242, 1519, 'Vetlanda');
insert into "Cities"("Id", "RegionId", "Name") values (16243, 1540, 'Puerto Ayora');
insert into "Cities"("Id", "RegionId", "Name") values (16244, 1552, 'Аддис-Абеба');
insert into "Cities"("Id", "RegionId", "Name") values (16245, 1552, 'Гондэр');
insert into "Cities"("Id", "RegionId", "Name") values (16246, 1552, 'Дэссе');
insert into "Regions"("Id", "CountryId", "Name") values (1553, 213, 'Йоханесбург');
insert into "Cities"("Id", "RegionId", "Name") values (16247, 1302, 'Малатиа');
insert into "Cities"("Id", "RegionId", "Name") values (16248, 1366, 'Beaugeay');
insert into "Cities"("Id", "RegionId", "Name") values (16249, 1366, 'Benon');
insert into "Cities"("Id", "RegionId", "Name") values (16250, 1366, 'La Rochelle');
insert into "Cities"("Id", "RegionId", "Name") values (16251, 1366, 'Nantill');
insert into "Cities"("Id", "RegionId", "Name") values (16252, 1366, 'Royan');
insert into "Cities"("Id", "RegionId", "Name") values (16253, 1366, 'Saint-Georges-de-Idonne');
insert into "Cities"("Id", "RegionId", "Name") values (16254, 1469, 'Domazlice');
insert into "Cities"("Id", "RegionId", "Name") values (16255, 1469, 'Klatovy');
insert into "Cities"("Id", "RegionId", "Name") values (16256, 1469, 'Pilsen');
insert into "Cities"("Id", "RegionId", "Name") values (16257, 1469, 'Plzen');
insert into "Cities"("Id", "RegionId", "Name") values (16258, 1469, 'Rokycan');
insert into "Cities"("Id", "RegionId", "Name") values (16259, 1469, 'Rokycany');
insert into "Cities"("Id", "RegionId", "Name") values (16260, 1469, 'Tachov');
insert into "Cities"("Id", "RegionId", "Name") values (16261, 1483, 'Baos de PanimIda');
insert into "Cities"("Id", "RegionId", "Name") values (16262, 1483, 'Caliboro');
insert into "Cities"("Id", "RegionId", "Name") values (16263, 1483, 'Talca');
insert into "Cities"("Id", "RegionId", "Name") values (16264, 1495, 'Filzbach');
insert into "Cities"("Id", "RegionId", "Name") values (16265, 1495, 'Matt');
insert into "Cities"("Id", "RegionId", "Name") values (16266, 1495, 'Mollis');
insert into "Cities"("Id", "RegionId", "Name") values (16267, 1520, 'Aboda');
insert into "Cities"("Id", "RegionId", "Name") values (16268, 1520, 'Borsna');
insert into "Cities"("Id", "RegionId", "Name") values (16269, 1520, 'Degerhamn');
insert into "Cities"("Id", "RegionId", "Name") values (16270, 1520, 'Hgsby');
insert into "Cities"("Id", "RegionId", "Name") values (16271, 1520, 'Hultsfred');
insert into "Cities"("Id", "RegionId", "Name") values (16272, 1520, 'Kalmar');
insert into "Cities"("Id", "RegionId", "Name") values (16273, 1520, 'Malm');
insert into "Cities"("Id", "RegionId", "Name") values (16274, 1520, 'Mrlunda');
insert into "Cities"("Id", "RegionId", "Name") values (16275, 1520, 'Oskarshamn');
insert into "Cities"("Id", "RegionId", "Name") values (16276, 1520, 'Vstervik');
insert into "Cities"("Id", "RegionId", "Name") values (16277, 1520, 'Vimmerby');
insert into "Cities"("Id", "RegionId", "Name") values (16278, 1541, 'Alfredo Baquerizo Moreno');
insert into "Cities"("Id", "RegionId", "Name") values (16279, 1541, 'Bella Vista');
insert into "Cities"("Id", "RegionId", "Name") values (16280, 1541, 'Durn');
insert into "Cities"("Id", "RegionId", "Name") values (16281, 1541, 'Guayaquil');
insert into "Cities"("Id", "RegionId", "Name") values (16282, 1541, 'Salinas');
insert into "Cities"("Id", "RegionId", "Name") values (16283, 1553, 'Йоханесбург');
insert into "Regions"("Id", "CountryId", "Name") values (1554, 214, 'Cheju');
insert into "Regions"("Id", "CountryId", "Name") values (1555, 214, 'Chollabuk');
insert into "Regions"("Id", "CountryId", "Name") values (1556, 214, 'Chollanam');
insert into "Regions"("Id", "CountryId", "Name") values (1557, 214, 'Chungcheongbuk');
insert into "Regions"("Id", "CountryId", "Name") values (1558, 214, 'Chungcheongnam');
insert into "Regions"("Id", "CountryId", "Name") values (1559, 214, 'Incheon');
insert into "Regions"("Id", "CountryId", "Name") values (1560, 214, 'Kangweon');
insert into "Regions"("Id", "CountryId", "Name") values (1561, 214, 'Kwangju');
insert into "Regions"("Id", "CountryId", "Name") values (1562, 214, 'Kyeonggi');
insert into "Regions"("Id", "CountryId", "Name") values (1563, 214, 'Kyeongsangbuk');
insert into "Regions"("Id", "CountryId", "Name") values (1564, 214, 'Kyeongsangnam');
insert into "Regions"("Id", "CountryId", "Name") values (1565, 214, 'Pusan');
insert into "Regions"("Id", "CountryId", "Name") values (1566, 214, 'Seoul');
insert into "Regions"("Id", "CountryId", "Name") values (1567, 214, 'Taegu');
insert into "Regions"("Id", "CountryId", "Name") values (1568, 214, 'Taejeon');
insert into "Regions"("Id", "CountryId", "Name") values (1569, 214, 'Ulsan');
insert into "Regions"("Id", "CountryId", "Name") values (1570, 214, 'Южная Корея');
insert into "Cities"("Id", "RegionId", "Name") values (16284, 1303, 'Маниса');
insert into "Cities"("Id", "RegionId", "Name") values (16285, 1367, 'Annoix');
insert into "Cities"("Id", "RegionId", "Name") values (16286, 1367, 'Azy');
insert into "Cities"("Id", "RegionId", "Name") values (16287, 1367, 'Bourges');
insert into "Cities"("Id", "RegionId", "Name") values (16288, 1367, 'Cerbois');
insert into "Cities"("Id", "RegionId", "Name") values (16289, 1367, 'Chry');
insert into "Cities"("Id", "RegionId", "Name") values (16290, 1367, 'Culan');
insert into "Cities"("Id", "RegionId", "Name") values (16291, 1367, 'Uzay-le-Venon');
insert into "Cities"("Id", "RegionId", "Name") values (16292, 1367, 'Vierzon');
insert into "Cities"("Id", "RegionId", "Name") values (16293, 1470, 'Benesov');
insert into "Cities"("Id", "RegionId", "Name") values (16294, 1470, 'Beroun');
insert into "Cities"("Id", "RegionId", "Name") values (16295, 1470, 'Kladno');
insert into "Cities"("Id", "RegionId", "Name") values (16296, 1470, 'Koln');
insert into "Cities"("Id", "RegionId", "Name") values (16297, 1470, 'Kutn Hora');
insert into "Cities"("Id", "RegionId", "Name") values (16298, 1470, 'Melnik');
insert into "Cities"("Id", "RegionId", "Name") values (16299, 1470, 'Mlad Boleslav');
insert into "Cities"("Id", "RegionId", "Name") values (16300, 1470, 'Nimburg');
insert into "Cities"("Id", "RegionId", "Name") values (16301, 1470, 'Nymburk');
insert into "Cities"("Id", "RegionId", "Name") values (16302, 1470, 'Pribram');
insert into "Cities"("Id", "RegionId", "Name") values (16303, 1470, 'Rakovnk');
insert into "Cities"("Id", "RegionId", "Name") values (16304, 1484, 'CiudadSantiago');
insert into "Cities"("Id", "RegionId", "Name") values (16305, 1484, 'La FloIda');
insert into "Cities"("Id", "RegionId", "Name") values (16306, 1484, 'La Granja');
insert into "Cities"("Id", "RegionId", "Name") values (16307, 1484, 'La Reina');
insert into "Cities"("Id", "RegionId", "Name") values (16308, 1484, 'Lampa');
insert into "Cities"("Id", "RegionId", "Name") values (16309, 1484, 'Maip');
insert into "Cities"("Id", "RegionId", "Name") values (16310, 1484, 'uoa');
insert into "Cities"("Id", "RegionId", "Name") values (16311, 1484, 'Pealoln');
insert into "Cities"("Id", "RegionId", "Name") values (16312, 1484, 'Puente Alto');
insert into "Cities"("Id", "RegionId", "Name") values (16313, 1484, 'Quilicura');
insert into "Cities"("Id", "RegionId", "Name") values (16314, 1484, 'San Bernardo');
insert into "Cities"("Id", "RegionId", "Name") values (16315, 1484, 'San Joaqun');
insert into "Cities"("Id", "RegionId", "Name") values (16316, 1484, 'Santiago');
insert into "Cities"("Id", "RegionId", "Name") values (16317, 1496, 'Ardez');
insert into "Cities"("Id", "RegionId", "Name") values (16318, 1496, 'Bivio');
insert into "Cities"("Id", "RegionId", "Name") values (16319, 1496, 'Chur');
insert into "Cities"("Id", "RegionId", "Name") values (16320, 1496, 'Davos Platz');
insert into "Cities"("Id", "RegionId", "Name") values (16321, 1496, 'Klosters');
insert into "Cities"("Id", "RegionId", "Name") values (16322, 1496, 'Pontresina');
insert into "Cities"("Id", "RegionId", "Name") values (16323, 1496, 'Poschiavo');
insert into "Cities"("Id", "RegionId", "Name") values (16324, 1496, 'Samedan');
insert into "Cities"("Id", "RegionId", "Name") values (16325, 1496, 'Sils im Domleschg');
insert into "Cities"("Id", "RegionId", "Name") values (16326, 1496, 'Silvaplana');
insert into "Cities"("Id", "RegionId", "Name") values (16327, 1521, 'latorp');
insert into "Cities"("Id", "RegionId", "Name") values (16328, 1521, 'lmehult');
insert into "Cities"("Id", "RegionId", "Name") values (16329, 1521, 'Ljungby');
insert into "Cities"("Id", "RegionId", "Name") values (16330, 1521, 'Markaryd');
insert into "Cities"("Id", "RegionId", "Name") values (16331, 1521, 'Vxj');
insert into "Cities"("Id", "RegionId", "Name") values (16332, 1521, 'Vexi');
insert into "Cities"("Id", "RegionId", "Name") values (16333, 1542, 'Ibarra');
insert into "Cities"("Id", "RegionId", "Name") values (16334, 1554, 'Чею');
insert into "Regions"("Id", "CountryId", "Name") values (1571, 215, 'Южная Осетия');
insert into "Cities"("Id", "RegionId", "Name") values (16335, 1304, 'Адапазари');
insert into "Cities"("Id", "RegionId", "Name") values (16336, 1368, 'Brive-la-Gaillarde');
insert into "Cities"("Id", "RegionId", "Name") values (16337, 1368, 'Corrze');
insert into "Cities"("Id", "RegionId", "Name") values (16338, 1471, 'Aussig');
insert into "Cities"("Id", "RegionId", "Name") values (16339, 1471, 'Chomutov');
insert into "Cities"("Id", "RegionId", "Name") values (16340, 1471, 'Decin');
insert into "Cities"("Id", "RegionId", "Name") values (16341, 1471, 'Litomerice');
insert into "Cities"("Id", "RegionId", "Name") values (16342, 1471, 'Louny');
insert into "Cities"("Id", "RegionId", "Name") values (16343, 1471, 'Most');
insert into "Cities"("Id", "RegionId", "Name") values (16344, 1471, 'Teplice');
insert into "Cities"("Id", "RegionId", "Name") values (16345, 1471, 'Teplice-Sanov');
insert into "Cities"("Id", "RegionId", "Name") values (16346, 1471, 'st');
insert into "Cities"("Id", "RegionId", "Name") values (16347, 1471, 'st nad Labem');
insert into "Cities"("Id", "RegionId", "Name") values (16348, 1485, 'Alto del Molino');
insert into "Cities"("Id", "RegionId", "Name") values (16349, 1485, 'Arica');
insert into "Cities"("Id", "RegionId", "Name") values (16350, 1485, 'Iquique');
insert into "Cities"("Id", "RegionId", "Name") values (16351, 1497, 'Alle');
insert into "Cities"("Id", "RegionId", "Name") values (16352, 1497, 'Delmont');
insert into "Cities"("Id", "RegionId", "Name") values (16353, 1497, 'La Chaux-des-Breuleux');
insert into "Cities"("Id", "RegionId", "Name") values (16354, 1522, 'Brmsebro');
insert into "Cities"("Id", "RegionId", "Name") values (16355, 1522, 'Linds');
insert into "Cities"("Id", "RegionId", "Name") values (16356, 1522, 'Lindshammar');
insert into "Cities"("Id", "RegionId", "Name") values (16357, 1522, 'Sylarna');
insert into "Cities"("Id", "RegionId", "Name") values (16358, 1543, 'Loja');
insert into "Cities"("Id", "RegionId", "Name") values (16359, 1555, 'Кунсан');
insert into "Cities"("Id", "RegionId", "Name") values (16360, 1555, 'Намвон');
insert into "Cities"("Id", "RegionId", "Name") values (16361, 1571, 'Джава');
insert into "Cities"("Id", "RegionId", "Name") values (16362, 1571, 'Цхинвали');
insert into "Regions"("Id", "CountryId", "Name") values (1572, 216, 'Ямайка');
insert into "Cities"("Id", "RegionId", "Name") values (16363, 1305, 'Самсун');
insert into "Cities"("Id", "RegionId", "Name") values (16364, 1369, 'Ajaccio');
insert into "Cities"("Id", "RegionId", "Name") values (16365, 1369, 'Bastelica');
insert into "Cities"("Id", "RegionId", "Name") values (16366, 1369, 'Bastia');
insert into "Cities"("Id", "RegionId", "Name") values (16367, 1369, 'Calvi');
insert into "Cities"("Id", "RegionId", "Name") values (16368, 1369, 'L''''le-Rousse');
insert into "Cities"("Id", "RegionId", "Name") values (16369, 1369, 'Porto');
insert into "Cities"("Id", "RegionId", "Name") values (16370, 1369, 'Propriano');
insert into "Cities"("Id", "RegionId", "Name") values (16371, 1472, 'Deutsch Brod');
insert into "Cities"("Id", "RegionId", "Name") values (16372, 1472, 'Havlickuv Brod');
insert into "Cities"("Id", "RegionId", "Name") values (16373, 1472, 'Jihlava');
insert into "Cities"("Id", "RegionId", "Name") values (16374, 1472, 'Pelhrimov');
insert into "Cities"("Id", "RegionId", "Name") values (16375, 1472, 'Pilgram');
insert into "Cities"("Id", "RegionId", "Name") values (16376, 1472, 'Trebic');
insert into "Cities"("Id", "RegionId", "Name") values (16377, 1472, 'Zdar');
insert into "Cities"("Id", "RegionId", "Name") values (16378, 1472, 'Zdar nad Sazavou');
insert into "Cities"("Id", "RegionId", "Name") values (16379, 1486, 'Calera');
insert into "Cities"("Id", "RegionId", "Name") values (16380, 1486, 'Peablanca');
insert into "Cities"("Id", "RegionId", "Name") values (16381, 1486, 'Placilla de Peuelas');
insert into "Cities"("Id", "RegionId", "Name") values (16382, 1486, 'Putaendo');
insert into "Cities"("Id", "RegionId", "Name") values (16383, 1486, 'Quilpu');
insert into "Cities"("Id", "RegionId", "Name") values (16384, 1486, 'San Antonio');
insert into "Cities"("Id", "RegionId", "Name") values (16385, 1486, 'Valparaso');
insert into "Cities"("Id", "RegionId", "Name") values (16386, 1486, 'Via del Mar');
insert into "Cities"("Id", "RegionId", "Name") values (16387, 1498, 'Ballwil');
insert into "Cities"("Id", "RegionId", "Name") values (16388, 1498, 'Dagmersellen');
insert into "Cities"("Id", "RegionId", "Name") values (16389, 1498, 'Doppleschwand');
insert into "Cities"("Id", "RegionId", "Name") values (16390, 1498, 'Ebikon');
insert into "Cities"("Id", "RegionId", "Name") values (16391, 1498, 'Eich');
insert into "Cities"("Id", "RegionId", "Name") values (16392, 1498, 'Emmen');
insert into "Cities"("Id", "RegionId", "Name") values (16393, 1498, 'Gelfingen');
insert into "Cities"("Id", "RegionId", "Name") values (16394, 1498, 'Kriens');
insert into "Cities"("Id", "RegionId", "Name") values (16395, 1498, 'Luthern');
insert into "Cities"("Id", "RegionId", "Name") values (16396, 1498, 'Luzern');
insert into "Cities"("Id", "RegionId", "Name") values (16397, 1498, 'Nottwil');
insert into "Cities"("Id", "RegionId", "Name") values (16398, 1498, 'Sursee');
insert into "Cities"("Id", "RegionId", "Name") values (16399, 1523, 'lvsbyn');
insert into "Cities"("Id", "RegionId", "Name") values (16400, 1523, 'Boden');
insert into "Cities"("Id", "RegionId", "Name") values (16401, 1523, 'Bodn');
insert into "Cities"("Id", "RegionId", "Name") values (16402, 1523, 'Gllivare');
insert into "Cities"("Id", "RegionId", "Name") values (16403, 1523, 'Haaparanta');
insert into "Cities"("Id", "RegionId", "Name") values (16404, 1523, 'Haparanda');
insert into "Cities"("Id", "RegionId", "Name") values (16405, 1523, 'Kalix');
insert into "Cities"("Id", "RegionId", "Name") values (16406, 1523, 'Kallax');
insert into "Cities"("Id", "RegionId", "Name") values (16407, 1523, 'Kiruna');
insert into "Cities"("Id", "RegionId", "Name") values (16408, 1523, 'Lappea');
insert into "Cities"("Id", "RegionId", "Name") values (16409, 1523, 'Lule');
insert into "Cities"("Id", "RegionId", "Name") values (16410, 1523, 'Malmberget');
insert into "Cities"("Id", "RegionId", "Name") values (16411, 1523, 'Persn');
insert into "Cities"("Id", "RegionId", "Name") values (16412, 1523, 'Pite');
insert into "Cities"("Id", "RegionId", "Name") values (16413, 1523, 'Uumaa');
insert into "Cities"("Id", "RegionId", "Name") values (16414, 1544, 'Manta');
insert into "Cities"("Id", "RegionId", "Name") values (16415, 1544, 'Montecristi');
insert into "Cities"("Id", "RegionId", "Name") values (16416, 1544, 'Portoviejo');
insert into "Cities"("Id", "RegionId", "Name") values (16417, 1544, 'Rocafuerte');
insert into "Cities"("Id", "RegionId", "Name") values (16418, 1556, 'Йосу');
insert into "Cities"("Id", "RegionId", "Name") values (16419, 1556, 'Мокп''''о');
insert into "Cities"("Id", "RegionId", "Name") values (16420, 1556, 'Чечон');
insert into "Regions"("Id", "CountryId", "Name") values (1573, 217, 'Айти');
insert into "Regions"("Id", "CountryId", "Name") values (1574, 217, 'Аомори');
insert into "Regions"("Id", "CountryId", "Name") values (1575, 217, 'Вакаяма');
insert into "Regions"("Id", "CountryId", "Name") values (1576, 217, 'Гумма');
insert into "Regions"("Id", "CountryId", "Name") values (1577, 217, 'Ибараки');
insert into "Regions"("Id", "CountryId", "Name") values (1578, 217, 'Ивате');
insert into "Regions"("Id", "CountryId", "Name") values (1579, 217, 'Исикава');
insert into "Regions"("Id", "CountryId", "Name") values (1580, 217, 'Кагосима');
insert into "Regions"("Id", "CountryId", "Name") values (1581, 217, 'Канагава');
insert into "Regions"("Id", "CountryId", "Name") values (1582, 217, 'Киото');
insert into "Regions"("Id", "CountryId", "Name") values (1583, 217, 'Коти');
insert into "Regions"("Id", "CountryId", "Name") values (1584, 217, 'Мияги');
insert into "Regions"("Id", "CountryId", "Name") values (1585, 217, 'Миядзаки');
insert into "Regions"("Id", "CountryId", "Name") values (1586, 217, 'Нагано');
insert into "Regions"("Id", "CountryId", "Name") values (1587, 217, 'Нагасаки');
insert into "Regions"("Id", "CountryId", "Name") values (1588, 217, 'Нара');
insert into "Regions"("Id", "CountryId", "Name") values (1589, 217, 'Ниигата');
insert into "Regions"("Id", "CountryId", "Name") values (1590, 217, 'Окаяма');
insert into "Regions"("Id", "CountryId", "Name") values (1591, 217, 'Окинава');
insert into "Regions"("Id", "CountryId", "Name") values (1592, 217, 'Осака');
insert into "Regions"("Id", "CountryId", "Name") values (1593, 217, 'Сага');
insert into "Regions"("Id", "CountryId", "Name") values (1594, 217, 'Сайтама');
insert into "Regions"("Id", "CountryId", "Name") values (1595, 217, 'Сига');
insert into "Regions"("Id", "CountryId", "Name") values (1596, 217, 'Сидзуока');
insert into "Regions"("Id", "CountryId", "Name") values (1597, 217, 'Тиба');
insert into "Regions"("Id", "CountryId", "Name") values (1598, 217, 'Токио');
insert into "Regions"("Id", "CountryId", "Name") values (1599, 217, 'Токусима');
insert into "Regions"("Id", "CountryId", "Name") values (1600, 217, 'Тотиги');
insert into "Regions"("Id", "CountryId", "Name") values (1601, 217, 'Тояма');
insert into "Regions"("Id", "CountryId", "Name") values (1602, 217, 'Фукуи');
insert into "Regions"("Id", "CountryId", "Name") values (1603, 217, 'Фукуока');
insert into "Regions"("Id", "CountryId", "Name") values (1604, 217, 'Фукусима');
insert into "Regions"("Id", "CountryId", "Name") values (1605, 217, 'Хиросима');
insert into "Regions"("Id", "CountryId", "Name") values (1606, 217, 'Хоккайдо');
insert into "Regions"("Id", "CountryId", "Name") values (1607, 217, 'Хпого');
insert into "Regions"("Id", "CountryId", "Name") values (1608, 217, 'Эхиме');
insert into "Regions"("Id", "CountryId", "Name") values (1609, 217, 'Ямагути');
insert into "Regions"("Id", "CountryId", "Name") values (1610, 217, 'Яманаси');
insert into "Cities"("Id", "RegionId", "Name") values (16421, 1306, 'Сивас');
insert into "Cities"("Id", "RegionId", "Name") values (16422, 1370, 'Ahuy');
insert into "Cities"("Id", "RegionId", "Name") values (16423, 1370, 'Chtillon-sur-Seine');
insert into "Cities"("Id", "RegionId", "Name") values (16424, 1370, 'Chenve');
insert into "Cities"("Id", "RegionId", "Name") values (16425, 1370, 'Dijon');
insert into "Cities"("Id", "RegionId", "Name") values (16426, 1370, 'Nicey');
insert into "Cities"("Id", "RegionId", "Name") values (16427, 1370, 'Spoy');
insert into "Cities"("Id", "RegionId", "Name") values (16428, 1370, 'Touillon');
insert into "Cities"("Id", "RegionId", "Name") values (16429, 1473, 'Gottwaldov');
insert into "Cities"("Id", "RegionId", "Name") values (16430, 1473, 'Kromeriz');
insert into "Cities"("Id", "RegionId", "Name") values (16431, 1473, 'Uherske Hradiste');
insert into "Cities"("Id", "RegionId", "Name") values (16432, 1473, 'Vsetn');
insert into "Cities"("Id", "RegionId", "Name") values (16433, 1473, 'Wszetyn');
insert into "Cities"("Id", "RegionId", "Name") values (16434, 1473, 'Zln');
insert into "Cities"("Id", "RegionId", "Name") values (16435, 1499, 'La Chaux-de-Fonds');
insert into "Cities"("Id", "RegionId", "Name") values (16436, 1499, 'Le Landeron');
insert into "Cities"("Id", "RegionId", "Name") values (16437, 1499, 'Marin-Epagnier');
insert into "Cities"("Id", "RegionId", "Name") values (16438, 1499, 'Neuchtel');
insert into "Cities"("Id", "RegionId", "Name") values (16439, 1524, 'Backa');
insert into "Cities"("Id", "RegionId", "Name") values (16440, 1524, 'Hallsberg');
insert into "Cities"("Id", "RegionId", "Name") values (16441, 1524, 'Kariskoga');
insert into "Cities"("Id", "RegionId", "Name") values (16442, 1524, 'Karlskoga');
insert into "Cities"("Id", "RegionId", "Name") values (16443, 1524, 'Lindesberg');
insert into "Cities"("Id", "RegionId", "Name") values (16444, 1524, 'Lund');
insert into "Cities"("Id", "RegionId", "Name") values (16445, 1524, 'na');
insert into "Cities"("Id", "RegionId", "Name") values (16446, 1524, 'rebro');
insert into "Cities"("Id", "RegionId", "Name") values (16447, 1524, 'Stlldalen');
insert into "Cities"("Id", "RegionId", "Name") values (16448, 1545, 'C.J. Arosemena Tola');
insert into "Cities"("Id", "RegionId", "Name") values (16449, 1557, 'Чонгжу');
insert into "Cities"("Id", "RegionId", "Name") values (16450, 1557, 'Чунгжу');
insert into "Cities"("Id", "RegionId", "Name") values (16451, 1573, 'Ичиномия');
insert into "Cities"("Id", "RegionId", "Name") values (16452, 1573, 'Касугаи');
insert into "Cities"("Id", "RegionId", "Name") values (16453, 1573, 'Нагоиа');
insert into "Cities"("Id", "RegionId", "Name") values (16454, 1573, 'Оказаки');
insert into "Cities"("Id", "RegionId", "Name") values (16455, 1573, 'Тойота');
insert into "Cities"("Id", "RegionId", "Name") values (16456, 1573, 'Тойохаши');
insert into "Cities"("Id", "RegionId", "Name") values (16457, 1307, 'Стамбул');
insert into "Cities"("Id", "RegionId", "Name") values (16458, 1371, 'Andel');
insert into "Cities"("Id", "RegionId", "Name") values (16459, 1371, 'Chtelaudren');
insert into "Cities"("Id", "RegionId", "Name") values (16460, 1371, 'Guingamp');
insert into "Cities"("Id", "RegionId", "Name") values (16461, 1371, 'Loscout-sur-Meu');
insert into "Cities"("Id", "RegionId", "Name") values (16462, 1371, 'Plrin');
insert into "Cities"("Id", "RegionId", "Name") values (16463, 1371, 'Saint-Brieuc');
insert into "Cities"("Id", "RegionId", "Name") values (16464, 1371, 'Saint-Jacut-de-la-Mer');
insert into "Cities"("Id", "RegionId", "Name") values (16465, 1500, 'Beckenried');
insert into "Cities"("Id", "RegionId", "Name") values (16466, 1500, 'Kehrsiten');
insert into "Cities"("Id", "RegionId", "Name") values (16467, 1500, 'Stans');
insert into "Cities"("Id", "RegionId", "Name") values (16468, 1525, 'Finspng');
insert into "Cities"("Id", "RegionId", "Name") values (16469, 1525, 'Linkping');
insert into "Cities"("Id", "RegionId", "Name") values (16470, 1525, 'Mjlby');
insert into "Cities"("Id", "RegionId", "Name") values (16471, 1525, 'Motala');
insert into "Cities"("Id", "RegionId", "Name") values (16472, 1525, 'Norrkping');
insert into "Cities"("Id", "RegionId", "Name") values (16473, 1525, 'Skrblacka');
insert into "Cities"("Id", "RegionId", "Name") values (16474, 1525, 'Vadstena');
insert into "Cities"("Id", "RegionId", "Name") values (16475, 1546, 'Amazonas');
insert into "Cities"("Id", "RegionId", "Name") values (16476, 1558, 'Асан');
insert into "Cities"("Id", "RegionId", "Name") values (16477, 1558, 'Ч''''онан');
insert into "Cities"("Id", "RegionId", "Name") values (16478, 1574, 'Аомори');
insert into "Cities"("Id", "RegionId", "Name") values (16479, 1574, 'Гошогавара');
insert into "Cities"("Id", "RegionId", "Name") values (16480, 1574, 'Хачинохе');
insert into "Cities"("Id", "RegionId", "Name") values (16481, 1574, 'Хиросаки');
insert into "Cities"("Id", "RegionId", "Name") values (16482, 1308, 'Корум');
insert into "Cities"("Id", "RegionId", "Name") values (16483, 1372, 'Ars');
insert into "Cities"("Id", "RegionId", "Name") values (16484, 1372, 'Guret');
insert into "Cities"("Id", "RegionId", "Name") values (16485, 1501, 'Grafenort');
insert into "Cities"("Id", "RegionId", "Name") values (16486, 1526, 'hus');
insert into "Cities"("Id", "RegionId", "Name") values (16487, 1526, 'karp');
insert into "Cities"("Id", "RegionId", "Name") values (16488, 1526, 'Alstad');
insert into "Cities"("Id", "RegionId", "Name") values (16489, 1526, 'ngelholm');
insert into "Cities"("Id", "RegionId", "Name") values (16490, 1526, 'Arlv');
insert into "Cities"("Id", "RegionId", "Name") values (16491, 1526, 'storp');
insert into "Cities"("Id", "RegionId", "Name") values (16492, 1526, 'Bjrnholm');
insert into "Cities"("Id", "RegionId", "Name") values (16493, 1526, 'Bromma');
insert into "Cities"("Id", "RegionId", "Name") values (16494, 1526, 'Eslv');
insert into "Cities"("Id", "RegionId", "Name") values (16495, 1526, 'Flenninge');
insert into "Cities"("Id", "RegionId", "Name") values (16496, 1526, 'Hlsingborg');
insert into "Cities"("Id", "RegionId", "Name") values (16497, 1526, 'Hssleholm');
insert into "Cities"("Id", "RegionId", "Name") values (16498, 1526, 'Helsingborg');
insert into "Cities"("Id", "RegionId", "Name") values (16499, 1526, 'Kristianstad');
insert into "Cities"("Id", "RegionId", "Name") values (16500, 1526, 'Landskrona');
insert into "Cities"("Id", "RegionId", "Name") values (16501, 1526, 'Lund');
insert into "Cities"("Id", "RegionId", "Name") values (16502, 1526, 'Malm');
insert into "Cities"("Id", "RegionId", "Name") values (16503, 1526, 'Osby');
insert into "Cities"("Id", "RegionId", "Name") values (16504, 1526, 'Simrishamn');
insert into "Cities"("Id", "RegionId", "Name") values (16505, 1526, 'Stockholm');
insert into "Cities"("Id", "RegionId", "Name") values (16506, 1526, 'Viken');
insert into "Cities"("Id", "RegionId", "Name") values (16507, 1526, 'Yxenhult');
insert into "Cities"("Id", "RegionId", "Name") values (16508, 1547, 'Arcadia');
insert into "Cities"("Id", "RegionId", "Name") values (16509, 1547, 'Machachi');
insert into "Cities"("Id", "RegionId", "Name") values (16510, 1547, 'Quinche');
insert into "Cities"("Id", "RegionId", "Name") values (16511, 1547, 'Quito');
insert into "Cities"("Id", "RegionId", "Name") values (16512, 1547, 'Santo Domingo de los Colorados');
insert into "Cities"("Id", "RegionId", "Name") values (16513, 1559, 'Инчхон');
insert into "Cities"("Id", "RegionId", "Name") values (16514, 1575, 'Вакэйама');
insert into "Cities"("Id", "RegionId", "Name") values (16515, 1575, 'Шингу');
insert into "Cities"("Id", "RegionId", "Name") values (16516, 1309, 'Эдирн');
insert into "Cities"("Id", "RegionId", "Name") values (16517, 1373, 'Bressuire');
insert into "Cities"("Id", "RegionId", "Name") values (16518, 1373, 'Chrign');
insert into "Cities"("Id", "RegionId", "Name") values (16519, 1373, 'Niort');
insert into "Cities"("Id", "RegionId", "Name") values (16520, 1502, 'Bad Ragaz');
insert into "Cities"("Id", "RegionId", "Name") values (16521, 1502, 'Flawil');
insert into "Cities"("Id", "RegionId", "Name") values (16522, 1502, 'Flums');
insert into "Cities"("Id", "RegionId", "Name") values (16523, 1502, 'Gams');
insert into "Cities"("Id", "RegionId", "Name") values (16524, 1502, 'Goldach');
insert into "Cities"("Id", "RegionId", "Name") values (16525, 1502, 'Gommiswald');
insert into "Cities"("Id", "RegionId", "Name") values (16526, 1502, 'Heerbrugg');
insert into "Cities"("Id", "RegionId", "Name") values (16527, 1502, 'Jona');
insert into "Cities"("Id", "RegionId", "Name") values (16528, 1502, 'Lichtensteig');
insert into "Cities"("Id", "RegionId", "Name") values (16529, 1502, 'Niederuzwil');
insert into "Cities"("Id", "RegionId", "Name") values (16530, 1502, 'Rheineck');
insert into "Cities"("Id", "RegionId", "Name") values (16531, 1502, 'Rorschacherberg');
insert into "Cities"("Id", "RegionId", "Name") values (16532, 1502, 'Sargans');
insert into "Cities"("Id", "RegionId", "Name") values (16533, 1502, 'Uzwil');
insert into "Cities"("Id", "RegionId", "Name") values (16534, 1502, 'Wittenbach');
insert into "Cities"("Id", "RegionId", "Name") values (16535, 1527, 'rsta');
insert into "Cities"("Id", "RegionId", "Name") values (16536, 1527, 'Eskilstuna');
insert into "Cities"("Id", "RegionId", "Name") values (16537, 1527, 'Flen');
insert into "Cities"("Id", "RegionId", "Name") values (16538, 1527, 'Lundby');
insert into "Cities"("Id", "RegionId", "Name") values (16539, 1527, 'Nykping');
insert into "Cities"("Id", "RegionId", "Name") values (16540, 1527, 'Rosenlund');
insert into "Cities"("Id", "RegionId", "Name") values (16541, 1527, 'Strngns');
insert into "Cities"("Id", "RegionId", "Name") values (16542, 1527, 'Trosa');
insert into "Cities"("Id", "RegionId", "Name") values (16543, 1527, 'Vingker');
insert into "Cities"("Id", "RegionId", "Name") values (16544, 1548, 'Baos');
insert into "Cities"("Id", "RegionId", "Name") values (16545, 1548, 'Benigno Vela');
insert into "Cities"("Id", "RegionId", "Name") values (16546, 1548, 'Bentez');
insert into "Cities"("Id", "RegionId", "Name") values (16547, 1560, 'Вонжу');
insert into "Cities"("Id", "RegionId", "Name") values (16548, 1560, 'Кангнунг');
insert into "Cities"("Id", "RegionId", "Name") values (16549, 1560, 'Тондычон');
insert into "Cities"("Id", "RegionId", "Name") values (16550, 1560, 'Чунчон');
insert into "Cities"("Id", "RegionId", "Name") values (16551, 1576, 'Кириу');
insert into "Cities"("Id", "RegionId", "Name") values (16552, 1576, 'Маебаши');
insert into "Cities"("Id", "RegionId", "Name") values (16553, 1576, 'Ота');
insert into "Cities"("Id", "RegionId", "Name") values (16554, 1576, 'Такасаки');
insert into "Cities"("Id", "RegionId", "Name") values (16555, 1310, 'Элазиг');
insert into "Cities"("Id", "RegionId", "Name") values (16556, 1374, 'Besse');
insert into "Cities"("Id", "RegionId", "Name") values (16557, 1374, 'Cercles');
insert into "Cities"("Id", "RegionId", "Name") values (16558, 1374, 'Le Bugue');
insert into "Cities"("Id", "RegionId", "Name") values (16559, 1374, 'Monbazillac');
insert into "Cities"("Id", "RegionId", "Name") values (16560, 1374, 'Pazayac');
insert into "Cities"("Id", "RegionId", "Name") values (16561, 1374, 'Prigueux');
insert into "Cities"("Id", "RegionId", "Name") values (16562, 1374, 'Sarlat-la-Canda');
insert into "Cities"("Id", "RegionId", "Name") values (16563, 1503, 'Beringen');
insert into "Cities"("Id", "RegionId", "Name") values (16564, 1503, 'Schaffhausen');
insert into "Cities"("Id", "RegionId", "Name") values (16565, 1528, 'Abborkroken');
insert into "Cities"("Id", "RegionId", "Name") values (16566, 1528, 'by');
insert into "Cities"("Id", "RegionId", "Name") values (16567, 1528, 'dala');
insert into "Cities"("Id", "RegionId", "Name") values (16568, 1528, 'kersberg');
insert into "Cities"("Id", "RegionId", "Name") values (16569, 1528, 'kersberga');
insert into "Cities"("Id", "RegionId", "Name") values (16570, 1528, 'keshov');
insert into "Cities"("Id", "RegionId", "Name") values (16571, 1528, 'Albano');
insert into "Cities"("Id", "RegionId", "Name") values (16572, 1528, 'Alby');
insert into "Cities"("Id", "RegionId", "Name") values (16573, 1528, 'lmora');
insert into "Cities"("Id", "RegionId", "Name") values (16574, 1528, 'Almvik');
insert into "Cities"("Id", "RegionId", "Name") values (16575, 1528, 'lsten');
insert into "Cities"("Id", "RegionId", "Name") values (16576, 1528, 'Alvik');
insert into "Cities"("Id", "RegionId", "Name") values (16577, 1528, 'lvsj');
insert into "Cities"("Id", "RegionId", "Name") values (16578, 1528, 'rsta');
insert into "Cities"("Id", "RegionId", "Name") values (16579, 1528, 'Aspudden');
insert into "Cities"("Id", "RegionId", "Name") values (16580, 1528, 'Backa');
insert into "Cities"("Id", "RegionId", "Name") values (16581, 1528, 'Barkaby');
insert into "Cities"("Id", "RegionId", "Name") values (16582, 1528, 'Botkyrka');
insert into "Cities"("Id", "RegionId", "Name") values (16583, 1528, 'Bro');
insert into "Cities"("Id", "RegionId", "Name") values (16584, 1528, 'Bromma');
insert into "Cities"("Id", "RegionId", "Name") values (16585, 1528, 'Dalar');
insert into "Cities"("Id", "RegionId", "Name") values (16586, 1528, 'Danderyd');
insert into "Cities"("Id", "RegionId", "Name") values (16587, 1528, 'Drottningholm');
insert into "Cities"("Id", "RegionId", "Name") values (16588, 1528, 'Eriksund');
insert into "Cities"("Id", "RegionId", "Name") values (16589, 1528, 'Fagersj');
insert into "Cities"("Id", "RegionId", "Name") values (16590, 1528, 'Farsta');
insert into "Cities"("Id", "RegionId", "Name") values (16591, 1528, 'Fiskstra');
insert into "Cities"("Id", "RegionId", "Name") values (16592, 1528, 'Fittja');
insert into "Cities"("Id", "RegionId", "Name") values (16593, 1528, 'FIdhem');
insert into "Cities"("Id", "RegionId", "Name") values (16594, 1528, 'Gamla Stan');
insert into "Cities"("Id", "RegionId", "Name") values (16595, 1528, 'Grundvik');
insert into "Cities"("Id", "RegionId", "Name") values (16596, 1528, 'Handen');
insert into "Cities"("Id", "RegionId", "Name") values (16597, 1528, 'Harg');
insert into "Cities"("Id", "RegionId", "Name") values (16598, 1528, 'Hsselby');
insert into "Cities"("Id", "RegionId", "Name") values (16599, 1528, 'Huddinge');
insert into "Cities"("Id", "RegionId", "Name") values (16600, 1528, 'Husby');
insert into "Cities"("Id", "RegionId", "Name") values (16601, 1528, 'Islinge');
insert into "Cities"("Id", "RegionId", "Name") values (16602, 1528, 'Jakobsberg');
insert into "Cities"("Id", "RegionId", "Name") values (16603, 1528, 'Karlsvik');
insert into "Cities"("Id", "RegionId", "Name") values (16604, 1528, 'Kista');
insert into "Cities"("Id", "RegionId", "Name") values (16605, 1528, 'Kristineberg');
insert into "Cities"("Id", "RegionId", "Name") values (16606, 1528, 'Labben');
insert into "Cities"("Id", "RegionId", "Name") values (16607, 1528, 'Iding');
insert into "Cities"("Id", "RegionId", "Name") values (16608, 1528, 'Marsta');
insert into "Cities"("Id", "RegionId", "Name") values (16609, 1528, 'Mrsta');
insert into "Cities"("Id", "RegionId", "Name") values (16610, 1528, 'Nacka');
insert into "Cities"("Id", "RegionId", "Name") values (16611, 1528, 'Norrtelje');
insert into "Cities"("Id", "RegionId", "Name") values (16612, 1528, 'Norsborg');
insert into "Cities"("Id", "RegionId", "Name") values (16613, 1528, 'Nynshamm');
insert into "Cities"("Id", "RegionId", "Name") values (16614, 1528, 'Nynshamn');
insert into "Cities"("Id", "RegionId", "Name") values (16615, 1528, 'Orninge');
insert into "Cities"("Id", "RegionId", "Name") values (16616, 1528, 'stermalm');
insert into "Cities"("Id", "RegionId", "Name") values (16617, 1528, 'Rickeby');
insert into "Cities"("Id", "RegionId", "Name") values (16618, 1528, 'Rinkeby');
insert into "Cities"("Id", "RegionId", "Name") values (16619, 1528, 'Saln');
insert into "Cities"("Id", "RegionId", "Name") values (16620, 1528, 'Saltsjbaden');
insert into "Cities"("Id", "RegionId", "Name") values (16621, 1528, 'Sigtuna');
insert into "Cities"("Id", "RegionId", "Name") values (16622, 1528, 'Skrholmen');
insert into "Cities"("Id", "RegionId", "Name") values (16623, 1528, 'Sdermalm');
insert into "Cities"("Id", "RegionId", "Name") values (16624, 1528, 'Sdertlje');
insert into "Cities"("Id", "RegionId", "Name") values (16625, 1528, 'Sollentuna');
insert into "Cities"("Id", "RegionId", "Name") values (16626, 1528, 'Solna');
insert into "Cities"("Id", "RegionId", "Name") values (16627, 1528, 'Sol');
insert into "Cities"("Id", "RegionId", "Name") values (16628, 1528, 'Sotinge');
insert into "Cities"("Id", "RegionId", "Name") values (16629, 1528, 'Spnga');
insert into "Cities"("Id", "RegionId", "Name") values (16630, 1528, 'Stockholm');
insert into "Cities"("Id", "RegionId", "Name") values (16631, 1528, 'Stocksund');
insert into "Cities"("Id", "RegionId", "Name") values (16632, 1528, 'Storholmen');
insert into "Cities"("Id", "RegionId", "Name") values (16633, 1528, 'Sundbyberg');
insert into "Cities"("Id", "RegionId", "Name") values (16634, 1528, 'Sundyberg');
insert into "Cities"("Id", "RegionId", "Name") values (16635, 1528, 'Svarts');
insert into "Cities"("Id", "RegionId", "Name") values (16636, 1528, 'Svedmyra');
insert into "Cities"("Id", "RegionId", "Name") values (16637, 1528, 'Tby');
insert into "Cities"("Id", "RegionId", "Name") values (16638, 1528, 'Tumba');
insert into "Cities"("Id", "RegionId", "Name") values (16639, 1528, 'Uplands Vsby');
insert into "Cities"("Id", "RegionId", "Name") values (16640, 1528, 'Upplands-Vsby');
insert into "Cities"("Id", "RegionId", "Name") values (16641, 1528, 'Uppsala');
insert into "Cities"("Id", "RegionId", "Name") values (16642, 1528, 'Vllingby');
insert into "Cities"("Id", "RegionId", "Name") values (16643, 1528, 'Vrby');
insert into "Cities"("Id", "RegionId", "Name") values (16644, 1528, 'Vista');
insert into "Cities"("Id", "RegionId", "Name") values (16645, 1528, 'Vitsand');
insert into "Cities"("Id", "RegionId", "Name") values (16646, 1561, 'Кванчжу');
insert into "Cities"("Id", "RegionId", "Name") values (16647, 1577, 'Ибараки');
insert into "Cities"("Id", "RegionId", "Name") values (16648, 1577, 'Мито');
insert into "Cities"("Id", "RegionId", "Name") values (16649, 1577, 'Хитачи');
insert into "Cities"("Id", "RegionId", "Name") values (16650, 1577, 'Цущиура');
insert into "Cities"("Id", "RegionId", "Name") values (16651, 1311, 'Эрзинкан');
insert into "Cities"("Id", "RegionId", "Name") values (16652, 1375, 'Alaise');
insert into "Cities"("Id", "RegionId", "Name") values (16653, 1375, 'Besanon');
insert into "Cities"("Id", "RegionId", "Name") values (16654, 1375, 'Doubs');
insert into "Cities"("Id", "RegionId", "Name") values (16655, 1375, 'Montbliard');
insert into "Cities"("Id", "RegionId", "Name") values (16656, 1375, 'Sochaux');
insert into "Cities"("Id", "RegionId", "Name") values (16657, 1375, 'Vaux-et-Chantegrue');
insert into "Cities"("Id", "RegionId", "Name") values (16658, 1375, 'Villers-le-Lac');
insert into "Cities"("Id", "RegionId", "Name") values (16659, 1504, 'Altendorf');
insert into "Cities"("Id", "RegionId", "Name") values (16660, 1504, 'Brunnen');
insert into "Cities"("Id", "RegionId", "Name") values (16661, 1504, 'Einsiedeln');
insert into "Cities"("Id", "RegionId", "Name") values (16662, 1504, 'Sattel');
insert into "Cities"("Id", "RegionId", "Name") values (16663, 1504, 'Schindellegi');
insert into "Cities"("Id", "RegionId", "Name") values (16664, 1504, 'Schwyz');
insert into "Cities"("Id", "RegionId", "Name") values (16665, 1529, 'dalen');
insert into "Cities"("Id", "RegionId", "Name") values (16666, 1529, 'Askskr');
insert into "Cities"("Id", "RegionId", "Name") values (16667, 1529, 'Blsta');
insert into "Cities"("Id", "RegionId", "Name") values (16668, 1529, 'Enkping');
insert into "Cities"("Id", "RegionId", "Name") values (16669, 1529, 'Fiskvik');
insert into "Cities"("Id", "RegionId", "Name") values (16670, 1529, 'Malma');
insert into "Cities"("Id", "RegionId", "Name") values (16671, 1529, 'Skutskr');
insert into "Cities"("Id", "RegionId", "Name") values (16672, 1529, 'Tierp');
insert into "Cities"("Id", "RegionId", "Name") values (16673, 1529, 'Uppland');
insert into "Cities"("Id", "RegionId", "Name") values (16674, 1529, 'Uppsala');
insert into "Cities"("Id", "RegionId", "Name") values (16675, 1562, 'Йонгжу');
insert into "Cities"("Id", "RegionId", "Name") values (16676, 1562, 'Сувон');
insert into "Cities"("Id", "RegionId", "Name") values (16677, 1578, 'Мииако');
insert into "Cities"("Id", "RegionId", "Name") values (16678, 1578, 'Мориока');
insert into "Cities"("Id", "RegionId", "Name") values (16679, 1312, 'Эрзурум');
insert into "Cities"("Id", "RegionId", "Name") values (16680, 1376, 'Alixan');
insert into "Cities"("Id", "RegionId", "Name") values (16681, 1376, 'Barbires');
insert into "Cities"("Id", "RegionId", "Name") values (16682, 1376, 'Beauvallon');
insert into "Cities"("Id", "RegionId", "Name") values (16683, 1376, 'Bourg-ls-Valence');
insert into "Cities"("Id", "RegionId", "Name") values (16684, 1376, 'Montlimar');
insert into "Cities"("Id", "RegionId", "Name") values (16685, 1376, 'Pierrelatte');
insert into "Cities"("Id", "RegionId", "Name") values (16686, 1376, 'Romans-sur-Isre');
insert into "Cities"("Id", "RegionId", "Name") values (16687, 1376, 'Tain-l''''Hermitage');
insert into "Cities"("Id", "RegionId", "Name") values (16688, 1376, 'Valence');
insert into "Cities"("Id", "RegionId", "Name") values (16689, 1505, 'Egerkingen');
insert into "Cities"("Id", "RegionId", "Name") values (16690, 1505, 'Gerlafingen');
insert into "Cities"("Id", "RegionId", "Name") values (16691, 1505, 'Grenchen');
insert into "Cities"("Id", "RegionId", "Name") values (16692, 1505, 'Halten');
insert into "Cities"("Id", "RegionId", "Name") values (16693, 1505, 'Obergsgen');
insert into "Cities"("Id", "RegionId", "Name") values (16694, 1505, 'Olten');
insert into "Cities"("Id", "RegionId", "Name") values (16695, 1505, 'Solothurn');
insert into "Cities"("Id", "RegionId", "Name") values (16696, 1530, 'Filipstad');
insert into "Cities"("Id", "RegionId", "Name") values (16697, 1530, 'Grums');
insert into "Cities"("Id", "RegionId", "Name") values (16698, 1530, 'Hammar');
insert into "Cities"("Id", "RegionId", "Name") values (16699, 1530, 'Karlstad');
insert into "Cities"("Id", "RegionId", "Name") values (16700, 1530, 'Kristinehamn');
insert into "Cities"("Id", "RegionId", "Name") values (16701, 1530, 'Lesjfors');
insert into "Cities"("Id", "RegionId", "Name") values (16702, 1530, 'Linds');
insert into "Cities"("Id", "RegionId", "Name") values (16703, 1530, 'Storfors');
insert into "Cities"("Id", "RegionId", "Name") values (16704, 1530, 'Vesters');
insert into "Cities"("Id", "RegionId", "Name") values (16705, 1563, 'Андонг');
insert into "Cities"("Id", "RegionId", "Name") values (16706, 1563, 'Кионгджу');
insert into "Cities"("Id", "RegionId", "Name") values (16707, 1563, 'П''''оханг');
insert into "Cities"("Id", "RegionId", "Name") values (16708, 1579, 'Каназава');
insert into "Cities"("Id", "RegionId", "Name") values (16709, 1313, 'Ескисехир');
insert into "Cities"("Id", "RegionId", "Name") values (16710, 1377, 'Bivres');
insert into "Cities"("Id", "RegionId", "Name") values (16711, 1377, 'vry');
insert into "Cities"("Id", "RegionId", "Name") values (16712, 1506, 'Amriswil');
insert into "Cities"("Id", "RegionId", "Name") values (16713, 1506, 'Arbon');
insert into "Cities"("Id", "RegionId", "Name") values (16714, 1506, 'Egnach');
insert into "Cities"("Id", "RegionId", "Name") values (16715, 1506, 'Frauenfeld');
insert into "Cities"("Id", "RegionId", "Name") values (16716, 1506, 'Kreuzlingen');
insert into "Cities"("Id", "RegionId", "Name") values (16717, 1506, 'Romanshorn');
insert into "Cities"("Id", "RegionId", "Name") values (16718, 1506, 'Schlattingen');
insert into "Cities"("Id", "RegionId", "Name") values (16719, 1506, 'Steckborn');
insert into "Cities"("Id", "RegionId", "Name") values (16720, 1531, 'sele');
insert into "Cities"("Id", "RegionId", "Name") values (16721, 1531, 'BoIden');
insert into "Cities"("Id", "RegionId", "Name") values (16722, 1531, 'Skellefte');
insert into "Cities"("Id", "RegionId", "Name") values (16723, 1531, 'Ume');
insert into "Cities"("Id", "RegionId", "Name") values (16724, 1564, 'Масан');
insert into "Cities"("Id", "RegionId", "Name") values (16725, 1564, 'Мирианг');
insert into "Cities"("Id", "RegionId", "Name") values (16726, 1564, 'Чинхэ');
insert into "Cities"("Id", "RegionId", "Name") values (16727, 1564, 'Чиню');
insert into "Cities"("Id", "RegionId", "Name") values (16728, 1580, 'Каноя');
insert into "Cities"("Id", "RegionId", "Name") values (16729, 1378, 'Acon');
insert into "Cities"("Id", "RegionId", "Name") values (16730, 1378, 'Amfreville-sur-Iton');
insert into "Cities"("Id", "RegionId", "Name") values (16731, 1378, 'Brionne');
insert into "Cities"("Id", "RegionId", "Name") values (16732, 1378, 'vreux');
insert into "Cities"("Id", "RegionId", "Name") values (16733, 1378, 'Vernon');
insert into "Cities"("Id", "RegionId", "Name") values (16734, 1507, 'Agno');
insert into "Cities"("Id", "RegionId", "Name") values (16735, 1507, 'Ascona');
insert into "Cities"("Id", "RegionId", "Name") values (16736, 1507, 'Bellinzona');
insert into "Cities"("Id", "RegionId", "Name") values (16737, 1507, 'Locarno');
insert into "Cities"("Id", "RegionId", "Name") values (16738, 1507, 'Lugano');
insert into "Cities"("Id", "RegionId", "Name") values (16739, 1507, 'Stabio');
insert into "Cities"("Id", "RegionId", "Name") values (16740, 1507, 'Tenero');
insert into "Cities"("Id", "RegionId", "Name") values (16741, 1532, 'Alby');
insert into "Cities"("Id", "RegionId", "Name") values (16742, 1532, 'lfva');
insert into "Cities"("Id", "RegionId", "Name") values (16743, 1532, 'Almsjns');
insert into "Cities"("Id", "RegionId", "Name") values (16744, 1532, 'nge');
insert into "Cities"("Id", "RegionId", "Name") values (16745, 1532, 'Hrnsand');
insert into "Cities"("Id", "RegionId", "Name") values (16746, 1532, 'Husum');
insert into "Cities"("Id", "RegionId", "Name") values (16747, 1532, 'Kramfors');
insert into "Cities"("Id", "RegionId", "Name") values (16748, 1532, 'Lucksta');
insert into "Cities"("Id", "RegionId", "Name") values (16749, 1532, 'rnskldsvik');
insert into "Cities"("Id", "RegionId", "Name") values (16750, 1532, 'Sundsvall');
insert into "Cities"("Id", "RegionId", "Name") values (16751, 1565, 'Пусан');
insert into "Cities"("Id", "RegionId", "Name") values (16752, 1581, 'Зуши');
insert into "Cities"("Id", "RegionId", "Name") values (16753, 1581, 'Йокогама');
insert into "Cities"("Id", "RegionId", "Name") values (16754, 1581, 'Йокосука');
insert into "Cities"("Id", "RegionId", "Name") values (16755, 1581, 'Камакура');
insert into "Cities"("Id", "RegionId", "Name") values (16756, 1581, 'Одавара');
insert into "Cities"("Id", "RegionId", "Name") values (16757, 1581, 'Хиратсука');
insert into "Cities"("Id", "RegionId", "Name") values (16758, 1379, 'Anet');
insert into "Cities"("Id", "RegionId", "Name") values (16759, 1379, 'Brou');
insert into "Cities"("Id", "RegionId", "Name") values (16760, 1379, 'Chartres');
insert into "Cities"("Id", "RegionId", "Name") values (16761, 1508, 'Erstfeld');
insert into "Cities"("Id", "RegionId", "Name") values (16762, 1508, 'Intschi');
insert into "Cities"("Id", "RegionId", "Name") values (16763, 1508, 'Realp');
insert into "Cities"("Id", "RegionId", "Name") values (16764, 1508, 'Rtli');
insert into "Cities"("Id", "RegionId", "Name") values (16765, 1508, 'Sisikon');
insert into "Cities"("Id", "RegionId", "Name") values (16766, 1533, 'Aberga');
insert into "Cities"("Id", "RegionId", "Name") values (16767, 1533, 'Arboga');
insert into "Cities"("Id", "RegionId", "Name") values (16768, 1533, 'vestbo');
insert into "Cities"("Id", "RegionId", "Name") values (16769, 1533, 'Fagersta');
insert into "Cities"("Id", "RegionId", "Name") values (16770, 1533, 'Kping');
insert into "Cities"("Id", "RegionId", "Name") values (16771, 1533, 'Olsta');
insert into "Cities"("Id", "RegionId", "Name") values (16772, 1533, 'Sala');
insert into "Cities"("Id", "RegionId", "Name") values (16773, 1533, 'Vsters');
insert into "Cities"("Id", "RegionId", "Name") values (16774, 1566, 'Сеул');
insert into "Cities"("Id", "RegionId", "Name") values (16775, 1582, 'Киото');
insert into "Cities"("Id", "RegionId", "Name") values (16776, 1582, 'Маизуру');
insert into "Cities"("Id", "RegionId", "Name") values (16777, 1582, 'Фукучииама');
insert into "Cities"("Id", "RegionId", "Name") values (16778, 1380, 'Audierne');
insert into "Cities"("Id", "RegionId", "Name") values (16779, 1380, 'Brest');
insert into "Cities"("Id", "RegionId", "Name") values (16780, 1380, 'Huelgoat');
insert into "Cities"("Id", "RegionId", "Name") values (16781, 1380, 'Molan-sur-Mer');
insert into "Cities"("Id", "RegionId", "Name") values (16782, 1380, 'Quimper');
insert into "Cities"("Id", "RegionId", "Name") values (16783, 1509, 'Arolla');
insert into "Cities"("Id", "RegionId", "Name") values (16784, 1509, 'Brig');
insert into "Cities"("Id", "RegionId", "Name") values (16785, 1509, 'Collombey');
insert into "Cities"("Id", "RegionId", "Name") values (16786, 1509, 'Leukerbad');
insert into "Cities"("Id", "RegionId", "Name") values (16787, 1509, 'Monthey');
insert into "Cities"("Id", "RegionId", "Name") values (16788, 1509, 'Sierre');
insert into "Cities"("Id", "RegionId", "Name") values (16789, 1509, 'Sion');
insert into "Cities"("Id", "RegionId", "Name") values (16790, 1534, '');
insert into "Cities"("Id", "RegionId", "Name") values (16791, 1534, 'Bengtsfors');
insert into "Cities"("Id", "RegionId", "Name") values (16792, 1534, 'Bjurdammen');
insert into "Cities"("Id", "RegionId", "Name") values (16793, 1534, 'Bors');
insert into "Cities"("Id", "RegionId", "Name") values (16794, 1534, 'Borrs');
insert into "Cities"("Id", "RegionId", "Name") values (16795, 1534, 'Fly');
insert into "Cities"("Id", "RegionId", "Name") values (16796, 1534, 'Goeteborg');
insert into "Cities"("Id", "RegionId", "Name") values (16797, 1534, 'Gteborg');
insert into "Cities"("Id", "RegionId", "Name") values (16798, 1534, 'Goteburg');
insert into "Cities"("Id", "RegionId", "Name") values (16799, 1534, 'Gtene');
insert into "Cities"("Id", "RegionId", "Name") values (16800, 1534, 'Gothenburg');
insert into "Cities"("Id", "RegionId", "Name") values (16801, 1534, 'Kunglv');
insert into "Cities"("Id", "RegionId", "Name") values (16802, 1534, 'Idkping');
insert into "Cities"("Id", "RegionId", "Name") values (16803, 1534, 'Malm');
insert into "Cities"("Id", "RegionId", "Name") values (16804, 1534, 'Mariestad');
insert into "Cities"("Id", "RegionId", "Name") values (16805, 1534, 'Mlndal');
insert into "Cities"("Id", "RegionId", "Name") values (16806, 1534, 'Skene');
insert into "Cities"("Id", "RegionId", "Name") values (16807, 1534, 'Skepplanda');
insert into "Cities"("Id", "RegionId", "Name") values (16808, 1534, 'Skvde');
insert into "Cities"("Id", "RegionId", "Name") values (16809, 1534, 'Strmstad');
insert into "Cities"("Id", "RegionId", "Name") values (16810, 1534, 'Svinesund');
insert into "Cities"("Id", "RegionId", "Name") values (16811, 1534, 'Trollhttan');
insert into "Cities"("Id", "RegionId", "Name") values (16812, 1534, 'Uddevalla');
insert into "Cities"("Id", "RegionId", "Name") values (16813, 1534, 'Ulricehamn');
insert into "Cities"("Id", "RegionId", "Name") values (16814, 1534, 'Vnersborg');
insert into "Cities"("Id", "RegionId", "Name") values (16815, 1534, 'Ytterstad');
insert into "Cities"("Id", "RegionId", "Name") values (16816, 1567, 'Тэгу');
insert into "Cities"("Id", "RegionId", "Name") values (16817, 1583, 'Кочи');
insert into "Cities"("Id", "RegionId", "Name") values (16818, 1381, 'Als');
insert into "Cities"("Id", "RegionId", "Name") values (16819, 1381, 'Marguerittes');
insert into "Cities"("Id", "RegionId", "Name") values (16820, 1381, 'Nmes');
insert into "Cities"("Id", "RegionId", "Name") values (16821, 1381, 'Poulx');
insert into "Cities"("Id", "RegionId", "Name") values (16822, 1510, 'Ballaigues');
insert into "Cities"("Id", "RegionId", "Name") values (16823, 1510, 'Belmont-sur-Lausanne');
insert into "Cities"("Id", "RegionId", "Name") values (16824, 1510, 'Chexbres');
insert into "Cities"("Id", "RegionId", "Name") values (16825, 1510, 'Epalinges');
insert into "Cities"("Id", "RegionId", "Name") values (16826, 1510, 'Gryon');
insert into "Cities"("Id", "RegionId", "Name") values (16827, 1510, 'Lausanne');
insert into "Cities"("Id", "RegionId", "Name") values (16828, 1510, 'Leysin');
insert into "Cities"("Id", "RegionId", "Name") values (16829, 1510, 'Montreux');
insert into "Cities"("Id", "RegionId", "Name") values (16830, 1510, 'Nyon');
insert into "Cities"("Id", "RegionId", "Name") values (16831, 1510, 'Rolle');
insert into "Cities"("Id", "RegionId", "Name") values (16832, 1510, 'Vevey');
insert into "Cities"("Id", "RegionId", "Name") values (16833, 1510, 'Yens');
insert into "Cities"("Id", "RegionId", "Name") values (16834, 1510, 'Yverdon');
insert into "Cities"("Id", "RegionId", "Name") values (16835, 1568, 'Тэджон');
insert into "Cities"("Id", "RegionId", "Name") values (16836, 1584, 'Ишиномаки');
insert into "Cities"("Id", "RegionId", "Name") values (16837, 1584, 'Матсушима');
insert into "Cities"("Id", "RegionId", "Name") values (16838, 1584, 'Сендай');
insert into "Cities"("Id", "RegionId", "Name") values (16839, 1584, 'Фурукава');
insert into "Cities"("Id", "RegionId", "Name") values (16840, 1382, 'Auch');
insert into "Cities"("Id", "RegionId", "Name") values (16841, 1382, 'Gaujan');
insert into "Cities"("Id", "RegionId", "Name") values (16842, 1382, 'Sainte-Christie-d''''Armagnac');
insert into "Cities"("Id", "RegionId", "Name") values (16843, 1511, 'Baar');
insert into "Cities"("Id", "RegionId", "Name") values (16844, 1511, 'Cham');
insert into "Cities"("Id", "RegionId", "Name") values (16845, 1511, 'Rotkreuz');
insert into "Cities"("Id", "RegionId", "Name") values (16846, 1511, 'Zug');
insert into "Cities"("Id", "RegionId", "Name") values (16847, 1569, 'Ульсан');
insert into "Cities"("Id", "RegionId", "Name") values (16848, 1585, 'Мииазаки');
insert into "Cities"("Id", "RegionId", "Name") values (16849, 1585, 'Мииаконойо');
insert into "Cities"("Id", "RegionId", "Name") values (16850, 1383, 'Andernos-les-Bains');
insert into "Cities"("Id", "RegionId", "Name") values (16851, 1383, 'Arcachon');
insert into "Cities"("Id", "RegionId", "Name") values (16852, 1383, 'Aubiac');
insert into "Cities"("Id", "RegionId", "Name") values (16853, 1383, 'Blanquefort');
insert into "Cities"("Id", "RegionId", "Name") values (16854, 1383, 'Bordeaux');
insert into "Cities"("Id", "RegionId", "Name") values (16855, 1383, 'Cadillac');
insert into "Cities"("Id", "RegionId", "Name") values (16856, 1383, 'Carbon-Blanc');
insert into "Cities"("Id", "RegionId", "Name") values (16857, 1383, 'Langon');
insert into "Cities"("Id", "RegionId", "Name") values (16858, 1512, 'Adliswil');
insert into "Cities"("Id", "RegionId", "Name") values (16859, 1512, 'Affoltern am Albis');
insert into "Cities"("Id", "RegionId", "Name") values (16860, 1512, 'Bassersdorf');
insert into "Cities"("Id", "RegionId", "Name") values (16861, 1512, 'Bauma');
insert into "Cities"("Id", "RegionId", "Name") values (16862, 1512, 'Brtten');
insert into "Cities"("Id", "RegionId", "Name") values (16863, 1512, 'Blach');
insert into "Cities"("Id", "RegionId", "Name") values (16864, 1512, 'Dielsdorf');
insert into "Cities"("Id", "RegionId", "Name") values (16865, 1512, 'Dietikon');
insert into "Cities"("Id", "RegionId", "Name") values (16866, 1512, 'Dietlikon');
insert into "Cities"("Id", "RegionId", "Name") values (16867, 1512, 'Dbendorf');
insert into "Cities"("Id", "RegionId", "Name") values (16868, 1512, 'Feldbach');
insert into "Cities"("Id", "RegionId", "Name") values (16869, 1512, 'Hombrechtikon');
insert into "Cities"("Id", "RegionId", "Name") values (16870, 1512, 'Horgen');
insert into "Cities"("Id", "RegionId", "Name") values (16871, 1512, 'Kloten');
insert into "Cities"("Id", "RegionId", "Name") values (16872, 1512, 'Lindau');
insert into "Cities"("Id", "RegionId", "Name") values (16873, 1512, 'Mnnedorf');
insert into "Cities"("Id", "RegionId", "Name") values (16874, 1512, 'Stfa');
insert into "Cities"("Id", "RegionId", "Name") values (16875, 1512, 'Thalwil');
insert into "Cities"("Id", "RegionId", "Name") values (16876, 1512, 'Uetliberg');
insert into "Cities"("Id", "RegionId", "Name") values (16877, 1512, 'Wdenswil');
insert into "Cities"("Id", "RegionId", "Name") values (16878, 1512, 'Winterthur');
insert into "Cities"("Id", "RegionId", "Name") values (16879, 1512, 'Zumikon');
insert into "Cities"("Id", "RegionId", "Name") values (16880, 1512, 'Zrich');
insert into "Cities"("Id", "RegionId", "Name") values (16881, 1570, 'Кимпо');
insert into "Cities"("Id", "RegionId", "Name") values (16882, 1586, 'Матсумото');
insert into "Cities"("Id", "RegionId", "Name") values (16883, 1586, 'Нагано');
insert into "Cities"("Id", "RegionId", "Name") values (16884, 1586, 'Саку');
insert into "Cities"("Id", "RegionId", "Name") values (16885, 1384, 'Bollwiller');
insert into "Cities"("Id", "RegionId", "Name") values (16886, 1384, 'Colmar');
insert into "Cities"("Id", "RegionId", "Name") values (16887, 1384, 'Illzach');
insert into "Cities"("Id", "RegionId", "Name") values (16888, 1384, 'Mulhouse');
insert into "Cities"("Id", "RegionId", "Name") values (16889, 1384, 'Riedisheim');
insert into "Cities"("Id", "RegionId", "Name") values (16890, 1384, 'Saint-Amarin');
insert into "Cities"("Id", "RegionId", "Name") values (16891, 1384, 'Saint-Louis');
insert into "Cities"("Id", "RegionId", "Name") values (16892, 1384, 'Thann');
insert into "Cities"("Id", "RegionId", "Name") values (16893, 1587, 'Исахая');
insert into "Cities"("Id", "RegionId", "Name") values (16894, 1587, 'Нагасаки');
insert into "Cities"("Id", "RegionId", "Name") values (16895, 1587, 'Сасэбо');
insert into "Cities"("Id", "RegionId", "Name") values (16896, 1385, 'Arbas');
insert into "Cities"("Id", "RegionId", "Name") values (16897, 1385, 'Colomiers');
insert into "Cities"("Id", "RegionId", "Name") values (16898, 1385, 'Lavalette');
insert into "Cities"("Id", "RegionId", "Name") values (16899, 1385, 'Lourde');
insert into "Cities"("Id", "RegionId", "Name") values (16900, 1385, 'Menville');
insert into "Cities"("Id", "RegionId", "Name") values (16901, 1385, 'Muret');
insert into "Cities"("Id", "RegionId", "Name") values (16902, 1385, 'Toulouse');
insert into "Cities"("Id", "RegionId", "Name") values (16903, 1588, 'Нара');
insert into "Cities"("Id", "RegionId", "Name") values (16904, 1386, 'Beaux');
insert into "Cities"("Id", "RegionId", "Name") values (16905, 1386, 'Langeac');
insert into "Cities"("Id", "RegionId", "Name") values (16906, 1386, 'Le Puy-en-Velay');
insert into "Cities"("Id", "RegionId", "Name") values (16907, 1386, 'Sainte-Florine');
insert into "Cities"("Id", "RegionId", "Name") values (16908, 1589, 'Нагаока');
insert into "Cities"("Id", "RegionId", "Name") values (16909, 1589, 'Ниигата');
insert into "Cities"("Id", "RegionId", "Name") values (16910, 1589, 'Цубаме');
insert into "Cities"("Id", "RegionId", "Name") values (16911, 1589, 'Шибата');
insert into "Cities"("Id", "RegionId", "Name") values (16912, 1590, 'Окэйама');
insert into "Cities"("Id", "RegionId", "Name") values (16913, 1388, 'Amage');
insert into "Cities"("Id", "RegionId", "Name") values (16914, 1591, 'Ишигаки');
insert into "Cities"("Id", "RegionId", "Name") values (16915, 1591, 'Наха');
insert into "Cities"("Id", "RegionId", "Name") values (16916, 1389, 'Annecy');
insert into "Cities"("Id", "RegionId", "Name") values (16917, 1389, 'Annemasse');
insert into "Cities"("Id", "RegionId", "Name") values (16918, 1389, 'Chamonix-Mont-Blanc');
insert into "Cities"("Id", "RegionId", "Name") values (16919, 1389, 'Cluses');
insert into "Cities"("Id", "RegionId", "Name") values (16920, 1389, 'Douvaine');
insert into "Cities"("Id", "RegionId", "Name") values (16921, 1389, 'vian-les-Bains');
insert into "Cities"("Id", "RegionId", "Name") values (16922, 1389, 'Saint-Julien-en-Genevois');
insert into "Cities"("Id", "RegionId", "Name") values (16923, 1389, 'Veigy-Foncenex');
insert into "Cities"("Id", "RegionId", "Name") values (16924, 1592, 'Даито');
insert into "Cities"("Id", "RegionId", "Name") values (16925, 1592, 'Матсубара');
insert into "Cities"("Id", "RegionId", "Name") values (16926, 1592, 'Ниагава');
insert into "Cities"("Id", "RegionId", "Name") values (16927, 1592, 'Осака');
insert into "Cities"("Id", "RegionId", "Name") values (16928, 1592, 'Хираката');
insert into "Cities"("Id", "RegionId", "Name") values (16929, 1592, 'Яо');
insert into "Cities"("Id", "RegionId", "Name") values (16930, 1390, 'Aixe-sur-Vienne');
insert into "Cities"("Id", "RegionId", "Name") values (16931, 1390, 'Couzeix');
insert into "Cities"("Id", "RegionId", "Name") values (16932, 1390, 'Limoges');
insert into "Cities"("Id", "RegionId", "Name") values (16933, 1593, 'Каратсу');
insert into "Cities"("Id", "RegionId", "Name") values (16934, 1593, 'Сага');
insert into "Cities"("Id", "RegionId", "Name") values (16935, 1391, 'Claret');
insert into "Cities"("Id", "RegionId", "Name") values (16936, 1391, 'Gap');
insert into "Cities"("Id", "RegionId", "Name") values (16937, 1391, 'Orcires');
insert into "Cities"("Id", "RegionId", "Name") values (16938, 1391, 'Vallouise');
insert into "Cities"("Id", "RegionId", "Name") values (16939, 1594, 'Вараби');
insert into "Cities"("Id", "RegionId", "Name") values (16940, 1594, 'Иватсуки');
insert into "Cities"("Id", "RegionId", "Name") values (16941, 1594, 'Йоно');
insert into "Cities"("Id", "RegionId", "Name") values (16942, 1594, 'Кавагоэ');
insert into "Cities"("Id", "RegionId", "Name") values (16943, 1594, 'Кавагучи');
insert into "Cities"("Id", "RegionId", "Name") values (16944, 1594, 'Кошигэйа');
insert into "Cities"("Id", "RegionId", "Name") values (16945, 1594, 'Кумагэйа');
insert into "Cities"("Id", "RegionId", "Name") values (16946, 1594, 'Сока');
insert into "Cities"("Id", "RegionId", "Name") values (16947, 1594, 'Ханно');
insert into "Cities"("Id", "RegionId", "Name") values (16948, 1392, 'Arn');
insert into "Cities"("Id", "RegionId", "Name") values (16949, 1392, 'Lannemezan');
insert into "Cities"("Id", "RegionId", "Name") values (16950, 1392, 'Lourdes');
insert into "Cities"("Id", "RegionId", "Name") values (16951, 1392, 'Maulon-Barousse');
insert into "Cities"("Id", "RegionId", "Name") values (16952, 1392, 'Tarbes');
insert into "Cities"("Id", "RegionId", "Name") values (16953, 1392, 'Vic-en-Bigorre');
insert into "Cities"("Id", "RegionId", "Name") values (16954, 1595, 'Отсу');
insert into "Cities"("Id", "RegionId", "Name") values (16955, 1595, 'Хикон');
insert into "Cities"("Id", "RegionId", "Name") values (16956, 1393, 'Bois-Colombes');
insert into "Cities"("Id", "RegionId", "Name") values (16957, 1393, 'Boulogne-Billancourt');
insert into "Cities"("Id", "RegionId", "Name") values (16958, 1393, 'Bourg-la-Reine');
insert into "Cities"("Id", "RegionId", "Name") values (16959, 1393, 'Nanterre');
insert into "Cities"("Id", "RegionId", "Name") values (16960, 1393, 'Neuilly-sur-Seine');
insert into "Cities"("Id", "RegionId", "Name") values (16961, 1393, 'Puteaux');
insert into "Cities"("Id", "RegionId", "Name") values (16962, 1393, 'Saint-Cloud');
insert into "Cities"("Id", "RegionId", "Name") values (16963, 1596, 'Атами');
insert into "Cities"("Id", "RegionId", "Name") values (16964, 1596, 'Фуджи');
insert into "Cities"("Id", "RegionId", "Name") values (16965, 1394, 'Agde');
insert into "Cities"("Id", "RegionId", "Name") values (16966, 1394, 'Bdarieux');
insert into "Cities"("Id", "RegionId", "Name") values (16967, 1394, 'Bziers');
insert into "Cities"("Id", "RegionId", "Name") values (16968, 1394, 'La Grande Motte');
insert into "Cities"("Id", "RegionId", "Name") values (16969, 1394, 'Montpellier');
insert into "Cities"("Id", "RegionId", "Name") values (16970, 1394, 'Plaissan');
insert into "Cities"("Id", "RegionId", "Name") values (16971, 1394, 'Poussan');
insert into "Cities"("Id", "RegionId", "Name") values (16972, 1394, 'Ste');
insert into "Cities"("Id", "RegionId", "Name") values (16973, 1597, 'Ичикава');
insert into "Cities"("Id", "RegionId", "Name") values (16974, 1597, 'Кашива');
insert into "Cities"("Id", "RegionId", "Name") values (16975, 1597, 'Нода');
insert into "Cities"("Id", "RegionId", "Name") values (16976, 1597, 'Фунабаши');
insert into "Cities"("Id", "RegionId", "Name") values (16977, 1597, 'Чиба');
insert into "Cities"("Id", "RegionId", "Name") values (16978, 1395, 'Baguer-Morvan');
insert into "Cities"("Id", "RegionId", "Name") values (16979, 1395, 'Cancale');
insert into "Cities"("Id", "RegionId", "Name") values (16980, 1395, 'Dinard');
insert into "Cities"("Id", "RegionId", "Name") values (16981, 1395, 'Fougres');
insert into "Cities"("Id", "RegionId", "Name") values (16982, 1395, 'Gvez');
insert into "Cities"("Id", "RegionId", "Name") values (16983, 1395, 'Laill');
insert into "Cities"("Id", "RegionId", "Name") values (16984, 1395, 'Rennes');
insert into "Cities"("Id", "RegionId", "Name") values (16985, 1395, 'Saint-Malo');
insert into "Cities"("Id", "RegionId", "Name") values (16986, 1395, 'Vitr');
insert into "Cities"("Id", "RegionId", "Name") values (16987, 1598, 'Кодаира');
insert into "Cities"("Id", "RegionId", "Name") values (16988, 1598, 'Мачида');
insert into "Cities"("Id", "RegionId", "Name") values (16989, 1598, 'Митака');
insert into "Cities"("Id", "RegionId", "Name") values (16990, 1598, 'Мусашино');
insert into "Cities"("Id", "RegionId", "Name") values (16991, 1598, 'Тачикава');
insert into "Cities"("Id", "RegionId", "Name") values (16992, 1598, 'Токио');
insert into "Cities"("Id", "RegionId", "Name") values (16993, 1598, 'Хачиойи');
insert into "Cities"("Id", "RegionId", "Name") values (16994, 1598, 'Хофу');
insert into "Cities"("Id", "RegionId", "Name") values (16995, 1396, 'Chteauroux');
insert into "Cities"("Id", "RegionId", "Name") values (16996, 1599, 'Токушима');
insert into "Cities"("Id", "RegionId", "Name") values (16997, 1397, 'Amboise');
insert into "Cities"("Id", "RegionId", "Name") values (16998, 1397, 'Cormery');
insert into "Cities"("Id", "RegionId", "Name") values (16999, 1397, 'Saint-Martin-le-Beau');
insert into "Cities"("Id", "RegionId", "Name") values (17000, 1397, 'Tours');
insert into "Cities"("Id", "RegionId", "Name") values (17001, 1600, 'Ашикага');
insert into "Cities"("Id", "RegionId", "Name") values (17002, 1600, 'Отавара');
insert into "Cities"("Id", "RegionId", "Name") values (17003, 1600, 'Утсуномииа');
insert into "Cities"("Id", "RegionId", "Name") values (17004, 1398, 'Bourgoin-Jallieu');
insert into "Cities"("Id", "RegionId", "Name") values (17005, 1398, 'Grenoble');
insert into "Cities"("Id", "RegionId", "Name") values (17006, 1601, 'Такаока');
insert into "Cities"("Id", "RegionId", "Name") values (17007, 1601, 'Тояма');
insert into "Cities"("Id", "RegionId", "Name") values (17008, 1399, 'Abergement-le-Petit');
insert into "Cities"("Id", "RegionId", "Name") values (17009, 1399, 'Besain');
insert into "Cities"("Id", "RegionId", "Name") values (17010, 1399, 'Biarne');
insert into "Cities"("Id", "RegionId", "Name") values (17011, 1399, 'Dole');
insert into "Cities"("Id", "RegionId", "Name") values (17012, 1399, 'Lains');
insert into "Cities"("Id", "RegionId", "Name") values (17013, 1399, 'Lons-le-Saunier');
insert into "Cities"("Id", "RegionId", "Name") values (17014, 1399, 'Tavaux');
insert into "Cities"("Id", "RegionId", "Name") values (17015, 1602, 'Оно');
insert into "Cities"("Id", "RegionId", "Name") values (17016, 1602, 'Фукуи');
insert into "Cities"("Id", "RegionId", "Name") values (17017, 1400, 'Aire-sur-l''''Adour');
insert into "Cities"("Id", "RegionId", "Name") values (17018, 1400, 'Azur');
insert into "Cities"("Id", "RegionId", "Name") values (17019, 1400, 'Mont-de-Marsan');
insert into "Cities"("Id", "RegionId", "Name") values (17020, 1400, 'Saint-Michel-Escalus');
insert into "Cities"("Id", "RegionId", "Name") values (17021, 1603, 'Китакиушу');
insert into "Cities"("Id", "RegionId", "Name") values (17022, 1603, 'Ногата');
insert into "Cities"("Id", "RegionId", "Name") values (17023, 1603, 'Омута');
insert into "Cities"("Id", "RegionId", "Name") values (17024, 1603, 'Фукуока');
insert into "Cities"("Id", "RegionId", "Name") values (17025, 1401, 'Arville');
insert into "Cities"("Id", "RegionId", "Name") values (17026, 1401, 'Blois');
insert into "Cities"("Id", "RegionId", "Name") values (17027, 1401, 'Romorantin-Lanthenay');
insert into "Cities"("Id", "RegionId", "Name") values (17028, 1604, 'Иваки');
insert into "Cities"("Id", "RegionId", "Name") values (17029, 1604, 'Корииама');
insert into "Cities"("Id", "RegionId", "Name") values (17030, 1402, 'Bard');
insert into "Cities"("Id", "RegionId", "Name") values (17031, 1402, 'La Gresle');
insert into "Cities"("Id", "RegionId", "Name") values (17032, 1402, 'La Valla');
insert into "Cities"("Id", "RegionId", "Name") values (17033, 1402, 'La Versanne');
insert into "Cities"("Id", "RegionId", "Name") values (17034, 1402, 'Lay');
insert into "Cities"("Id", "RegionId", "Name") values (17035, 1402, 'Mably');
insert into "Cities"("Id", "RegionId", "Name") values (17036, 1402, 'Roanne');
insert into "Cities"("Id", "RegionId", "Name") values (17037, 1402, 'Saint-tienne');
insert into "Cities"("Id", "RegionId", "Name") values (17038, 1605, 'Фукуиама');
insert into "Cities"("Id", "RegionId", "Name") values (17039, 1605, 'Хирошима');
insert into "Cities"("Id", "RegionId", "Name") values (17040, 1403, 'Abbaretz');
insert into "Cities"("Id", "RegionId", "Name") values (17041, 1403, 'Ancenis');
insert into "Cities"("Id", "RegionId", "Name") values (17042, 1403, 'Casson');
insert into "Cities"("Id", "RegionId", "Name") values (17043, 1403, 'La Baule-Escoublac');
insert into "Cities"("Id", "RegionId", "Name") values (17044, 1403, 'La Roche-Blanche');
insert into "Cities"("Id", "RegionId", "Name") values (17045, 1403, 'Nantes');
insert into "Cities"("Id", "RegionId", "Name") values (17046, 1403, 'Pornic');
insert into "Cities"("Id", "RegionId", "Name") values (17047, 1403, 'Port-Saint-Pre');
insert into "Cities"("Id", "RegionId", "Name") values (17048, 1403, 'Saint-Lyphard');
insert into "Cities"("Id", "RegionId", "Name") values (17049, 1403, 'Saint-Nazaire');
insert into "Cities"("Id", "RegionId", "Name") values (17050, 1606, 'Абашири');
insert into "Cities"("Id", "RegionId", "Name") values (17051, 1606, 'Асахигава');
insert into "Cities"("Id", "RegionId", "Name") values (17052, 1606, 'Вакканаи');
insert into "Cities"("Id", "RegionId", "Name") values (17053, 1606, 'Китами');
insert into "Cities"("Id", "RegionId", "Name") values (17054, 1606, 'Куширо');
insert into "Cities"("Id", "RegionId", "Name") values (17055, 1606, 'Обихиро');
insert into "Cities"("Id", "RegionId", "Name") values (17056, 1606, 'Отару');
insert into "Cities"("Id", "RegionId", "Name") values (17057, 1606, 'Саппоро');
insert into "Cities"("Id", "RegionId", "Name") values (17058, 1606, 'Томакомаи');
insert into "Cities"("Id", "RegionId", "Name") values (17059, 1606, 'Хакодата');
insert into "Cities"("Id", "RegionId", "Name") values (17060, 1404, 'Chapelon');
insert into "Cities"("Id", "RegionId", "Name") values (17061, 1404, 'Gien');
insert into "Cities"("Id", "RegionId", "Name") values (17062, 1404, 'Montargis');
insert into "Cities"("Id", "RegionId", "Name") values (17063, 1404, 'Orlans');
insert into "Cities"("Id", "RegionId", "Name") values (17064, 1607, 'Акаши');
insert into "Cities"("Id", "RegionId", "Name") values (17065, 1607, 'Какогава');
insert into "Cities"("Id", "RegionId", "Name") values (17066, 1607, 'Химейи');
insert into "Cities"("Id", "RegionId", "Name") values (17067, 1405, 'Baladou');
insert into "Cities"("Id", "RegionId", "Name") values (17068, 1405, 'Cahors');
insert into "Cities"("Id", "RegionId", "Name") values (17069, 1405, 'Figeac');
insert into "Cities"("Id", "RegionId", "Name") values (17070, 1405, 'Vers');
insert into "Cities"("Id", "RegionId", "Name") values (17071, 1608, 'Увайима');
insert into "Cities"("Id", "RegionId", "Name") values (17072, 1406, 'Agen');
insert into "Cities"("Id", "RegionId", "Name") values (17073, 1406, 'Estillac');
insert into "Cities"("Id", "RegionId", "Name") values (17074, 1406, 'Laroque-Timbaut');
insert into "Cities"("Id", "RegionId", "Name") values (17075, 1609, 'Ивакуни');
insert into "Cities"("Id", "RegionId", "Name") values (17076, 1609, 'Токуиама');
insert into "Cities"("Id", "RegionId", "Name") values (17077, 1609, 'Ямагучи');
insert into "Cities"("Id", "RegionId", "Name") values (17078, 1407, 'Langogne');
insert into "Cities"("Id", "RegionId", "Name") values (17079, 1407, 'Malbouzon');
insert into "Cities"("Id", "RegionId", "Name") values (17080, 1407, 'Mende');
insert into "Cities"("Id", "RegionId", "Name") values (17081, 1610, 'Кофу');
insert into "Cities"("Id", "RegionId", "Name") values (17082, 1408, 'Angers');
insert into "Cities"("Id", "RegionId", "Name") values (17083, 1408, 'Avrill');
insert into "Cities"("Id", "RegionId", "Name") values (17084, 1408, 'Cholet');
insert into "Cities"("Id", "RegionId", "Name") values (17085, 1408, 'Saumur');
insert into "Cities"("Id", "RegionId", "Name") values (17086, 1409, 'Cherbourg');
insert into "Cities"("Id", "RegionId", "Name") values (17087, 1409, 'Margueray');
insert into "Cities"("Id", "RegionId", "Name") values (17088, 1409, 'Pirou');
insert into "Cities"("Id", "RegionId", "Name") values (17089, 1409, 'Saint-L');
insert into "Cities"("Id", "RegionId", "Name") values (17090, 1409, 'Tamerville');
insert into "Cities"("Id", "RegionId", "Name") values (17091, 1410, 'Ay');
insert into "Cities"("Id", "RegionId", "Name") values (17092, 1410, 'Chlons-en-Champagne');
insert into "Cities"("Id", "RegionId", "Name") values (17093, 1410, 'Cormontreuil');
insert into "Cities"("Id", "RegionId", "Name") values (17094, 1410, 'pernay');
insert into "Cities"("Id", "RegionId", "Name") values (17095, 1410, 'Reims');
insert into "Cities"("Id", "RegionId", "Name") values (17096, 1410, 'Soudron');
insert into "Cities"("Id", "RegionId", "Name") values (17097, 1411, 'Laval');
insert into "Cities"("Id", "RegionId", "Name") values (17098, 1411, 'Montenay');
insert into "Cities"("Id", "RegionId", "Name") values (17099, 1412, 'Avril');
insert into "Cities"("Id", "RegionId", "Name") values (17100, 1412, 'Batilly');
insert into "Cities"("Id", "RegionId", "Name") values (17101, 1412, 'Laneuveville-devant-Nancy');
insert into "Cities"("Id", "RegionId", "Name") values (17102, 1412, 'Longwy');
insert into "Cities"("Id", "RegionId", "Name") values (17103, 1412, 'Nancy');
insert into "Cities"("Id", "RegionId", "Name") values (17104, 1413, 'tain');
insert into "Cities"("Id", "RegionId", "Name") values (17105, 1413, 'Montsec');
insert into "Cities"("Id", "RegionId", "Name") values (17106, 1414, 'Ambon');
insert into "Cities"("Id", "RegionId", "Name") values (17107, 1414, 'Baden');
insert into "Cities"("Id", "RegionId", "Name") values (17108, 1414, 'Hennebont');
insert into "Cities"("Id", "RegionId", "Name") values (17109, 1414, 'Larmor-Plage');
insert into "Cities"("Id", "RegionId", "Name") values (17110, 1414, 'Lorient');
insert into "Cities"("Id", "RegionId", "Name") values (17111, 1414, 'Pontivy');
insert into "Cities"("Id", "RegionId", "Name") values (17112, 1414, 'Vannes');
insert into "Cities"("Id", "RegionId", "Name") values (17113, 1415, 'Amnville');
insert into "Cities"("Id", "RegionId", "Name") values (17114, 1415, 'Ancerville');
insert into "Cities"("Id", "RegionId", "Name") values (17115, 1415, 'Beux');
insert into "Cities"("Id", "RegionId", "Name") values (17116, 1415, 'Forbach');
insert into "Cities"("Id", "RegionId", "Name") values (17117, 1415, 'Hayange');
insert into "Cities"("Id", "RegionId", "Name") values (17118, 1415, 'Holling');
insert into "Cities"("Id", "RegionId", "Name") values (17119, 1415, 'Longeville-ls-Saint-Avold');
insert into "Cities"("Id", "RegionId", "Name") values (17120, 1415, 'Marsal');
insert into "Cities"("Id", "RegionId", "Name") values (17121, 1415, 'Marsilly');
insert into "Cities"("Id", "RegionId", "Name") values (17122, 1415, 'Metz');
insert into "Cities"("Id", "RegionId", "Name") values (17123, 1415, 'Porcelette');
insert into "Cities"("Id", "RegionId", "Name") values (17124, 1415, 'Sarreguemines');
insert into "Cities"("Id", "RegionId", "Name") values (17125, 1415, 'Stiring-Wendel');
insert into "Cities"("Id", "RegionId", "Name") values (17126, 1415, 'Thimonville');
insert into "Cities"("Id", "RegionId", "Name") values (17127, 1415, 'Thionville');
insert into "Cities"("Id", "RegionId", "Name") values (17128, 1416, 'Bry');
insert into "Cities"("Id", "RegionId", "Name") values (17129, 1416, 'Cambrai');
insert into "Cities"("Id", "RegionId", "Name") values (17130, 1416, 'Cartignies');
insert into "Cities"("Id", "RegionId", "Name") values (17131, 1416, 'Cassel');
insert into "Cities"("Id", "RegionId", "Name") values (17132, 1416, 'Denain');
insert into "Cities"("Id", "RegionId", "Name") values (17133, 1416, 'Douai');
insert into "Cities"("Id", "RegionId", "Name") values (17134, 1416, 'Dunkerque');
insert into "Cities"("Id", "RegionId", "Name") values (17135, 1416, 'Lille');
insert into "Cities"("Id", "RegionId", "Name") values (17136, 1416, 'Roubaix');
insert into "Cities"("Id", "RegionId", "Name") values (17137, 1416, 'Tourcoing');
insert into "Cities"("Id", "RegionId", "Name") values (17138, 1416, 'Valenciennes');
insert into "Cities"("Id", "RegionId", "Name") values (17139, 1416, 'Villeneuve-d''''Ascq');
insert into "Cities"("Id", "RegionId", "Name") values (17140, 1417, 'Abbecourt');
insert into "Cities"("Id", "RegionId", "Name") values (17141, 1417, 'Beauvais');
insert into "Cities"("Id", "RegionId", "Name") values (17142, 1417, 'Chantilly');
insert into "Cities"("Id", "RegionId", "Name") values (17143, 1417, 'Compigne');
insert into "Cities"("Id", "RegionId", "Name") values (17144, 1417, 'Litz');
insert into "Cities"("Id", "RegionId", "Name") values (17145, 1417, 'Marseille-en-Beauvaisis');
insert into "Cities"("Id", "RegionId", "Name") values (17146, 1417, 'Nogent-sur-Oise');
insert into "Cities"("Id", "RegionId", "Name") values (17147, 1417, 'Noyon');
insert into "Cities"("Id", "RegionId", "Name") values (17148, 1418, 'Alenon');
insert into "Cities"("Id", "RegionId", "Name") values (17149, 1418, 'Bagnoles-de-l''''Orne');
insert into "Cities"("Id", "RegionId", "Name") values (17150, 1419, 'Paris');
insert into "Cities"("Id", "RegionId", "Name") values (17151, 1420, 'Arras');
insert into "Cities"("Id", "RegionId", "Name") values (17152, 1420, 'Boulogne-sur-Mer');
insert into "Cities"("Id", "RegionId", "Name") values (17153, 1420, 'Calais');
insert into "Cities"("Id", "RegionId", "Name") values (17154, 1420, 'taples');
insert into "Cities"("Id", "RegionId", "Name") values (17155, 1420, 'Le Parcq');
insert into "Cities"("Id", "RegionId", "Name") values (17156, 1420, 'Lens');
insert into "Cities"("Id", "RegionId", "Name") values (17157, 1421, 'Aulnat');
insert into "Cities"("Id", "RegionId", "Name") values (17158, 1421, 'Bourg-Lastic');
insert into "Cities"("Id", "RegionId", "Name") values (17159, 1421, 'Chas');
insert into "Cities"("Id", "RegionId", "Name") values (17160, 1421, 'Clermont-Ferrand');
insert into "Cities"("Id", "RegionId", "Name") values (17161, 1421, 'Cournon-d''''Auvergne');
insert into "Cities"("Id", "RegionId", "Name") values (17162, 1422, 'Anglet');
insert into "Cities"("Id", "RegionId", "Name") values (17163, 1422, 'Bastans');
insert into "Cities"("Id", "RegionId", "Name") values (17164, 1422, 'Bayonne');
insert into "Cities"("Id", "RegionId", "Name") values (17165, 1422, 'Biarritz');
insert into "Cities"("Id", "RegionId", "Name") values (17166, 1422, 'Billre');
insert into "Cities"("Id", "RegionId", "Name") values (17167, 1422, 'Hendaye');
insert into "Cities"("Id", "RegionId", "Name") values (17168, 1422, 'Oloron-Sainte-Marie');
insert into "Cities"("Id", "RegionId", "Name") values (17169, 1422, 'Pau');
insert into "Cities"("Id", "RegionId", "Name") values (17170, 1422, 'Saint-Esteben');
insert into "Cities"("Id", "RegionId", "Name") values (17171, 1422, 'Sus');
insert into "Cities"("Id", "RegionId", "Name") values (17172, 1423, 'Baillestavy');
insert into "Cities"("Id", "RegionId", "Name") values (17173, 1423, 'Canet-Plage');
insert into "Cities"("Id", "RegionId", "Name") values (17174, 1423, 'Oms');
insert into "Cities"("Id", "RegionId", "Name") values (17175, 1423, 'Perpignan');
insert into "Cities"("Id", "RegionId", "Name") values (17176, 1423, 'Pia');
insert into "Cities"("Id", "RegionId", "Name") values (17177, 1423, 'Saint-Laurent-de-Cerdans');
insert into "Cities"("Id", "RegionId", "Name") values (17178, 1423, 'Thuir');
insert into "Cities"("Id", "RegionId", "Name") values (17179, 1423, 'Toulouges');
insert into "Cities"("Id", "RegionId", "Name") values (17180, 1424, 'Alix');
insert into "Cities"("Id", "RegionId", "Name") values (17181, 1424, 'Ancy');
insert into "Cities"("Id", "RegionId", "Name") values (17182, 1424, 'Bron');
insert into "Cities"("Id", "RegionId", "Name") values (17183, 1424, 'Caluire-et-Cuire');
insert into "Cities"("Id", "RegionId", "Name") values (17184, 1424, 'Limas');
insert into "Cities"("Id", "RegionId", "Name") values (17185, 1424, 'Lyon');
insert into "Cities"("Id", "RegionId", "Name") values (17186, 1424, 'Meyzieu');
insert into "Cities"("Id", "RegionId", "Name") values (17187, 1424, 'Saint-Idier-au-Mont-d''''Or');
insert into "Cities"("Id", "RegionId", "Name") values (17188, 1424, 'Saint-tienne-des-Oullires');
insert into "Cities"("Id", "RegionId", "Name") values (17189, 1424, 'Taluyers');
insert into "Cities"("Id", "RegionId", "Name") values (17190, 1424, 'Vnissieux');
insert into "Cities"("Id", "RegionId", "Name") values (17191, 1424, 'Vernaison');
insert into "Cities"("Id", "RegionId", "Name") values (17192, 1424, 'Villefranche-sur-Sane');
insert into "Cities"("Id", "RegionId", "Name") values (17193, 1425, 'Autun');
insert into "Cities"("Id", "RegionId", "Name") values (17194, 1425, 'Charbonnires');
insert into "Cities"("Id", "RegionId", "Name") values (17195, 1425, 'Mcon');
insert into "Cities"("Id", "RegionId", "Name") values (17196, 1425, 'Paray-le-Monial');
insert into "Cities"("Id", "RegionId", "Name") values (17197, 1426, 'Aix-les-Bains');
insert into "Cities"("Id", "RegionId", "Name") values (17198, 1426, 'Albertville');
insert into "Cities"("Id", "RegionId", "Name") values (17199, 1426, 'Bourdeau');
insert into "Cities"("Id", "RegionId", "Name") values (17200, 1426, 'Chambry');
insert into "Cities"("Id", "RegionId", "Name") values (17201, 1426, 'Courchevel');
insert into "Cities"("Id", "RegionId", "Name") values (17202, 1426, 'Saint-Andr');
insert into "Cities"("Id", "RegionId", "Name") values (17203, 1427, 'Amponville');
insert into "Cities"("Id", "RegionId", "Name") values (17204, 1427, 'Chelles');
insert into "Cities"("Id", "RegionId", "Name") values (17205, 1427, 'Coulommiers');
insert into "Cities"("Id", "RegionId", "Name") values (17206, 1427, 'Fontainebleau');
insert into "Cities"("Id", "RegionId", "Name") values (17207, 1427, 'Melun');
insert into "Cities"("Id", "RegionId", "Name") values (17208, 1428, 'tretat');
insert into "Cities"("Id", "RegionId", "Name") values (17209, 1428, 'Le Havre');
insert into "Cities"("Id", "RegionId", "Name") values (17210, 1428, 'Rouen');
insert into "Cities"("Id", "RegionId", "Name") values (17211, 1428, 'Vieux-Manoir');
insert into "Cities"("Id", "RegionId", "Name") values (17212, 1429, 'Drancy');
insert into "Cities"("Id", "RegionId", "Name") values (17213, 1429, 'Gournay-sur-Marne');
insert into "Cities"("Id", "RegionId", "Name") values (17214, 1429, 'Le Blanc-Mesnil');
insert into "Cities"("Id", "RegionId", "Name") values (17215, 1429, 'Neuilly-Plaisance');
insert into "Cities"("Id", "RegionId", "Name") values (17216, 1429, 'Pantin');
insert into "Cities"("Id", "RegionId", "Name") values (17217, 1429, 'Saint-Denis');
insert into "Cities"("Id", "RegionId", "Name") values (17218, 1429, 'Stains');
insert into "Cities"("Id", "RegionId", "Name") values (17219, 1430, 'Abbeville');
insert into "Cities"("Id", "RegionId", "Name") values (17220, 1430, 'Amiens');
insert into "Cities"("Id", "RegionId", "Name") values (17221, 1430, 'Digeon');
insert into "Cities"("Id", "RegionId", "Name") values (17222, 1431, 'Albi');
insert into "Cities"("Id", "RegionId", "Name") values (17223, 1431, 'Gaillac');
insert into "Cities"("Id", "RegionId", "Name") values (17224, 1431, 'Le Vintrou');
insert into "Cities"("Id", "RegionId", "Name") values (17225, 1431, 'Viane');
insert into "Cities"("Id", "RegionId", "Name") values (17226, 1432, 'Bouloc');
insert into "Cities"("Id", "RegionId", "Name") values (17227, 1432, 'Moissac');
insert into "Cities"("Id", "RegionId", "Name") values (17228, 1432, 'Montauban');
insert into "Cities"("Id", "RegionId", "Name") values (17229, 1433, 'Bavilliers');
insert into "Cities"("Id", "RegionId", "Name") values (17230, 1433, 'Belfort');
insert into "Cities"("Id", "RegionId", "Name") values (17231, 1433, 'Rchsy');
insert into "Cities"("Id", "RegionId", "Name") values (17232, 1434, 'Ableiges');
insert into "Cities"("Id", "RegionId", "Name") values (17233, 1434, 'Arnouville-ls-Gonesse');
insert into "Cities"("Id", "RegionId", "Name") values (17234, 1435, 'Ablon-sur-Seine');
insert into "Cities"("Id", "RegionId", "Name") values (17235, 1435, 'Alfortville');
insert into "Cities"("Id", "RegionId", "Name") values (17236, 1435, 'Choisy-le-Roi');
insert into "Cities"("Id", "RegionId", "Name") values (17237, 1435, 'Ivry-sur-Seine');
insert into "Cities"("Id", "RegionId", "Name") values (17238, 1435, 'Limeil-Brvannes');
insert into "Cities"("Id", "RegionId", "Name") values (17239, 1435, 'Maisons-Alfort');
insert into "Cities"("Id", "RegionId", "Name") values (17240, 1435, 'Orly');
insert into "Cities"("Id", "RegionId", "Name") values (17241, 1435, 'Saint-Maur-des-Fosss');
insert into "Cities"("Id", "RegionId", "Name") values (17242, 1435, 'Vincennes');
insert into "Cities"("Id", "RegionId", "Name") values (17243, 1436, 'Draguignan');
insert into "Cities"("Id", "RegionId", "Name") values (17244, 1436, 'Frjus');
insert into "Cities"("Id", "RegionId", "Name") values (17245, 1436, 'Gassin');
insert into "Cities"("Id", "RegionId", "Name") values (17246, 1436, 'Hyres');
insert into "Cities"("Id", "RegionId", "Name") values (17247, 1436, 'La Londe-les-Maures');
insert into "Cities"("Id", "RegionId", "Name") values (17248, 1436, 'Le Beausset');
insert into "Cities"("Id", "RegionId", "Name") values (17249, 1436, 'Le Lavandou');
insert into "Cities"("Id", "RegionId", "Name") values (17250, 1436, 'Saint-Maximin-la-Sainte-Baume');
insert into "Cities"("Id", "RegionId", "Name") values (17251, 1436, 'Saint-Raphal');
insert into "Cities"("Id", "RegionId", "Name") values (17252, 1436, 'Saint-Tropez');
insert into "Cities"("Id", "RegionId", "Name") values (17253, 1436, 'Sanary-sur-Mer');
insert into "Cities"("Id", "RegionId", "Name") values (17254, 1436, 'Toulon');
insert into "Cities"("Id", "RegionId", "Name") values (17255, 1437, 'Apt');
insert into "Cities"("Id", "RegionId", "Name") values (17256, 1437, 'Avignon');
insert into "Cities"("Id", "RegionId", "Name") values (17257, 1437, 'Bonnieux');
insert into "Cities"("Id", "RegionId", "Name") values (17258, 1437, 'L''''Isle-sur-la-Sorgue');
insert into "Cities"("Id", "RegionId", "Name") values (17259, 1437, 'Montfavet');
insert into "Cities"("Id", "RegionId", "Name") values (17260, 1437, 'Orange');
insert into "Cities"("Id", "RegionId", "Name") values (17261, 1437, 'Saint-Christol');
insert into "Cities"("Id", "RegionId", "Name") values (17262, 1438, 'Angles');
insert into "Cities"("Id", "RegionId", "Name") values (17263, 1438, 'Chavagnes-les-Redoux');
insert into "Cities"("Id", "RegionId", "Name") values (17264, 1438, 'La Roche-sur-Yon');
insert into "Cities"("Id", "RegionId", "Name") values (17265, 1438, 'Les Sables-d''''Olonne');
insert into "Cities"("Id", "RegionId", "Name") values (17266, 1438, 'Saint-Prouant');
insert into "Cities"("Id", "RegionId", "Name") values (17267, 1438, 'Vix');
insert into "Cities"("Id", "RegionId", "Name") values (17268, 1439, 'Chtellerault');
insert into "Cities"("Id", "RegionId", "Name") values (17269, 1439, 'Genay');
insert into "Cities"("Id", "RegionId", "Name") values (17270, 1439, 'Poitiers');
insert into "Cities"("Id", "RegionId", "Name") values (17271, 1439, 'Saint-Saviol');
insert into "Cities"("Id", "RegionId", "Name") values (17272, 1440, 'pinal');
insert into "Cities"("Id", "RegionId", "Name") values (17273, 1440, 'Remiremont');
insert into "Cities"("Id", "RegionId", "Name") values (17274, 1440, 'Vittel');
insert into "Cities"("Id", "RegionId", "Name") values (17275, 1441, 'Angely');
insert into "Cities"("Id", "RegionId", "Name") values (17276, 1441, 'Auxerre');
insert into "Cities"("Id", "RegionId", "Name") values (17277, 1441, 'Villeneuve-sur-Yonne');
insert into "Cities"("Id", "RegionId", "Name") values (17278, 1441, 'Yrouerre');
insert into "Cities"("Id", "RegionId", "Name") values (17279, 1442, 'La Celle-Saint-Cloud');
insert into "Cities"("Id", "RegionId", "Name") values (17280, 1442, 'La Verrire');
insert into "Cities"("Id", "RegionId", "Name") values (17281, 1442, 'Le Vsinet');
insert into "Cities"("Id", "RegionId", "Name") values (17282, 1442, 'Marly-le-Roi');
insert into "Cities"("Id", "RegionId", "Name") values (17283, 1442, 'Rambouillet');
insert into "Cities"("Id", "RegionId", "Name") values (17284, 1442, 'Verneuil-sur-Seine');
insert into "Cities"("Id", "RegionId", "Name") values (17285, 1442, 'Versailles');
insert into "Cities"("Id", "RegionId", "Name") values (17286, 1442, 'Vert');
